age,average_watch_hours,mobile_app_usage_pct,complaints_raised,received_promotions,referred_by_friend,is_churned,monthly_fee,tenure_days,watch_per_fee_ratio,is_heavy_complainer,is_new_customer,gender_Male,gender_Other,country_Canada,country_France,country_Germany,country_India,country_Ireland,country_UK,country_USA,subscription_type_Premium,subscription_type_Standard
56,8.12,50.56,0,0,0,0,8.96,637,0.9062499999999998,0,0,False,False,False,False,True,False,False,False,False,False,False
69,7.98,63.34,0,0,0,0,9.07,939,0.8798235942668137,0,0,False,True,False,False,False,False,False,True,False,False,False
46,8.11,28.52,1,0,0,0,13.22,552,0.6134644478063539,0,0,False,False,False,False,False,False,True,False,False,False,True
32,6.44,87.95,1,1,1,0,17.58,1066,0.36632536973833907,0,0,True,False,False,False,True,False,False,False,False,True,False
60,6.26,56.15,0,0,1,0,13.26,191,0.4720965309200603,0,0,False,True,False,False,False,False,False,False,True,False,True
25,2.35,13.87,0,1,0,1,13.87,34,0.1694304253785148,0,1,False,False,False,True,False,False,False,False,False,False,True
38,8.98,59.9,0,0,1,0,9.87,231,0.9098277608915908,0,0,False,False,False,False,True,False,False,False,False,False,False
56,8.87,71.53,1,0,0,0,14.0,445,0.6335714285714286,0,0,False,False,False,False,False,False,False,False,False,False,True
36,22.18,26.43,2,1,0,0,13.61,1065,1.6296840558412933,1,0,True,False,False,False,False,True,False,False,False,False,True
40,20.69,19.03,1,0,0,0,14.36,977,1.4408077994428972,0,0,True,False,True,False,False,False,False,False,False,False,True
28,6.55,47.61,0,1,0,0,8.42,781,0.7779097387173397,0,0,False,False,False,False,False,False,True,False,False,False,False
28,1.55,36.46,1,0,1,0,9.12,979,0.16995614035087722,0,0,False,False,True,False,False,False,False,False,False,False,False
41,4.34,39.72,0,0,1,0,13.49,402,0.3217197924388436,0,0,True,False,False,False,False,False,False,False,True,False,True
70,4.71,82.06,0,1,0,0,14.53,460,0.3241569167240193,0,0,False,False,False,False,False,False,False,False,True,False,True
53,2.63,54.69,1,0,0,1,17.9,719,0.146927374301676,0,0,True,False,False,False,False,False,False,False,False,True,False
57,6.66,86.94,1,0,1,0,8.7,147,0.7655172413793104,0,0,False,False,True,False,False,False,False,False,False,False,False
41,2.34,59.27,0,0,0,0,8.88,617,0.2635135135135135,0,0,True,False,False,False,False,False,True,False,False,False,False
20,10.66,22.66,1,0,0,0,13.95,1099,0.76415770609319,0,0,True,False,False,False,False,False,False,False,True,False,True
39,2.34,14.68,2,1,1,1,17.65,256,0.13257790368271954,1,0,True,False,False,True,False,False,False,False,False,True,False
70,3.11,53.9,2,0,0,0,8.06,377,0.3858560794044665,1,0,True,False,False,False,False,False,False,False,True,False,False
19,5.33,71.49,0,0,0,0,14.12,170,0.3774787535410765,0,0,False,False,False,False,True,False,False,False,False,False,True
41,11.21,27.44,0,0,0,0,9.25,233,1.211891891891892,0,0,True,False,False,False,False,False,False,False,False,False,False
61,3.09,48.7,0,0,0,0,14.43,1033,0.21413721413721412,0,0,True,False,False,False,False,True,False,False,False,False,True
47,5.01,60.9,0,0,0,0,14.79,890,0.33874239350912777,0,0,False,False,False,False,False,False,False,True,False,False,True
55,15.59,16.04,0,1,0,0,18.46,874,0.8445287107258937,0,0,False,False,False,False,False,True,False,False,False,True,False
19,12.76,24.39,0,0,0,0,9.22,1024,1.3839479392624727,0,0,True,False,False,True,False,False,False,False,False,False,False
38,4.16,63.02,2,0,0,0,9.55,342,0.4356020942408377,1,0,False,True,False,False,False,True,False,False,False,False,False
50,16.68,78.66,0,0,0,0,13.8,166,1.208695652173913,0,0,True,False,False,True,False,False,False,False,False,False,True
29,6.81,57.89,1,0,0,0,8.44,380,0.806872037914692,0,0,False,False,False,False,False,False,False,False,True,False,False
39,14.57,80.12,0,1,0,0,14.18,202,1.027503526093089,0,0,False,False,False,False,False,False,True,False,False,False,True
61,15.5,53.12,1,0,0,1,13.45,108,1.1524163568773236,0,0,True,False,False,False,False,False,True,False,False,False,True
42,4.77,39.2,1,0,0,0,8.93,1008,0.5341545352743561,0,0,True,False,False,False,True,False,False,False,False,False,False
66,4.01,69.93,0,1,0,0,17.85,598,0.22464985994397757,0,0,True,False,False,True,False,False,False,False,False,True,False
44,26.01,22.55,1,1,0,0,9.05,892,2.8740331491712707,0,0,True,False,False,False,False,False,True,False,False,False,False
59,10.04,82.57,0,1,0,1,18.07,86,0.5556170448256779,0,1,False,False,False,False,True,False,False,False,False,True,False
45,2.97,54.17,1,0,0,1,18.04,392,0.16463414634146342,0,0,True,False,False,False,False,False,False,False,True,True,False
33,2.04,28.21,0,0,0,0,13.64,163,0.1495601173020528,0,0,True,False,False,False,False,False,False,False,True,False,True
32,5.16,45.8,0,0,0,1,8.6,43,0.6000000000000001,0,1,True,False,False,False,False,True,False,False,False,False,False
64,20.97,8.74,0,0,0,0,17.86,312,1.1741321388577828,0,0,True,False,False,False,False,False,False,False,True,True,False
68,2.16,42.71,0,0,0,0,14.08,835,0.1534090909090909,0,0,False,False,False,False,False,False,False,False,True,False,True
61,26.22,17.19,1,1,0,0,9.07,156,2.890848952590959,0,0,True,False,False,True,False,False,False,False,False,False,False
72,12.44,59.3,0,1,0,0,8.44,247,1.4739336492890995,0,0,False,False,False,False,False,False,False,True,False,False,False
69,1.61,50.86,0,0,0,0,9.0,774,0.1788888888888889,0,0,True,False,False,False,False,False,False,False,False,False,False
74,7.27,79.12,2,0,0,0,17.81,709,0.40819764177428414,1,0,True,False,False,False,False,True,False,False,False,True,False
20,7.74,38.18,0,0,0,1,17.96,1026,0.4309576837416481,0,0,False,False,False,False,False,True,False,False,False,True,False
54,4.2,11.81,1,0,1,1,18.22,289,0.23051591657519213,0,0,True,False,False,False,False,False,False,False,False,True,False
68,32.17,70.71,0,0,0,0,14.1,128,2.2815602836879436,0,0,False,False,False,False,False,False,False,True,False,False,True
24,7.58,37.74,0,0,0,1,13.93,211,0.5441493180186647,0,0,False,False,False,False,False,False,False,False,True,False,True
38,9.65,36.1,1,0,0,0,8.9,198,1.0842696629213484,0,0,True,False,False,False,False,False,True,False,False,False,False
26,24.39,34.65,0,0,0,0,8.2,262,2.9743902439024392,0,0,True,False,False,False,True,False,False,False,False,False,False
56,9.52,58.61,3,1,1,1,9.14,985,1.0415754923413565,1,0,True,False,False,False,False,True,False,False,False,False,False
35,6.63,73.87,0,0,1,0,14.03,501,0.47255880256593014,0,0,True,False,False,False,False,False,False,False,False,False,True
21,4.58,63.49,1,0,0,0,17.48,708,0.2620137299771167,0,0,True,False,True,False,False,False,False,False,False,True,False
42,8.54,65.39,1,0,1,1,18.25,410,0.467945205479452,0,0,True,False,False,False,True,False,False,False,False,True,False
31,6.84,57.83,0,0,0,0,9.0,280,0.76,0,0,True,False,True,False,False,False,False,False,False,False,False
67,6.29,20.8,0,0,0,0,14.11,348,0.44578313253012053,0,0,False,False,True,False,False,False,False,False,False,False,True
26,6.92,10.8,0,0,0,1,14.59,222,0.4742974640164496,0,0,False,False,False,True,False,False,False,False,False,False,True
43,2.71,43.06,2,1,0,1,14.27,966,0.18990889978976874,1,0,False,False,False,False,False,True,False,False,False,False,True
70,12.11,52.32,1,0,0,1,14.18,630,0.8540197461212976,0,0,True,False,False,False,False,False,False,False,True,False,True
19,3.67,36.9,3,0,0,1,8.68,636,0.42281105990783413,1,0,True,False,False,True,False,False,False,False,False,False,False
37,2.87,69.02,0,0,0,1,17.85,794,0.16078431372549018,0,0,False,False,True,False,False,False,False,False,False,True,False
45,5.44,88.83,0,0,0,0,13.79,914,0.39448875997099353,0,0,False,False,False,False,False,False,False,False,True,False,True
64,7.95,29.95,0,0,1,0,14.2,1020,0.5598591549295775,0,0,False,False,False,False,False,False,False,True,False,False,True
24,4.01,27.61,0,1,1,0,9.31,535,0.430719656283566,0,0,True,False,False,False,False,False,True,False,False,False,False
61,2.76,24.21,1,0,0,1,8.86,94,0.3115124153498871,0,0,False,False,True,False,False,False,False,False,False,False,False
25,15.62,48.01,1,0,0,1,8.74,251,1.7871853546910754,0,0,False,False,False,False,False,True,False,False,False,False,False
64,2.74,22.34,0,0,0,0,14.09,495,0.1944641589779986,0,0,True,False,False,False,False,False,True,False,False,False,True
52,5.93,74.83,1,1,1,0,17.74,101,0.3342728297632469,0,0,True,False,False,False,False,False,False,False,True,True,False
31,5.98,17.51,0,0,1,0,13.8,917,0.43333333333333335,0,0,False,False,True,False,False,False,False,False,False,False,True
34,18.2,38.29,0,0,0,0,14.49,503,1.2560386473429952,0,0,True,False,False,False,True,False,False,False,False,False,True
53,4.02,29.33,0,1,0,0,13.53,684,0.29711751662971175,0,0,True,False,False,True,False,False,False,False,False,False,True
67,8.06,73.76,2,0,0,0,8.97,48,0.8985507246376812,1,1,False,False,False,False,False,True,False,False,False,False,False
57,12.91,64.24,0,0,0,0,14.65,551,0.8812286689419795,0,0,False,False,False,False,False,False,False,True,False,False,True
21,6.15,65.39,0,0,0,0,13.18,813,0.4666160849772383,0,0,True,False,False,False,False,False,False,False,False,False,True
19,5.13,41.27,0,0,0,0,8.8,444,0.5829545454545454,0,0,True,False,False,False,False,False,False,True,False,False,False
23,6.37,32.18,0,0,0,0,9.08,393,0.7015418502202643,0,0,True,False,False,True,False,False,False,False,False,False,False
71,4.44,24.45,0,0,0,0,14.74,557,0.3012211668928087,0,0,False,False,True,False,False,False,False,False,False,False,True
59,8.45,17.2,1,0,0,0,8.53,825,0.9906213364595545,0,0,True,False,False,True,False,False,False,False,False,False,False
21,2.64,70.89,0,0,0,0,17.89,472,0.1475684740078256,0,0,False,True,False,False,False,True,False,False,False,True,False
71,7.15,38.7,0,1,0,0,13.7,294,0.5218978102189782,0,0,True,False,False,False,False,False,False,True,False,False,True
46,8.13,44.02,1,0,0,1,9.75,679,0.8338461538461539,0,0,True,False,False,False,False,False,False,False,False,False,False
35,3.02,34.47,1,1,0,1,8.87,538,0.34047350620067646,0,0,False,False,False,False,True,False,False,False,False,False,False
43,15.93,52.88,1,0,0,0,17.69,495,0.9005087620124363,0,0,False,False,False,False,False,False,True,False,False,True,False
61,5.05,39.98,0,0,0,0,13.98,394,0.36123032904148783,0,0,True,False,False,True,False,False,False,False,False,False,True
51,1.81,67.25,0,0,0,1,14.23,522,0.12719606465214336,0,0,True,False,False,False,True,False,False,False,False,False,True
27,6.51,23.92,0,0,0,0,9.6,571,0.678125,0,0,False,True,False,False,False,False,False,True,False,False,False
53,19.13,43.55,0,1,0,0,17.57,752,1.0887877063175868,0,0,True,False,False,False,False,False,False,False,False,True,False
31,9.19,67.19,2,1,0,0,14.39,871,0.6386379430159833,1,0,False,False,False,False,False,False,True,False,False,False,True
48,6.8,72.36,1,1,0,1,14.12,329,0.48158640226628896,0,0,True,False,False,False,False,True,False,False,False,False,True
65,15.04,52.01,0,0,0,0,18.24,203,0.8245614035087719,0,0,False,False,False,False,False,False,False,False,False,True,False
32,10.69,54.46,1,0,1,0,8.49,675,1.2591283863368667,0,0,False,False,False,False,True,False,False,False,False,False,False
25,8.98,20.08,1,0,0,1,13.7,53,0.6554744525547446,0,1,True,False,False,False,False,False,False,False,True,False,True
31,7.86,24.16,1,0,1,0,8.65,760,0.9086705202312139,0,0,False,False,False,False,False,False,False,False,True,False,False
40,1.88,82.76,0,1,0,1,13.74,36,0.13682678311499272,0,1,True,False,False,False,False,False,True,False,False,False,True
74,8.53,17.63,1,0,0,1,9.34,1059,0.9132762312633832,0,0,True,False,False,True,False,False,False,False,False,False,False
57,3.19,10.06,0,0,1,0,18.19,907,0.17537108301264429,0,0,False,False,False,False,False,False,True,False,False,True,False
38,1.92,23.28,0,0,0,1,8.78,195,0.21867881548974943,0,0,True,False,False,False,False,False,True,False,False,False,False
33,11.42,27.71,0,1,0,0,13.19,457,0.8658074298711145,0,0,False,False,False,False,False,False,False,False,True,False,True
62,3.0,44.81,1,0,0,1,17.82,174,0.16835016835016836,0,0,True,False,False,False,True,False,False,False,False,True,False
35,28.78,69.14,2,0,0,0,17.6,962,1.6352272727272728,1,0,True,False,False,True,False,False,False,False,False,True,False
64,11.99,80.91,0,0,0,1,14.61,538,0.8206707734428474,0,0,True,False,False,False,False,False,True,False,False,False,True
70,3.17,74.17,1,0,0,0,13.64,936,0.23240469208211142,0,0,True,False,False,False,False,False,False,False,True,False,True
41,7.22,39.19,0,1,1,0,9.26,674,0.7796976241900648,0,0,True,False,False,False,False,False,True,False,False,False,False
43,7.79,74.77,0,0,0,1,9.4,105,0.8287234042553191,0,0,False,False,False,False,False,False,True,False,False,False,False
42,4.36,2.63,2,0,1,1,14.06,853,0.310099573257468,1,0,False,False,False,True,False,False,False,False,False,False,True
62,19.51,17.23,0,1,0,0,8.69,1091,2.2451093210586883,0,0,False,False,False,True,False,False,False,False,False,False,False
58,9.56,28.87,1,0,0,0,8.75,595,1.0925714285714285,0,0,True,False,False,False,False,False,False,False,False,False,False
46,9.23,82.62,1,0,0,0,9.55,646,0.9664921465968586,0,0,True,False,False,False,False,False,True,False,False,False,False
32,20.53,79.57,0,0,1,0,14.31,410,1.43466107617051,0,0,True,False,False,False,False,False,False,False,True,False,True
62,8.76,67.68,0,1,0,0,14.87,877,0.5891055817081372,0,0,True,False,False,False,True,False,False,False,False,False,True
18,16.14,43.9,0,0,0,1,8.59,332,1.8789289871944121,0,0,False,False,False,False,False,False,False,False,True,False,False
42,7.3,14.19,0,0,0,0,9.2,785,0.7934782608695653,0,0,True,False,False,False,False,False,False,False,True,False,False
24,5.05,84.75,0,0,0,0,14.23,193,0.3548840477863668,0,0,True,False,False,False,False,False,True,False,False,False,True
26,6.11,50.33,0,1,0,0,14.02,130,0.4358059914407989,0,0,False,False,False,False,False,False,False,False,False,False,True
41,11.45,67.28,4,0,0,0,14.26,927,0.802945301542777,1,0,True,False,True,False,False,False,False,False,False,False,True
18,8.71,25.38,1,0,0,1,18.18,812,0.47909790979097916,0,0,True,False,False,False,False,True,False,False,False,True,False
61,9.91,89.15,1,0,1,0,9.19,397,1.0783460282916213,0,0,True,False,True,False,False,False,False,False,False,False,False
25,13.16,54.74,1,1,0,0,8.75,756,1.504,0,0,True,False,True,False,False,False,False,False,False,False,False
41,12.23,83.65,1,1,0,0,8.54,401,1.4320843091334896,0,0,False,False,False,False,False,False,False,False,True,False,False
28,25.95,23.18,0,1,1,0,13.25,891,1.9584905660377359,0,0,True,False,False,False,False,False,True,False,False,False,True
68,5.92,52.09,0,0,0,1,13.55,309,0.43690036900369,0,0,True,False,False,True,False,False,False,False,False,False,True
34,7.82,36.9,2,0,1,1,9.89,345,0.7906976744186046,1,0,True,False,False,False,False,True,False,False,False,False,False
25,15.49,19.63,0,0,0,0,13.78,845,1.1240928882438317,0,0,True,False,True,False,False,False,False,False,False,False,True
52,1.79,16.86,2,0,0,1,14.55,180,0.12302405498281786,1,0,True,False,False,False,False,False,False,True,False,False,True
52,17.99,64.64,0,1,1,0,17.96,1038,1.0016703786191536,0,0,False,False,False,False,False,False,False,True,False,True,False
50,5.94,57.5,2,1,0,1,13.84,698,0.4291907514450867,1,0,False,False,False,False,False,False,False,True,False,False,True
22,3.52,57.11,2,1,0,1,14.41,436,0.24427480916030533,1,0,False,False,False,False,True,False,False,False,False,False,True
59,6.06,93.77,1,1,0,0,13.96,316,0.43409742120343836,0,0,True,False,False,False,False,False,True,False,False,False,True
56,23.53,55.43,2,1,0,0,17.89,946,1.315259921743991,1,0,False,False,False,False,False,False,False,False,True,True,False
58,10.11,89.67,0,0,0,0,18.0,521,0.5616666666666666,0,0,False,False,False,False,False,False,False,False,True,True,False
45,8.25,13.89,0,0,1,1,13.79,1062,0.5982596084118927,0,0,True,False,False,False,False,False,True,False,False,False,True
24,6.21,41.26,0,0,0,0,14.54,767,0.4270976616231087,0,0,False,False,False,False,False,False,False,False,False,False,True
26,7.18,22.91,3,0,0,1,13.74,160,0.5225618631732168,1,0,True,False,False,True,False,False,False,False,False,False,True
25,16.65,84.63,0,0,0,0,14.21,1026,1.171710063335679,0,0,True,False,False,False,False,True,False,False,False,False,True
29,14.11,56.7,2,1,0,0,14.63,527,0.9644565960355433,1,0,False,False,False,False,False,False,False,False,False,False,True
51,7.36,52.4,1,0,1,0,9.22,651,0.7982646420824295,0,0,True,False,False,True,False,False,False,False,False,False,False
50,5.92,47.03,0,1,0,1,18.1,918,0.32707182320441985,0,0,False,False,False,False,True,False,False,False,False,True,False
65,12.05,76.3,0,0,0,0,13.66,383,0.8821376281112738,0,0,True,False,False,False,False,False,True,False,False,False,True
72,12.8,28.2,2,1,1,1,17.77,300,0.7203151378728194,1,0,False,False,False,False,False,False,False,False,False,True,False
40,7.01,44.43,1,0,1,0,14.38,461,0.48748261474269816,0,0,False,False,False,False,False,True,False,False,False,False,True
41,12.78,60.29,0,0,0,0,13.36,768,0.9565868263473054,0,0,False,False,False,False,True,False,False,False,False,False,True
54,13.93,49.15,0,1,0,0,9.81,501,1.419979612640163,0,0,True,False,True,False,False,False,False,False,False,False,False
52,22.57,54.58,0,1,0,0,13.91,537,1.6225736879942487,0,0,True,False,True,False,False,False,False,False,False,False,True
61,6.72,44.79,2,0,0,1,14.79,84,0.4543610547667343,1,1,True,False,False,False,True,False,False,False,False,False,True
57,6.53,67.76,0,0,0,1,8.7,66,0.7505747126436783,0,1,True,False,False,True,False,False,False,False,False,False,False
39,4.71,63.36,0,1,0,0,17.94,929,0.2625418060200669,0,0,True,False,False,False,False,False,True,False,False,True,False
44,9.45,47.72,1,0,1,0,8.65,84,1.092485549132948,0,1,False,False,True,False,False,False,False,False,False,False,False
52,17.39,51.18,0,0,0,1,13.45,553,1.2929368029739778,0,0,False,False,False,False,False,False,True,False,False,False,True
18,8.91,65.92,1,0,0,1,9.37,944,0.9509071504802562,0,0,False,True,False,False,False,False,False,False,False,False,False
52,22.94,29.63,1,1,1,1,17.96,492,1.27728285077951,0,0,True,False,True,False,False,False,False,False,False,True,False
54,25.6,18.65,0,0,0,0,9.59,726,2.669447340980188,0,0,True,False,False,False,False,True,False,False,False,False,False
64,6.32,38.62,0,0,0,0,14.16,745,0.4463276836158192,0,0,True,False,False,False,False,True,False,False,False,False,True
31,3.32,71.69,0,1,0,0,8.56,1060,0.38785046728971956,0,0,False,False,False,False,False,False,False,False,False,False,False
20,8.02,46.97,0,1,0,0,13.95,761,0.5749103942652329,0,0,False,False,False,False,False,True,False,False,False,False,True
18,3.63,41.5,0,1,0,0,17.58,1018,0.20648464163822527,0,0,False,False,False,False,False,False,True,False,False,True,False
22,3.23,62.23,0,0,0,1,9.15,241,0.3530054644808743,0,0,False,False,False,True,False,False,False,False,False,False,False
43,10.42,48.18,1,0,0,0,13.66,783,0.7628111273792093,0,0,False,False,False,False,False,False,True,False,False,False,True
72,4.24,73.23,0,0,0,0,8.87,465,0.4780157835400226,0,0,True,False,False,True,False,False,False,False,False,False,False
31,5.79,72.01,0,1,0,1,14.02,113,0.41298145506419404,0,0,True,False,False,False,False,True,False,False,False,False,True
56,1.85,73.78,3,1,1,1,13.52,808,0.13683431952662722,1,0,False,False,False,False,False,False,False,True,False,False,True
44,4.2,44.29,0,0,0,1,13.88,863,0.3025936599423631,0,0,True,False,False,False,True,False,False,False,False,False,True
26,13.09,59.27,0,0,0,1,14.55,490,0.8996563573883161,0,0,True,False,False,True,False,False,False,False,False,False,True
32,3.06,35.4,0,0,0,1,14.21,206,0.21534130893736805,0,0,False,False,False,False,False,False,False,False,True,False,True
32,3.79,73.44,1,0,0,0,9.43,341,0.4019088016967126,0,0,False,True,False,False,True,False,False,False,False,False,False
43,12.66,17.37,0,0,1,1,13.51,215,0.9370836417468542,0,0,False,False,False,False,False,True,False,False,False,False,True
59,10.94,87.64,1,1,0,0,8.86,275,1.234762979683973,0,0,False,False,False,False,False,False,True,False,False,False,False
30,3.5,48.27,2,0,0,0,13.65,1046,0.2564102564102564,1,0,False,False,False,True,False,False,False,False,False,False,True
68,4.36,52.06,2,1,0,1,18.19,413,0.23969213853765806,1,0,True,False,False,False,False,False,True,False,False,True,False
49,2.11,87.94,0,0,0,0,8.33,1095,0.25330132052821125,0,0,True,False,False,False,True,False,False,False,False,False,False
56,17.32,13.43,0,0,0,1,9.19,314,1.8846572361262244,0,0,False,False,False,True,False,False,False,False,False,False,False
66,5.93,84.27,0,1,0,0,9.43,1009,0.6288441145281017,0,0,False,False,False,False,False,False,True,False,False,False,False
69,5.37,49.99,0,1,0,0,18.16,1017,0.29570484581497797,0,0,True,False,False,False,False,False,False,False,False,True,False
49,4.52,30.61,0,0,0,1,17.84,329,0.2533632286995515,0,0,False,False,True,False,False,False,False,False,False,True,False
21,12.48,57.68,0,0,0,0,9.53,930,1.3095487932843652,0,0,True,False,False,False,False,False,True,False,False,False,False
47,9.6,45.78,1,0,0,0,13.78,903,0.6966618287373004,0,0,True,False,False,True,False,False,False,False,False,False,True
54,6.35,65.31,1,0,0,0,9.02,515,0.7039911308203991,0,0,False,False,False,False,False,True,False,False,False,False,False
40,7.38,45.57,1,0,0,0,14.15,465,0.5215547703180212,0,0,True,False,False,False,False,True,False,False,False,False,True
56,5.15,56.32,1,0,0,0,13.56,835,0.3797935103244838,0,0,True,False,False,False,True,False,False,False,False,False,True
62,8.65,27.74,2,0,0,0,14.61,210,0.592060232717317,1,0,True,False,False,False,True,False,False,False,False,False,True
32,9.87,41.67,2,1,0,0,18.11,912,0.545002760905577,1,0,False,False,False,False,True,False,False,False,False,True,False
60,2.96,71.9,2,0,1,0,14.27,906,0.2074281709880869,1,0,True,False,False,False,False,True,False,False,False,False,True
46,2.28,49.32,1,0,1,0,8.85,723,0.2576271186440678,0,0,False,False,False,False,False,False,False,True,False,False,False
53,16.57,23.98,1,0,1,0,14.02,369,1.18188302425107,0,0,False,False,False,True,False,False,False,False,False,False,True
30,10.56,58.53,0,0,1,0,14.07,520,0.7505330490405118,0,0,True,False,False,False,False,True,False,False,False,False,True
49,4.99,70.99,0,0,0,1,17.99,524,0.2773763201778766,0,0,False,True,False,False,False,False,False,False,False,True,False
24,4.51,21.11,0,1,0,1,9.22,759,0.48915401301518435,0,0,True,False,False,False,False,True,False,False,False,False,False
68,10.18,52.23,0,0,0,1,13.96,485,0.7292263610315186,0,0,False,True,False,False,False,False,False,False,False,False,True
39,5.33,67.8,0,1,0,0,13.61,134,0.39162380602498165,0,0,False,False,False,False,False,True,False,False,False,False,True
45,8.43,73.21,2,0,0,1,13.74,748,0.6135371179039301,1,0,False,True,False,False,False,True,False,False,False,False,True
19,2.17,66.29,1,1,0,0,8.61,468,0.25203252032520324,0,0,True,False,False,False,False,False,False,True,False,False,False
59,6.11,14.79,1,1,0,1,18.03,680,0.338879645036051,0,0,False,False,False,False,False,False,False,False,False,True,False
62,13.08,61.37,0,1,0,0,9.85,538,1.3279187817258884,0,0,True,False,False,False,False,False,False,True,False,False,False
74,6.5,50.85,0,1,1,0,9.02,280,0.7206208425720622,0,0,True,False,False,False,False,False,False,False,False,False,False
70,3.76,59.73,1,0,0,0,17.53,994,0.21448944666286363,0,0,False,False,False,False,False,False,False,True,False,True,False
23,8.28,37.42,0,1,1,1,8.91,76,0.9292929292929292,0,1,True,False,False,False,False,False,False,True,False,False,False
45,14.14,60.31,0,1,0,0,9.06,908,1.5607064017660044,0,0,False,False,False,False,False,False,False,False,False,False,False
45,6.96,85.41,0,0,1,0,14.54,1047,0.4786795048143054,0,0,True,False,False,False,False,False,False,True,False,False,True
61,2.4,45.32,1,1,0,0,9.61,804,0.24973985431841833,0,0,True,False,False,False,False,True,False,False,False,False,False
61,2.08,52.45,2,0,0,1,18.09,914,0.11498065229408513,1,0,False,False,False,False,False,False,False,False,False,True,False
37,26.44,18.86,0,1,0,0,14.56,93,1.815934065934066,0,0,True,False,False,False,False,False,False,True,False,False,True
47,15.39,56.17,1,1,0,0,13.51,349,1.139156180606958,0,0,False,False,False,False,False,True,False,False,False,False,True
28,17.16,49.4,0,1,1,0,8.93,889,1.9216125419932812,0,0,False,False,False,False,False,True,False,False,False,False,False
72,5.63,62.03,1,1,0,0,9.56,809,0.5889121338912133,0,0,False,False,False,False,True,False,False,False,False,False,False
45,8.97,61.3,1,0,0,1,13.75,58,0.6523636363636364,0,1,True,False,False,False,False,False,False,False,True,False,True
42,7.6,70.42,0,0,0,1,13.36,466,0.5688622754491018,0,0,False,False,False,False,False,False,False,False,False,False,True
56,9.9,50.45,1,0,1,0,13.69,792,0.723155588020453,0,0,False,True,False,False,False,False,False,True,False,False,True
50,2.59,60.03,0,0,0,1,9.27,765,0.27939590075512405,0,0,False,False,False,False,True,False,False,False,False,False,False
18,3.74,32.1,0,0,0,0,13.69,480,0.2731921110299489,0,0,False,False,False,False,False,False,False,False,True,False,True
74,7.32,27.61,2,0,1,1,8.46,662,0.8652482269503545,1,0,False,False,False,True,False,False,False,False,False,False,False
44,14.53,78.63,0,1,0,1,13.46,262,1.0794947994056463,0,0,False,False,False,True,False,False,False,False,False,False,True
74,10.51,64.76,2,0,0,1,14.25,229,0.7375438596491228,1,0,False,False,False,False,False,False,False,True,False,False,True
69,7.64,24.52,0,1,0,1,9.9,703,0.7717171717171717,0,0,True,False,False,True,False,False,False,False,False,False,False
30,19.79,73.24,0,0,0,0,13.96,578,1.4176217765042978,0,0,True,False,False,False,False,False,False,False,True,False,True
58,8.31,37.61,1,0,0,1,8.9,966,0.9337078651685393,0,0,False,False,False,False,False,False,False,False,False,False,False
20,1.42,18.44,0,0,1,0,13.99,126,0.10150107219442459,0,0,True,False,False,False,False,True,False,False,False,False,True
56,18.17,49.95,1,1,0,1,13.1,78,1.387022900763359,0,1,False,False,False,False,False,True,False,False,False,False,True
23,3.66,47.57,0,0,0,0,8.99,925,0.407119021134594,0,0,True,False,False,False,False,False,False,False,True,False,False
25,28.65,67.2,0,0,0,0,18.26,551,1.5690032858707554,0,0,False,False,False,True,False,False,False,False,False,True,False
44,1.56,56.88,0,1,0,1,14.09,69,0.1107168204400284,0,1,True,False,False,False,False,True,False,False,False,False,True
26,11.6,76.64,1,1,0,1,18.18,943,0.6380638063806381,0,0,True,False,False,True,False,False,False,False,False,True,False
54,13.85,36.59,0,1,0,0,8.9,582,1.5561797752808988,0,0,False,False,True,False,False,False,False,False,False,False,False
50,3.05,29.97,0,1,0,0,17.24,705,0.1769141531322506,0,0,False,False,False,False,False,False,True,False,False,True,False
68,3.27,48.61,1,0,1,1,8.74,799,0.37414187643020597,0,0,False,False,False,False,False,True,False,False,False,False,False
59,10.04,59.13,1,0,0,0,14.25,240,0.7045614035087718,0,0,True,False,True,False,False,False,False,False,False,False,True
61,17.08,33.44,0,1,1,0,18.15,462,0.9410468319559229,0,0,False,False,False,False,False,False,False,False,False,True,False
41,16.8,80.75,1,0,0,0,9.13,736,1.8400876232201533,0,0,False,False,False,False,False,False,False,False,False,False,False
32,9.5,55.64,0,0,1,0,9.24,594,1.028138528138528,0,0,False,False,False,False,False,False,False,False,True,False,False
71,6.54,21.74,0,1,0,0,14.17,176,0.46153846153846156,0,0,True,False,False,False,False,True,False,False,False,False,True
49,4.23,21.88,0,0,0,1,14.36,311,0.29456824512534824,0,0,False,False,False,True,False,False,False,False,False,False,True
49,2.69,75.93,0,0,0,0,14.25,784,0.1887719298245614,0,0,False,False,False,False,False,True,False,False,False,False,True
41,4.87,33.87,0,1,0,0,9.55,524,0.5099476439790576,0,0,False,True,False,True,False,False,False,False,False,False,False
58,10.66,53.96,0,0,1,1,14.3,438,0.7454545454545455,0,0,True,False,False,True,False,False,False,False,False,False,True
69,3.68,32.27,0,0,0,0,8.97,302,0.41025641025641024,0,0,False,False,False,False,False,True,False,False,False,False,False
66,16.81,66.82,1,0,0,0,18.49,487,0.9091400757166036,0,0,False,False,False,True,False,False,False,False,False,True,False
66,8.07,59.86,0,0,0,0,14.46,75,0.558091286307054,0,1,True,False,False,False,True,False,False,False,False,False,True
69,5.84,64.1,0,1,0,0,14.16,340,0.4124293785310734,0,0,True,False,False,False,False,False,False,True,False,False,True
29,2.81,16.38,0,1,0,1,9.39,591,0.29925452609158676,0,0,True,False,False,False,False,False,True,False,False,False,False
56,2.73,40.85,1,0,0,1,17.94,360,0.15217391304347824,0,0,True,False,False,False,False,True,False,False,False,True,False
19,16.44,48.04,0,1,1,0,13.62,40,1.2070484581497798,0,1,True,False,False,False,False,False,False,True,False,False,True
20,9.92,32.08,3,0,1,1,18.56,937,0.5344827586206897,1,0,False,False,False,False,True,False,False,False,False,True,False
66,6.54,29.73,0,0,0,0,9.55,37,0.6848167539267015,0,1,False,False,False,True,False,False,False,False,False,False,False
54,5.37,51.66,2,0,0,0,13.21,1013,0.4065102195306586,1,0,False,False,False,True,False,False,False,False,False,False,True
66,9.07,84.01,0,1,0,0,13.75,595,0.6596363636363637,0,0,False,False,False,False,False,False,False,False,False,False,True
73,7.49,42.76,0,0,0,1,9.36,302,0.8002136752136753,0,0,True,False,False,False,False,False,True,False,False,False,False
34,24.06,34.23,1,0,0,0,13.27,970,1.813112283345893,0,0,True,False,True,False,False,False,False,False,False,False,True
66,10.34,57.44,0,0,0,0,9.66,930,1.0703933747412009,0,0,False,False,False,False,False,False,False,False,False,False,False
19,10.05,81.5,1,1,0,0,9.73,160,1.0328879753340185,0,0,True,False,False,False,False,False,False,False,False,False,False
19,9.41,85.0,2,1,1,0,8.43,753,1.1162514827995256,1,0,True,False,False,True,False,False,False,False,False,False,False
45,11.13,38.08,0,0,0,0,14.28,663,0.7794117647058825,0,0,True,False,False,False,False,False,False,False,True,False,True
71,5.97,39.61,2,0,0,1,13.77,143,0.4335511982570806,1,0,True,False,False,False,True,False,False,False,False,False,True
40,3.65,91.29,0,1,0,0,13.91,561,0.26240115025161753,0,0,False,False,False,False,False,False,False,False,True,False,True
54,15.55,42.88,0,0,0,0,8.39,1074,1.8533969010727056,0,0,True,False,False,False,False,False,False,False,True,False,False
49,8.2,95.1,0,0,1,0,14.15,62,0.5795053003533568,0,1,True,False,False,False,False,False,False,True,False,False,True
50,5.14,78.57,0,1,0,0,18.14,162,0.28335170893054024,0,0,True,False,False,False,False,False,False,False,False,True,False
18,9.5,29.65,0,0,0,0,8.85,949,1.073446327683616,0,0,False,False,False,True,False,False,False,False,False,False,False
36,5.68,21.21,2,0,0,0,9.58,1004,0.5929018789144049,1,0,True,False,False,False,True,False,False,False,False,False,False
19,10.18,46.75,0,0,0,0,14.82,55,0.6869095816464237,0,1,False,False,False,False,False,False,False,False,True,False,True
70,10.84,57.29,0,0,0,0,13.91,630,0.7792954708842559,0,0,True,False,False,True,False,False,False,False,False,False,True
61,5.03,39.58,0,1,0,0,13.52,574,0.37204142011834324,0,0,True,False,False,True,False,False,False,False,False,False,True
43,8.43,53.84,0,0,1,1,13.19,47,0.6391205458680819,0,1,False,False,False,True,False,False,False,False,False,False,True
49,18.85,45.86,1,0,0,0,9.7,963,1.9432989690721651,0,0,True,False,True,False,False,False,False,False,False,False,False
23,32.35,24.92,0,0,0,0,17.86,318,1.811310190369541,0,0,True,False,False,False,False,False,True,False,False,True,False
49,12.99,31.96,0,0,1,0,14.0,1080,0.9278571428571428,0,0,True,False,False,True,False,False,False,False,False,False,True
72,12.69,18.82,0,1,0,0,8.75,846,1.4502857142857142,0,0,False,False,False,False,False,True,False,False,False,False,False
21,3.89,61.86,0,1,0,1,8.74,137,0.4450800915331808,0,0,True,False,False,False,True,False,False,False,False,False,False
72,9.19,51.57,0,0,0,0,14.22,1002,0.6462728551336145,0,0,False,False,False,False,False,False,False,True,False,False,True
28,1.65,93.74,0,0,0,0,13.93,977,0.11844938980617373,0,0,True,False,False,False,True,False,False,False,False,False,True
73,3.93,50.19,0,1,0,0,13.33,767,0.2948237059264816,0,0,True,False,False,False,False,False,False,False,False,False,True
34,2.17,62.47,0,0,0,1,18.1,353,0.11988950276243092,0,0,True,False,False,False,False,False,False,True,False,True,False
55,9.41,77.58,2,0,0,0,8.62,896,1.091647331786543,1,0,False,False,False,False,False,False,True,False,False,False,False
41,5.76,94.52,0,0,0,1,18.28,764,0.31509846827133475,0,0,True,False,False,True,False,False,False,False,False,True,False
22,3.96,53.19,2,1,0,0,13.8,822,0.28695652173913044,1,0,True,False,True,False,False,False,False,False,False,False,True
69,12.67,26.73,1,1,0,1,13.66,318,0.9275256222547584,0,0,True,False,False,False,False,False,False,False,True,False,True
51,6.67,27.05,0,1,0,0,17.73,1090,0.3761985335589396,0,0,True,False,False,False,True,False,False,False,False,True,False
23,3.76,43.5,1,0,0,1,13.32,921,0.28228228228228225,0,0,True,False,False,False,False,False,False,True,False,False,True
39,27.03,51.8,0,0,0,0,9.23,72,2.9284940411700977,0,1,False,False,False,True,False,False,False,False,False,False,False
28,34.34,4.24,1,1,1,1,18.65,38,1.8412868632707777,0,1,True,False,False,False,False,False,True,False,False,True,False
65,20.78,89.56,0,1,0,0,14.25,213,1.458245614035088,0,0,True,False,False,False,False,False,False,False,True,False,True
33,2.52,29.19,1,1,0,1,13.99,924,0.18012866333095068,0,0,False,False,False,False,False,True,False,False,False,False,True
50,4.55,77.11,0,0,0,0,17.96,899,0.25334075723830735,0,0,True,False,False,False,False,False,True,False,False,True,False
26,9.17,42.3,2,1,0,0,13.82,562,0.6635311143270622,1,0,True,False,True,False,False,False,False,False,False,False,True
23,12.34,26.63,0,0,0,1,13.54,1029,0.9113737075332349,0,0,True,False,False,False,False,False,False,False,True,False,True
33,10.1,78.33,0,0,0,0,14.46,692,0.6984785615491009,0,0,False,False,False,False,False,False,False,False,True,False,True
46,13.88,40.98,0,0,0,0,13.79,983,1.0065264684554025,0,0,True,False,False,False,False,True,False,False,False,False,True
20,10.78,66.64,0,0,0,0,8.98,98,1.2004454342984407,0,0,False,False,False,True,False,False,False,False,False,False,False
37,16.21,16.96,1,1,0,1,14.72,330,1.1012228260869565,0,0,True,False,False,False,False,False,False,False,True,False,True
53,2.31,58.85,0,0,0,0,8.87,56,0.2604284103720406,0,1,False,False,False,False,False,False,False,True,False,False,False
36,6.02,65.09,1,0,0,0,14.12,959,0.4263456090651558,0,0,True,False,False,False,False,False,False,False,True,False,True
43,3.52,22.82,1,0,0,1,18.97,683,0.18555614127569847,0,0,False,False,False,False,False,False,True,False,False,True,False
20,1.02,51.01,3,0,1,0,8.79,582,0.11604095563139934,1,0,False,False,False,False,False,False,False,True,False,False,False
36,11.85,6.8,0,1,0,1,9.39,135,1.2619808306709264,0,0,False,False,False,False,False,False,False,False,True,False,False
37,7.05,75.76,1,0,0,0,8.84,615,0.7975113122171945,0,0,True,False,False,False,False,False,True,False,False,False,False
49,11.35,88.17,1,0,1,0,14.43,601,0.7865557865557865,0,0,True,False,False,False,False,False,True,False,False,False,True
24,1.67,94.49,1,0,0,0,18.25,839,0.09150684931506849,0,0,True,False,False,False,True,False,False,False,False,True,False
69,2.26,66.58,1,1,0,1,15.03,663,0.15036593479707253,0,0,True,False,False,False,False,False,True,False,False,False,True
58,14.04,62.25,0,0,0,0,8.37,1064,1.6774193548387097,0,0,True,False,False,False,False,True,False,False,False,False,False
50,5.89,29.33,0,1,0,0,13.75,960,0.42836363636363634,0,0,False,False,False,False,False,False,False,False,False,False,True
57,3.56,29.72,0,0,0,1,13.58,688,0.2621502209131075,0,0,True,False,True,False,False,False,False,False,False,False,True
56,7.63,37.95,0,1,0,0,8.93,915,0.8544232922732363,0,0,True,False,False,False,False,False,False,False,True,False,False
35,1.04,17.77,1,0,0,1,14.36,350,0.07242339832869081,0,0,False,False,False,False,False,True,False,False,False,False,True
57,11.39,18.89,0,0,0,1,8.26,489,1.3789346246973366,0,0,False,False,False,False,False,False,False,False,True,False,False
18,4.9,86.03,0,1,1,0,14.19,608,0.34531360112755466,0,0,True,False,False,False,False,False,False,False,True,False,True
28,4.55,91.35,1,1,0,0,9.02,906,0.5044345898004434,0,0,False,False,False,False,False,False,True,False,False,False,False
45,2.48,28.57,2,0,1,1,8.93,783,0.2777155655095185,1,0,True,False,False,False,False,False,True,False,False,False,False
74,4.18,59.46,0,0,0,1,17.91,189,0.23338916806253487,0,0,False,False,False,False,False,False,False,False,True,True,False
42,3.39,79.81,0,0,0,0,13.53,493,0.25055432372505543,0,0,False,False,False,False,False,False,False,False,False,False,True
67,13.01,68.82,0,0,0,0,10.17,1027,1.2792527040314652,0,0,False,False,False,False,False,False,False,True,False,False,False
40,11.13,39.1,0,1,0,0,17.13,270,0.649737302977233,0,0,False,False,False,False,False,False,False,True,False,True,False
48,3.4,36.16,2,0,0,1,13.98,965,0.24320457796852646,1,0,True,False,True,False,False,False,False,False,False,False,True
47,9.87,65.22,0,0,0,0,9.12,993,1.0822368421052633,0,0,True,False,False,False,True,False,False,False,False,False,False
59,4.43,76.31,1,0,0,1,14.17,988,0.3126323218066337,0,0,False,False,False,True,False,False,False,False,False,False,True
52,5.21,27.57,0,0,0,1,18.42,894,0.2828447339847991,0,0,True,False,False,False,False,True,False,False,False,True,False
24,9.12,50.66,0,1,0,0,14.07,679,0.64818763326226,0,0,False,False,True,False,False,False,False,False,False,False,True
33,2.66,55.12,1,1,0,1,9.66,356,0.2753623188405797,0,0,True,False,False,True,False,False,False,False,False,False,False
43,19.39,74.69,2,0,0,0,13.65,894,1.4205128205128206,1,0,True,False,False,False,False,False,False,False,True,False,True
65,6.29,43.86,0,0,1,0,14.37,558,0.4377174669450244,0,0,True,False,False,False,False,True,False,False,False,False,True
74,1.78,51.59,0,1,1,0,17.75,908,0.10028169014084508,0,0,True,False,False,False,False,False,False,False,True,True,False
69,2.35,69.11,1,0,0,1,8.67,363,0.2710495963091119,0,0,False,False,False,False,False,False,False,False,True,False,False
66,2.28,26.53,1,1,0,0,14.3,1056,0.15944055944055943,0,0,False,False,False,False,True,False,False,False,False,False,True
19,6.16,40.17,0,1,1,0,8.74,911,0.7048054919908466,0,0,False,False,False,False,False,False,True,False,False,False,False
18,8.08,53.45,1,0,1,0,12.4,379,0.6516129032258065,0,0,False,False,False,False,True,False,False,False,False,False,True
65,1.95,58.88,0,0,1,1,18.24,203,0.10690789473684212,0,0,False,False,True,False,False,False,False,False,False,True,False
29,8.79,77.22,2,1,1,0,8.92,145,0.9854260089686098,1,0,False,False,False,False,False,False,True,False,False,False,False
22,3.64,25.95,1,0,0,0,9.67,390,0.3764219234746639,0,0,True,False,False,False,False,False,True,False,False,False,False
54,4.22,25.57,0,0,0,1,14.19,105,0.2973925299506695,0,0,False,False,True,False,False,False,False,False,False,False,True
49,2.04,10.6,0,0,1,0,14.09,785,0.1447835344215756,0,0,True,False,False,False,False,False,True,False,False,False,True
72,10.7,34.7,0,0,1,1,9.34,101,1.145610278372591,0,0,True,False,False,False,False,True,False,False,False,False,False
26,7.79,87.69,2,1,0,0,13.77,481,0.5657225853304285,1,0,False,False,False,False,False,False,False,True,False,False,True
58,21.28,86.25,2,1,0,1,18.72,940,1.136752136752137,1,0,True,False,True,False,False,False,False,False,False,True,False
52,11.17,72.54,2,1,0,0,14.0,396,0.7978571428571428,1,0,True,False,False,True,False,False,False,False,False,False,True
36,0.9,32.27,0,0,0,1,13.82,855,0.06512301013024602,0,0,True,False,True,False,False,False,False,False,False,False,True
65,12.17,71.73,0,0,0,0,9.29,699,1.3100107642626482,0,0,True,False,False,False,False,False,False,True,False,False,False
33,13.79,44.11,0,0,0,0,18.2,1077,0.7576923076923077,0,0,False,False,False,False,True,False,False,False,False,True,False
20,4.12,46.18,0,0,0,0,8.8,139,0.46818181818181814,0,0,True,False,False,False,True,False,False,False,False,False,False
37,7.79,49.66,1,1,1,0,9.3,81,0.8376344086021504,0,1,True,False,False,False,True,False,False,False,False,False,False
41,8.4,62.67,1,1,0,1,8.74,496,0.9610983981693364,0,0,True,False,False,False,False,False,True,False,False,False,False
71,3.5,93.98,0,0,0,0,14.18,847,0.2468265162200282,0,0,True,False,False,False,False,False,False,True,False,False,True
73,26.35,29.16,0,0,0,0,17.35,816,1.5187319884726225,0,0,False,False,False,False,False,True,False,False,False,True,False
50,13.54,48.64,2,0,0,0,9.04,585,1.497787610619469,1,0,True,False,True,False,False,False,False,False,False,False,False
41,5.73,21.61,0,0,0,1,17.69,958,0.323911814584511,0,0,False,False,True,False,False,False,False,False,False,True,False
69,2.52,57.46,1,0,0,1,17.58,288,0.14334470989761094,0,0,False,False,True,False,False,False,False,False,False,True,False
28,10.92,85.59,1,1,0,0,13.56,94,0.8053097345132743,0,0,False,False,False,False,False,False,True,False,False,False,True
66,4.04,51.29,0,1,0,0,13.49,192,0.2994810971089696,0,0,False,False,False,False,False,False,True,False,False,False,True
25,3.9,55.12,0,1,0,0,9.09,68,0.429042904290429,0,1,False,False,False,False,False,False,False,False,False,False,False
53,5.04,84.16,0,1,0,0,9.22,694,0.5466377440347071,0,0,True,False,False,False,False,True,False,False,False,False,False
55,7.34,32.44,0,1,0,0,18.2,349,0.4032967032967033,0,0,True,False,False,False,True,False,False,False,False,True,False
57,16.75,68.68,0,0,0,0,13.68,389,1.2244152046783625,0,0,True,False,False,True,False,False,False,False,False,False,True
37,7.14,16.65,1,0,0,1,8.99,298,0.7942157953281423,0,0,False,False,False,False,False,False,False,False,False,False,False
52,7.96,48.34,0,0,0,1,14.14,353,0.562942008486563,0,0,True,False,False,False,False,False,False,False,False,False,True
65,6.31,78.45,2,0,0,1,18.5,355,0.34108108108108104,1,0,True,False,False,False,False,False,True,False,False,True,False
42,5.33,64.62,0,0,0,0,14.9,286,0.35771812080536913,0,0,True,False,False,False,True,False,False,False,False,False,True
52,3.23,62.5,0,0,0,0,8.73,229,0.36998854524627717,0,0,True,False,False,False,True,False,False,False,False,False,False
42,10.16,74.14,1,0,0,0,14.32,639,0.7094972067039106,0,0,True,False,True,False,False,False,False,False,False,False,True
46,1.87,5.88,0,0,1,0,13.68,934,0.13669590643274854,0,0,False,True,False,False,False,False,True,False,False,False,True
35,16.87,34.81,1,0,1,0,8.47,193,1.9917355371900827,0,0,True,False,False,False,True,False,False,False,False,False,False
63,5.79,47.49,1,0,0,1,8.57,644,0.67561260210035,0,0,False,False,False,True,False,False,False,False,False,False,False
35,16.08,84.82,0,0,0,0,14.09,135,1.1412349183818309,0,0,False,False,False,False,False,False,False,False,False,False,True
19,22.77,29.92,1,1,1,0,13.97,728,1.6299212598425197,0,0,True,False,False,False,False,False,False,True,False,False,True
71,6.02,22.58,1,1,0,0,9.23,393,0.6522210184182015,0,0,True,False,False,False,False,False,False,True,False,False,False
52,10.45,49.54,1,0,0,1,7.94,1074,1.3161209068010074,0,0,True,False,False,False,False,False,True,False,False,False,False
33,14.62,54.87,1,1,0,1,9.03,689,1.619047619047619,0,0,True,False,True,False,False,False,False,False,False,False,False
58,5.55,60.45,0,1,0,1,8.65,728,0.6416184971098265,0,0,False,False,True,False,False,False,False,False,False,False,False
53,13.28,42.38,0,0,0,0,8.1,776,1.6395061728395062,0,0,True,False,False,False,True,False,False,False,False,False,False
50,10.56,69.97,0,0,0,0,13.75,990,0.768,0,0,True,False,False,True,False,False,False,False,False,False,True
21,6.45,69.84,0,0,0,0,13.82,959,0.4667149059334298,0,0,False,False,False,False,False,True,False,False,False,False,True
50,8.18,70.31,1,1,1,0,14.74,238,0.5549525101763908,0,0,False,False,False,False,False,False,True,False,False,False,True
31,4.26,66.43,1,0,0,0,13.72,520,0.3104956268221574,0,0,False,False,False,False,False,True,False,False,False,False,True
38,17.23,48.67,0,1,0,0,8.67,732,1.9873125720876588,0,0,False,False,False,False,False,False,False,True,False,False,False
65,8.32,21.71,1,0,0,0,13.87,531,0.599855803893295,0,0,False,False,False,False,False,False,False,False,False,False,True
37,5.97,42.35,1,0,0,0,9.92,695,0.6018145161290323,0,0,True,False,False,False,True,False,False,False,False,False,False
73,24.35,66.29,1,0,1,0,9.92,250,2.4546370967741935,0,0,False,False,False,False,False,False,False,False,False,False,False
25,10.3,73.72,1,0,0,0,8.8,464,1.1704545454545454,0,0,True,False,False,False,False,True,False,False,False,False,False
24,12.83,63.24,0,1,0,1,17.59,309,0.7293916998294485,0,0,False,False,False,False,True,False,False,False,False,True,False
20,6.56,46.14,0,0,0,1,9.1,553,0.7208791208791209,0,0,False,False,False,False,False,False,False,False,True,False,False
34,3.48,31.2,0,1,0,0,17.76,696,0.19594594594594592,0,0,True,False,False,False,False,False,False,False,False,True,False
50,8.95,46.31,2,0,0,0,9.72,1076,0.9207818930041151,1,0,False,False,False,False,False,False,True,False,False,False,False
65,4.39,62.32,2,0,0,0,14.66,761,0.2994542974079127,1,0,False,False,False,False,False,False,False,False,False,False,True
29,17.49,68.77,4,0,1,1,13.65,377,1.2813186813186812,1,0,True,False,False,False,False,False,False,False,False,False,True
68,3.79,64.05,2,1,0,0,8.96,794,0.4229910714285714,1,0,False,False,False,False,True,False,False,False,False,False,False
39,2.37,93.14,0,1,0,0,8.93,963,0.26539753639417696,0,0,True,False,False,False,False,False,False,True,False,False,False
72,0.53,71.71,0,0,0,0,17.84,212,0.0297085201793722,0,0,False,False,False,False,False,True,False,False,False,True,False
39,11.43,84.4,0,0,0,0,14.03,537,0.8146828225231647,0,0,False,False,False,False,False,False,False,False,True,False,True
63,7.97,73.7,2,0,0,0,8.73,227,0.9129438717067583,1,0,False,False,False,False,False,False,False,False,False,False,False
47,5.98,18.47,0,1,0,1,9.4,410,0.6361702127659574,0,0,False,False,False,True,False,False,False,False,False,False,False
55,19.22,72.96,0,1,0,0,18.6,854,1.0333333333333332,0,0,False,False,False,False,False,True,False,False,False,True,False
55,21.97,80.23,2,1,0,0,18.4,1059,1.1940217391304349,1,0,False,False,False,True,False,False,False,False,False,True,False
62,8.93,28.29,0,0,0,1,13.64,221,0.6546920821114369,0,0,True,False,False,False,False,True,False,False,False,False,True
68,10.92,49.05,2,0,1,1,8.98,554,1.2160356347438752,1,0,False,False,False,True,False,False,False,False,False,False,False
71,1.62,55.58,1,0,0,0,18.04,1089,0.08980044345898006,0,0,True,False,False,False,False,False,False,True,False,True,False
25,3.73,35.03,1,0,0,1,9.23,318,0.40411700975081255,0,0,False,False,True,False,False,False,False,False,False,False,False
44,9.29,69.72,2,0,0,1,13.67,134,0.6795903438185807,1,0,True,False,False,False,False,False,False,False,True,False,True
44,3.07,35.98,0,0,0,1,13.7,342,0.2240875912408759,0,0,True,False,False,False,False,False,False,False,True,False,True
51,14.95,78.79,0,1,0,1,8.91,336,1.6778900112233444,0,0,False,False,False,True,False,False,False,False,False,False,False
38,11.29,55.48,0,0,1,0,13.77,850,0.8198983297022512,0,0,True,False,False,True,False,False,False,False,False,False,True
47,6.32,47.0,0,0,0,1,18.59,65,0.3399677245831092,0,1,True,False,False,True,False,False,False,False,False,True,False
50,12.96,60.11,1,0,0,0,14.66,916,0.8840381991814462,0,0,True,False,False,False,False,True,False,False,False,False,True
45,4.07,56.78,1,0,0,1,9.31,1078,0.4371643394199785,0,0,True,False,False,False,True,False,False,False,False,False,False
64,6.15,25.55,3,0,0,0,9.16,1090,0.6713973799126638,1,0,True,False,False,False,False,False,False,False,False,False,False
50,3.62,94.36,0,0,0,0,9.45,1072,0.3830687830687831,0,0,True,False,True,False,False,False,False,False,False,False,False
22,6.52,52.06,1,0,0,1,8.98,64,0.7260579064587972,0,1,True,False,False,True,False,False,False,False,False,False,False
65,1.55,54.56,0,0,0,1,14.29,496,0.1084674597620714,0,0,True,False,False,False,True,False,False,False,False,False,True
36,18.97,22.81,0,0,0,0,13.23,926,1.4338624338624337,0,0,False,False,False,False,False,False,True,False,False,False,True
21,12.22,83.36,0,0,0,1,9.11,228,1.3413830954994512,0,0,True,False,False,False,False,False,False,True,False,False,False
52,3.4,64.23,1,0,1,1,9.12,797,0.3728070175438597,0,0,False,False,False,False,False,False,False,True,False,False,False
66,11.43,76.51,0,1,0,0,8.61,270,1.3275261324041812,0,0,False,False,False,False,True,False,False,False,False,False,False
34,7.23,65.97,0,0,0,0,14.4,323,0.5020833333333333,0,0,True,False,False,False,False,True,False,False,False,False,True
61,24.77,37.71,1,0,0,0,13.59,951,1.822663723325975,0,0,False,False,False,False,False,False,False,True,False,False,True
45,21.18,65.92,0,0,1,0,13.41,497,1.5794183445190155,0,0,False,False,False,False,False,False,False,False,False,False,True
47,10.01,43.63,0,1,0,0,14.31,396,0.6995108315863032,0,0,False,True,False,False,False,False,False,True,False,False,True
46,17.27,15.5,0,0,0,0,14.09,1074,1.2256919801277502,0,0,False,False,False,False,False,False,False,False,False,False,True
63,5.57,67.75,0,0,0,0,14.0,345,0.39785714285714285,0,0,True,False,False,False,False,False,True,False,False,False,True
70,10.86,71.21,2,0,0,0,8.91,787,1.2188552188552189,1,0,False,False,False,True,False,False,False,False,False,False,False
23,4.99,72.66,0,1,0,0,14.38,480,0.347009735744089,0,0,False,False,True,False,False,False,False,False,False,False,True
52,18.81,80.44,1,1,0,0,8.61,807,2.1846689895470384,0,0,False,False,False,False,False,False,False,False,True,False,False
58,3.2,66.52,0,0,1,0,9.22,937,0.3470715835140998,0,0,True,False,False,False,True,False,False,False,False,False,False
54,4.48,63.91,0,0,1,1,17.49,475,0.25614636935391655,0,0,False,False,False,False,True,False,False,False,False,True,False
41,10.01,52.57,1,0,1,0,8.86,986,1.1297968397291196,0,0,False,False,False,False,False,False,False,False,False,False,False
46,3.96,39.58,0,0,0,1,14.2,109,0.27887323943661974,0,0,True,False,False,False,False,False,True,False,False,False,True
66,1.11,57.82,0,0,1,1,13.9,1070,0.07985611510791367,0,0,True,False,False,False,False,False,True,False,False,False,True
63,14.58,32.22,0,1,0,0,9.11,167,1.6004390779363338,0,0,True,False,False,False,False,True,False,False,False,False,False
70,3.58,31.38,0,0,0,0,9.3,681,0.3849462365591398,0,0,False,False,False,False,False,False,False,False,True,False,False
48,2.8,43.67,1,1,0,1,14.1,880,0.19858156028368792,0,0,False,False,False,True,False,False,False,False,False,False,True
52,11.27,87.76,0,0,0,0,8.79,581,1.2821387940841866,0,0,False,False,True,False,False,False,False,False,False,False,False
50,5.35,75.94,0,0,0,1,8.54,103,0.6264637002341921,0,0,True,False,False,False,True,False,False,False,False,False,False
69,14.24,43.77,0,0,1,0,17.83,79,0.7986539540100954,0,1,False,False,False,False,False,False,False,False,False,True,False
38,9.31,83.27,1,0,0,0,14.78,1063,0.6299052774018945,0,0,True,False,False,False,False,False,True,False,False,False,True
49,5.56,63.76,1,0,0,0,8.59,417,0.6472642607683352,0,0,True,False,False,True,False,False,False,False,False,False,False
40,15.62,31.77,1,0,1,0,8.61,414,1.8141695702671312,0,0,False,False,False,False,True,False,False,False,False,False,False
50,5.73,59.32,1,0,0,0,13.08,328,0.4380733944954129,0,0,False,True,False,False,False,False,False,False,False,False,True
20,12.23,28.95,0,0,0,1,8.83,368,1.3850509626274066,0,0,False,False,False,False,False,False,False,True,False,False,False
35,3.36,38.23,0,1,0,0,8.93,503,0.3762597984322508,0,0,False,False,False,True,False,False,False,False,False,False,False
42,9.28,37.16,0,1,1,1,13.59,645,0.6828550404709345,0,0,True,False,False,False,True,False,False,False,False,False,True
59,9.72,92.7,0,0,0,0,8.51,991,1.1421856639247945,0,0,True,False,True,False,False,False,False,False,False,False,False
48,10.49,44.89,1,1,0,0,13.68,821,0.7668128654970761,0,0,False,False,False,True,False,False,False,False,False,False,True
71,5.09,31.65,0,1,0,1,13.53,42,0.3762010347376201,0,1,False,False,False,False,False,False,False,False,False,False,True
20,10.17,33.72,1,0,1,0,8.67,478,1.1730103806228374,0,0,True,False,True,False,False,False,False,False,False,False,False
57,19.41,39.39,1,0,0,0,9.04,203,2.14712389380531,0,0,True,False,False,False,True,False,False,False,False,False,False
63,5.45,75.41,1,0,0,1,13.96,624,0.39040114613180515,0,0,True,False,False,False,False,False,False,True,False,False,True
41,12.71,21.49,1,0,0,0,13.68,961,0.9290935672514621,0,0,False,False,True,False,False,False,False,False,False,False,True
67,7.32,60.72,0,1,0,1,8.59,298,0.8521536670547148,0,0,True,False,False,False,False,False,True,False,False,False,False
49,19.53,74.19,0,0,1,0,9.27,647,2.1067961165048548,0,0,True,False,False,False,False,False,False,False,False,False,False
64,5.84,34.46,1,1,0,1,16.9,802,0.3455621301775148,0,0,True,False,False,False,True,False,False,False,False,True,False
39,9.35,45.5,0,0,0,0,9.36,894,0.9989316239316239,0,0,True,False,False,False,False,False,False,True,False,False,False
40,7.73,54.12,0,0,0,1,18.72,555,0.41292735042735046,0,0,False,False,False,False,False,False,True,False,False,True,False
19,7.75,51.24,0,1,0,0,8.82,917,0.8786848072562358,0,0,True,False,False,False,True,False,False,False,False,False,False
44,0.54,74.85,1,1,0,0,8.69,701,0.062140391254315315,0,0,False,False,False,True,False,False,False,False,False,False,False
59,3.78,53.42,0,1,0,1,14.95,207,0.2528428093645485,0,0,False,False,False,False,False,True,False,False,False,False,True
19,7.09,26.54,1,0,0,1,9.23,288,0.7681473456121343,0,0,False,False,False,False,False,False,False,True,False,False,False
43,11.5,93.35,0,0,0,0,8.36,289,1.375598086124402,0,0,True,False,False,False,False,False,True,False,False,False,False
34,9.37,69.75,0,0,0,0,8.89,672,1.0539932508436445,0,0,False,True,True,False,False,False,False,False,False,False,False
57,16.12,63.34,0,1,1,1,17.57,110,0.9174729652817303,0,0,False,False,False,False,True,False,False,False,False,True,False
50,6.73,69.02,0,1,1,0,8.83,158,0.7621744054360137,0,0,False,True,False,False,True,False,False,False,False,False,False
26,7.63,34.1,1,0,0,0,13.67,441,0.5581565471836137,0,0,False,False,True,False,False,False,False,False,False,False,True
60,15.11,47.97,0,0,0,0,14.48,344,1.0435082872928176,0,0,True,False,False,False,False,True,False,False,False,False,True
71,14.25,39.72,0,1,1,0,14.22,484,1.00210970464135,0,0,True,False,False,False,False,False,False,False,True,False,True
65,12.17,80.48,1,0,1,0,14.26,644,0.8534361851332398,0,0,True,False,False,False,False,False,True,False,False,False,True
56,20.13,90.5,0,0,0,0,8.49,928,2.371024734982332,0,0,False,False,True,False,False,False,False,False,False,False,False
46,5.8,49.93,0,1,1,0,8.75,932,0.6628571428571428,0,0,True,False,False,True,False,False,False,False,False,False,False
59,1.75,43.08,0,0,1,0,8.35,1062,0.2095808383233533,0,0,True,False,False,False,True,False,False,False,False,False,False
72,5.14,39.47,0,0,0,0,8.47,261,0.6068476977567886,0,0,True,False,False,True,False,False,False,False,False,False,False
43,10.96,70.91,1,1,0,0,9.19,640,1.1926006528835693,0,0,True,False,False,False,False,False,True,False,False,False,False
52,4.74,49.68,0,1,0,0,8.86,759,0.5349887133182845,0,0,True,False,False,False,False,True,False,False,False,False,False
67,2.48,77.38,1,0,0,1,17.85,994,0.13893557422969185,0,0,True,False,False,False,False,False,True,False,False,True,False
42,10.69,73.74,0,0,0,0,18.42,911,0.5803474484256242,0,0,True,False,False,True,False,False,False,False,False,True,False
41,3.58,31.75,0,0,0,1,9.41,347,0.3804463336875664,0,0,True,False,False,True,False,False,False,False,False,False,False
30,8.72,43.99,0,0,0,0,9.31,551,0.9366272824919442,0,0,True,False,False,False,False,False,False,False,True,False,False
24,3.89,11.49,0,0,0,0,8.91,745,0.43658810325476993,0,0,True,False,False,False,True,False,False,False,False,False,False
74,3.93,64.3,0,1,0,0,8.85,1069,0.44406779661016954,0,0,False,False,False,False,False,False,False,True,False,False,False
53,7.6,70.91,0,0,0,0,8.92,913,0.852017937219731,0,0,False,False,False,False,False,False,False,False,True,False,False
62,6.52,31.41,1,1,0,1,17.81,231,0.3660864682762493,0,0,True,False,False,False,False,False,False,False,True,True,False
37,2.61,28.56,0,0,0,1,8.7,122,0.3,0,0,True,False,False,False,False,False,False,True,False,False,False
18,12.24,17.82,0,0,0,0,8.07,1086,1.516728624535316,0,0,False,False,False,False,False,False,False,True,False,False,False
25,10.4,86.87,0,1,0,0,8.99,448,1.156840934371524,0,0,False,False,False,False,False,True,False,False,False,False,False
63,19.78,60.9,0,0,1,0,18.72,580,1.0566239316239316,0,0,False,False,False,False,False,True,False,False,False,True,False
33,9.36,83.42,1,1,0,0,17.66,655,0.5300113250283125,0,0,False,False,False,False,False,False,False,False,True,True,False
31,16.28,34.81,2,1,0,0,13.95,874,1.1670250896057348,1,0,True,False,False,False,False,False,True,False,False,False,True
29,4.22,78.04,3,1,0,0,14.03,911,0.300784034212402,1,0,True,False,True,False,False,False,False,False,False,False,True
68,8.38,86.11,1,0,0,0,9.56,749,0.8765690376569037,0,0,True,False,True,False,False,False,False,False,False,False,False
40,6.64,18.3,3,1,0,0,9.39,973,0.7071352502662406,1,0,False,False,False,False,False,False,False,False,True,False,False
32,3.01,48.45,0,1,0,1,13.82,423,0.21780028943560056,0,0,False,False,False,False,False,False,True,False,False,False,True
45,5.7,34.46,2,1,0,1,13.54,838,0.42097488921713444,1,0,False,False,False,False,False,False,False,True,False,False,True
51,14.3,27.31,0,0,0,0,9.42,901,1.5180467091295118,0,0,True,False,False,False,False,False,False,False,False,False,False
19,3.04,57.63,2,0,1,0,9.47,896,0.32101372756071805,1,0,False,False,False,False,False,False,False,False,True,False,False
49,4.48,56.23,2,1,1,0,13.98,600,0.32045779685264664,1,0,True,False,False,False,True,False,False,False,False,False,True
40,9.79,48.56,0,0,0,0,9.0,663,1.0877777777777777,0,0,True,False,False,False,False,False,True,False,False,False,False
39,6.76,77.16,1,0,0,0,14.44,661,0.46814404432132967,0,0,True,False,False,False,True,False,False,False,False,False,True
68,17.29,68.31,1,1,0,0,8.67,838,1.994232987312572,0,0,False,False,False,False,True,False,False,False,False,False,False
42,26.09,52.16,0,0,0,0,9.09,351,2.8701870187018703,0,0,True,False,False,False,False,False,False,False,True,False,False
39,9.82,88.6,1,1,0,0,13.34,603,0.7361319340329835,0,0,False,False,False,False,False,False,True,False,False,False,True
39,6.4,90.23,0,0,0,1,17.97,1093,0.3561491374513078,0,0,True,False,False,False,True,False,False,False,False,True,False
66,4.94,65.68,0,1,0,0,8.97,1093,0.5507246376811594,0,0,False,False,False,False,False,True,False,False,False,False,False
69,4.99,31.5,1,0,0,1,8.64,899,0.5775462962962963,0,0,False,False,False,True,False,False,False,False,False,False,False
59,9.32,57.84,1,1,0,1,8.58,775,1.0862470862470863,0,0,True,False,False,False,False,True,False,False,False,False,False
23,10.58,61.19,0,0,0,0,13.69,1068,0.7728268809349891,0,0,False,False,False,False,False,False,True,False,False,False,True
32,2.43,97.32,0,0,0,0,17.36,966,0.13997695852534564,0,0,False,False,True,False,False,False,False,False,False,True,False
71,2.08,30.05,1,0,0,1,8.41,988,0.2473246135552913,0,0,False,False,False,True,False,False,False,False,False,False,False
60,5.08,44.78,0,0,0,1,9.15,77,0.5551912568306011,0,1,False,False,False,False,False,False,False,False,False,False,False
54,2.68,17.3,1,0,1,1,18.2,218,0.14725274725274726,0,0,False,False,False,False,True,False,False,False,False,True,False
50,1.81,76.99,1,1,1,0,14.26,333,0.12692847124824685,0,0,True,False,False,False,True,False,False,False,False,False,True
25,18.79,68.4,0,0,0,0,14.86,398,1.2644683714670255,0,0,False,False,False,False,False,False,True,False,False,False,True
70,14.87,45.8,1,0,0,0,9.21,489,1.6145494028230183,0,0,True,False,False,False,False,True,False,False,False,False,False
61,6.9,36.35,1,1,0,0,8.87,276,0.777903043968433,0,0,True,False,False,False,False,False,False,False,False,False,False
61,6.93,54.85,0,0,1,0,14.39,293,0.48158443363446835,0,0,True,False,True,False,False,False,False,False,False,False,True
22,8.61,48.79,0,0,1,1,13.82,559,0.6230101302460203,0,0,False,False,False,False,True,False,False,False,False,False,True
56,1.4,21.86,0,0,1,1,14.68,779,0.09536784741144413,0,0,False,False,False,False,False,False,False,False,True,False,True
21,4.57,9.88,0,1,0,1,9.27,436,0.49298813376483286,0,0,True,False,False,False,False,True,False,False,False,False,False
23,8.77,57.92,0,0,1,0,14.9,482,0.5885906040268456,0,0,False,False,False,False,False,False,True,False,False,False,True
62,9.94,51.83,0,0,0,1,17.59,843,0.5650938032973281,0,0,False,False,False,False,False,False,True,False,False,True,False
49,2.98,34.03,2,0,1,0,17.88,607,0.16666666666666669,1,0,True,False,False,False,False,True,False,False,False,True,False
69,6.88,63.22,1,1,0,0,9.14,994,0.7527352297592997,0,0,True,False,False,False,True,False,False,False,False,False,False
47,14.03,34.71,0,0,1,1,14.5,176,0.9675862068965517,0,0,False,False,True,False,False,False,False,False,False,False,True
64,12.62,32.73,2,0,0,0,13.61,435,0.9272593681116825,1,0,True,False,False,False,True,False,False,False,False,False,True
52,4.09,66.29,1,0,0,1,18.26,212,0.22398685651697697,0,0,False,False,False,False,False,True,False,False,False,True,False
72,3.01,33.73,0,1,1,1,14.18,265,0.21227080394922423,0,0,True,False,False,True,False,False,False,False,False,False,True
57,11.74,91.71,1,0,1,0,17.82,667,0.6588103254769921,0,0,True,False,False,False,False,False,False,True,False,True,False
69,9.53,63.6,1,0,0,1,17.19,987,0.554392088423502,0,0,False,False,False,False,True,False,False,False,False,True,False
33,4.92,70.45,2,1,0,1,9.79,208,0.5025536261491318,1,0,False,False,False,False,False,False,False,False,False,False,False
30,2.01,25.53,1,0,0,1,13.93,461,0.1442928930366116,0,0,False,False,False,True,False,False,False,False,False,False,True
67,3.4,3.5,0,1,0,1,13.65,554,0.24908424908424906,0,0,False,False,False,False,False,True,False,False,False,False,True
59,6.96,87.71,1,0,0,1,8.75,772,0.7954285714285714,0,0,False,False,False,True,False,False,False,False,False,False,False
47,10.71,67.3,1,1,0,0,9.11,352,1.1756311745334798,0,0,False,False,False,False,False,False,False,False,False,False,False
36,15.32,47.84,0,0,0,0,9.01,428,1.700332963374029,0,0,True,False,False,True,False,False,False,False,False,False,False
34,6.33,31.97,0,1,1,1,13.81,366,0.45836350470673426,0,0,False,False,False,True,False,False,False,False,False,False,True
73,12.51,67.27,0,0,1,0,9.24,148,1.353896103896104,0,0,True,False,False,False,False,True,False,False,False,False,False
36,2.18,47.09,2,0,0,0,17.88,442,0.12192393736017898,1,0,False,False,False,False,False,False,False,True,False,True,False
45,8.79,41.83,0,0,1,1,13.33,609,0.6594148537134283,0,0,True,False,False,False,False,False,False,False,False,False,True
72,11.19,51.75,0,0,0,0,14.3,334,0.7825174825174824,0,0,False,False,False,False,False,False,False,False,False,False,True
43,14.59,31.02,1,0,0,0,8.68,225,1.6808755760368663,0,0,True,False,False,False,False,False,False,False,True,False,False
54,10.87,73.68,1,0,0,1,13.84,362,0.7854046242774566,0,0,False,False,False,False,False,False,True,False,False,False,True
43,3.48,30.22,1,0,0,1,13.7,1073,0.254014598540146,0,0,False,False,False,False,False,False,False,False,False,False,True
70,11.09,64.76,0,0,0,0,8.95,652,1.2391061452513967,0,0,True,False,False,False,False,False,True,False,False,False,False
40,6.23,81.66,0,0,0,0,17.58,687,0.3543799772468715,0,0,False,False,False,False,False,True,False,False,False,True,False
26,6.66,47.29,2,0,0,1,13.93,733,0.4781048097631012,1,0,True,False,True,False,False,False,False,False,False,False,True
29,3.37,74.89,0,1,1,0,9.44,912,0.35699152542372886,0,0,False,False,False,False,True,False,False,False,False,False,False
70,5.45,95.77,2,1,1,1,18.52,553,0.29427645788336937,1,0,False,False,False,False,False,False,False,False,True,True,False
18,17.07,61.49,2,0,0,0,8.6,246,1.9848837209302326,1,0,True,False,False,False,False,True,False,False,False,False,False
18,7.6,40.46,0,1,1,1,14.16,1019,0.5367231638418078,0,0,False,False,False,False,False,False,False,True,False,False,True
64,4.21,31.55,0,1,0,0,14.27,404,0.2950245269796776,0,0,True,False,True,False,False,False,False,False,False,False,True
51,7.99,75.0,2,0,0,1,9.0,65,0.8877777777777778,1,1,True,False,False,True,False,False,False,False,False,False,False
49,5.97,21.74,0,1,0,0,13.81,805,0.43229543808834175,0,0,False,False,False,False,False,False,False,False,True,False,True
71,4.59,46.19,0,0,1,1,13.49,57,0.34025203854707187,0,1,True,False,False,False,False,False,False,False,True,False,True
65,6.48,99.65,1,0,1,0,14.32,115,0.45251396648044695,0,0,False,True,False,False,False,True,False,False,False,False,True
42,13.17,47.21,1,0,0,0,9.3,217,1.4161290322580644,0,0,False,False,False,False,False,False,False,True,False,False,False
57,3.89,32.36,0,1,1,1,8.91,334,0.43658810325476993,0,0,True,False,False,False,False,False,False,True,False,False,False
62,14.86,27.86,1,0,1,0,8.76,795,1.6963470319634704,0,0,False,False,False,False,False,False,True,False,False,False,False
70,11.76,6.06,0,0,0,1,17.68,109,0.665158371040724,0,0,True,False,False,False,True,False,False,False,False,True,False
18,10.89,70.2,1,0,0,0,8.04,215,1.3544776119402988,0,0,True,False,False,False,False,True,False,False,False,False,False
33,7.86,56.76,0,0,0,0,13.56,1058,0.5796460176991151,0,0,True,False,True,False,False,False,False,False,False,False,True
56,15.31,84.31,0,0,0,1,18.05,587,0.8481994459833795,0,0,True,False,False,False,True,False,False,False,False,True,False
22,8.14,73.93,0,1,0,1,13.85,538,0.5877256317689531,0,0,True,False,True,False,False,False,False,False,False,False,True
39,10.36,44.93,0,0,0,0,16.96,1000,0.6108490566037735,0,0,True,False,False,False,False,False,False,False,True,True,False
46,9.85,50.07,0,1,0,0,18.55,1055,0.5309973045822102,0,0,False,True,False,False,False,False,False,False,False,True,False
72,9.83,66.79,0,0,0,0,8.48,246,1.159198113207547,0,0,False,False,False,False,False,False,False,False,False,False,False
20,5.65,38.87,0,0,0,0,9.12,286,0.6195175438596492,0,0,False,False,False,False,False,True,False,False,False,False,False
29,2.25,77.04,0,1,0,1,9.74,353,0.23100616016427103,0,0,False,False,False,False,False,False,False,True,False,False,False
43,19.09,35.84,0,1,0,0,8.9,226,2.144943820224719,0,0,False,False,False,False,False,False,False,True,False,False,False
33,4.7,21.69,0,0,0,1,14.23,533,0.3302881236823612,0,0,True,False,False,True,False,False,False,False,False,False,True
68,6.38,30.16,1,0,0,0,9.32,723,0.6845493562231759,0,0,False,False,False,False,False,False,False,False,True,False,False
54,2.34,47.88,0,0,0,0,13.49,988,0.17346182357301704,0,0,False,True,False,False,False,False,False,False,True,False,True
39,6.38,75.63,2,0,0,0,9.1,47,0.7010989010989012,1,1,True,False,True,False,False,False,False,False,False,False,False
74,4.46,81.92,0,0,0,0,8.52,136,0.5234741784037559,0,0,False,False,False,False,False,False,False,False,True,False,False
46,20.14,85.66,0,1,0,0,13.66,154,1.4743777452415814,0,0,False,False,False,True,False,False,False,False,False,False,True
31,2.7,28.72,0,1,0,0,8.83,512,0.3057757644394111,0,0,False,False,False,False,False,True,False,False,False,False,False
45,13.29,52.45,0,1,1,0,13.58,1057,0.9786450662739322,0,0,False,False,True,False,False,False,False,False,False,False,True
22,5.08,75.58,0,0,1,1,17.74,656,0.28635851183765504,0,0,True,False,False,False,True,False,False,False,False,True,False
64,17.16,89.42,1,0,1,1,13.79,380,1.2443799854967368,0,0,True,False,False,False,False,False,False,True,False,False,True
66,15.14,87.17,0,0,0,1,9.05,380,1.6729281767955801,0,0,True,False,False,False,False,False,False,True,False,False,False
47,8.0,23.93,1,0,0,1,18.12,678,0.44150110375275936,0,0,False,False,False,False,False,False,False,False,False,True,False
63,2.13,15.28,0,1,0,0,9.49,930,0.22444678609062169,0,0,True,False,False,False,False,False,False,False,False,False,False
69,7.6,27.83,0,0,0,1,13.92,257,0.5459770114942528,0,0,False,False,False,True,False,False,False,False,False,False,True
22,7.68,46.2,0,0,0,0,9.06,45,0.8476821192052979,0,1,True,False,False,False,False,True,False,False,False,False,False
29,6.3,75.03,0,1,1,0,9.81,454,0.6422018348623852,0,0,True,False,False,False,False,False,False,True,False,False,False
33,11.54,50.02,0,0,0,0,17.85,493,0.6464985994397758,0,0,True,False,False,True,False,False,False,False,False,True,False
43,5.42,67.29,0,0,1,0,9.73,753,0.5570400822199383,0,0,False,False,False,False,False,True,False,False,False,False,False
43,20.74,6.25,2,0,0,1,18.4,823,1.1271739130434784,1,0,True,False,False,False,True,False,False,False,False,True,False
65,3.37,10.52,0,0,1,0,8.93,206,0.3773796192609183,0,0,True,False,False,False,True,False,False,False,False,False,False
38,4.47,34.25,0,0,0,1,17.41,572,0.25674899483055713,0,0,False,False,False,False,False,False,True,False,False,True,False
56,4.2,14.47,0,1,1,1,17.88,538,0.23489932885906042,0,0,True,False,True,False,False,False,False,False,False,True,False
53,6.79,13.98,3,0,0,1,13.33,593,0.5093773443360841,1,0,True,False,False,False,False,False,False,False,False,False,True
50,2.27,67.27,0,0,1,1,14.02,262,0.16191155492154066,0,0,False,False,True,False,False,False,False,False,False,False,True
47,13.78,16.84,1,0,0,1,14.9,1091,0.9248322147651006,0,0,False,False,False,False,False,False,False,False,False,False,True
54,3.93,19.24,0,1,0,1,17.87,520,0.21992165640738667,0,0,True,False,False,False,False,False,True,False,False,True,False
40,9.6,93.54,0,0,0,0,9.27,1046,1.035598705501618,0,0,False,False,False,False,False,False,False,True,False,False,False
27,4.53,30.07,0,1,0,1,13.9,473,0.3258992805755396,0,0,False,True,False,True,False,False,False,False,False,False,True
71,17.74,82.37,1,0,0,0,9.45,49,1.8772486772486772,0,1,False,False,False,False,False,True,False,False,False,False,False
22,2.87,67.79,1,1,1,0,8.53,140,0.33645955451348186,0,0,False,False,True,False,False,False,False,False,False,False,False
53,1.93,57.85,0,0,1,0,8.98,516,0.2149220489977728,0,0,False,False,False,False,False,False,False,False,False,False,False
51,10.63,63.91,0,1,0,0,13.46,118,0.7897473997028231,0,0,False,False,True,False,False,False,False,False,False,False,True
69,16.71,50.36,0,1,1,0,18.55,463,0.9008086253369272,0,0,False,False,False,False,False,False,False,True,False,True,False
48,4.15,57.45,0,0,0,1,9.01,101,0.460599334073252,0,0,True,False,False,False,False,True,False,False,False,False,False
27,1.97,46.43,1,0,0,1,14.2,851,0.1387323943661972,0,0,False,False,False,False,False,False,False,False,True,False,True
36,8.94,67.56,0,0,0,1,14.2,845,0.6295774647887324,0,0,False,False,False,False,False,False,False,False,False,False,True
49,11.84,11.26,0,1,1,0,13.4,433,0.8835820895522388,0,0,True,False,False,True,False,False,False,False,False,False,True
18,15.4,27.8,0,0,1,1,17.47,280,0.8815111619919863,0,0,True,False,False,False,False,False,False,False,True,True,False
73,6.14,43.35,1,0,0,0,9.24,898,0.6645021645021645,0,0,False,False,False,False,False,False,True,False,False,False,False
22,11.62,26.78,1,0,0,0,9.14,897,1.2713347921225382,0,0,False,False,False,False,False,True,False,False,False,False,False
62,32.63,78.13,0,1,0,0,9.14,925,3.5700218818380747,0,0,True,False,False,False,True,False,False,False,False,False,False
21,1.38,67.51,0,0,0,1,18.29,285,0.0754510661563696,0,0,False,False,True,False,False,False,False,False,False,True,False
33,12.1,84.57,1,0,0,0,17.91,902,0.6756002233389168,0,0,True,False,False,False,False,False,False,False,False,True,False
41,4.11,80.85,0,0,1,0,8.78,521,0.46810933940774496,0,0,True,False,False,True,False,False,False,False,False,False,False
33,6.83,82.3,2,0,0,0,8.4,365,0.8130952380952381,1,0,False,False,True,False,False,False,False,False,False,False,False
72,14.82,35.44,0,1,1,0,14.55,662,1.0185567010309278,0,0,True,False,False,False,False,False,True,False,False,False,True
19,18.21,12.89,1,0,0,1,14.02,391,1.2988587731811698,0,0,True,False,False,False,False,False,True,False,False,False,True
66,6.22,56.8,0,0,0,1,13.35,1083,0.4659176029962547,0,0,False,False,True,False,False,False,False,False,False,False,True
45,14.99,2.56,0,1,1,0,17.54,948,0.8546180159635121,0,0,True,False,False,False,False,False,False,False,False,True,False
49,15.07,17.65,1,0,0,0,17.94,923,0.8400222965440356,0,0,True,False,False,True,False,False,False,False,False,True,False
44,9.02,72.48,0,1,0,0,18.07,666,0.49916989485334806,0,0,False,True,False,False,False,True,False,False,False,True,False
37,11.73,47.71,0,0,0,1,14.47,776,0.8106427090532136,0,0,False,False,False,False,False,False,False,True,False,False,True
41,29.79,42.17,0,1,0,0,9.22,712,3.2310195227765726,0,0,False,False,False,False,False,True,False,False,False,False,False
29,7.99,5.14,0,0,1,1,13.46,1032,0.5936106983655275,0,0,False,False,False,False,False,False,False,True,False,False,True
67,19.15,81.44,1,0,0,0,14.03,1036,1.3649322879543835,0,0,True,False,False,True,False,False,False,False,False,False,True
52,7.19,42.19,0,1,0,0,8.87,722,0.8105975197294252,0,0,False,False,False,False,True,False,False,False,False,False,False
50,2.77,27.37,0,0,0,1,8.93,244,0.3101903695408735,0,0,False,False,False,False,False,True,False,False,False,False,False
50,25.51,48.9,0,0,1,0,14.38,147,1.7739916550764951,0,0,False,False,False,True,False,False,False,False,False,False,True
68,10.99,60.08,0,0,1,1,14.53,256,0.7563661390227117,0,0,False,False,True,False,False,False,False,False,False,False,True
60,12.17,64.31,0,0,0,0,14.53,920,0.8375774260151411,0,0,False,False,True,False,False,False,False,False,False,False,True
54,7.09,68.86,0,0,0,0,9.06,473,0.7825607064017659,0,0,True,False,False,False,False,False,False,False,False,False,False
29,2.4,56.28,0,1,0,0,14.25,578,0.16842105263157894,0,0,True,False,True,False,False,False,False,False,False,False,True
20,9.58,31.33,1,0,0,1,9.06,858,1.0573951434878586,0,0,False,False,False,False,False,False,False,False,False,False,False
18,6.04,64.03,0,1,1,0,13.78,41,0.43831640058055155,0,1,False,False,False,True,False,False,False,False,False,False,True
50,6.52,10.56,3,1,1,1,13.52,518,0.48224852071005914,1,0,False,False,True,False,False,False,False,False,False,False,True
57,14.6,36.78,0,0,1,1,17.49,608,0.8347627215551744,0,0,True,False,False,False,False,False,True,False,False,True,False
27,11.73,44.58,2,0,1,1,14.18,771,0.8272214386459803,1,0,False,False,False,False,False,False,False,False,True,False,True
60,12.45,35.41,0,0,0,1,14.17,197,0.8786167960479887,0,0,False,False,False,True,False,False,False,False,False,False,True
61,8.04,18.21,0,0,0,1,14.19,990,0.5665961945031712,0,0,False,False,True,False,False,False,False,False,False,False,True
46,1.17,19.51,0,0,1,1,14.31,229,0.08176100628930817,0,0,False,False,False,False,False,False,False,False,True,False,True
30,8.49,62.43,0,1,1,0,9.57,893,0.8871473354231975,0,0,False,False,False,False,False,False,False,True,False,False,False
29,7.5,9.05,0,1,1,1,14.16,783,0.5296610169491526,0,0,False,False,False,False,True,False,False,False,False,False,True
48,14.31,64.06,0,0,0,0,13.86,1066,1.0324675324675325,0,0,False,False,False,False,False,True,False,False,False,False,True
63,25.88,39.78,0,0,0,0,13.43,803,1.9270290394638867,0,0,False,False,False,False,False,True,False,False,False,False,True
19,12.26,10.02,2,0,0,1,9.14,126,1.3413566739606126,1,0,False,False,False,True,False,False,False,False,False,False,False
68,12.16,80.27,0,0,0,0,17.72,100,0.6862302483069977,0,0,False,False,False,False,False,False,False,True,False,True,False
67,10.54,18.02,0,0,0,0,8.71,1022,1.2101033295063144,0,0,False,False,True,False,False,False,False,False,False,False,False
52,6.37,61.22,1,0,0,1,8.83,386,0.7214043035107588,0,0,False,False,False,False,False,True,False,False,False,False,False
40,5.24,58.59,1,0,1,1,18.16,841,0.28854625550660795,0,0,False,False,False,False,False,False,False,False,False,True,False
34,10.92,23.29,0,0,0,0,18.06,573,0.6046511627906977,0,0,True,False,False,False,False,False,False,True,False,True,False
43,21.85,23.12,0,0,1,0,9.58,283,2.280793319415449,0,0,True,False,False,False,False,False,True,False,False,False,False
25,4.09,61.73,1,0,1,1,17.81,1017,0.22964626614261652,0,0,False,True,False,False,False,False,False,False,True,True,False
46,10.22,24.85,1,1,0,0,8.44,33,1.2109004739336495,0,1,False,False,False,False,False,False,False,False,False,False,False
43,7.03,42.34,0,1,1,0,13.52,174,0.5199704142011835,0,0,False,False,False,False,False,True,False,False,False,False,True
27,11.32,78.22,2,0,1,0,13.28,194,0.8524096385542169,1,0,False,False,False,False,False,False,False,False,False,False,True
43,4.58,50.72,0,0,0,1,14.28,373,0.32072829131652664,0,0,False,False,True,False,False,False,False,False,False,False,True
51,10.28,34.65,1,1,0,0,14.3,549,0.7188811188811188,0,0,False,False,False,False,False,False,True,False,False,False,True
68,1.7,66.27,0,0,1,0,8.71,955,0.1951779563719862,0,0,False,False,False,False,False,False,False,False,True,False,False
58,15.17,8.55,0,0,0,1,8.76,638,1.7317351598173516,0,0,False,False,False,False,False,False,True,False,False,False,False
24,11.69,57.49,0,0,0,0,14.12,541,0.8279036827195467,0,0,True,False,False,False,False,False,False,True,False,False,True
21,14.17,40.27,1,0,0,0,8.52,438,1.6631455399061033,0,0,True,False,True,False,False,False,False,False,False,False,False
70,10.45,60.78,0,0,0,0,17.63,465,0.5927396483267158,0,0,True,False,False,False,False,False,False,False,False,True,False
67,4.96,42.66,0,1,0,0,14.06,571,0.35277382645803695,0,0,True,False,False,False,False,False,False,False,False,False,True
62,4.55,33.84,0,0,0,0,9.32,642,0.48819742489270385,0,0,False,False,False,False,False,False,False,True,False,False,False
28,18.67,36.63,2,0,1,0,13.85,929,1.348014440433213,1,0,True,False,False,False,False,False,False,False,False,False,True
46,2.55,43.02,0,0,0,0,8.34,1085,0.3057553956834532,0,0,True,False,False,False,True,False,False,False,False,False,False
73,31.48,49.91,0,0,0,0,8.95,592,3.5173184357541905,0,0,True,False,True,False,False,False,False,False,False,False,False
53,11.24,47.89,1,0,0,1,13.85,604,0.8115523465703971,0,0,True,False,False,False,False,False,False,True,False,False,True
42,3.78,65.82,0,0,0,0,17.74,1051,0.21307779030439686,0,0,False,False,True,False,False,False,False,False,False,True,False
38,2.72,38.65,1,0,0,1,14.14,372,0.19236209335219237,0,0,False,False,False,False,False,False,False,False,True,False,True
74,7.74,86.46,0,0,0,0,9.06,642,0.8543046357615893,0,0,False,False,True,False,False,False,False,False,False,False,False
53,10.69,85.63,0,0,0,0,13.35,158,0.800749063670412,0,0,True,False,True,False,False,False,False,False,False,False,True
27,11.96,86.81,1,0,0,0,8.54,1072,1.4004683840749417,0,0,True,False,False,False,False,False,False,False,True,False,False
54,8.79,94.32,0,0,0,0,9.09,386,0.9669966996699669,0,0,True,False,False,False,False,False,False,True,False,False,False
26,5.74,96.06,0,0,1,0,18.06,988,0.3178294573643411,0,0,False,False,True,False,False,False,False,False,False,True,False
41,4.68,27.61,1,0,0,1,18.08,110,0.2588495575221239,0,0,True,False,False,False,False,False,True,False,False,True,False
52,11.09,67.31,0,0,1,0,8.99,695,1.2335928809788654,0,0,False,False,True,False,False,False,False,False,False,False,False
66,2.41,31.6,1,0,0,1,14.06,810,0.17140825035561877,0,0,True,False,False,False,False,False,False,True,False,False,True
52,1.46,25.64,0,1,1,1,17.89,820,0.08160983789826719,0,0,False,False,False,True,False,False,False,False,False,True,False
65,9.4,58.61,1,0,0,1,9.13,521,1.0295728368017525,0,0,True,False,False,False,False,False,False,False,False,False,False
53,7.01,12.96,2,1,0,0,8.54,254,0.8208430913348946,1,0,True,False,False,False,False,True,False,False,False,False,False
35,23.25,49.14,1,1,0,0,17.76,1016,1.3091216216216215,0,0,False,False,False,False,False,False,False,False,True,True,False
66,11.3,53.64,0,0,0,0,14.1,448,0.8014184397163121,0,0,True,False,False,False,False,False,False,False,False,False,True
56,4.79,65.43,0,0,1,0,9.64,809,0.4968879668049792,0,0,True,False,False,False,False,False,False,True,False,False,False
49,5.4,69.56,1,1,0,0,8.69,166,0.6214039125431531,0,0,False,False,False,False,True,False,False,False,False,False,False
41,11.04,50.6,0,1,0,0,8.41,255,1.3127229488703922,0,0,False,False,False,False,False,True,False,False,False,False,False
40,5.53,8.21,1,0,0,1,13.83,352,0.3998553868402025,0,0,False,False,False,False,False,False,False,False,False,False,True
49,12.33,74.97,1,0,0,0,13.97,841,0.8826055833929849,0,0,True,False,True,False,False,False,False,False,False,False,True
54,23.77,17.74,1,0,0,0,13.78,474,1.7249637155297532,0,0,True,False,False,False,False,True,False,False,False,False,True
29,15.7,45.87,0,1,0,0,14.49,36,1.0835058661145618,0,1,True,False,True,False,False,False,False,False,False,False,True
66,0.72,12.79,1,0,0,1,8.87,157,0.08117249154453214,0,0,True,False,False,False,False,False,False,False,True,False,False
72,10.12,57.01,1,0,1,0,8.87,296,1.1409244644870349,0,0,False,False,True,False,False,False,False,False,False,False,False
30,11.26,33.73,0,0,0,0,9.31,714,1.2094522019334049,0,0,False,False,False,False,False,True,False,False,False,False,False
40,1.3,74.07,1,0,1,0,18.24,957,0.07127192982456142,0,0,True,False,False,False,False,False,True,False,False,True,False
42,3.68,31.25,0,1,0,1,14.66,243,0.25102319236016374,0,0,False,False,False,False,False,False,True,False,False,False,True
52,9.21,48.75,1,0,0,0,8.77,276,1.0501710376282785,0,0,True,False,False,True,False,False,False,False,False,False,False
58,8.59,63.6,3,0,0,0,14.16,450,0.606638418079096,1,0,False,False,False,False,False,False,False,False,False,False,True
47,13.9,37.23,0,0,1,0,18.15,1094,0.765840220385675,0,0,True,False,False,False,False,False,False,True,False,True,False
34,15.73,91.26,0,0,0,0,14.48,746,1.0863259668508287,0,0,True,False,False,True,False,False,False,False,False,False,True
66,3.99,51.37,0,0,0,0,8.81,172,0.452894438138479,0,0,False,False,False,False,False,False,False,False,True,False,False
37,9.74,19.87,0,0,1,1,9.58,170,1.0167014613778707,0,0,False,False,False,False,True,False,False,False,False,False,False
65,11.43,32.15,1,1,1,0,9.36,594,1.2211538461538463,0,0,False,False,False,True,False,False,False,False,False,False,False
42,5.36,64.27,1,1,0,1,18.43,136,0.2908301682040152,0,0,True,False,False,False,False,False,False,False,False,True,False
39,3.64,36.76,0,0,0,1,13.75,62,0.26472727272727276,0,1,True,False,False,False,False,False,False,True,False,False,True
30,6.15,26.8,0,1,0,1,13.98,148,0.43991416309012876,0,0,False,False,False,False,False,False,False,False,True,False,True
36,7.47,43.13,1,0,0,1,17.92,258,0.4168526785714285,0,0,True,False,False,False,False,True,False,False,False,True,False
66,11.11,84.17,0,1,0,1,17.55,717,0.633048433048433,0,0,False,False,False,False,False,False,False,False,True,True,False
53,4.86,21.96,1,0,0,1,9.09,859,0.5346534653465347,0,0,True,False,False,False,False,True,False,False,False,False,False
29,12.46,28.73,0,0,0,0,9.07,1040,1.3737596471885336,0,0,False,False,False,False,False,False,False,False,False,False,False
58,13.28,72.23,0,1,0,0,14.05,879,0.9451957295373664,0,0,False,False,False,False,False,False,False,True,False,False,True
36,3.06,7.14,4,0,1,1,8.98,762,0.34075723830734966,1,0,True,False,False,True,False,False,False,False,False,False,False
29,4.32,66.98,1,0,0,0,13.98,874,0.3090128755364807,0,0,False,False,False,False,False,False,False,True,False,False,True
26,17.62,66.74,0,1,0,0,18.03,301,0.9772601220188575,0,0,False,False,True,False,False,False,False,False,False,True,False
24,8.03,54.59,0,0,1,0,13.99,664,0.5739814152966404,0,0,True,False,False,False,True,False,False,False,False,False,True
45,6.25,44.02,1,0,1,0,8.69,1061,0.7192174913693902,0,0,False,False,False,False,False,False,True,False,False,False,False
31,15.91,46.43,0,0,0,0,8.98,432,1.7717149220489976,0,0,False,False,True,False,False,False,False,False,False,False,False
48,9.86,36.31,1,1,1,0,9.04,957,1.0907079646017699,0,0,True,False,False,False,False,False,False,False,True,False,False
69,33.72,63.65,3,1,0,0,17.45,656,1.932378223495702,1,0,True,False,False,False,True,False,False,False,False,True,False
36,3.0,24.6,0,1,0,0,8.58,646,0.34965034965034963,0,0,True,False,False,False,True,False,False,False,False,False,False
64,5.4,33.58,1,0,1,0,8.44,1010,0.6398104265402844,0,0,False,False,False,False,False,False,False,True,False,False,False
33,2.47,18.54,2,0,0,1,8.87,566,0.2784667418263811,1,0,False,False,False,False,True,False,False,False,False,False,False
70,11.31,49.23,3,1,0,1,17.93,276,0.6307863915225879,1,0,False,False,False,False,False,False,False,False,False,True,False
22,12.3,43.77,1,0,0,0,13.6,366,0.9044117647058825,0,0,False,True,False,False,True,False,False,False,False,False,True
52,9.72,36.76,0,1,1,1,18.54,62,0.5242718446601943,0,1,False,False,False,False,False,False,False,False,True,True,False
29,9.17,30.8,0,1,0,0,12.61,828,0.7272006344171293,0,0,False,False,False,False,False,False,False,False,False,False,True
42,12.86,37.86,1,0,0,1,14.05,577,0.9153024911032027,0,0,True,False,False,False,False,False,False,False,False,False,True
69,14.77,83.44,2,1,0,0,8.37,920,1.7646356033452808,1,0,False,False,True,False,False,False,False,False,False,False,False
38,12.8,54.81,1,1,0,0,8.71,758,1.4695752009184844,0,0,True,False,False,False,True,False,False,False,False,False,False
53,12.33,23.08,0,0,0,1,13.93,73,0.8851399856424982,0,1,False,False,False,False,False,False,False,True,False,False,True
70,7.57,14.36,0,1,1,0,17.51,333,0.43232438606510565,0,0,True,False,False,False,False,True,False,False,False,True,False
40,12.08,49.66,0,1,0,0,8.96,298,1.3482142857142856,0,0,True,False,True,False,False,False,False,False,False,False,False
33,8.35,72.94,0,1,0,0,8.39,712,0.9952324195470797,0,0,True,False,False,False,False,False,False,True,False,False,False
74,3.71,49.46,1,0,1,1,13.91,429,0.26671459381739754,0,0,True,False,False,False,True,False,False,False,False,False,True
56,1.4,50.54,0,1,0,1,8.68,632,0.16129032258064516,0,0,False,False,True,False,False,False,False,False,False,False,False
62,4.53,58.79,0,1,0,1,14.65,951,0.30921501706484644,0,0,True,False,False,False,True,False,False,False,False,False,True
70,5.9,38.71,2,0,1,1,9.35,1000,0.6310160427807487,1,0,False,False,False,False,False,False,False,False,True,False,False
59,1.99,54.71,2,0,0,1,9.3,460,0.2139784946236559,1,0,False,False,True,False,False,False,False,False,False,False,False
56,14.53,70.68,0,0,0,1,9.59,450,1.5151199165797706,0,0,False,False,False,False,False,False,False,True,False,False,False
31,13.06,25.43,0,0,0,1,13.53,160,0.9652623798965263,0,0,True,False,False,False,False,False,False,False,True,False,True
48,21.91,27.67,0,1,0,0,13.72,607,1.596938775510204,0,0,True,False,False,False,False,False,True,False,False,False,True
22,9.38,47.2,1,1,0,1,9.41,569,0.9968119022316685,0,0,False,False,False,False,False,False,False,True,False,False,False
52,11.04,36.86,0,0,0,0,17.89,154,0.6171045276690889,0,0,False,False,False,False,False,True,False,False,False,True,False
40,3.06,85.54,1,1,0,0,9.07,963,0.33737596471885334,0,0,True,False,False,True,False,False,False,False,False,False,False
46,8.14,13.77,1,0,0,0,8.96,621,0.9084821428571428,0,0,True,False,False,False,True,False,False,False,False,False,False
60,5.4,25.43,0,0,0,1,14.41,673,0.3747397640527412,0,0,True,False,False,False,False,False,False,True,False,False,True
28,6.46,40.86,0,0,1,0,9.03,357,0.7153931339977853,0,0,False,False,False,False,False,False,True,False,False,False,False
35,6.44,23.26,0,0,0,1,13.83,841,0.4656543745480839,0,0,True,False,False,False,False,False,False,True,False,False,True
64,5.04,56.24,1,1,0,0,18.37,75,0.27436037016875336,0,1,False,False,False,False,False,False,False,False,True,True,False
29,1.11,27.14,0,0,0,1,13.56,113,0.08185840707964602,0,0,False,False,False,False,False,False,False,False,False,False,True
26,6.45,36.36,0,0,0,0,13.75,823,0.4690909090909091,0,0,True,False,False,True,False,False,False,False,False,False,True
27,4.92,90.13,0,0,1,1,13.43,381,0.3663440059568131,0,0,False,True,False,False,False,False,False,True,False,False,True
61,9.17,43.07,2,0,0,0,8.95,1066,1.0245810055865923,1,0,False,False,True,False,False,False,False,False,False,False,False
34,5.16,25.8,0,1,0,0,14.19,666,0.36363636363636365,0,0,False,False,False,False,False,True,False,False,False,False,True
55,6.32,93.35,2,0,0,0,8.85,263,0.7141242937853108,1,0,False,False,False,False,False,False,True,False,False,False,False
24,7.44,56.37,0,1,1,0,17.73,810,0.4196277495769882,0,0,False,False,False,False,False,False,False,True,False,True,False
63,5.26,56.4,1,1,0,0,8.53,710,0.6166471277842908,0,0,False,False,False,False,False,False,True,False,False,False,False
30,5.04,15.53,1,1,0,0,14.14,962,0.3564356435643564,0,0,True,False,False,False,False,False,False,False,False,False,True
57,11.58,55.89,1,0,0,0,18.08,890,0.6404867256637169,0,0,True,False,False,False,False,False,False,False,True,True,False
59,6.34,83.3,0,0,0,0,14.17,177,0.44742413549752996,0,0,True,False,True,False,False,False,False,False,False,False,True
26,1.31,24.93,0,0,0,1,17.78,329,0.07367829021372328,0,0,True,False,False,False,True,False,False,False,False,True,False
67,3.05,31.48,1,1,0,0,14.74,578,0.20691994572591585,0,0,True,False,False,False,False,False,False,True,False,False,True
44,1.69,37.95,0,0,0,0,8.74,1007,0.19336384439359267,0,0,True,False,False,False,False,False,False,False,True,False,False
19,5.06,75.22,1,0,0,1,18.21,412,0.2778693025809994,0,0,True,False,False,True,False,False,False,False,False,True,False
22,5.63,25.3,2,1,0,0,9.05,829,0.6220994475138121,1,0,False,False,False,False,False,False,True,False,False,False,False
46,14.84,41.44,0,1,1,0,8.98,563,1.6525612472160356,0,0,False,False,False,False,False,False,False,False,False,False,False
54,4.1,21.3,0,1,0,0,13.71,599,0.29905178701677604,0,0,False,False,False,False,False,True,False,False,False,False,True
55,10.02,34.23,1,0,0,0,13.35,960,0.750561797752809,0,0,False,False,False,False,False,False,True,False,False,False,True
36,7.02,55.29,2,1,0,0,17.56,266,0.39977220956719817,1,0,False,False,False,False,False,True,False,False,False,True,False
25,8.78,75.06,0,1,0,0,17.87,995,0.4913262451035254,0,0,False,False,False,False,False,False,False,False,False,True,False
65,2.12,39.57,0,1,0,1,18.65,730,0.11367292225201074,0,0,True,False,False,False,False,True,False,False,False,True,False
62,1.07,47.88,0,1,0,0,9.02,783,0.11862527716186254,0,0,True,False,False,False,False,False,False,False,False,False,False
18,0.76,36.15,0,0,0,1,13.88,604,0.0547550432276657,0,0,False,False,False,False,False,False,False,False,True,False,True
39,3.77,39.94,0,1,0,1,14.1,986,0.2673758865248227,0,0,False,False,False,False,False,False,False,True,False,False,True
69,4.95,27.2,1,0,0,1,17.88,1046,0.27684563758389263,0,0,False,False,False,False,True,False,False,False,False,True,False
34,4.53,20.19,0,0,0,1,9.29,800,0.4876210979547902,0,0,True,False,False,False,False,False,False,True,False,False,False
24,9.75,50.11,0,1,0,0,9.85,252,0.9898477157360407,0,0,True,False,False,True,False,False,False,False,False,False,False
42,3.94,22.69,0,0,0,1,17.44,586,0.22591743119266053,0,0,False,False,False,True,False,False,False,False,False,True,False
62,13.33,44.07,0,0,0,0,9.07,940,1.4696802646085998,0,0,False,False,True,False,False,False,False,False,False,False,False
21,19.74,24.42,0,0,1,0,13.91,302,1.4191229331416246,0,0,True,False,False,False,False,False,False,True,False,False,True
53,2.92,23.18,1,0,0,0,8.94,459,0.32662192393736017,0,0,True,False,False,False,False,False,False,False,False,False,False
23,2.36,78.79,2,1,0,0,14.58,552,0.16186556927297668,1,0,False,False,False,False,False,False,False,False,False,False,True
48,10.4,39.19,0,1,0,0,13.98,989,0.7439198855507868,0,0,False,False,True,False,False,False,False,False,False,False,True
36,5.16,50.33,0,0,0,1,8.19,939,0.6300366300366301,0,0,True,False,False,False,False,False,True,False,False,False,False
61,30.44,37.38,1,1,0,0,14.51,480,2.0978635423845624,0,0,False,False,False,False,False,False,False,False,False,False,True
71,7.34,56.29,0,0,1,0,9.39,1041,0.7816826411075611,0,0,True,False,True,False,False,False,False,False,False,False,False
56,10.51,82.23,1,0,0,0,8.82,71,1.191609977324263,0,1,True,False,False,False,False,False,False,False,False,False,False
44,14.61,85.12,1,0,0,0,8.97,123,1.6287625418060199,0,0,False,False,False,False,True,False,False,False,False,False,False
27,10.42,57.02,0,1,0,0,13.6,515,0.7661764705882353,0,0,True,False,False,False,False,False,False,False,False,False,True
43,24.15,55.58,0,0,0,0,9.46,546,2.552854122621564,0,0,False,False,False,False,False,False,False,False,True,False,False
36,4.52,25.32,0,1,0,0,13.91,746,0.32494608195542773,0,0,False,False,True,False,False,False,False,False,False,False,True
56,14.9,25.29,0,1,1,0,14.39,528,1.03544127866574,0,0,False,False,False,False,False,True,False,False,False,False,True
20,7.64,75.74,1,1,0,0,13.77,400,0.5548293391430646,0,0,True,False,False,True,False,False,False,False,False,False,True
62,4.51,70.69,1,0,0,0,14.47,1010,0.31167933655839664,0,0,True,False,False,False,False,False,False,True,False,False,True
30,6.73,15.88,0,0,0,1,14.52,728,0.46349862258953173,0,0,True,False,True,False,False,False,False,False,False,False,True
67,16.98,40.53,0,0,0,0,8.73,514,1.9450171821305842,0,0,False,False,False,False,False,False,True,False,False,False,False
45,10.91,21.62,0,0,0,0,13.33,694,0.8184546136534133,0,0,False,False,False,False,False,False,False,False,False,False,True
37,6.63,60.55,0,0,1,0,9.1,657,0.7285714285714285,0,0,False,False,True,False,False,False,False,False,False,False,False
45,2.36,20.87,1,0,0,1,18.15,761,0.1300275482093664,0,0,False,False,False,False,True,False,False,False,False,True,False
25,8.58,64.84,0,1,0,1,18.41,221,0.4660510592069527,0,0,False,False,True,False,False,False,False,False,False,True,False
58,4.81,1.99,1,0,0,0,9.48,865,0.5073839662447257,0,0,False,False,False,False,True,False,False,False,False,False,False
56,4.2,25.41,2,0,0,1,14.22,156,0.29535864978902954,1,0,True,False,False,True,False,False,False,False,False,False,True
18,2.75,60.95,1,0,0,0,17.45,756,0.15759312320916907,0,0,True,False,False,True,False,False,False,False,False,True,False
20,10.74,89.37,0,0,0,0,9.28,1060,1.1573275862068966,0,0,False,False,False,False,False,False,False,False,False,False,False
30,4.06,73.34,1,1,0,0,14.08,725,0.2883522727272727,0,0,True,False,False,False,False,False,False,True,False,False,True
45,7.84,17.3,1,1,1,0,9.07,593,0.8643880926130099,0,0,True,False,False,False,False,False,False,False,False,False,False
74,7.78,45.1,0,0,1,1,13.69,395,0.5682980277574873,0,0,False,False,False,False,False,False,True,False,False,False,True
66,22.92,53.32,0,1,0,0,17.47,1099,1.3119633657698915,0,0,False,False,False,False,False,False,False,False,True,True,False
42,4.9,52.21,0,1,0,1,13.82,422,0.35455861070911726,0,0,True,False,False,False,False,False,False,True,False,False,True
73,17.09,41.83,0,0,0,0,14.65,983,1.1665529010238906,0,0,False,False,False,False,False,False,False,True,False,False,True
50,11.32,53.2,0,0,0,0,17.45,52,0.6487106017191977,0,1,False,False,False,True,False,False,False,False,False,True,False
55,5.32,43.15,0,1,1,0,14.31,474,0.37176799440950387,0,0,False,False,False,False,False,False,False,False,True,False,True
70,2.85,27.43,0,0,0,1,14.27,806,0.19971969166082693,0,0,True,False,True,False,False,False,False,False,False,False,True
23,11.5,30.82,0,1,0,0,14.63,737,0.7860560492139439,0,0,True,False,False,False,False,False,False,False,False,False,True
61,7.04,50.26,1,1,1,0,13.35,462,0.5273408239700375,0,0,False,False,True,False,False,False,False,False,False,False,True
62,16.34,44.63,3,0,0,1,18.15,502,0.9002754820936639,1,0,False,False,True,False,False,False,False,False,False,True,False
49,1.74,41.6,0,1,1,0,18.57,77,0.09369951534733441,0,1,False,False,False,False,False,False,False,False,False,True,False
62,3.63,25.2,2,0,0,1,13.72,292,0.26457725947521865,1,0,False,False,False,False,False,False,True,False,False,False,True
64,2.42,35.31,0,0,0,1,14.49,1084,0.16701173222912352,0,0,True,False,False,False,False,False,False,True,False,False,True
38,14.91,26.48,0,0,0,1,8.87,387,1.680947012401353,0,0,True,False,False,False,True,False,False,False,False,False,False
33,14.61,54.6,0,0,0,0,18.3,597,0.7983606557377049,0,0,False,False,False,False,False,False,False,False,True,True,False
71,3.45,35.13,1,0,0,1,13.69,509,0.2520087655222791,0,0,True,False,False,False,False,False,False,True,False,False,True
38,11.13,35.73,0,0,0,1,13.75,896,0.8094545454545455,0,0,True,False,True,False,False,False,False,False,False,False,True
28,15.03,75.12,2,0,0,0,9.21,1058,1.6319218241042344,1,0,False,False,False,False,False,False,False,False,True,False,False
54,10.1,39.49,0,1,0,0,18.07,737,0.5589374654122855,0,0,True,False,False,False,True,False,False,False,False,True,False
53,8.3,29.62,0,0,0,0,8.67,455,0.9573241061130335,0,0,True,False,False,False,False,False,False,True,False,False,False
52,16.14,43.69,2,1,1,0,9.45,1080,1.707936507936508,1,0,True,False,False,False,False,False,False,True,False,False,False
36,5.99,39.09,0,0,0,1,14.45,156,0.41453287197231836,0,0,True,False,False,False,False,False,True,False,False,False,True
37,5.09,75.43,1,0,0,0,13.26,164,0.38386123680241324,0,0,True,False,False,False,False,False,False,True,False,False,True
74,3.04,71.66,0,0,0,0,8.73,360,0.34822451317296677,0,0,False,False,False,False,False,False,False,True,False,False,False
35,8.57,36.41,0,1,0,0,14.68,421,0.5837874659400545,0,0,False,False,False,False,True,False,False,False,False,False,True
64,1.07,88.3,0,1,0,1,8.72,37,0.12270642201834862,0,1,True,False,False,False,True,False,False,False,False,False,False
58,30.41,75.75,1,0,0,0,8.28,642,3.672705314009662,0,0,False,False,False,False,False,False,False,False,True,False,False
66,9.96,79.92,0,1,0,0,9.63,627,1.0342679127725858,0,0,True,False,True,False,False,False,False,False,False,False,False
31,18.82,51.63,0,0,0,0,17.51,415,1.074814391776128,0,0,False,False,False,False,True,False,False,False,False,True,False
32,4.18,45.18,0,0,0,0,8.2,501,0.5097560975609756,0,0,False,False,False,False,False,False,False,False,True,False,False
48,11.21,41.67,0,0,0,0,7.86,208,1.4262086513994912,0,0,False,False,False,False,False,False,False,True,False,False,False
18,3.52,47.59,0,0,0,1,13.88,479,0.25360230547550433,0,0,False,False,False,True,False,False,False,False,False,False,True
70,11.52,57.65,0,0,0,0,14.46,844,0.7966804979253111,0,0,True,False,False,False,False,False,False,False,True,False,True
71,10.98,30.35,2,1,0,0,14.08,387,0.7798295454545455,1,0,True,False,False,True,False,False,False,False,False,False,True
71,9.7,39.28,2,1,1,1,18.41,405,0.5268875611080934,1,0,False,False,False,False,False,False,False,False,True,True,False
20,8.79,46.24,0,0,0,1,17.92,731,0.49051339285714274,0,0,True,False,False,False,False,False,False,False,True,True,False
33,5.24,46.14,0,0,1,0,8.37,867,0.6260454002389487,0,0,True,False,False,True,False,False,False,False,False,False,False
40,14.17,61.66,0,0,0,0,14.26,567,0.9936886395511921,0,0,False,False,False,False,False,False,False,False,False,False,True
74,3.75,47.99,2,0,0,1,14.38,811,0.260778859527121,1,0,False,False,False,False,False,False,False,False,True,False,True
28,31.9,80.47,0,1,1,0,9.52,111,3.350840336134454,0,0,False,False,False,True,False,False,False,False,False,False,False
29,7.59,12.2,1,1,0,1,8.53,214,0.8898007033997656,0,0,True,False,False,False,True,False,False,False,False,False,False
27,6.19,34.3,2,1,0,1,13.68,317,0.4524853801169591,1,0,False,False,False,False,False,True,False,False,False,False,True
49,5.93,59.27,1,1,1,0,9.16,912,0.6473799126637554,0,0,True,False,False,False,False,True,False,False,False,False,False
33,17.78,28.5,2,1,1,1,17.3,536,1.0277456647398844,1,0,True,False,False,False,False,True,False,False,False,True,False
25,2.84,63.76,1,0,0,1,13.64,59,0.20821114369501464,0,1,False,False,False,False,False,True,False,False,False,False,True
55,10.65,82.77,0,0,0,0,8.96,965,1.1886160714285714,0,0,True,False,False,False,False,False,False,False,False,False,False
29,7.58,47.26,0,1,0,0,9.11,60,0.8320526893523601,0,1,True,False,True,False,False,False,False,False,False,False,False
41,12.46,43.57,1,0,1,1,17.4,115,0.7160919540229886,0,0,False,False,False,True,False,False,False,False,False,True,False
45,23.22,38.01,0,0,1,0,9.09,57,2.5544554455445545,0,1,True,False,False,False,False,False,False,False,True,False,False
70,11.0,44.83,0,1,1,1,14.23,151,0.7730147575544624,0,0,True,False,False,False,False,False,True,False,False,False,True
25,4.79,23.46,0,0,0,1,14.63,602,0.32740943267259054,0,0,True,False,False,False,False,True,False,False,False,False,True
45,10.83,79.86,1,0,0,0,18.3,432,0.5918032786885246,0,0,True,False,False,False,False,False,False,True,False,True,False
53,5.16,71.28,0,0,1,1,13.22,712,0.3903177004538578,0,0,True,False,False,False,False,True,False,False,False,False,True
43,16.77,34.5,0,0,0,1,9.37,301,1.7897545357524014,0,0,False,False,False,False,False,True,False,False,False,False,False
25,12.43,22.17,1,0,0,0,8.8,866,1.4124999999999999,0,0,False,False,False,False,False,False,False,True,False,False,False
67,1.6,15.27,1,0,0,1,14.45,142,0.11072664359861593,0,0,True,False,False,False,False,False,False,False,False,False,True
45,6.09,54.47,0,0,0,0,18.55,48,0.3283018867924528,0,1,False,False,False,False,False,False,False,True,False,True,False
45,14.74,47.05,2,0,0,0,8.86,634,1.6636568848758466,1,0,True,False,False,False,False,False,False,True,False,False,False
54,6.39,21.23,1,0,1,1,13.8,494,0.4630434782608695,0,0,True,False,False,False,False,False,False,False,False,False,True
58,3.98,73.8,0,0,1,0,8.83,720,0.4507361268403171,0,0,False,False,False,False,False,False,False,True,False,False,False
53,5.26,24.48,0,1,1,0,18.33,1040,0.28696126568466995,0,0,True,False,False,False,False,False,False,False,True,True,False
44,7.03,62.43,1,0,0,0,14.05,1043,0.500355871886121,0,0,False,True,False,False,False,True,False,False,False,False,True
71,5.95,46.76,0,0,1,1,8.88,192,0.670045045045045,0,0,True,False,True,False,False,False,False,False,False,False,False
34,7.43,74.23,2,0,0,0,8.87,728,0.8376550169109358,1,0,False,False,False,False,False,False,False,False,False,False,False
26,13.39,85.11,0,1,0,0,8.71,324,1.537313432835821,0,0,True,False,False,False,False,False,True,False,False,False,False
50,11.05,69.1,0,1,1,0,14.58,608,0.7578875171467765,0,0,True,False,False,False,False,False,False,False,False,False,True
70,4.2,72.51,0,0,0,0,13.84,730,0.3034682080924856,0,0,True,False,False,False,True,False,False,False,False,False,True
37,3.51,67.81,2,1,0,0,9.03,331,0.38870431893687707,1,0,False,False,False,False,False,False,True,False,False,False,False
30,8.25,67.82,0,0,1,1,17.74,153,0.4650507328072154,0,0,False,False,False,False,True,False,False,False,False,True,False
45,3.37,70.89,1,0,0,0,14.31,698,0.23549965059399022,0,0,False,False,False,True,False,False,False,False,False,False,True
65,3.34,51.55,0,0,0,1,14.75,224,0.22644067796610168,0,0,True,False,False,True,False,False,False,False,False,False,True
46,9.01,70.32,0,1,0,0,9.12,871,0.9879385964912282,0,0,True,False,False,False,False,False,False,False,False,False,False
30,12.49,77.21,0,0,0,0,9.01,380,1.386237513873474,0,0,True,False,False,False,True,False,False,False,False,False,False
63,21.77,46.07,0,0,0,0,14.34,518,1.51813110181311,0,0,False,False,False,False,False,False,True,False,False,False,True
52,4.66,47.04,0,0,0,1,14.27,229,0.3265592151366503,0,0,False,False,False,False,False,False,False,False,True,False,True
23,4.81,21.09,0,0,0,0,13.6,913,0.35367647058823526,0,0,True,False,False,False,False,False,False,False,False,False,True
35,3.03,21.8,0,0,0,1,17.79,537,0.1703204047217538,0,0,False,False,False,False,False,False,False,False,False,True,False
68,13.83,47.15,0,0,0,0,13.56,927,1.0199115044247786,0,0,True,False,False,False,False,False,False,True,False,False,True
22,6.9,49.62,0,0,0,1,8.98,475,0.7683741648106904,0,0,False,False,False,False,False,False,False,False,False,False,False
64,4.29,32.07,0,1,1,1,17.54,109,0.24458380843785635,0,0,False,False,False,False,False,True,False,False,False,True,False
42,13.19,83.95,3,1,0,0,14.51,774,0.9090282563749138,1,0,True,False,False,True,False,False,False,False,False,False,True
19,11.56,24.97,3,1,0,0,8.87,727,1.3032694475760993,1,0,True,False,False,False,False,True,False,False,False,False,False
27,14.87,43.47,0,0,0,0,9.48,960,1.5685654008438816,0,0,False,True,False,False,False,False,False,False,False,False,False
73,1.89,42.79,0,0,0,1,14.66,683,0.12892223738062755,0,0,False,False,False,True,False,False,False,False,False,False,True
47,18.52,12.71,0,0,1,0,18.23,931,1.015907844212836,0,0,False,False,False,True,False,False,False,False,False,True,False
67,9.33,83.21,0,1,1,0,9.25,301,1.0086486486486486,0,0,False,False,False,False,False,False,False,False,True,False,False
62,19.07,26.7,3,1,0,0,8.74,153,2.1819221967963385,1,0,True,False,False,False,False,False,False,True,False,False,False
22,9.71,32.39,0,0,0,0,13.53,715,0.7176644493717665,0,0,False,False,True,False,False,False,False,False,False,False,True
72,4.0,30.28,1,0,0,1,18.42,681,0.21715526601520085,0,0,False,False,False,False,True,False,False,False,False,True,False
73,4.97,34.73,0,1,1,0,9.07,326,0.547960308710033,0,0,False,False,False,False,False,False,True,False,False,False,False
50,2.34,52.58,0,0,1,1,18.77,816,0.12466702184336707,0,0,True,False,True,False,False,False,False,False,False,True,False
71,9.95,97.5,1,0,1,0,9.09,650,1.0946094609460946,0,0,True,False,False,False,False,False,False,True,False,False,False
18,1.64,45.4,1,0,0,1,8.67,1002,0.18915801614763553,0,0,True,False,False,False,False,True,False,False,False,False,False
35,14.99,45.17,2,1,0,0,8.9,910,1.6842696629213483,1,0,True,False,False,False,False,True,False,False,False,False,False
49,6.37,34.05,1,1,1,0,8.51,380,0.7485311398354877,0,0,True,False,False,False,False,True,False,False,False,False,False
64,4.62,76.39,1,0,0,0,8.91,284,0.5185185185185185,0,0,True,False,False,False,False,False,False,False,True,False,False
66,2.28,44.47,1,1,0,1,17.44,708,0.1307339449541284,0,0,True,False,False,True,False,False,False,False,False,True,False
28,9.21,33.09,0,0,0,0,8.59,58,1.0721769499417928,0,1,True,False,False,False,False,True,False,False,False,False,False
38,4.23,40.04,1,0,1,1,9.31,496,0.45435016111707843,0,0,False,False,False,False,False,False,True,False,False,False,False
43,7.37,36.07,0,0,1,0,8.55,1088,0.8619883040935672,0,0,True,False,False,False,True,False,False,False,False,False,False
42,8.65,58.26,0,0,1,0,14.24,778,0.6074438202247191,0,0,True,False,False,False,False,False,False,False,False,False,True
39,1.4,70.71,0,1,1,1,17.57,631,0.0796812749003984,0,0,True,False,False,False,False,False,False,False,False,True,False
44,4.32,66.21,0,0,0,0,9.02,769,0.47893569844789363,0,0,True,False,True,False,False,False,False,False,False,False,False
66,13.56,29.29,0,0,0,0,13.9,960,0.9755395683453237,0,0,False,False,False,False,True,False,False,False,False,False,True
30,9.4,41.29,0,1,0,1,9.12,160,1.0307017543859651,0,0,True,False,False,False,False,False,False,True,False,False,False
50,7.58,5.88,2,0,0,1,13.99,140,0.5418155825589707,1,0,False,False,False,False,True,False,False,False,False,False,True
51,4.77,34.9,2,1,0,1,8.72,553,0.5470183486238531,1,0,False,False,False,False,False,False,False,False,True,False,False
58,16.6,52.65,0,0,0,0,14.45,716,1.1487889273356402,0,0,False,False,True,False,False,False,False,False,False,False,True
52,2.24,49.19,0,0,0,1,13.42,860,0.16691505216095381,0,0,False,False,True,False,False,False,False,False,False,False,True
18,4.72,39.57,2,1,0,0,13.64,695,0.34604105571847504,1,0,False,False,False,False,False,False,False,False,True,False,True
38,6.81,90.99,1,0,0,0,8.4,1096,0.8107142857142856,0,0,False,False,False,False,True,False,False,False,False,False,False
65,1.32,63.66,1,1,0,0,8.61,904,0.15331010452961674,0,0,True,False,False,False,False,True,False,False,False,False,False
72,1.88,51.66,0,0,0,1,13.93,314,0.1349605168700646,0,0,True,False,False,False,False,False,False,False,True,False,True
23,1.69,80.78,0,0,0,0,13.27,852,0.12735493594574226,0,0,False,False,False,False,False,True,False,False,False,False,True
45,5.62,53.66,1,0,0,1,9.24,593,0.6082251082251082,0,0,True,False,False,False,False,False,True,False,False,False,False
34,14.68,12.89,1,0,0,1,18.47,48,0.7948023822414727,0,1,True,False,False,False,False,False,False,False,True,True,False
22,15.74,43.27,1,0,0,0,14.48,576,1.0870165745856353,0,0,False,False,False,False,False,True,False,False,False,False,True
48,14.79,16.04,1,0,0,0,8.28,77,1.786231884057971,0,1,False,False,False,False,True,False,False,False,False,False,False
22,3.48,69.67,3,0,0,1,8.89,248,0.3914510686164229,1,0,True,False,False,False,False,True,False,False,False,False,False
55,10.81,40.82,1,0,0,0,18.17,795,0.5949367088607594,0,0,False,False,False,False,False,False,False,False,True,True,False
20,3.55,67.5,1,0,0,0,9.34,60,0.38008565310492504,0,1,True,False,False,False,False,False,False,True,False,False,False
70,16.91,72.66,0,0,1,0,17.99,288,0.9399666481378545,0,0,False,False,False,False,False,False,False,False,False,True,False
40,2.11,42.11,0,1,0,0,13.68,337,0.15423976608187134,0,0,True,False,False,False,False,False,False,False,True,False,True
54,8.8,22.18,2,1,0,0,9.21,336,0.9554831704668838,1,0,True,False,False,False,False,False,False,False,False,False,False
70,12.16,30.82,0,0,0,0,14.23,597,0.8545326774420239,0,0,False,False,False,False,False,False,False,False,True,False,True
54,3.23,16.99,0,0,0,1,9.22,50,0.35032537960954446,0,1,True,False,False,False,True,False,False,False,False,False,False
27,8.59,61.74,0,0,0,0,9.22,1059,0.9316702819956615,0,0,False,False,False,False,False,False,True,False,False,False,False
27,4.32,65.98,0,0,1,0,9.59,260,0.45046923879040673,0,0,True,False,False,False,False,False,True,False,False,False,False
36,0.33,54.64,0,0,1,1,17.96,111,0.018374164810690423,0,0,True,False,False,False,False,False,False,False,False,True,False
34,5.27,11.68,0,1,1,0,13.58,987,0.3880706921944035,0,0,False,False,False,True,False,False,False,False,False,False,True
38,10.94,33.87,1,1,0,0,9.01,246,1.214206437291898,0,0,True,False,False,True,False,False,False,False,False,False,False
31,2.69,67.59,1,1,0,0,8.64,364,0.31134259259259256,0,0,True,False,False,False,True,False,False,False,False,False,False
26,4.41,83.82,0,1,0,0,14.25,588,0.30947368421052635,0,0,True,False,False,False,False,True,False,False,False,False,True
63,7.83,88.35,0,1,0,0,9.47,893,0.8268215417106652,0,0,False,False,False,False,True,False,False,False,False,False,False
18,15.24,38.75,1,0,1,0,9.27,903,1.6440129449838188,0,0,False,False,False,True,False,False,False,False,False,False,False
68,3.39,20.29,0,1,0,1,8.48,782,0.39976415094339623,0,0,False,True,False,False,True,False,False,False,False,False,False
62,4.13,51.65,0,0,0,1,14.21,623,0.29064039408866993,0,0,True,False,False,False,False,False,False,True,False,False,True
30,30.46,41.77,0,0,0,0,10.21,733,2.9833496571988247,0,0,True,False,True,False,False,False,False,False,False,False,False
21,11.14,41.78,1,0,0,0,13.81,954,0.8066618392469226,0,0,True,False,False,True,False,False,False,False,False,False,True
18,9.21,69.19,1,1,1,0,13.94,582,0.6606886657101866,0,0,False,False,False,True,False,False,False,False,False,False,True
66,12.92,77.32,2,1,0,0,17.99,812,0.718176764869372,1,0,True,False,False,False,False,False,False,False,True,True,False
57,18.79,37.48,1,1,1,0,14.12,116,1.3307365439093484,0,0,False,False,False,False,True,False,False,False,False,False,True
49,15.06,21.96,0,1,0,0,13.71,542,1.0984682713347922,0,0,True,False,False,False,True,False,False,False,False,False,True
51,2.29,21.54,1,0,0,1,14.47,1013,0.15825846579129232,0,0,False,True,False,False,True,False,False,False,False,False,True
45,1.07,70.43,1,1,0,0,18.77,1038,0.05700586041555675,0,0,False,False,False,False,False,False,True,False,False,True,False
48,1.92,48.2,1,0,0,1,13.51,616,0.14211695040710584,0,0,False,False,False,False,True,False,False,False,False,False,True
25,10.68,57.4,1,0,1,0,13.99,527,0.7634024303073623,0,0,True,False,False,True,False,False,False,False,False,False,True
56,3.27,42.08,1,0,0,0,8.94,936,0.36577181208053694,0,0,True,False,False,False,False,False,False,False,True,False,False
43,2.45,74.71,1,0,1,0,17.64,985,0.1388888888888889,0,0,True,False,False,False,False,True,False,False,False,True,False
51,4.89,32.74,0,0,0,0,9.62,772,0.5083160083160083,0,0,True,False,False,False,False,True,False,False,False,False,False
71,16.66,47.97,1,0,0,0,9.08,478,1.8348017621145374,0,0,True,False,False,False,True,False,False,False,False,False,False
71,4.04,41.12,0,1,0,0,13.9,617,0.2906474820143885,0,0,False,False,False,False,False,False,False,False,True,False,True
20,7.13,93.94,2,0,1,0,17.56,289,0.4060364464692483,1,0,True,False,False,False,False,False,False,True,False,True,False
67,7.78,26.12,0,1,0,1,14.03,492,0.5545260156806843,0,0,False,False,False,False,False,True,False,False,False,False,True
29,6.77,67.6,1,1,0,0,13.98,123,0.48426323319027176,0,0,False,False,False,True,False,False,False,False,False,False,True
18,7.17,44.52,0,0,0,0,18.38,1050,0.39009793253536457,0,0,True,False,True,False,False,False,False,False,False,True,False
71,10.74,61.83,1,1,0,1,14.19,384,0.7568710359408034,0,0,False,True,False,False,False,False,True,False,False,False,True
61,4.44,72.88,1,1,0,0,14.38,498,0.3087621696801113,0,0,True,False,False,False,False,False,False,False,True,False,True
22,3.14,66.39,0,1,0,1,14.01,124,0.2241256245538901,0,0,True,False,False,False,False,True,False,False,False,False,True
47,4.79,89.22,0,0,0,0,18.45,897,0.25962059620596206,0,0,False,False,False,False,False,True,False,False,False,True,False
47,5.08,57.67,0,1,0,1,14.19,120,0.3579985905567301,0,0,False,False,False,False,False,False,False,False,False,False,True
74,5.3,6.73,0,0,0,1,18.62,1097,0.28464017185821694,0,0,True,False,False,False,False,False,False,True,False,True,False
34,11.43,78.26,0,0,0,0,8.55,984,1.3368421052631578,0,0,True,False,True,False,False,False,False,False,False,False,False
65,6.08,39.9,1,1,0,0,9.2,413,0.6608695652173914,0,0,False,False,True,False,False,False,False,False,False,False,False
64,13.9,46.82,2,1,0,0,8.76,52,1.58675799086758,1,1,True,False,True,False,False,False,False,False,False,False,False
40,17.23,52.42,1,0,0,0,13.99,52,1.2315939957112223,0,1,False,False,False,True,False,False,False,False,False,False,True
32,3.42,73.49,1,0,1,1,18.33,340,0.18657937806873978,0,0,False,False,False,False,False,False,False,False,True,True,False
54,11.63,71.87,1,1,0,0,8.85,604,1.3141242937853108,0,0,False,True,False,False,False,False,False,True,False,False,False
38,15.29,53.02,1,1,1,0,8.76,132,1.745433789954338,0,0,True,False,False,False,True,False,False,False,False,False,False
31,20.69,65.41,0,1,0,0,9.56,529,2.164225941422594,0,0,True,False,False,False,False,False,False,False,False,False,False
19,2.71,24.82,1,0,0,1,13.96,857,0.1941260744985673,0,0,True,False,False,False,False,False,False,True,False,False,True
28,14.09,20.18,0,1,0,0,9.22,218,1.5281995661605206,0,0,True,False,False,False,False,False,False,True,False,False,False
68,22.67,14.58,0,0,0,0,9.18,489,2.4694989106753815,0,0,True,False,False,False,False,True,False,False,False,False,False
56,7.62,51.58,0,1,0,0,18.09,218,0.42122719734660036,0,0,True,False,False,False,False,False,False,True,False,True,False
55,4.09,17.94,0,1,0,1,8.9,380,0.4595505617977528,0,0,False,False,False,False,False,False,False,False,True,False,False
51,18.54,57.05,0,0,0,0,14.67,610,1.2638036809815951,0,0,False,False,False,False,False,False,False,False,False,False,True
55,19.18,89.52,1,0,1,0,14.36,143,1.3356545961002786,0,0,True,False,False,False,False,False,False,False,True,False,True
67,12.65,34.67,2,0,0,0,13.86,133,0.9126984126984128,1,0,True,False,False,False,False,False,False,False,False,False,True
51,9.27,30.08,0,1,1,0,8.53,649,1.0867526377491208,0,0,True,False,False,False,False,False,False,False,False,False,False
35,2.75,32.89,0,1,1,1,17.51,1074,0.15705311250713877,0,0,True,False,False,False,False,True,False,False,False,True,False
47,15.67,10.53,0,1,0,0,14.19,416,1.1042988019732205,0,0,False,False,False,False,False,False,False,False,True,False,True
32,9.4,25.32,0,0,0,0,9.58,973,0.9812108559498957,0,0,False,False,False,False,False,False,False,False,False,False,False
44,8.22,36.33,1,0,0,1,8.39,884,0.9797377830750894,0,0,False,False,False,False,False,False,False,True,False,False,False
68,11.3,29.22,1,0,0,0,8.12,512,1.391625615763547,0,0,False,False,False,False,False,False,False,False,True,False,False
51,24.01,70.23,2,0,0,0,13.39,502,1.7931292008961912,1,0,False,False,False,False,False,False,False,False,False,False,True
69,2.69,35.66,1,0,0,1,14.79,888,0.18187964841108858,0,0,False,False,False,True,False,False,False,False,False,False,True
74,12.85,93.89,1,1,0,0,9.24,971,1.3906926406926405,0,0,True,False,True,False,False,False,False,False,False,False,False
55,5.38,7.81,2,1,0,0,8.88,422,0.6058558558558558,1,0,False,False,False,False,False,False,False,False,True,False,False
50,14.25,69.87,0,1,0,0,17.42,545,0.8180252583237657,0,0,False,False,False,False,False,True,False,False,False,True,False
41,4.19,20.01,1,1,0,1,18.0,375,0.2327777777777778,0,0,True,False,False,True,False,False,False,False,False,True,False
32,15.58,49.08,0,0,0,0,13.78,570,1.1306240928882438,0,0,True,False,False,True,False,False,False,False,False,False,True
47,9.64,70.26,0,1,0,0,13.67,76,0.7051938551572787,0,1,True,False,False,False,False,False,True,False,False,False,True
72,6.33,29.81,1,0,0,1,18.1,372,0.3497237569060773,0,0,False,False,False,False,False,False,False,False,True,True,False
59,6.31,59.81,0,0,0,0,13.04,572,0.4838957055214724,0,0,True,False,False,True,False,False,False,False,False,False,True
68,4.72,15.92,0,0,0,0,14.4,848,0.3277777777777778,0,0,True,False,False,False,False,False,False,False,True,False,True
34,4.87,95.55,1,0,0,0,8.47,1089,0.5749704840613932,0,0,True,False,False,False,False,False,False,False,True,False,False
22,2.49,33.94,1,1,0,1,14.49,786,0.17184265010351968,0,0,False,False,False,False,False,False,False,False,False,False,True
46,13.19,46.89,0,0,1,0,8.03,380,1.642590286425903,0,0,True,False,False,False,False,False,False,False,True,False,False
21,14.69,52.79,1,1,0,0,8.86,217,1.6580135440180588,0,0,False,False,False,False,False,False,True,False,False,False,False
27,1.49,82.75,0,1,0,1,17.92,363,0.08314732142857142,0,0,False,False,False,False,True,False,False,False,False,True,False
73,10.96,16.47,0,1,0,0,14.43,512,0.7595287595287596,0,0,False,False,False,False,False,False,False,False,True,False,True
34,7.88,73.37,0,0,0,0,18.36,696,0.42919389978213507,0,0,False,False,True,False,False,False,False,False,False,True,False
27,1.75,85.92,0,1,0,1,14.44,325,0.12119113573407203,0,0,True,False,False,False,False,False,True,False,False,False,True
34,6.91,94.57,1,0,0,1,17.96,74,0.38474387527839643,0,1,True,False,False,False,True,False,False,False,False,True,False
37,8.55,68.16,0,0,0,0,9.43,524,0.9066808059384943,0,0,False,False,False,False,False,False,False,False,False,False,False
41,8.65,70.3,0,1,0,0,13.61,204,0.6355620867009553,0,0,True,False,False,False,False,False,False,False,True,False,True
22,4.33,39.13,0,0,0,0,8.33,1033,0.5198079231692677,0,0,True,False,False,False,True,False,False,False,False,False,False
51,2.47,42.13,0,0,0,1,9.74,85,0.2535934291581109,0,1,False,False,True,False,False,False,False,False,False,False,False
23,4.44,29.48,0,0,1,0,9.24,370,0.48051948051948057,0,0,True,False,False,False,False,False,True,False,False,False,False
70,15.24,25.36,1,0,0,1,13.54,243,1.1255539143279174,0,0,False,False,False,False,False,False,True,False,False,False,True
19,1.55,51.46,0,1,0,1,9.19,787,0.1686615886833515,0,0,True,False,False,False,False,False,False,False,False,False,False
30,6.67,55.4,1,1,0,0,13.69,579,0.48721694667640614,0,0,False,False,False,False,False,False,False,False,False,False,True
60,9.98,19.96,2,1,0,0,9.3,526,1.0731182795698924,1,0,False,False,False,False,False,False,False,False,False,False,False
60,5.43,64.19,2,0,1,1,8.82,202,0.6156462585034013,1,0,False,False,False,False,True,False,False,False,False,False,False
65,12.15,20.63,0,0,0,0,13.93,134,0.8722182340272793,0,0,True,False,False,False,False,False,False,False,True,False,True
28,7.88,59.3,1,0,1,0,17.99,508,0.4380211228460256,0,0,False,False,False,False,False,False,False,True,False,True,False
68,5.29,24.04,0,0,0,1,9.52,463,0.555672268907563,0,0,False,False,False,True,False,False,False,False,False,False,False
64,3.9,64.86,1,0,0,1,14.58,671,0.2674897119341564,0,0,True,False,False,False,False,False,True,False,False,False,True
74,11.17,92.73,0,1,0,0,17.85,722,0.6257703081232493,0,0,True,False,False,False,False,False,False,True,False,True,False
40,21.5,68.33,0,0,0,0,13.41,1020,1.6032811334824757,0,0,False,False,False,False,False,True,False,False,False,False,True
72,5.1,49.45,1,0,0,0,13.71,951,0.3719912472647702,0,0,False,False,False,False,False,False,True,False,False,False,True
33,5.91,75.88,0,0,0,1,9.24,223,0.6396103896103896,0,0,True,False,False,True,False,False,False,False,False,False,False
48,12.49,66.03,0,1,0,0,13.5,872,0.9251851851851852,0,0,False,False,False,False,False,False,False,False,False,False,True
28,2.21,23.62,0,1,0,0,9.81,830,0.22528032619775737,0,0,True,False,False,True,False,False,False,False,False,False,False
71,33.89,83.71,0,1,0,0,13.34,88,2.5404797601199403,0,1,True,False,False,False,False,False,False,False,True,False,True
33,13.83,53.55,0,1,0,0,17.59,507,0.786242183058556,0,0,False,False,False,False,False,False,False,False,True,True,False
25,8.56,7.85,1,0,0,1,13.34,562,0.6416791604197901,0,0,False,False,False,False,False,False,True,False,False,False,True
21,11.39,81.58,1,0,1,0,9.11,621,1.2502744237102088,0,0,False,False,False,False,True,False,False,False,False,False,False
57,7.86,26.95,0,0,0,1,17.65,868,0.44532577903682724,0,0,False,True,False,False,False,True,False,False,False,True,False
21,4.43,76.53,0,1,0,0,14.11,578,0.31396172927002125,0,0,True,False,False,True,False,False,False,False,False,False,True
73,1.35,53.13,0,1,0,0,18.15,1067,0.07438016528925621,0,0,True,False,False,False,False,False,False,False,False,True,False
42,9.7,52.54,0,1,0,0,14.21,250,0.6826178747361012,0,0,True,False,False,False,False,False,False,False,True,False,True
20,5.86,61.12,0,0,0,0,8.5,905,0.6894117647058824,0,0,False,False,False,False,False,True,False,False,False,False,False
49,4.56,58.05,1,0,0,1,13.86,707,0.32900432900432897,0,0,False,False,False,False,False,True,False,False,False,False,True
20,5.49,82.83,0,0,0,1,14.64,691,0.375,0,0,True,False,False,False,False,False,False,False,True,False,True
44,17.75,43.87,0,0,0,0,8.6,713,2.063953488372093,0,0,True,False,True,False,False,False,False,False,False,False,False
46,2.62,32.65,0,0,0,0,13.71,365,0.1911013858497447,0,0,True,False,False,True,False,False,False,False,False,False,True
49,5.51,49.03,1,1,0,0,13.9,254,0.3964028776978417,0,0,False,False,False,False,False,True,False,False,False,False,True
67,5.92,34.57,1,1,0,0,14.12,900,0.4192634560906516,0,0,True,False,False,False,False,False,False,False,True,False,True
68,6.13,64.86,1,0,0,1,8.73,64,0.702176403207331,0,1,True,False,True,False,False,False,False,False,False,False,False
36,8.42,52.99,0,0,0,1,14.08,217,0.5980113636363636,0,0,False,False,False,False,False,False,False,False,True,False,True
38,4.88,14.98,0,0,0,1,9.09,672,0.5368536853685368,0,0,False,False,False,False,False,False,False,False,True,False,False
22,4.61,24.58,2,1,0,0,14.33,992,0.32170272156315427,1,0,False,False,False,False,False,True,False,False,False,False,True
35,21.91,52.24,2,0,0,0,9.31,997,2.3533834586466162,1,0,False,False,False,False,True,False,False,False,False,False,False
45,3.95,26.22,1,0,0,0,8.32,523,0.47475961538461536,0,0,True,False,False,False,True,False,False,False,False,False,False
59,3.95,73.2,1,1,0,0,9.12,340,0.43311403508771934,0,0,False,False,False,False,False,False,False,False,False,False,False
39,3.02,51.64,0,0,0,0,8.8,550,0.34318181818181814,0,0,False,False,False,True,False,False,False,False,False,False,False
38,5.7,80.21,1,0,0,0,13.42,398,0.4247391952309985,0,0,False,True,False,False,False,False,False,False,True,False,True
23,14.58,30.94,3,0,0,1,18.48,775,0.788961038961039,1,0,True,False,False,True,False,False,False,False,False,True,False
18,6.59,22.54,0,1,0,1,13.47,60,0.4892353377876763,0,1,True,False,False,False,False,False,False,False,False,False,True
22,5.6,64.74,0,0,1,0,13.34,1027,0.4197901049475262,0,0,True,False,False,False,False,False,False,False,False,False,True
58,9.14,50.98,0,1,1,0,17.73,526,0.5155104342921601,0,0,True,False,False,False,False,False,False,False,False,True,False
29,8.54,55.74,0,0,0,1,17.89,993,0.4773616545556176,0,0,False,False,False,False,False,False,False,False,False,True,False
43,10.22,47.48,1,0,0,1,17.8,327,0.5741573033707865,0,0,True,False,False,False,False,False,True,False,False,True,False
63,13.85,45.28,0,0,0,0,9.97,606,1.3891675025075225,0,0,True,False,False,False,False,True,False,False,False,False,False
51,8.16,33.87,1,0,0,1,13.84,83,0.5895953757225434,0,1,True,False,False,False,False,True,False,False,False,False,True
66,7.96,25.07,1,1,0,0,17.51,258,0.4545973729297544,0,0,True,False,False,False,False,False,True,False,False,True,False
31,14.89,37.4,1,1,0,1,18.22,808,0.8172338090010978,0,0,True,False,False,False,False,False,False,False,True,True,False
43,6.0,48.31,0,1,0,0,13.32,1014,0.45045045045045046,0,0,True,False,False,False,False,False,True,False,False,False,True
62,7.11,24.32,1,0,0,1,8.36,402,0.8504784688995216,0,0,True,False,False,False,False,False,False,False,True,False,False
44,12.48,45.86,1,0,0,0,18.46,498,0.676056338028169,0,0,False,False,False,False,True,False,False,False,False,True,False
26,5.17,30.58,1,1,1,0,14.49,449,0.35679779158040026,0,0,False,False,False,False,False,True,False,False,False,False,True
43,6.43,28.43,0,0,0,1,8.52,561,0.7546948356807511,0,0,True,False,False,False,False,False,False,True,False,False,False
74,12.11,42.51,0,1,0,0,9.93,1017,1.2195367573011078,0,0,False,True,True,False,False,False,False,False,False,False,False
64,10.23,19.7,0,0,0,1,13.78,591,0.7423802612481858,0,0,False,False,False,False,False,True,False,False,False,False,True
74,2.28,57.31,1,1,0,0,8.45,119,0.2698224852071006,0,0,False,False,False,False,False,False,True,False,False,False,False
39,14.19,77.76,1,0,0,0,9.17,398,1.5474372955288986,0,0,True,False,False,False,False,False,True,False,False,False,False
64,29.12,61.94,0,1,1,0,17.81,44,1.6350364963503652,0,1,True,False,False,False,True,False,False,False,False,True,False
73,0.4,26.08,0,1,0,0,8.72,373,0.045871559633027525,0,0,True,False,False,False,False,False,True,False,False,False,False
47,5.12,65.64,0,1,1,0,13.63,1089,0.37564196625091706,0,0,True,False,False,False,False,False,False,False,True,False,True
60,8.41,55.72,0,1,1,0,17.65,946,0.47648725212464593,0,0,True,False,False,False,False,False,False,False,True,True,False
65,10.4,72.68,1,1,0,0,14.21,234,0.7318789584799437,0,0,False,False,False,False,False,False,False,True,False,False,True
34,0.64,40.44,0,0,0,1,9.28,805,0.06896551724137932,0,0,True,False,False,False,False,False,False,True,False,False,False
43,2.95,38.59,0,0,0,0,14.0,715,0.21071428571428572,0,0,True,False,False,False,False,True,False,False,False,False,True
53,7.14,27.34,1,0,0,0,9.55,747,0.7476439790575915,0,0,False,False,False,False,False,False,False,True,False,False,False
18,7.36,65.26,0,1,1,0,8.87,254,0.8297632468996619,0,0,True,False,False,False,False,False,False,False,True,False,False
25,10.79,62.27,0,1,0,1,14.22,93,0.7587904360056258,0,0,False,False,False,True,False,False,False,False,False,False,True
66,3.52,52.3,4,0,0,1,18.44,977,0.19088937093275488,1,0,False,False,False,False,False,False,False,False,False,True,False
52,11.05,85.43,2,0,0,0,14.51,990,0.7615437629221228,1,0,False,False,False,False,False,False,False,False,False,False,True
69,5.59,30.66,2,0,0,0,8.72,349,0.6410550458715596,1,0,False,True,False,False,False,False,False,True,False,False,False
32,5.23,94.56,0,0,0,1,13.95,386,0.37491039426523304,0,0,True,False,False,False,False,False,False,True,False,False,True
64,9.44,49.81,0,0,0,1,9.06,122,1.0419426048565121,0,0,False,False,False,False,False,False,False,False,True,False,False
73,4.09,79.9,0,1,0,0,15.0,724,0.27266666666666667,0,0,False,False,False,False,True,False,False,False,False,False,True
39,4.71,76.56,1,0,1,1,9.01,463,0.5227524972253053,0,0,False,False,False,False,False,True,False,False,False,False,False
31,7.72,31.53,0,0,0,0,17.37,870,0.4444444444444444,0,0,False,False,False,False,False,False,True,False,False,True,False
43,4.1,29.38,1,0,0,1,9.69,1053,0.4231166150670794,0,0,False,False,False,False,False,True,False,False,False,False,False
45,5.5,13.21,2,1,1,0,8.72,927,0.6307339449541284,1,0,True,False,True,False,False,False,False,False,False,False,False
40,5.65,40.47,0,0,0,0,14.02,913,0.40299572039942944,0,0,False,False,False,False,False,False,False,False,False,False,True
31,3.59,10.69,0,0,0,1,8.44,807,0.42535545023696686,0,0,True,False,False,True,False,False,False,False,False,False,False
41,11.49,53.71,1,1,1,0,14.08,521,0.8160511363636364,0,0,False,False,False,False,False,False,False,False,False,False,True
19,1.83,23.0,1,1,0,1,18.35,842,0.0997275204359673,0,0,False,False,False,False,False,False,False,False,True,True,False
62,6.96,82.08,0,1,0,1,8.57,421,0.8121353558926487,0,0,True,False,False,False,False,True,False,False,False,False,False
43,12.02,43.29,0,0,0,0,9.41,50,1.277364505844846,0,1,True,False,False,True,False,False,False,False,False,False,False
31,5.09,26.23,1,1,0,1,18.51,542,0.2749864937871421,0,0,True,False,False,False,False,False,False,False,True,True,False
73,8.52,5.98,1,1,0,0,14.26,937,0.5974754558204768,0,0,False,False,True,False,False,False,False,False,False,False,True
68,10.01,83.87,0,0,1,1,17.79,744,0.5626756604834177,0,0,False,False,False,True,False,False,False,False,False,True,False
24,2.13,50.26,2,1,0,0,8.94,973,0.23825503355704697,1,0,False,False,False,False,False,True,False,False,False,False,False
20,10.75,57.48,1,1,0,0,8.71,379,1.2342135476463834,0,0,False,False,False,True,False,False,False,False,False,False,False
64,9.73,57.35,0,0,1,0,8.68,575,1.120967741935484,0,0,False,False,True,False,False,False,False,False,False,False,False
40,15.07,74.75,0,0,0,0,9.3,628,1.6204301075268817,0,0,True,False,False,False,False,False,False,True,False,False,False
63,22.5,54.04,0,0,0,0,14.33,61,1.57013258897418,0,1,True,False,False,False,False,True,False,False,False,False,True
60,7.07,7.51,0,0,0,1,8.99,288,0.7864293659621802,0,0,False,False,True,False,False,False,False,False,False,False,False
64,13.37,89.24,1,0,0,1,14.29,505,0.9356193142057383,0,0,True,False,False,False,False,False,True,False,False,False,True
62,4.28,55.1,1,1,0,0,9.0,854,0.47555555555555556,0,0,True,False,False,False,False,False,True,False,False,False,False
35,15.28,22.53,2,0,1,0,17.79,1001,0.8589094997189433,1,0,True,False,False,False,False,False,False,False,False,True,False
55,1.41,41.65,0,0,0,0,8.46,949,0.16666666666666663,0,0,True,False,False,False,False,False,True,False,False,False,False
52,7.58,79.06,0,1,0,0,8.66,62,0.8752886836027713,0,1,False,False,False,False,False,True,False,False,False,False,False
68,4.75,47.77,0,0,1,1,14.05,928,0.3380782918149466,0,0,True,False,False,False,False,False,True,False,False,False,True
32,5.94,53.5,1,0,0,0,8.92,417,0.6659192825112108,0,0,False,False,False,False,False,False,True,False,False,False,False
42,8.36,39.31,0,1,0,0,13.57,827,0.6160648489314664,0,0,True,False,False,True,False,False,False,False,False,False,True
72,1.81,36.61,1,1,0,0,14.22,485,0.12728551336146274,0,0,True,False,False,False,False,False,False,True,False,False,True
54,2.86,63.38,0,1,0,0,18.3,253,0.15628415300546447,0,0,True,False,False,False,False,False,False,False,False,True,False
45,10.63,22.7,1,1,0,0,13.88,246,0.7658501440922191,0,0,False,False,False,False,False,False,False,False,True,False,True
27,8.45,26.73,1,0,1,1,14.42,185,0.5859916782246879,0,0,False,False,False,False,False,False,False,False,False,False,True
56,15.29,64.85,1,0,0,0,17.29,818,0.8843262001156738,0,0,False,False,False,False,False,False,False,False,False,True,False
74,24.85,56.57,1,0,0,0,18.27,65,1.360153256704981,0,1,False,False,False,False,False,False,False,False,False,True,False
34,2.77,37.1,0,1,0,0,14.89,665,0.1860308932169241,0,0,False,False,True,False,False,False,False,False,False,False,True
56,8.6,27.12,0,0,0,1,14.29,38,0.6018194541637509,0,1,False,False,False,False,False,False,False,False,True,False,True
39,10.96,68.21,0,0,1,0,13.42,1093,0.8166915052160955,0,0,False,False,True,False,False,False,False,False,False,False,True
43,7.16,39.26,0,1,0,1,9.02,208,0.7937915742793792,0,0,False,False,False,False,False,False,False,True,False,False,False
61,1.9,54.27,1,1,0,0,18.46,988,0.10292524377031419,0,0,True,False,False,False,False,False,False,True,False,True,False
42,5.88,27.43,0,0,0,0,13.4,530,0.4388059701492537,0,0,False,False,False,False,True,False,False,False,False,False,True
34,7.25,88.78,0,0,0,1,8.39,402,0.8641239570917759,0,0,False,False,False,False,True,False,False,False,False,False,False
30,28.81,51.69,2,1,0,0,9.85,999,2.9248730964467007,1,0,False,False,False,True,False,False,False,False,False,False,False
37,6.14,46.92,0,0,0,0,8.96,544,0.6852678571428571,0,0,True,False,False,False,False,False,False,True,False,False,False
42,4.93,59.85,0,0,0,1,8.71,393,0.5660160734787599,0,0,False,False,False,False,False,False,False,True,False,False,False
21,7.72,22.66,0,0,0,0,8.41,806,0.9179548156956004,0,0,False,False,True,False,False,False,False,False,False,False,False
27,8.24,39.53,1,0,1,1,14.13,803,0.5831564048124558,0,0,True,False,False,True,False,False,False,False,False,False,True
20,8.57,62.6,1,0,0,1,8.99,358,0.953281423804227,0,0,False,False,False,False,False,False,False,True,False,False,False
58,4.28,22.99,1,0,0,0,13.85,823,0.30902527075812275,0,0,True,False,False,False,False,True,False,False,False,False,True
62,8.77,56.23,2,1,1,0,9.59,991,0.9144942648592284,1,0,True,False,False,False,False,False,False,False,True,False,False
35,7.25,63.41,1,0,0,0,8.61,399,0.8420441347270616,0,0,True,False,True,False,False,False,False,False,False,False,False
64,6.05,19.66,1,0,0,1,14.04,626,0.4309116809116809,0,0,True,False,False,False,False,False,False,True,False,False,True
53,14.22,41.59,2,0,0,0,17.57,600,0.8093340922026181,1,0,False,False,True,False,False,False,False,False,False,True,False
64,5.23,51.61,0,0,0,0,14.08,1091,0.37144886363636365,0,0,True,False,True,False,False,False,False,False,False,False,True
39,8.65,74.69,0,1,1,0,14.1,406,0.6134751773049646,0,0,True,False,False,False,False,False,True,False,False,False,True
51,3.43,48.17,1,0,0,0,13.95,129,0.24587813620071686,0,0,True,False,False,True,False,False,False,False,False,False,True
64,4.33,41.79,1,0,0,1,8.26,845,0.5242130750605327,0,0,True,False,False,False,True,False,False,False,False,False,False
25,4.1,77.02,0,0,1,1,9.02,147,0.45454545454545453,0,0,True,False,False,True,False,False,False,False,False,False,False
57,2.96,23.73,0,0,0,0,9.74,450,0.30390143737166325,0,0,False,False,True,False,False,False,False,False,False,False,False
66,2.97,13.26,2,0,1,1,13.16,570,0.22568389057750762,1,0,True,False,False,True,False,False,False,False,False,False,True
61,8.42,64.11,1,0,0,0,13.97,959,0.6027201145311382,0,0,False,False,False,False,False,False,False,False,False,False,True
36,7.65,66.93,0,1,1,0,14.67,728,0.5214723926380368,0,0,False,False,False,False,False,True,False,False,False,False,True
59,1.95,69.31,0,0,1,0,8.64,142,0.22569444444444442,0,0,True,False,False,False,False,True,False,False,False,False,False
58,1.01,59.92,0,0,0,1,13.68,402,0.07383040935672515,0,0,False,False,True,False,False,False,False,False,False,False,True
54,7.58,58.4,2,0,1,0,9.56,328,0.7928870292887029,1,0,True,False,False,False,False,False,False,False,False,False,False
23,4.45,43.88,1,0,1,0,8.9,1072,0.5,0,0,True,False,False,False,False,True,False,False,False,False,False
69,7.4,92.01,0,0,1,0,9.19,805,0.8052230685527748,0,0,True,False,False,False,False,False,True,False,False,False,False
43,0.4,13.74,0,0,0,1,13.95,700,0.028673835125448032,0,0,True,False,False,False,False,False,False,True,False,False,True
51,4.11,37.69,0,0,0,0,9.08,40,0.4526431718061674,0,1,False,False,True,False,False,False,False,False,False,False,False
73,16.72,42.92,0,1,1,0,14.9,37,1.1221476510067112,0,1,False,False,False,False,False,False,True,False,False,False,True
62,6.94,44.8,0,0,1,1,17.1,490,0.40584795321637424,0,0,True,False,False,True,False,False,False,False,False,True,False
23,8.74,46.92,3,0,1,0,9.15,284,0.9551912568306011,1,0,False,False,False,False,False,False,False,False,True,False,False
54,9.54,68.46,1,1,1,1,14.87,615,0.6415601882985877,0,0,True,False,False,True,False,False,False,False,False,False,True
74,6.22,26.33,1,0,0,1,9.04,391,0.6880530973451328,0,0,False,False,False,False,False,False,True,False,False,False,False
50,4.81,41.6,0,0,0,0,9.33,1032,0.5155412647374061,0,0,True,False,False,False,True,False,False,False,False,False,False
70,1.85,24.39,1,1,1,0,9.3,817,0.1989247311827957,0,0,True,False,False,False,True,False,False,False,False,False,False
39,10.18,45.15,1,0,0,1,18.06,238,0.5636766334440754,0,0,True,False,False,False,False,False,False,True,False,True,False
38,5.98,61.7,1,1,1,1,14.64,296,0.40846994535519127,0,0,True,False,False,True,False,False,False,False,False,False,True
23,3.35,38.37,0,0,0,0,13.84,685,0.2420520231213873,0,0,False,False,False,False,False,False,False,False,False,False,True
23,5.42,77.44,0,0,0,0,8.6,1026,0.6302325581395349,0,0,False,False,False,False,False,False,False,True,False,False,False
72,15.07,30.58,0,0,0,0,17.34,583,0.8690888119953865,0,0,True,False,False,False,False,True,False,False,False,True,False
65,4.42,84.02,0,0,0,0,17.63,765,0.25070901871809415,0,0,False,False,False,False,False,False,False,False,False,True,False
21,4.21,92.88,1,0,0,0,14.35,450,0.29337979094076655,0,0,False,False,False,False,False,False,False,False,False,False,True
47,2.2,36.7,1,0,0,1,18.07,337,0.12174875484228002,0,0,False,False,False,False,False,False,False,False,False,True,False
28,1.58,10.84,0,1,0,1,9.45,166,0.1671957671957672,0,0,True,False,False,False,False,False,False,False,False,False,False
47,2.36,35.9,0,0,0,1,14.39,224,0.16400277970813062,0,0,True,False,False,False,True,False,False,False,False,False,True
48,9.25,31.57,0,0,0,1,13.53,1078,0.6836659275683666,0,0,False,False,False,True,False,False,False,False,False,False,True
41,9.91,30.56,1,0,1,0,14.0,635,0.7078571428571429,0,0,False,False,False,False,False,True,False,False,False,False,True
72,20.71,52.12,0,0,0,0,18.34,1043,1.1292257360959652,0,0,True,False,False,False,True,False,False,False,False,True,False
26,3.94,13.4,0,1,1,0,9.43,891,0.4178154825026511,0,0,True,False,True,False,False,False,False,False,False,False,False
72,1.23,77.73,1,0,0,1,8.82,250,0.13945578231292516,0,0,True,False,False,False,False,True,False,False,False,False,False
20,1.51,98.48,0,0,0,0,9.11,326,0.16575192096597147,0,0,False,False,False,False,True,False,False,False,False,False,False
68,5.42,70.01,2,0,0,0,18.58,1040,0.2917115177610334,1,0,False,False,False,False,False,False,False,True,False,True,False
48,15.41,71.0,2,0,0,1,17.81,372,0.8652442448062887,1,0,True,False,False,False,True,False,False,False,False,True,False
57,6.12,43.88,1,0,0,1,13.97,622,0.4380816034359341,0,0,False,False,False,False,False,True,False,False,False,False,True
54,7.58,41.99,0,1,0,1,13.7,921,0.5532846715328468,0,0,False,False,False,False,False,True,False,False,False,False,True
53,5.11,47.06,1,0,0,0,13.7,106,0.3729927007299271,0,0,False,False,False,False,False,False,False,True,False,False,True
41,2.87,51.47,1,0,0,1,13.81,736,0.20782041998551773,0,0,False,False,False,False,False,False,False,False,True,False,True
48,10.52,36.54,0,0,0,0,8.55,1095,1.230409356725146,0,0,False,False,False,True,False,False,False,False,False,False,False
23,12.88,41.71,1,1,0,0,13.8,786,0.9333333333333333,0,0,True,False,False,False,False,True,False,False,False,False,True
19,4.55,63.13,1,0,1,0,13.79,619,0.3299492385786802,0,0,False,False,False,False,True,False,False,False,False,False,True
37,8.73,56.27,1,0,0,0,13.81,417,0.6321506154960174,0,0,True,False,False,False,False,False,False,True,False,False,True
45,4.64,17.35,1,0,0,1,8.84,956,0.5248868778280543,0,0,True,False,False,False,False,False,False,False,False,False,False
28,8.42,26.6,0,0,1,1,13.73,666,0.6132556445739257,0,0,True,False,False,True,False,False,False,False,False,False,True
21,0.76,63.25,0,0,1,0,18.06,170,0.042081949058693245,0,0,True,False,False,False,False,True,False,False,False,True,False
32,6.58,38.93,1,1,0,0,14.54,1080,0.4525447042640991,0,0,True,False,False,True,False,False,False,False,False,False,True
23,4.62,49.52,1,0,1,1,13.53,477,0.34146341463414637,0,0,True,False,False,True,False,False,False,False,False,False,True
71,10.67,78.59,1,1,0,0,13.56,322,0.7868731563421829,0,0,False,False,False,False,False,False,True,False,False,False,True
66,12.15,69.29,0,0,0,0,13.47,744,0.9020044543429844,0,0,True,False,False,True,False,False,False,False,False,False,True
47,2.93,69.07,0,0,0,1,9.28,486,0.31573275862068967,0,0,False,False,False,False,False,False,False,False,False,False,False
73,10.92,42.0,0,0,0,0,14.26,921,0.7657784011220197,0,0,True,False,True,False,False,False,False,False,False,False,True
55,5.77,51.91,0,1,0,0,13.66,868,0.42240117130307464,0,0,False,False,False,True,False,False,False,False,False,False,True
68,3.69,68.52,0,0,0,0,14.47,683,0.2550103662750518,0,0,False,False,False,False,False,True,False,False,False,False,True
74,8.28,47.49,0,0,0,0,14.42,693,0.5742024965325936,0,0,True,False,False,False,False,False,False,True,False,False,True
19,17.32,49.5,1,0,0,1,14.03,794,1.234497505345688,0,0,False,False,False,False,False,False,False,False,False,False,True
32,6.22,46.72,0,1,0,1,13.33,205,0.46661665416354087,0,0,False,False,False,False,True,False,False,False,False,False,True
28,6.18,79.85,2,1,0,0,13.78,539,0.44847605224963716,1,0,False,False,False,False,True,False,False,False,False,False,True
25,6.53,79.7,1,1,1,0,18.02,734,0.3623751387347392,0,0,False,False,False,False,False,True,False,False,False,True,False
43,12.29,89.42,0,1,0,0,13.82,631,0.8892908827785817,0,0,False,False,False,False,False,False,False,False,True,False,True
68,3.58,33.2,0,0,1,0,18.27,867,0.19594964422550631,0,0,False,False,False,False,False,False,True,False,False,True,False
62,2.66,49.4,0,0,0,0,13.64,1031,0.19501466275659823,0,0,True,False,False,False,False,True,False,False,False,False,True
61,5.5,49.47,0,1,0,1,8.92,80,0.6165919282511211,0,1,True,False,False,False,False,False,False,True,False,False,False
22,12.38,28.94,0,1,0,0,17.67,715,0.7006225240520656,0,0,False,False,False,False,False,False,False,False,False,True,False
23,10.77,73.65,0,0,0,0,13.5,295,0.7977777777777777,0,0,True,False,False,False,False,False,True,False,False,False,True
43,14.37,34.55,1,0,1,0,17.62,635,0.8155505107832008,0,0,False,False,False,False,False,False,False,False,True,True,False
71,14.96,82.16,0,1,1,0,14.09,614,1.0617459190915544,0,0,True,False,False,False,False,True,False,False,False,False,True
21,6.11,83.46,1,0,0,1,8.51,368,0.7179788484136311,0,0,False,False,True,False,False,False,False,False,False,False,False
36,6.29,82.07,0,0,0,0,9.5,403,0.6621052631578948,0,0,False,True,False,False,False,False,True,False,False,False,False
37,2.7,26.2,1,1,0,1,14.25,609,0.18947368421052632,0,0,True,False,False,False,False,False,False,False,True,False,True
50,6.02,73.55,0,0,1,0,17.73,546,0.33953750705019736,0,0,True,False,False,False,False,True,False,False,False,True,False
37,7.3,58.07,0,0,0,1,13.87,150,0.5263157894736842,0,0,False,False,False,True,False,False,False,False,False,False,True
66,2.45,79.83,1,0,0,1,9.26,866,0.26457883369330454,0,0,False,False,False,False,False,True,False,False,False,False,False
29,25.53,12.25,0,1,0,0,13.36,599,1.910928143712575,0,0,True,False,False,False,False,False,False,True,False,False,True
64,8.35,28.36,1,0,0,1,13.3,72,0.6278195488721804,0,1,True,False,False,False,False,True,False,False,False,False,True
18,6.08,63.0,1,0,0,0,8.75,101,0.6948571428571428,0,0,False,False,True,False,False,False,False,False,False,False,False
43,13.07,64.72,3,0,0,0,8.52,120,1.5340375586854462,1,0,False,False,False,False,False,True,False,False,False,False,False
31,14.27,54.28,0,0,0,0,8.7,520,1.6402298850574712,0,0,True,False,False,False,True,False,False,False,False,False,False
55,0.86,50.5,1,0,0,1,8.29,778,0.1037394451145959,0,0,True,False,False,False,False,False,False,False,True,False,False
54,10.42,20.84,1,0,1,0,8.1,1027,1.2864197530864199,0,0,False,False,False,True,False,False,False,False,False,False,False
28,2.35,60.58,1,0,0,1,9.11,412,0.25795828759604833,0,0,True,False,False,False,True,False,False,False,False,False,False
53,15.76,85.03,0,1,0,0,18.28,834,0.862144420131291,0,0,True,False,False,False,False,True,False,False,False,True,False
30,2.47,27.91,1,0,0,1,8.44,199,0.292654028436019,0,0,False,False,True,False,False,False,False,False,False,False,False
60,3.95,48.82,1,0,0,1,9.29,947,0.42518837459634024,0,0,True,False,False,False,False,False,False,False,True,False,False
20,7.16,72.14,1,0,0,0,9.33,180,0.767416934619507,0,0,False,False,False,False,False,False,False,False,True,False,False
50,2.86,67.0,0,0,0,1,13.85,460,0.20649819494584837,0,0,True,False,False,False,False,True,False,False,False,False,True
23,6.16,45.93,0,1,0,1,13.48,480,0.456973293768546,0,0,False,False,True,False,False,False,False,False,False,False,True
67,15.47,69.57,0,1,0,0,9.1,672,1.7000000000000002,0,0,False,False,False,False,False,False,False,True,False,False,False
73,1.09,43.01,2,1,0,1,13.89,809,0.07847372210223183,1,0,True,False,False,True,False,False,False,False,False,False,True
27,5.34,81.13,1,0,0,1,14.04,52,0.3803418803418804,0,1,False,False,False,False,False,False,False,False,True,False,True
22,7.46,69.77,0,0,0,1,9.03,396,0.8261351052048727,0,0,True,False,False,True,False,False,False,False,False,False,False
40,11.29,64.51,1,0,0,0,14.37,680,0.7856645789839944,0,0,False,False,True,False,False,False,False,False,False,False,True
27,9.67,49.47,0,1,0,0,13.98,849,0.6917024320457796,0,0,False,False,False,False,False,False,True,False,False,False,True
61,12.16,47.16,0,0,0,0,8.59,268,1.4155995343422585,0,0,True,False,False,False,True,False,False,False,False,False,False
19,11.46,79.45,1,0,0,0,14.63,463,0.7833219412166781,0,0,True,False,False,False,False,False,False,False,True,False,True
30,7.02,57.31,0,0,0,1,18.11,733,0.38763114301490886,0,0,True,False,False,False,False,False,True,False,False,True,False
57,2.52,81.97,1,0,0,0,13.36,971,0.18862275449101798,0,0,False,False,False,False,False,False,False,False,True,False,True
19,1.81,57.86,1,0,0,0,9.64,570,0.18775933609958506,0,0,True,False,False,False,False,False,False,True,False,False,False
37,7.33,58.73,0,1,0,0,18.02,662,0.4067702552719201,0,0,True,False,False,False,False,True,False,False,False,True,False
18,9.58,75.95,0,0,1,0,13.97,227,0.6857551896921975,0,0,True,False,True,False,False,False,False,False,False,False,True
54,10.97,61.39,0,0,0,0,8.58,511,1.2785547785547786,0,0,True,False,False,False,False,False,False,False,True,False,False
26,2.39,44.48,0,0,0,0,13.72,898,0.17419825072886297,0,0,False,False,True,False,False,False,False,False,False,False,True
34,13.84,61.94,0,1,0,0,14.12,552,0.9801699716713882,0,0,True,False,False,False,False,False,False,False,False,False,True
26,11.14,59.05,0,0,0,1,17.32,680,0.6431870669745958,0,0,False,False,False,False,False,False,False,False,True,True,False
28,4.95,52.91,0,0,0,0,9.13,988,0.5421686746987951,0,0,True,False,False,False,False,False,False,True,False,False,False
32,15.67,84.85,0,0,0,0,9.1,466,1.721978021978022,0,0,True,False,False,False,False,False,False,True,False,False,False
41,10.07,64.65,1,0,0,1,13.48,886,0.7470326409495549,0,0,False,False,False,False,False,True,False,False,False,False,True
55,21.73,63.61,1,1,0,1,18.04,343,1.2045454545454546,0,0,False,True,False,False,False,True,False,False,False,True,False
72,12.33,61.49,0,0,0,0,8.96,48,1.3761160714285714,0,1,False,False,False,False,False,False,True,False,False,False,False
52,5.39,33.59,2,0,0,1,17.89,847,0.3012856344326439,1,0,True,False,False,False,False,False,False,True,False,True,False
47,3.92,27.86,0,0,0,1,13.97,151,0.2806012884753042,0,0,True,False,True,False,False,False,False,False,False,False,True
48,16.14,62.42,1,1,0,0,13.86,101,1.1645021645021645,0,0,False,False,False,False,False,False,False,False,False,False,True
66,7.29,8.45,0,1,1,0,14.07,489,0.5181236673773987,0,0,True,False,False,True,False,False,False,False,False,False,True
22,10.42,39.31,1,0,0,0,8.9,198,1.1707865168539324,0,0,True,False,False,False,False,False,False,True,False,False,False
61,7.87,14.37,1,1,0,0,14.6,611,0.5390410958904109,0,0,False,False,False,False,False,False,False,False,True,False,True
67,14.38,33.61,0,1,1,0,17.47,658,0.8231253577561535,0,0,False,False,False,True,False,False,False,False,False,True,False
31,11.91,66.63,1,0,0,0,7.97,55,1.4943538268506902,0,1,False,True,False,True,False,False,False,False,False,False,False
70,2.38,79.37,0,0,0,0,13.33,750,0.17854463615903976,0,0,False,False,False,False,False,False,False,True,False,False,True
73,14.58,73.58,0,0,0,0,8.27,1063,1.7629987908101572,0,0,False,False,False,False,False,False,False,False,False,False,False
28,22.28,33.34,1,0,1,0,8.91,150,2.500561167227834,0,0,True,False,True,False,False,False,False,False,False,False,False
26,17.24,87.15,4,0,0,0,13.66,155,1.2620790629575402,1,0,True,False,False,False,False,False,False,False,True,False,True
51,7.64,62.75,1,0,0,0,9.32,578,0.8197424892703862,0,0,False,False,False,False,False,False,True,False,False,False,False
29,5.97,53.27,2,0,0,0,14.0,326,0.42642857142857143,1,0,False,False,False,False,False,False,True,False,False,False,True
52,18.52,48.02,1,1,0,0,13.85,715,1.3371841155234656,0,0,True,False,False,False,False,False,True,False,False,False,True
52,16.55,52.9,0,0,0,0,18.09,1002,0.9148700939745716,0,0,True,False,False,False,False,True,False,False,False,True,False
18,10.22,79.89,0,1,0,0,8.79,1098,1.162684869169511,0,0,True,False,False,False,False,False,False,False,True,False,False
57,9.89,64.22,0,1,0,0,9.3,664,1.0634408602150538,0,0,False,False,False,True,False,False,False,False,False,False,False
39,8.24,76.78,2,1,0,0,8.32,411,0.9903846153846154,1,0,True,False,False,False,False,False,True,False,False,False,False
46,2.17,10.79,1,1,0,1,17.65,1080,0.12294617563739377,0,0,True,False,False,False,False,True,False,False,False,True,False
25,9.31,52.54,1,1,0,0,13.94,734,0.6678622668579628,0,0,False,False,False,False,False,False,False,True,False,False,True
28,11.72,26.13,1,0,1,0,9.06,526,1.293598233995585,0,0,False,False,False,True,False,False,False,False,False,False,False
58,9.16,16.27,0,0,1,1,18.15,881,0.5046831955922866,0,0,True,False,False,False,False,False,False,False,True,True,False
54,0.56,6.03,1,0,0,1,18.5,736,0.030270270270270273,0,0,False,False,False,False,False,False,False,False,True,True,False
31,12.22,77.75,0,0,1,1,18.06,150,0.6766334440753046,0,0,False,False,False,False,False,False,False,False,True,True,False
47,12.81,31.42,0,1,0,0,9.3,655,1.3774193548387097,0,0,True,False,False,False,True,False,False,False,False,False,False
52,4.25,75.23,0,1,1,0,9.94,555,0.4275653923541248,0,0,True,False,False,False,False,True,False,False,False,False,False
38,4.04,6.06,1,1,0,0,14.45,1096,0.2795847750865052,0,0,True,False,False,True,False,False,False,False,False,False,True
54,3.11,77.3,0,0,0,0,14.05,781,0.22135231316725976,0,0,True,False,True,False,False,False,False,False,False,False,True
22,9.37,23.88,0,0,0,0,8.51,125,1.1010575793184487,0,0,False,False,False,False,True,False,False,False,False,False,False
36,6.5,59.51,0,1,1,0,9.53,56,0.6820566631689402,0,1,True,False,False,False,True,False,False,False,False,False,False
31,6.59,47.81,1,0,0,0,18.62,865,0.3539205155746509,0,0,False,False,False,False,True,False,False,False,False,True,False
43,6.67,22.04,1,1,0,0,9.33,516,0.714898177920686,0,0,True,False,True,False,False,False,False,False,False,False,False
21,7.16,42.87,0,0,0,1,14.81,269,0.4834571235651587,0,0,True,False,False,False,True,False,False,False,False,False,True
42,8.2,93.01,1,0,0,0,14.01,96,0.5852962169878657,0,0,False,False,False,False,False,False,True,False,False,False,True
62,5.01,76.3,0,1,0,0,14.08,260,0.35582386363636365,0,0,True,False,False,False,False,False,False,False,True,False,True
59,3.56,74.16,0,1,0,1,14.4,380,0.24722222222222223,0,0,True,False,False,True,False,False,False,False,False,False,True
42,10.09,46.21,0,1,0,0,14.07,790,0.7171286425017768,0,0,True,False,False,True,False,False,False,False,False,False,True
35,13.77,75.46,0,0,1,0,10.04,892,1.3715139442231077,0,0,True,False,False,False,False,False,False,False,True,False,False
57,9.9,96.64,0,0,1,0,14.8,386,0.6689189189189189,0,0,False,False,False,False,False,True,False,False,False,False,True
25,24.5,52.86,0,0,0,0,9.03,1095,2.713178294573644,0,0,True,False,False,False,False,False,False,True,False,False,False
56,2.56,93.8,2,1,0,0,13.49,1059,0.18977020014825796,1,0,False,False,False,False,False,False,False,False,False,False,True
57,8.12,63.72,3,1,0,1,14.29,358,0.5682295311406578,1,0,False,False,False,False,False,False,True,False,False,False,True
31,12.19,25.03,0,0,1,1,14.21,940,0.8578465869106262,0,0,True,False,True,False,False,False,False,False,False,False,True
49,5.39,59.97,2,0,1,1,9.28,367,0.5808189655172414,1,0,True,False,False,False,False,False,False,False,False,False,False
68,15.94,66.64,0,0,0,0,9.06,911,1.759381898454746,0,0,False,False,False,False,False,False,False,False,True,False,False
55,9.63,42.17,0,1,0,0,14.12,568,0.6820113314447593,0,0,False,False,False,False,True,False,False,False,False,False,True
50,11.31,75.46,0,0,0,0,8.74,766,1.294050343249428,0,0,True,False,False,True,False,False,False,False,False,False,False
40,10.96,52.63,0,1,0,0,18.35,472,0.5972752043596731,0,0,False,False,False,False,False,True,False,False,False,True,False
32,8.97,29.48,0,0,1,0,16.89,953,0.5310834813499112,0,0,True,False,False,False,False,True,False,False,False,True,False
50,5.17,18.53,0,0,0,0,9.11,949,0.5675082327113062,0,0,False,False,False,False,False,False,False,True,False,False,False
42,19.76,63.14,0,0,0,0,9.46,80,2.0887949260042284,0,1,True,False,False,False,False,False,False,True,False,False,False
34,6.56,2.7,1,1,0,1,13.65,178,0.48058608058608054,0,0,False,False,False,False,False,False,False,False,True,False,True
50,13.1,31.08,0,0,0,0,18.33,397,0.7146753955264594,0,0,False,False,False,False,False,False,True,False,False,True,False
64,8.78,36.35,1,0,0,0,13.96,609,0.6289398280802292,0,0,True,False,False,False,False,True,False,False,False,False,True
72,5.45,78.88,0,0,1,0,8.49,685,0.6419316843345112,0,0,True,False,False,False,False,False,False,False,False,False,False
19,5.42,52.72,1,0,0,1,13.17,105,0.41154138192862566,0,0,True,False,False,False,False,False,False,True,False,False,True
31,6.07,39.75,3,0,1,1,8.33,256,0.7286914765906363,1,0,False,True,False,True,False,False,False,False,False,False,False
70,13.99,58.41,1,0,0,0,9.04,988,1.547566371681416,0,0,True,False,False,True,False,False,False,False,False,False,False
57,5.75,77.33,1,1,0,0,9.73,621,0.5909558067831449,0,0,True,False,False,False,False,False,False,False,True,False,False
57,3.74,39.77,2,1,0,1,13.68,53,0.2733918128654971,1,1,False,False,False,False,False,False,True,False,False,False,True
68,1.8,50.11,0,0,0,1,8.38,57,0.21479713603818615,0,1,False,False,False,False,False,False,False,False,True,False,False
56,15.34,61.05,0,1,1,0,14.45,150,1.0615916955017302,0,0,False,False,False,False,False,False,False,False,True,False,True
68,22.07,72.87,0,0,1,0,17.57,882,1.2561183836084235,0,0,False,False,False,False,False,False,True,False,False,True,False
23,7.95,74.4,0,1,1,0,13.41,653,0.5928411633109619,0,0,True,False,False,False,False,False,True,False,False,False,True
23,11.11,83.58,1,0,0,0,13.84,919,0.8027456647398844,0,0,False,False,False,False,False,False,True,False,False,False,True
20,4.92,32.41,1,1,0,1,9.65,60,0.5098445595854922,0,1,True,False,False,True,False,False,False,False,False,False,False
24,8.15,62.23,1,1,0,0,13.77,899,0.5918663761801017,0,0,True,False,False,True,False,False,False,False,False,False,True
68,3.31,57.91,1,0,1,1,8.17,79,0.40514075887392903,0,1,False,False,False,False,False,False,False,False,True,False,False
25,7.9,44.94,0,0,0,0,14.72,755,0.5366847826086957,0,0,False,False,False,False,False,False,False,True,False,False,True
59,32.68,18.09,1,0,1,0,9.02,418,3.623059866962306,0,0,True,False,True,False,False,False,False,False,False,False,False
69,1.65,58.21,0,1,0,1,9.37,973,0.17609391675560299,0,0,False,False,True,False,False,False,False,False,False,False,False
32,5.42,63.71,0,0,0,0,8.69,1044,0.6237054085155351,0,0,True,False,False,False,False,False,False,False,True,False,False
64,11.03,45.56,0,1,0,0,8.83,504,1.2491506228765572,0,0,True,False,False,False,False,False,False,False,True,False,False
46,17.68,31.79,1,0,0,0,13.82,785,1.2793053545586106,0,0,False,False,False,False,False,False,False,True,False,False,True
50,17.79,56.55,0,0,1,0,13.24,632,1.343655589123867,0,0,True,False,False,False,False,False,True,False,False,False,True
69,8.97,77.05,2,0,0,1,9.15,955,0.980327868852459,1,0,True,False,False,False,False,False,False,False,True,False,False
47,7.43,33.37,1,0,0,0,13.89,1059,0.5349172066234701,0,0,False,False,False,False,False,True,False,False,False,False,True
56,4.47,27.78,1,1,0,1,13.87,822,0.32227829848594086,0,0,False,True,False,True,False,False,False,False,False,False,True
44,9.59,23.2,0,0,0,1,14.1,441,0.6801418439716312,0,0,True,False,False,False,True,False,False,False,False,False,True
53,15.59,31.74,0,0,0,0,18.2,691,0.8565934065934067,0,0,False,False,False,False,False,False,True,False,False,True,False
46,13.6,85.63,0,0,0,0,9.14,220,1.487964989059081,0,0,False,False,False,False,False,True,False,False,False,False,False
55,1.96,21.97,0,1,0,0,8.82,815,0.2222222222222222,0,0,False,False,False,True,False,False,False,False,False,False,False
74,3.3,44.56,0,0,0,0,13.58,614,0.24300441826215022,0,0,False,False,False,False,False,False,False,False,True,False,True
50,6.96,88.7,1,0,1,0,18.36,988,0.3790849673202614,0,0,True,False,False,False,True,False,False,False,False,True,False
54,3.17,16.62,0,0,0,0,13.37,529,0.23709798055347794,0,0,True,False,False,False,False,True,False,False,False,False,True
44,9.88,11.52,0,0,0,1,18.07,609,0.5467625899280576,0,0,True,False,False,False,False,False,False,False,False,True,False
72,1.52,52.13,1,0,0,0,14.06,845,0.1081081081081081,0,0,False,False,False,False,False,False,False,True,False,False,True
50,2.84,53.66,1,1,0,1,13.54,809,0.20974889217134418,0,0,False,False,False,True,False,False,False,False,False,False,True
21,13.64,64.75,0,1,0,0,13.75,972,0.992,0,0,False,False,False,False,True,False,False,False,False,False,True
39,12.42,23.61,1,0,0,0,14.3,294,0.8685314685314685,0,0,False,True,False,False,False,False,False,False,True,False,True
19,1.84,16.9,1,0,1,0,13.61,36,0.1351947097722263,0,1,True,False,True,False,False,False,False,False,False,False,True
27,13.98,75.95,0,0,0,0,14.13,724,0.9893842887473461,0,0,True,False,False,False,False,True,False,False,False,False,True
22,4.36,22.36,0,0,0,0,13.55,1021,0.32177121771217715,0,0,True,False,False,False,False,False,False,False,True,False,True
27,19.85,89.4,1,1,0,0,13.88,947,1.430115273775216,0,0,True,False,True,False,False,False,False,False,False,False,True
50,13.25,31.28,0,0,0,0,8.77,777,1.5108323831242874,0,0,True,False,False,False,False,False,False,True,False,False,False
71,6.06,48.69,0,0,0,0,14.16,175,0.4279661016949152,0,0,True,False,False,False,False,False,False,True,False,False,True
55,9.9,70.99,1,0,0,0,13.81,270,0.7168718320057929,0,0,False,False,False,False,False,False,True,False,False,False,True
30,6.84,54.38,0,0,0,0,18.1,886,0.3779005524861878,0,0,False,False,False,False,False,True,False,False,False,True,False
48,13.66,48.61,1,0,0,0,13.42,316,1.0178837555886737,0,0,False,False,False,False,False,False,True,False,False,False,True
64,2.09,3.11,0,0,0,0,9.08,981,0.23017621145374448,0,0,False,False,True,False,False,False,False,False,False,False,False
53,9.26,41.03,1,0,0,0,8.91,55,1.0392817059483725,0,1,True,False,True,False,False,False,False,False,False,False,False
62,2.85,56.26,1,0,0,1,13.53,481,0.21064301552106432,0,0,False,False,False,False,False,False,False,True,False,False,True
41,14.88,50.95,2,0,0,1,8.64,135,1.722222222222222,1,0,False,False,False,False,True,False,False,False,False,False,False
69,11.29,52.81,0,0,0,0,17.94,269,0.6293199554069119,0,0,False,False,True,False,False,False,False,False,False,True,False
73,1.22,87.96,0,0,0,1,8.66,361,0.14087759815242493,0,0,True,False,True,False,False,False,False,False,False,False,False
32,5.04,27.83,0,0,0,0,17.62,941,0.28603859250851305,0,0,True,False,False,False,False,True,False,False,False,True,False
46,9.94,39.82,3,1,1,0,14.59,1095,0.6812885538039753,1,0,True,False,False,False,True,False,False,False,False,False,True
25,1.12,38.51,0,1,0,0,18.0,674,0.06222222222222223,0,0,False,False,False,False,False,False,True,False,False,True,False
22,4.11,26.5,2,0,0,1,9.44,64,0.43538135593220345,1,1,False,False,False,False,False,False,True,False,False,False,False
46,11.07,30.75,0,0,1,0,13.72,905,0.8068513119533528,0,0,False,False,True,False,False,False,False,False,False,False,True
64,1.97,84.2,0,1,0,0,8.91,413,0.22109988776655443,0,0,True,False,False,False,False,True,False,False,False,False,False
21,2.91,56.85,1,0,0,0,8.49,840,0.34275618374558303,0,0,False,False,False,False,False,False,True,False,False,False,False
29,5.08,74.17,0,1,0,0,9.55,777,0.5319371727748691,0,0,False,False,False,False,False,False,True,False,False,False,False
62,4.54,66.54,1,1,0,0,13.66,988,0.3323572474377745,0,0,True,False,False,False,False,False,False,False,False,False,True
19,8.19,63.58,0,1,0,0,9.19,1086,0.8911860718171926,0,0,True,False,False,False,False,True,False,False,False,False,False
44,18.62,82.99,0,0,0,0,17.97,124,1.0361713967723987,0,0,False,False,False,False,False,False,True,False,False,True,False
48,9.0,37.4,0,1,0,0,9.69,1049,0.9287925696594428,0,0,True,False,False,False,False,False,False,True,False,False,False
68,7.17,68.62,0,0,0,1,9.32,234,0.76931330472103,0,0,False,False,False,False,False,False,False,False,True,False,False
68,11.5,28.72,1,0,1,1,8.98,863,1.2806236080178173,0,0,False,True,True,False,False,False,False,False,False,False,False
53,5.68,47.87,1,0,1,1,13.8,59,0.4115942028985507,0,1,False,False,False,True,False,False,False,False,False,False,True
53,12.77,85.28,0,0,1,0,9.48,295,1.3470464135021096,0,0,False,False,True,False,False,False,False,False,False,False,False
43,6.62,30.23,0,0,0,0,17.21,52,0.38466008134805346,0,1,False,False,False,False,False,False,False,True,False,True,False
60,14.08,57.09,2,0,0,0,13.81,638,1.0195510499637943,1,0,False,False,False,True,False,False,False,False,False,False,True
44,3.27,30.07,0,0,0,0,18.33,68,0.17839607201309332,0,1,True,False,False,False,False,False,False,False,True,True,False
22,3.76,24.51,2,0,0,1,8.79,202,0.42775881683731515,1,0,True,False,False,False,False,False,False,False,True,False,False
37,11.01,36.36,1,0,0,0,13.83,789,0.7960954446854663,0,0,True,False,False,False,False,False,False,True,False,False,True
28,4.96,42.68,1,1,0,1,14.43,443,0.3437283437283437,0,0,False,False,False,False,True,False,False,False,False,False,True
27,8.26,47.48,0,1,0,0,18.95,721,0.43588390501319263,0,0,True,False,False,False,True,False,False,False,False,True,False
57,8.66,67.23,0,0,1,0,13.84,644,0.6257225433526011,0,0,True,False,False,False,False,False,False,False,True,False,True
55,3.37,52.97,1,0,0,1,17.52,238,0.192351598173516,0,0,True,False,False,False,True,False,False,False,False,True,False
23,5.93,61.79,0,0,0,0,8.99,51,0.6596218020022246,0,1,False,False,False,False,True,False,False,False,False,False,False
25,3.15,31.39,1,0,0,1,14.1,34,0.22340425531914893,0,1,False,True,False,False,True,False,False,False,False,False,True
40,5.42,31.73,0,0,0,0,8.94,680,0.6062639821029083,0,0,False,True,False,False,False,False,False,False,True,False,False
64,8.0,14.54,1,0,0,0,8.76,243,0.9132420091324202,0,0,False,False,False,True,False,False,False,False,False,False,False
43,11.86,61.01,1,0,0,0,9.05,949,1.3104972375690607,0,0,False,False,False,False,True,False,False,False,False,False,False
63,20.77,51.51,0,0,0,0,17.8,936,1.1668539325842695,0,0,False,False,False,True,False,False,False,False,False,True,False
60,13.59,32.48,0,0,0,0,17.54,701,0.7748004561003421,0,0,False,False,True,False,False,False,False,False,False,True,False
29,8.89,54.03,0,0,0,1,8.89,696,1.0,0,0,False,False,False,False,False,False,False,False,False,False,False
43,19.75,60.06,2,1,0,0,18.11,829,1.0905577029265598,1,0,True,False,False,False,False,False,False,False,True,True,False
30,4.38,50.76,1,0,1,0,14.44,346,0.3033240997229917,0,0,False,False,False,False,False,False,False,True,False,False,True
57,13.65,21.41,1,0,0,0,14.58,822,0.9362139917695473,0,0,True,False,False,False,True,False,False,False,False,False,True
35,2.13,27.64,0,1,0,1,8.96,605,0.23772321428571425,0,0,True,False,False,False,False,False,True,False,False,False,False
42,6.99,76.79,1,1,0,1,13.71,120,0.5098468271334792,0,0,False,False,False,False,False,False,False,False,True,False,True
50,6.83,34.36,2,1,0,1,9.04,1095,0.7555309734513275,1,0,True,False,False,False,False,True,False,False,False,False,False
64,4.58,30.19,0,0,0,0,9.18,790,0.49891067538126366,0,0,True,False,False,False,False,False,False,True,False,False,False
57,5.95,18.88,0,0,0,0,13.36,799,0.4453592814371258,0,0,False,False,False,False,False,False,False,False,False,False,True
60,8.26,38.09,2,0,0,1,17.88,30,0.4619686800894855,1,1,True,False,True,False,False,False,False,False,False,True,False
29,3.42,86.31,0,0,1,1,13.81,138,0.24764663287472843,0,0,False,False,False,True,False,False,False,False,False,False,True
61,9.16,34.97,1,0,0,0,18.27,957,0.5013683634373289,0,0,False,False,False,True,False,False,False,False,False,True,False
53,2.37,22.68,1,0,0,1,18.06,235,0.1312292358803987,0,0,False,False,False,False,False,True,False,False,False,True,False
65,4.86,52.03,1,1,0,0,9.01,879,0.5394006659267481,0,0,False,False,False,False,False,False,False,True,False,False,False
21,3.17,60.34,1,1,0,1,9.69,619,0.32714138286893707,0,0,False,False,False,False,True,False,False,False,False,False,False
22,4.78,20.59,3,0,1,0,13.75,652,0.34763636363636363,1,0,False,False,False,False,False,False,True,False,False,False,True
73,2.87,85.47,1,0,1,0,17.76,994,0.16159909909909909,0,0,False,False,False,False,True,False,False,False,False,True,False
54,10.09,74.5,0,1,0,0,18.13,994,0.5565361279646994,0,0,False,False,False,False,False,False,False,True,False,True,False
25,26.54,41.71,0,0,0,0,13.68,682,1.9400584795321638,0,0,False,False,False,False,False,False,False,False,True,False,True
59,6.61,16.79,0,0,0,1,14.02,108,0.471469329529244,0,0,False,False,False,False,False,True,False,False,False,False,True
66,8.39,52.35,1,0,0,1,14.7,444,0.5707482993197279,0,0,True,False,False,False,False,False,True,False,False,False,True
45,7.13,80.85,0,1,0,1,9.48,668,0.7521097046413502,0,0,True,False,False,True,False,False,False,False,False,False,False
48,2.85,86.46,0,0,0,0,8.59,820,0.3317811408614668,0,0,False,False,False,False,False,True,False,False,False,False,False
26,13.34,5.2,1,0,0,0,13.18,1091,1.0121396054628224,0,0,True,False,False,False,False,True,False,False,False,False,True
71,21.29,63.43,1,0,0,0,17.15,362,1.241399416909621,0,0,True,False,False,False,False,False,True,False,False,True,False
68,8.7,49.14,2,1,0,0,18.09,317,0.48092868988391374,1,0,False,False,False,True,False,False,False,False,False,True,False
46,8.93,50.67,0,0,0,0,8.67,190,1.029988465974625,0,0,True,False,False,True,False,False,False,False,False,False,False
31,14.06,43.51,0,1,0,1,13.89,349,1.0122390208783296,0,0,True,False,False,False,False,False,False,True,False,False,True
57,18.47,38.78,0,1,0,0,17.8,953,1.037640449438202,0,0,False,True,False,False,False,False,False,False,False,True,False
58,4.55,39.62,2,0,0,1,13.96,393,0.3259312320916905,1,0,False,False,False,False,False,False,False,False,False,False,True
39,13.06,48.08,2,0,0,0,8.66,504,1.508083140877598,1,0,True,False,False,False,True,False,False,False,False,False,False
28,20.53,47.66,1,1,0,0,13.71,1052,1.49744711889132,0,0,False,True,False,False,False,False,False,True,False,False,True
40,3.24,44.18,1,0,0,1,14.91,795,0.21730382293762576,0,0,False,True,False,False,False,False,True,False,False,False,True
18,5.5,34.96,1,0,0,1,13.92,631,0.39511494252873564,0,0,True,False,False,False,False,False,False,True,False,False,True
63,15.61,40.01,1,0,0,0,14.01,341,1.1142041399000713,0,0,True,False,False,False,False,False,True,False,False,False,True
54,4.61,60.45,0,1,1,0,17.91,618,0.2573981016192072,0,0,False,False,False,False,False,True,False,False,False,True,False
38,7.26,81.36,0,0,0,0,9.23,372,0.7865655471289273,0,0,False,False,False,False,True,False,False,False,False,False,False
43,5.93,52.87,1,0,0,1,9.53,935,0.6222455403987408,0,0,False,False,False,False,False,False,False,False,True,False,False
63,5.07,26.07,0,0,0,1,13.04,201,0.3888036809815951,0,0,False,False,False,False,False,True,False,False,False,False,True
53,4.27,81.82,0,1,0,0,8.64,655,0.49421296296296285,0,0,False,False,False,True,False,False,False,False,False,False,False
71,14.51,84.11,1,0,0,0,18.12,1062,0.8007726269315673,0,0,True,False,False,False,False,False,False,False,True,True,False
40,24.83,44.94,2,0,0,0,9.48,711,2.6191983122362865,1,0,False,False,False,False,False,False,False,True,False,False,False
74,8.37,26.21,2,1,0,1,13.31,340,0.6288504883546205,1,0,True,False,False,False,False,False,True,False,False,False,True
18,16.86,8.65,0,1,0,0,17.73,943,0.9509306260575295,0,0,False,False,False,False,False,False,False,False,True,True,False
71,2.4,53.36,0,1,0,1,9.01,459,0.2663706992230855,0,0,False,False,False,False,False,True,False,False,False,False,False
72,14.59,39.07,1,0,0,0,17.73,887,0.8228990411731528,0,0,True,False,False,False,False,False,True,False,False,True,False
68,5.35,66.31,1,0,0,1,14.55,314,0.3676975945017182,0,0,False,False,False,False,True,False,False,False,False,False,True
57,4.36,56.13,1,1,0,0,9.25,524,0.47135135135135137,0,0,True,False,False,False,False,True,False,False,False,False,False
32,11.48,37.62,0,0,0,0,18.62,384,0.6165413533834586,0,0,True,False,False,True,False,False,False,False,False,True,False
38,10.62,19.65,1,0,0,0,9.13,243,1.1631982475355966,0,0,False,False,False,False,False,False,False,True,False,False,False
64,9.6,87.69,0,1,0,1,15.15,846,0.6336633663366337,0,0,True,False,False,False,False,False,True,False,False,False,True
26,4.04,50.18,0,0,1,0,9.19,229,0.4396082698585419,0,0,False,False,False,False,False,False,False,True,False,False,False
70,16.5,28.24,0,0,0,0,8.97,882,1.8394648829431437,0,0,True,False,False,False,False,False,True,False,False,False,False
26,5.02,37.23,0,0,0,1,18.61,165,0.2697474476088125,0,0,False,False,False,False,False,True,False,False,False,True,False
27,9.06,57.34,0,0,0,0,13.93,977,0.6503948312993539,0,0,False,False,False,False,False,False,False,False,False,False,True
69,4.9,32.27,1,0,0,1,8.73,657,0.561282932416953,0,0,False,False,False,False,False,False,False,False,False,False,False
74,9.11,74.42,0,0,0,1,13.69,946,0.6654492330168006,0,0,False,False,False,False,False,False,True,False,False,False,True
70,3.49,55.95,0,0,0,1,13.82,371,0.25253256150506515,0,0,False,False,False,False,True,False,False,False,False,False,True
43,8.22,55.73,0,0,1,0,17.58,417,0.4675767918088738,0,0,True,False,False,False,False,False,False,True,False,True,False
58,5.27,84.67,0,0,0,0,13.91,33,0.37886412652767787,0,1,True,False,False,True,False,False,False,False,False,False,True
52,0.83,19.05,2,1,0,1,18.1,706,0.045856353591160214,1,0,True,False,True,False,False,False,False,False,False,True,False
69,8.42,79.44,0,0,1,0,14.21,428,0.5925404644616467,0,0,True,False,False,False,False,False,True,False,False,False,True
42,5.56,77.55,0,0,0,1,13.86,440,0.40115440115440115,0,0,False,False,False,False,False,False,True,False,False,False,True
43,7.73,19.84,1,0,1,0,17.25,242,0.4481159420289855,0,0,True,False,False,False,False,False,False,False,False,True,False
28,14.21,38.17,0,0,0,0,9.14,589,1.5547045951859957,0,0,False,False,False,False,False,False,False,False,True,False,False
55,11.95,24.75,0,1,1,0,9.02,587,1.3248337028824833,0,0,False,False,False,False,False,True,False,False,False,False,False
19,26.01,27.15,1,0,1,0,8.48,587,3.0672169811320753,0,0,True,False,False,False,False,False,False,False,False,False,False
24,21.2,84.31,2,0,0,0,8.75,531,2.4228571428571426,1,0,False,False,False,False,False,False,False,True,False,False,False
35,7.9,68.8,0,1,1,0,9.19,673,0.8596300326441786,0,0,True,False,False,False,False,False,False,False,False,False,False
44,6.04,30.21,1,0,1,1,14.28,560,0.42296918767507,0,0,False,False,True,False,False,False,False,False,False,False,True
51,6.33,51.41,2,0,0,1,13.26,982,0.47737556561085975,1,0,True,False,False,False,True,False,False,False,False,False,True
44,5.01,49.87,0,1,0,0,9.49,816,0.5279241306638567,0,0,False,False,False,False,False,True,False,False,False,False,False
34,14.76,34.5,1,0,0,0,9.33,504,1.5819935691318328,0,0,False,True,True,False,False,False,False,False,False,False,False
60,10.14,39.2,0,0,0,1,9.12,71,1.111842105263158,0,1,True,False,False,False,True,False,False,False,False,False,False
61,6.69,26.54,0,0,0,0,13.71,633,0.487964989059081,0,0,True,False,True,False,False,False,False,False,False,False,True
68,6.97,69.8,0,1,0,0,14.49,77,0.4810213940648723,0,1,False,False,False,True,False,False,False,False,False,False,True
71,5.88,85.34,2,0,0,0,8.61,757,0.6829268292682927,1,0,True,False,False,False,False,True,False,False,False,False,False
41,13.31,38.82,1,0,0,0,18.08,250,0.7361725663716815,0,0,False,False,False,False,False,False,False,False,False,True,False
42,6.68,23.07,3,1,0,0,13.58,969,0.49189985272459497,1,0,False,False,True,False,False,False,False,False,False,False,True
24,9.61,31.1,1,0,0,1,17.6,372,0.5460227272727272,0,0,True,False,False,False,False,False,False,False,False,True,False
69,6.91,30.32,2,0,0,1,8.23,184,0.8396111786148238,1,0,False,False,False,False,False,True,False,False,False,False,False
23,7.94,65.95,0,0,0,0,14.12,967,0.5623229461756375,0,0,False,False,False,False,False,False,False,False,False,False,True
70,3.73,80.98,1,0,0,0,13.72,870,0.27186588921282795,0,0,False,False,False,False,False,False,False,True,False,False,True
41,4.33,37.19,0,0,0,1,17.75,416,0.24394366197183098,0,0,False,False,False,False,False,False,False,False,False,True,False
50,3.4,37.06,0,0,0,0,14.15,923,0.24028268551236748,0,0,True,False,False,False,False,False,False,False,True,False,True
66,11.36,28.21,0,0,0,1,18.59,67,0.6110812264658418,0,1,True,False,True,False,False,False,False,False,False,True,False
46,6.07,26.31,0,0,1,0,14.0,880,0.4335714285714286,0,0,False,True,False,False,False,True,False,False,False,False,True
60,1.53,64.85,0,0,0,0,13.91,758,0.10999281092739037,0,0,False,False,False,False,False,False,True,False,False,False,True
39,8.23,13.21,0,0,1,1,17.94,260,0.45875139353400224,0,0,True,False,False,False,False,False,True,False,False,True,False
43,26.88,59.28,1,0,1,0,14.06,481,1.9118065433854907,0,0,False,False,False,False,False,False,True,False,False,False,True
45,8.99,74.85,1,0,0,0,14.09,286,0.638041163946061,0,0,True,False,False,False,False,True,False,False,False,False,True
67,3.93,46.29,0,1,0,0,9.42,463,0.4171974522292994,0,0,True,False,False,False,False,False,False,False,True,False,False
38,4.05,17.84,1,0,0,1,17.63,238,0.22972206466250708,0,0,False,False,False,False,False,False,False,False,False,True,False
66,10.21,16.71,1,1,0,0,13.41,166,0.761372110365399,0,0,True,False,True,False,False,False,False,False,False,False,True
24,11.81,66.47,1,0,0,0,13.71,594,0.8614150255288111,0,0,False,False,False,False,True,False,False,False,False,False,True
34,13.59,7.44,1,0,0,0,8.83,885,1.539071347678369,0,0,True,False,False,False,True,False,False,False,False,False,False
37,3.12,28.84,1,1,1,0,13.45,750,0.23197026022304834,0,0,False,False,False,False,False,True,False,False,False,False,True
58,7.59,89.39,0,0,0,0,14.45,874,0.5252595155709343,0,0,True,False,False,False,False,False,False,True,False,False,True
66,2.11,93.15,0,0,0,1,14.23,65,0.14827828531271958,0,1,False,False,False,False,False,False,False,False,True,False,True
37,2.27,68.33,0,1,1,0,13.71,56,0.16557257476294673,0,1,False,False,True,False,False,False,False,False,False,False,True
71,7.55,46.66,1,0,0,1,8.79,47,0.8589306029579068,0,1,True,False,False,False,False,False,False,False,False,False,False
39,13.73,64.37,0,0,0,1,8.36,659,1.6423444976076558,0,0,False,False,False,False,False,False,True,False,False,False,False
45,5.72,67.18,0,0,1,0,13.23,608,0.43235071806500375,0,0,True,False,False,False,False,False,False,False,True,False,True
57,5.53,53.21,1,0,0,0,8.7,932,0.6356321839080461,0,0,True,False,False,False,False,False,False,False,True,False,False
66,3.33,72.86,3,0,0,0,13.7,1004,0.24306569343065695,1,0,False,False,True,False,False,False,False,False,False,False,True
24,9.64,41.88,1,0,0,0,13.5,1083,0.7140740740740741,0,0,True,False,False,False,False,True,False,False,False,False,True
18,3.75,45.02,1,0,0,1,18.45,152,0.2032520325203252,0,0,False,False,False,False,False,False,False,False,False,True,False
49,12.31,82.23,1,1,0,0,8.87,986,1.3878241262683204,0,0,False,False,False,True,False,False,False,False,False,False,False
30,3.8,34.41,1,1,0,0,8.7,1030,0.4367816091954023,0,0,False,False,False,True,False,False,False,False,False,False,False
47,6.5,47.54,0,1,0,0,13.76,1016,0.47238372093023256,0,0,True,False,False,False,False,True,False,False,False,False,True
40,10.66,57.62,0,1,0,0,13.99,367,0.7619728377412437,0,0,True,False,False,False,False,True,False,False,False,False,True
68,12.89,42.06,1,0,0,1,8.44,1020,1.5272511848341235,0,0,True,False,False,False,False,False,False,True,False,False,False
73,3.58,76.4,1,0,0,0,18.19,302,0.19681143485431554,0,0,False,False,False,False,False,True,False,False,False,True,False
36,2.65,17.19,1,1,0,0,13.79,931,0.19216823785351705,0,0,False,False,False,False,False,False,False,False,False,False,True
49,14.22,73.45,0,1,0,0,9.14,68,1.5557986870897156,0,1,False,False,False,False,False,False,False,True,False,False,False
47,5.23,31.15,0,0,0,1,8.76,711,0.5970319634703197,0,0,True,False,False,True,False,False,False,False,False,False,False
46,8.05,75.5,0,0,0,1,18.24,455,0.44133771929824567,0,0,True,False,False,False,False,False,False,True,False,True,False
66,6.26,52.32,1,0,0,1,9.39,344,0.6666666666666666,0,0,True,False,False,False,False,False,True,False,False,False,False
62,2.83,37.36,0,0,0,1,9.1,643,0.310989010989011,0,0,True,False,False,False,False,False,True,False,False,False,False
46,5.95,72.88,0,1,1,0,8.56,784,0.6950934579439252,0,0,True,False,False,True,False,False,False,False,False,False,False
47,10.39,17.53,1,0,0,1,12.97,186,0.8010794140323825,0,0,True,False,True,False,False,False,False,False,False,False,True
33,1.03,17.31,1,1,0,1,16.98,901,0.06065959952885748,0,0,True,False,False,True,False,False,False,False,False,True,False
57,3.59,16.66,0,1,0,0,9.11,806,0.3940724478594951,0,0,True,False,False,False,False,False,False,False,False,False,False
36,5.54,51.36,0,1,0,0,8.24,286,0.6723300970873787,0,0,True,False,False,False,False,True,False,False,False,False,False
35,10.6,52.79,0,0,0,0,8.97,884,1.1817168338907469,0,0,True,False,False,False,False,False,False,True,False,False,False
18,14.23,9.43,1,0,0,0,13.95,664,1.0200716845878137,0,0,True,False,True,False,False,False,False,False,False,False,True
31,4.0,84.08,1,0,0,0,8.93,485,0.4479283314669653,0,0,True,False,False,False,False,False,False,True,False,False,False
68,17.83,65.14,1,1,0,1,17.66,76,1.0096262740656852,0,1,False,False,False,False,False,False,False,False,True,True,False
64,41.87,11.72,1,0,1,0,8.58,39,4.879953379953379,0,1,True,False,False,False,True,False,False,False,False,False,False
67,10.89,79.81,0,0,0,0,9.31,173,1.1697099892588614,0,0,True,False,False,False,True,False,False,False,False,False,False
19,9.71,18.79,3,0,0,1,8.89,516,1.0922384701912262,1,0,True,False,False,False,False,False,False,True,False,False,False
71,2.55,11.61,1,0,1,1,18.36,1079,0.1388888888888889,0,0,True,False,True,False,False,False,False,False,False,True,False
45,4.41,72.35,0,1,1,0,14.05,1060,0.31387900355871884,0,0,True,False,False,True,False,False,False,False,False,False,True
66,3.5,36.59,0,0,0,1,17.92,620,0.19531249999999997,0,0,True,False,False,False,False,False,True,False,False,True,False
67,3.11,62.91,1,0,0,0,8.8,1068,0.35340909090909084,0,0,False,False,False,False,False,False,False,False,False,False,False
47,11.45,16.34,0,1,0,0,8.75,928,1.3085714285714285,0,0,True,False,False,False,False,False,False,True,False,False,False
55,7.93,81.68,0,1,0,0,13.93,236,0.5692749461593682,0,0,True,False,False,False,False,False,False,True,False,False,True
68,4.09,79.35,1,0,0,0,13.91,939,0.2940330697340043,0,0,False,False,False,False,False,False,False,False,False,False,True
21,9.5,56.99,0,1,0,0,14.16,288,0.6709039548022598,0,0,True,False,False,True,False,False,False,False,False,False,True
18,13.46,14.32,0,1,0,0,8.92,483,1.5089686098654709,0,0,True,False,False,False,False,True,False,False,False,False,False
25,14.25,70.43,0,0,0,0,9.59,828,1.4859228362877999,0,0,False,False,False,False,False,False,True,False,False,False,False
46,19.07,54.27,1,0,0,0,9.46,404,2.0158562367864694,0,0,False,False,False,False,False,False,False,True,False,False,False
72,10.02,53.45,0,1,0,1,13.92,493,0.7198275862068966,0,0,True,False,False,False,False,False,False,False,True,False,True
56,2.86,90.72,0,0,0,1,13.87,104,0.20620043258832013,0,0,False,False,False,False,False,False,True,False,False,False,True
20,13.82,75.06,0,0,1,1,17.95,271,0.76991643454039,0,0,True,False,False,False,False,False,False,False,True,True,False
49,4.77,55.62,1,1,0,0,8.35,1070,0.5712574850299401,0,0,True,False,False,False,True,False,False,False,False,False,False
27,9.96,47.52,0,1,1,1,18.03,152,0.5524126455906823,0,0,False,False,False,False,False,False,False,False,False,True,False
27,29.72,62.94,1,0,0,0,13.49,140,2.203113417346182,0,0,True,False,False,False,False,False,True,False,False,False,True
36,22.25,84.47,1,1,1,0,8.44,263,2.6362559241706163,0,0,True,False,False,False,False,True,False,False,False,False,False
63,18.91,44.28,1,1,0,0,18.04,997,1.0482261640798227,0,0,False,False,False,False,False,False,True,False,False,True,False
51,5.47,86.02,0,0,0,0,14.27,526,0.38332165381920114,0,0,False,False,True,False,False,False,False,False,False,False,True
50,13.1,75.21,1,0,0,0,13.89,1093,0.943124550035997,0,0,True,False,True,False,False,False,False,False,False,False,True
40,9.77,31.33,1,0,0,0,15.02,756,0.6504660452729694,0,0,False,False,False,False,False,False,False,False,False,False,True
72,21.69,38.37,0,0,0,0,9.12,121,2.378289473684211,0,0,True,False,False,False,False,True,False,False,False,False,False
45,5.88,98.42,1,0,0,1,14.06,366,0.41820768136557607,0,0,False,False,False,False,False,False,True,False,False,False,True
49,7.26,54.89,1,0,0,1,17.93,542,0.4049079754601227,0,0,True,False,False,True,False,False,False,False,False,True,False
67,5.18,71.42,1,0,1,0,8.82,632,0.5873015873015872,0,0,True,False,False,False,True,False,False,False,False,False,False
24,20.44,81.76,1,0,0,0,13.97,457,1.4631352899069434,0,0,True,False,False,False,False,True,False,False,False,False,True
46,8.42,37.28,1,0,0,0,14.47,36,0.5818935729094679,0,1,True,False,False,False,False,False,False,True,False,False,True
25,9.01,51.23,0,1,0,0,8.82,149,1.0215419501133787,0,0,True,False,False,False,False,False,False,False,False,False,False
18,7.55,18.24,0,1,0,1,8.7,416,0.8678160919540231,0,0,False,False,False,True,False,False,False,False,False,False,False
74,10.58,7.52,1,1,0,0,8.17,670,1.2949816401468788,0,0,False,False,False,False,False,True,False,False,False,False,False
72,27.92,81.44,1,0,0,0,14.33,1096,1.948360083740405,0,0,True,False,False,False,False,False,False,False,False,False,True
20,3.91,33.07,1,1,0,0,18.54,212,0.21089536138079829,0,0,True,False,False,False,False,True,False,False,False,True,False
41,10.16,21.67,0,0,0,0,14.67,726,0.6925698704839809,0,0,True,False,True,False,False,False,False,False,False,False,True
40,1.65,15.15,2,1,0,1,8.95,594,0.18435754189944134,1,0,False,False,False,False,True,False,False,False,False,False,False
25,13.47,30.02,1,0,0,0,13.83,475,0.9739696312364425,0,0,False,False,False,False,False,False,False,False,False,False,True
71,8.83,61.57,1,0,1,0,18.38,229,0.4804134929270947,0,0,False,True,False,False,True,False,False,False,False,True,False
74,6.88,15.36,0,0,0,0,8.94,977,0.7695749440715884,0,0,False,False,False,False,False,False,False,False,False,False,False
64,20.88,60.77,0,1,0,0,17.6,542,1.1863636363636363,0,0,True,False,True,False,False,False,False,False,False,True,False
54,29.42,45.91,0,0,0,0,14.3,1019,2.0573426573426574,0,0,True,False,False,False,False,False,False,True,False,False,True
20,12.22,72.44,0,0,0,0,8.32,242,1.46875,0,0,False,False,False,True,False,False,False,False,False,False,False
68,11.74,18.55,1,0,0,1,9.67,575,1.2140641158221304,0,0,False,False,True,False,False,False,False,False,False,False,False
50,10.85,59.84,0,0,0,0,13.42,515,0.8084947839046199,0,0,True,False,False,False,False,False,False,False,False,False,True
45,2.78,57.83,1,0,0,0,14.36,197,0.1935933147632312,0,0,True,False,False,False,True,False,False,False,False,False,True
64,0.91,70.79,0,0,0,0,17.22,919,0.052845528455284556,0,0,False,False,False,False,False,False,False,False,True,True,False
25,21.62,13.8,0,0,0,0,14.03,960,1.5409836065573772,0,0,True,False,True,False,False,False,False,False,False,False,True
51,8.35,56.93,1,0,0,1,8.39,857,0.9952324195470797,0,0,True,False,False,False,True,False,False,False,False,False,False
52,8.83,63.54,2,0,0,1,8.85,166,0.9977401129943503,1,0,False,False,False,False,False,True,False,False,False,False,False
49,9.33,37.49,0,1,0,1,14.07,144,0.6631130063965884,0,0,True,False,False,False,False,True,False,False,False,False,True
41,15.81,31.97,0,0,0,0,8.7,545,1.817241379310345,0,0,True,False,True,False,False,False,False,False,False,False,False
31,2.75,51.65,1,0,0,0,14.06,717,0.19559032716927452,0,0,False,False,False,False,False,False,False,False,False,False,True
49,4.02,70.06,0,0,0,0,9.4,1049,0.42765957446808506,0,0,False,False,False,False,False,True,False,False,False,False,False
73,21.54,44.05,0,1,0,0,8.81,1079,2.444948921679909,0,0,False,True,False,False,True,False,False,False,False,False,False
63,7.85,72.7,1,0,0,1,8.98,322,0.8741648106904231,0,0,True,False,False,True,False,False,False,False,False,False,False
60,8.27,15.31,0,0,0,1,9.68,260,0.8543388429752066,0,0,True,False,False,False,False,False,False,True,False,False,False
33,7.77,72.17,0,0,0,0,13.96,967,0.5565902578796561,0,0,False,False,False,False,True,False,False,False,False,False,True
21,21.37,70.6,2,0,0,0,9.18,547,2.3278867102396514,1,0,False,False,False,False,False,True,False,False,False,False,False
69,5.53,40.07,0,1,0,0,17.75,1077,0.3115492957746479,0,0,True,False,False,False,False,True,False,False,False,True,False
54,6.66,65.89,0,1,0,0,14.63,735,0.455228981544771,0,0,False,False,False,False,False,False,True,False,False,False,True
71,17.57,14.05,0,1,0,1,13.95,406,1.2594982078853048,0,0,True,False,False,False,False,False,False,False,True,False,True
38,4.14,36.46,0,0,0,1,13.84,466,0.2991329479768786,0,0,True,False,False,False,False,False,False,False,False,False,True
31,5.37,81.33,0,0,0,0,13.82,882,0.3885672937771346,0,0,True,False,False,False,True,False,False,False,False,False,True
48,5.44,25.62,1,0,0,0,8.52,999,0.6384976525821597,0,0,True,False,False,False,False,True,False,False,False,False,False
72,3.91,57.03,0,0,0,0,16.92,528,0.23108747044917255,0,0,True,False,False,False,False,False,False,False,False,True,False
65,17.54,72.95,0,1,0,1,13.36,629,1.312874251497006,0,0,False,False,True,False,False,False,False,False,False,False,True
35,2.7,29.67,0,0,0,1,8.89,807,0.30371203599550056,0,0,False,False,True,False,False,False,False,False,False,False,False
24,24.35,84.08,0,0,1,0,13.6,99,1.7904411764705883,0,0,False,False,False,False,True,False,False,False,False,False,True
27,13.87,63.95,0,0,0,1,14.23,234,0.9747013352073084,0,0,True,False,False,False,False,False,True,False,False,False,True
24,15.49,33.34,0,1,1,0,9.11,370,1.7003293084522504,0,0,True,False,False,False,False,True,False,False,False,False,False
50,13.41,82.75,0,0,1,0,17.29,1085,0.7755928282244072,0,0,True,False,False,False,True,False,False,False,False,True,False
40,7.55,21.62,1,0,0,0,9.32,1096,0.8100858369098712,0,0,True,False,False,False,False,False,False,True,False,False,False
38,6.39,60.63,0,1,0,1,14.15,147,0.4515901060070671,0,0,False,False,False,False,False,False,True,False,False,False,True
36,9.82,61.59,1,1,0,0,17.94,918,0.5473801560758083,0,0,False,False,False,False,False,True,False,False,False,True,False
65,8.65,50.74,4,1,1,1,9.68,44,0.8935950413223142,1,1,False,False,False,False,False,True,False,False,False,False,False
36,2.78,44.2,0,1,0,0,9.14,940,0.3041575492341356,0,0,True,False,False,False,False,False,False,False,False,False,False
53,7.71,73.74,1,0,0,0,9.18,656,0.8398692810457516,0,0,True,False,False,False,True,False,False,False,False,False,False
46,11.26,35.92,1,0,0,0,8.79,719,1.2810011376564279,0,0,False,False,False,False,False,True,False,False,False,False,False
35,11.89,59.46,0,1,1,0,9.11,803,1.305159165751921,0,0,True,False,False,False,False,False,False,False,False,False,False
19,11.92,86.06,0,1,0,0,17.67,942,0.674589700056593,0,0,False,False,False,False,False,True,False,False,False,True,False
18,4.44,35.71,0,0,0,1,18.18,149,0.24422442244224424,0,0,False,True,False,False,False,False,False,False,True,True,False
64,24.47,41.61,0,0,1,0,14.1,55,1.7354609929078013,0,1,True,False,False,False,False,False,True,False,False,False,True
22,7.42,67.38,0,1,0,0,9.29,93,0.7987082884822391,0,0,False,False,False,False,True,False,False,False,False,False,False
37,5.88,71.52,0,1,0,0,17.89,489,0.3286752375628843,0,0,False,False,False,False,False,False,False,False,True,True,False
28,24.93,73.98,0,1,0,0,14.01,343,1.7794432548179873,0,0,True,False,False,False,True,False,False,False,False,False,True
59,9.19,68.72,2,0,0,0,8.89,834,1.0337457817772777,1,0,False,False,False,False,False,False,False,True,False,False,False
19,6.33,90.11,0,0,0,0,13.71,1015,0.46170678336980303,0,0,True,False,True,False,False,False,False,False,False,False,True
20,3.24,69.11,2,1,0,0,9.34,765,0.3468950749464668,1,0,True,False,False,True,False,False,False,False,False,False,False
40,1.99,67.43,0,1,0,0,17.73,918,0.11223914269599548,0,0,False,False,False,False,False,False,False,False,False,True,False
72,7.56,41.99,0,0,0,0,14.35,1011,0.526829268292683,0,0,False,False,False,False,True,False,False,False,False,False,True
29,6.62,75.44,0,0,0,0,14.03,608,0.4718460441910193,0,0,True,False,False,False,False,False,True,False,False,False,True
37,3.07,25.81,0,0,0,0,14.3,1001,0.21468531468531465,0,0,True,False,False,False,True,False,False,False,False,False,True
22,4.93,45.65,0,0,0,0,13.39,890,0.368185212845407,0,0,False,False,False,False,True,False,False,False,False,False,True
54,20.14,37.4,0,0,0,0,9.07,736,2.2205071664829106,0,0,False,False,False,False,True,False,False,False,False,False,False
55,4.54,57.98,0,0,0,0,14.63,424,0.3103212576896787,0,0,False,False,False,True,False,False,False,False,False,False,True
47,8.59,26.11,1,1,0,1,17.58,513,0.48862343572241185,0,0,True,False,False,False,False,True,False,False,False,True,False
26,19.98,30.73,1,0,1,0,8.78,695,2.275626423690205,0,0,False,False,False,False,True,False,False,False,False,False,False
51,5.77,56.29,1,0,0,1,17.87,485,0.3228875209848908,0,0,True,False,False,False,False,True,False,False,False,True,False
70,14.05,52.24,0,1,0,0,14.09,239,0.9971611071682045,0,0,False,False,False,False,False,False,True,False,False,False,True
61,17.6,45.07,0,0,0,0,8.78,554,2.0045558086560367,0,0,True,False,False,False,False,False,True,False,False,False,False
52,14.34,75.13,0,0,0,0,14.16,705,1.0127118644067796,0,0,False,False,False,False,True,False,False,False,False,False,True
69,10.33,46.82,0,0,0,1,18.38,1031,0.5620239390642002,0,0,True,False,False,False,False,True,False,False,False,True,False
39,2.95,29.0,0,0,0,0,14.44,925,0.20429362880886429,0,0,True,False,True,False,False,False,False,False,False,False,True
61,2.57,57.34,2,0,1,1,13.82,1033,0.18596237337192473,1,0,True,False,False,False,True,False,False,False,False,False,True
41,19.96,41.35,0,0,0,0,13.94,336,1.4318507890961263,0,0,True,False,False,False,False,False,False,False,False,False,True
34,20.97,64.77,0,0,0,0,14.55,1075,1.4412371134020616,0,0,False,False,False,False,False,False,False,False,False,False,True
27,2.84,36.94,0,1,0,1,8.17,89,0.34761321909424725,0,1,False,False,False,False,False,False,True,False,False,False,False
47,13.29,65.85,0,0,0,0,8.85,415,1.5016949152542372,0,0,False,False,False,True,False,False,False,False,False,False,False
73,5.56,77.67,0,1,0,0,9.12,85,0.6096491228070176,0,1,True,False,False,False,False,False,False,False,False,False,False
63,7.08,52.07,0,0,0,0,8.46,197,0.8368794326241134,0,0,False,False,False,False,False,False,False,False,False,False,False
40,11.7,79.07,1,0,0,0,8.82,746,1.3265306122448979,0,0,False,False,False,False,False,False,False,True,False,False,False
49,3.92,92.28,0,0,0,0,14.13,894,0.2774239207360226,0,0,True,False,False,False,True,False,False,False,False,False,True
34,17.92,24.22,0,0,0,1,13.88,511,1.2910662824207493,0,0,True,False,False,False,True,False,False,False,False,False,True
67,6.04,62.48,1,0,0,0,9.44,369,0.6398305084745763,0,0,False,False,False,False,True,False,False,False,False,False,False
68,19.66,27.28,1,0,0,0,8.88,825,2.213963963963964,0,0,False,False,False,False,True,False,False,False,False,False,False
34,13.41,69.27,1,1,0,0,8.78,921,1.5273348519362189,0,0,False,False,False,False,False,False,False,False,True,False,False
31,12.96,53.91,0,1,0,1,8.93,805,1.4512877939529676,0,0,True,False,False,False,True,False,False,False,False,False,False
26,9.19,34.17,1,1,1,0,9.05,630,1.0154696132596683,0,0,False,False,False,True,False,False,False,False,False,False,False
57,2.84,52.31,1,0,0,0,13.27,466,0.21401657874905802,0,0,True,False,False,False,False,True,False,False,False,False,True
19,1.58,86.77,1,1,0,0,9.15,181,0.1726775956284153,0,0,False,False,False,False,False,False,True,False,False,False,False
62,5.81,78.04,1,0,1,0,13.42,963,0.4329359165424739,0,0,False,False,False,False,False,True,False,False,False,False,True
42,3.69,63.05,0,1,1,1,13.94,569,0.2647058823529412,0,0,True,False,False,True,False,False,False,False,False,False,True
56,2.58,85.49,1,0,0,0,8.24,254,0.3131067961165049,0,0,False,False,False,False,False,False,True,False,False,False,False
26,12.52,61.64,0,1,0,0,9.34,592,1.3404710920770877,0,0,True,False,False,False,False,False,False,False,True,False,False
71,8.68,21.61,0,1,0,1,8.33,587,1.042016806722689,0,0,False,True,False,False,True,False,False,False,False,False,False
39,7.0,35.19,0,0,0,0,9.37,647,0.7470651013874067,0,0,True,False,True,False,False,False,False,False,False,False,False
60,7.25,36.21,0,0,0,1,9.14,53,0.7932166301969364,0,1,True,False,False,False,False,True,False,False,False,False,False
63,8.44,60.19,1,0,1,1,14.07,397,0.5998578535891969,0,0,True,False,False,False,True,False,False,False,False,False,True
21,15.37,24.17,0,1,0,0,9.5,1028,1.6178947368421053,0,0,True,False,False,False,False,False,True,False,False,False,False
43,0.52,47.16,0,1,0,1,17.46,364,0.029782359679266894,0,0,True,False,False,False,False,True,False,False,False,True,False
46,10.36,50.85,0,0,1,1,8.8,32,1.177272727272727,0,1,False,False,False,False,False,False,False,True,False,False,False
62,1.18,24.84,4,0,0,1,14.33,1037,0.0823447313328681,1,0,False,False,False,False,False,False,False,False,False,False,True
51,6.51,35.64,0,0,0,1,14.86,292,0.43808882907133245,0,0,False,False,False,False,False,False,False,True,False,False,True
40,9.5,29.01,1,0,0,1,9.18,150,1.0348583877995643,0,0,True,False,True,False,False,False,False,False,False,False,False
54,20.99,51.1,0,0,0,0,8.69,50,2.41542002301496,0,1,False,False,False,False,True,False,False,False,False,False,False
28,10.82,34.7,2,0,0,1,13.93,934,0.7767408470926059,1,0,True,False,False,False,False,False,False,False,True,False,True
23,4.32,35.68,0,0,1,0,18.52,169,0.23326133909287258,0,0,False,False,False,False,True,False,False,False,False,True,False
35,13.84,45.05,1,0,0,0,9.4,235,1.4723404255319148,0,0,True,False,True,False,False,False,False,False,False,False,False
38,13.67,53.17,1,0,0,0,8.09,72,1.6897404202719406,0,1,False,False,True,False,False,False,False,False,False,False,False
59,13.8,26.58,1,0,0,0,9.03,879,1.5282392026578075,0,0,False,False,False,False,False,False,False,False,False,False,False
53,4.52,73.17,0,1,0,0,9.27,1058,0.48759439050701187,0,0,False,False,True,False,False,False,False,False,False,False,False
58,8.95,37.0,0,0,0,1,17.96,236,0.49832962138084624,0,0,True,False,False,False,False,False,False,True,False,True,False
55,5.29,60.57,1,1,0,1,13.61,664,0.38868479059515065,0,0,True,False,False,False,False,False,False,False,False,False,True
51,5.39,50.36,0,1,1,0,9.74,374,0.5533880903490759,0,0,True,False,False,False,True,False,False,False,False,False,False
34,6.59,13.82,0,0,0,1,8.85,401,0.744632768361582,0,0,False,False,False,False,False,True,False,False,False,False,False
54,6.19,41.52,1,0,0,0,9.5,576,0.6515789473684211,0,0,False,False,False,False,True,False,False,False,False,False,False
42,3.7,37.97,1,0,1,0,17.73,1013,0.2086858432036097,0,0,True,False,False,False,False,False,False,False,True,True,False
55,19.96,18.39,1,0,0,1,17.95,364,1.1119777158774373,0,0,False,False,True,False,False,False,False,False,False,True,False
29,7.58,39.16,0,0,0,1,8.96,40,0.8459821428571428,0,1,False,False,True,False,False,False,False,False,False,False,False
40,10.37,30.25,1,0,0,0,14.32,104,0.7241620111731842,0,0,False,False,False,False,False,False,True,False,False,False,True
70,15.08,57.74,1,0,0,0,17.84,976,0.8452914798206278,0,0,True,False,False,False,False,False,False,False,False,True,False
59,0.66,68.8,0,1,1,0,9.0,942,0.07333333333333333,0,0,True,False,False,False,False,False,True,False,False,False,False
39,5.46,57.18,1,0,0,0,8.16,739,0.6691176470588235,0,0,True,False,False,False,False,False,False,False,False,False,False
38,17.96,21.47,0,0,0,0,8.81,882,2.0385925085130534,0,0,False,False,False,False,False,False,False,True,False,False,False
44,4.32,75.1,2,0,0,0,7.91,805,0.5461441213653603,1,0,True,False,False,False,False,False,False,False,False,False,False
74,6.96,36.78,0,1,1,0,8.86,915,0.7855530474040633,0,0,False,False,False,False,True,False,False,False,False,False,False
48,0.64,58.84,1,1,0,0,17.84,765,0.03587443946188341,0,0,False,False,False,False,False,False,False,False,True,True,False
23,5.82,74.39,1,1,1,0,14.2,663,0.40985915492957753,0,0,False,False,False,False,False,True,False,False,False,False,True
44,5.75,79.69,0,0,0,0,8.99,1081,0.639599555061179,0,0,False,False,False,False,False,False,False,False,False,False,False
57,3.72,77.28,0,0,0,0,9.72,425,0.38271604938271603,0,0,True,False,False,False,False,False,False,False,False,False,False
51,8.38,44.09,0,1,0,1,14.49,712,0.5783298826777088,0,0,True,False,False,False,False,False,False,False,False,False,True
29,8.97,45.78,0,0,0,0,9.55,450,0.9392670157068063,0,0,False,False,False,False,False,False,False,False,True,False,False
62,3.67,48.45,0,1,0,0,9.52,393,0.3855042016806723,0,0,True,False,True,False,False,False,False,False,False,False,False
74,13.62,55.95,0,0,0,0,8.99,122,1.515016685205784,0,0,True,False,False,False,False,False,False,False,True,False,False
70,7.51,16.14,0,0,1,0,13.7,295,0.5481751824817518,0,0,True,False,False,True,False,False,False,False,False,False,True
24,14.26,82.09,2,0,1,0,9.19,235,1.5516866158868337,1,0,True,False,False,True,False,False,False,False,False,False,False
27,2.62,37.64,0,0,0,1,8.4,66,0.3119047619047619,0,1,True,False,False,True,False,False,False,False,False,False,False
62,8.67,42.9,0,0,0,0,14.76,1064,0.5873983739837398,0,0,False,False,True,False,False,False,False,False,False,False,True
34,6.36,40.39,0,0,0,0,8.14,773,0.7813267813267813,0,0,False,False,False,True,False,False,False,False,False,False,False
43,9.65,93.19,2,1,0,1,18.08,48,0.5337389380530975,1,1,False,False,False,False,False,True,False,False,False,True,False
38,4.2,57.99,0,0,1,0,14.01,403,0.2997858672376874,0,0,True,False,False,False,True,False,False,False,False,False,True
45,6.56,24.75,1,1,0,0,9.25,123,0.7091891891891892,0,0,True,False,False,False,False,False,False,False,True,False,False
63,6.4,69.03,0,0,1,0,9.23,61,0.6933911159263272,0,1,True,False,True,False,False,False,False,False,False,False,False
19,13.1,37.37,1,0,0,1,14.17,169,0.9244883556810162,0,0,False,False,False,False,True,False,False,False,False,False,True
71,22.73,16.8,1,0,0,0,9.24,1002,2.45995670995671,0,0,True,False,False,False,True,False,False,False,False,False,False
60,8.93,59.93,1,0,0,0,14.21,1074,0.6284306826178747,0,0,False,False,True,False,False,False,False,False,False,False,True
18,6.28,73.39,0,0,0,1,13.31,762,0.4718256949661908,0,0,False,False,False,True,False,False,False,False,False,False,True
68,0.79,71.34,0,0,1,1,14.23,783,0.05551651440618412,0,0,True,False,True,False,False,False,False,False,False,False,True
70,13.42,85.29,0,0,0,0,17.7,87,0.7581920903954803,0,1,True,False,False,False,False,False,False,True,False,True,False
53,6.14,2.39,1,0,0,1,8.78,169,0.6993166287015945,0,0,False,True,False,False,True,False,False,False,False,False,False
68,3.23,36.15,1,0,0,0,14.44,1076,0.2236842105263158,0,0,False,True,True,False,False,False,False,False,False,False,True
43,10.52,62.05,0,1,0,1,13.57,930,0.7752394988946204,0,0,True,False,False,False,True,False,False,False,False,False,True
46,4.64,86.51,2,1,0,1,18.35,407,0.2528610354223433,1,0,True,False,False,True,False,False,False,False,False,True,False
38,3.43,45.23,0,0,0,1,13.23,951,0.25925925925925924,0,0,False,True,False,False,False,False,False,False,True,False,True
28,13.8,79.91,0,0,0,0,13.7,402,1.0072992700729928,0,0,True,False,False,False,False,True,False,False,False,False,True
57,11.21,25.25,0,1,0,0,8.88,807,1.2623873873873874,0,0,True,False,False,False,False,False,True,False,False,False,False
28,4.11,82.79,1,0,0,1,14.22,196,0.2890295358649789,0,0,True,False,False,True,False,False,False,False,False,False,True
53,6.01,82.89,0,0,0,0,9.08,552,0.6618942731277533,0,0,False,False,False,False,False,False,True,False,False,False,False
66,5.97,70.01,0,0,0,0,14.23,613,0.4195361911454673,0,0,True,False,False,False,False,False,False,False,False,False,True
56,1.61,30.63,1,0,0,1,10.08,530,0.15972222222222224,0,0,True,False,True,False,False,False,False,False,False,False,False
57,5.77,31.24,0,0,0,0,8.97,925,0.6432552954292083,0,0,True,False,True,False,False,False,False,False,False,False,False
52,4.54,6.37,0,1,0,1,18.16,1028,0.25,0,0,False,False,False,True,False,False,False,False,False,True,False
71,10.27,92.4,1,0,0,1,9.43,589,1.0890774125132556,0,0,False,True,False,False,True,False,False,False,False,False,False
51,9.85,62.91,2,0,0,0,9.12,1041,1.0800438596491229,1,0,False,False,False,True,False,False,False,False,False,False,False
72,8.6,34.84,0,1,0,1,8.45,262,1.017751479289941,0,0,False,False,False,False,False,False,False,False,False,False,False
64,12.19,73.52,0,0,0,0,8.51,589,1.4324324324324325,0,0,False,False,False,True,False,False,False,False,False,False,False
41,6.69,65.57,2,1,0,0,14.28,950,0.46848739495798325,1,0,True,False,True,False,False,False,False,False,False,False,True
71,4.21,47.58,0,1,1,0,9.2,890,0.45760869565217394,0,0,True,False,False,True,False,False,False,False,False,False,False
39,17.07,42.97,2,0,0,0,9.1,901,1.8758241758241758,1,0,False,False,False,False,True,False,False,False,False,False,False
22,14.87,73.1,0,0,0,0,9.35,110,1.590374331550802,0,0,True,False,True,False,False,False,False,False,False,False,False
73,8.17,58.44,0,1,0,0,8.82,643,0.9263038548752834,0,0,True,False,False,False,True,False,False,False,False,False,False
50,16.67,18.43,0,1,1,0,8.32,732,2.003605769230769,0,0,False,False,False,True,False,False,False,False,False,False,False
53,12.4,40.47,1,0,0,0,14.3,570,0.8671328671328671,0,0,True,False,True,False,False,False,False,False,False,False,True
64,12.35,59.65,1,0,0,0,8.75,794,1.4114285714285715,0,0,True,False,False,False,False,False,False,True,False,False,False
37,8.74,54.98,1,0,0,0,9.62,767,0.9085239085239086,0,0,False,True,False,False,False,True,False,False,False,False,False
36,5.19,42.91,0,0,0,1,18.57,635,0.27948303715670436,0,0,False,False,False,False,True,False,False,False,False,True,False
52,2.29,70.82,1,0,0,1,18.0,651,0.12722222222222224,0,0,True,False,False,False,False,True,False,False,False,True,False
69,9.11,3.75,0,1,0,0,9.45,1051,0.964021164021164,0,0,False,True,False,False,False,False,False,True,False,False,False
60,2.07,34.29,0,1,0,1,8.95,225,0.23128491620111732,0,0,False,False,False,False,False,False,False,True,False,False,False
34,7.23,32.62,1,0,0,0,13.64,1024,0.5300586510263929,0,0,False,False,False,False,False,False,False,True,False,False,True
62,7.88,49.66,0,1,0,0,14.07,975,0.5600568585643212,0,0,True,False,False,False,False,False,False,True,False,False,True
60,16.31,45.51,1,0,1,1,18.0,73,0.9061111111111111,0,1,True,False,False,False,False,False,False,False,True,True,False
51,8.95,32.43,0,0,0,1,9.17,422,0.9760087241003271,0,0,False,False,False,False,False,True,False,False,False,False,False
26,3.84,60.17,2,0,0,0,13.88,184,0.27665706051873196,1,0,False,False,False,True,False,False,False,False,False,False,True
43,7.27,67.68,1,1,0,1,17.77,1007,0.40911648846370285,0,0,False,False,False,False,False,False,False,False,False,True,False
19,6.46,15.98,1,1,0,1,13.48,88,0.4792284866468843,0,1,True,False,False,True,False,False,False,False,False,False,True
70,7.82,47.33,2,0,0,1,9.37,139,0.8345784418356458,1,0,True,False,False,True,False,False,False,False,False,False,False
26,2.92,84.0,0,1,0,0,8.31,508,0.3513838748495788,0,0,False,False,False,False,False,True,False,False,False,False,False
26,12.3,87.26,0,1,0,0,8.72,647,1.4105504587155964,0,0,True,False,False,True,False,False,False,False,False,False,False
57,4.71,62.6,0,0,1,0,8.42,813,0.5593824228028503,0,0,False,False,False,False,False,False,True,False,False,False,False
34,10.26,38.96,0,0,1,1,14.33,1085,0.7159804605722261,0,0,True,False,False,False,False,False,False,False,True,False,True
18,1.21,43.58,0,1,0,1,9.23,630,0.13109425785482123,0,0,True,False,False,True,False,False,False,False,False,False,False
42,8.89,32.22,1,0,0,0,9.32,969,0.953862660944206,0,0,False,False,True,False,False,False,False,False,False,False,False
60,5.92,24.58,0,1,1,0,18.42,1021,0.32138979370249726,0,0,False,False,False,True,False,False,False,False,False,True,False
57,19.93,48.49,0,1,0,0,13.39,560,1.488424197162061,0,0,True,False,True,False,False,False,False,False,False,False,True
59,0.99,81.97,0,1,1,0,8.72,1056,0.1135321100917431,0,0,True,False,False,False,False,False,False,False,False,False,False
42,12.16,39.98,0,0,0,0,8.98,407,1.354120267260579,0,0,False,False,False,False,False,False,True,False,False,False,False
56,12.62,9.39,0,0,0,0,8.58,601,1.4708624708624707,0,0,True,False,False,False,False,False,True,False,False,False,False
52,3.99,91.96,0,0,0,1,8.89,616,0.44881889763779526,0,0,False,False,False,False,False,False,True,False,False,False,False
20,9.37,77.07,1,1,0,0,18.31,386,0.5117422173675586,0,0,False,True,False,False,False,False,False,True,False,True,False
67,18.24,14.8,1,1,0,1,8.93,714,2.0425531914893615,0,0,True,False,False,False,False,False,False,False,True,False,False
54,1.54,6.82,1,0,0,1,14.21,887,0.1083743842364532,0,0,False,False,False,True,False,False,False,False,False,False,True
61,12.16,36.0,1,0,0,0,9.16,688,1.3275109170305677,0,0,True,False,True,False,False,False,False,False,False,False,False
61,3.1,73.28,1,0,0,1,18.32,64,0.16921397379912664,0,1,False,False,False,False,False,False,False,False,True,True,False
68,9.47,53.11,0,0,0,0,14.26,1036,0.6640953716690042,0,0,True,False,False,False,False,False,False,False,True,False,True
47,7.13,29.21,2,0,0,1,18.22,490,0.3913282107574095,1,0,False,True,False,False,False,False,False,False,True,True,False
55,7.64,12.01,1,0,1,0,9.37,747,0.8153681963713981,0,0,True,False,False,False,False,False,True,False,False,False,False
51,4.32,25.79,0,0,0,0,18.5,541,0.23351351351351352,0,0,True,False,False,False,False,False,False,False,False,True,False
29,4.62,23.15,0,0,1,1,17.96,520,0.2572383073496659,0,0,False,True,False,False,False,False,False,False,False,True,False
36,7.53,73.29,1,1,0,1,13.86,302,0.5432900432900434,0,0,False,False,False,False,False,False,True,False,False,False,True
54,1.52,29.18,1,1,0,0,9.53,1042,0.15949632738719832,0,0,False,False,True,False,False,False,False,False,False,False,False
61,4.45,87.96,1,0,0,0,8.79,556,0.5062571103526735,0,0,True,False,True,False,False,False,False,False,False,False,False
66,8.55,60.96,0,1,0,1,9.25,239,0.9243243243243244,0,0,False,False,True,False,False,False,False,False,False,False,False
34,11.29,76.29,0,0,0,0,8.5,653,1.328235294117647,0,0,True,False,False,True,False,False,False,False,False,False,False
27,4.2,25.68,0,1,0,1,13.73,202,0.3058994901675164,0,0,True,False,False,False,False,False,False,False,False,False,True
74,12.61,21.31,2,0,0,0,14.49,476,0.870255348516218,1,0,False,False,False,True,False,False,False,False,False,False,True
72,5.41,92.58,0,0,0,1,14.27,40,0.3791170287316048,0,1,True,False,False,False,False,False,False,False,False,False,True
66,4.27,52.58,0,0,0,1,9.51,790,0.4490010515247108,0,0,False,False,False,False,False,False,False,False,True,False,False
64,11.32,55.41,2,0,0,0,8.67,352,1.3056516724336793,1,0,False,False,False,False,False,False,True,False,False,False,False
29,10.84,28.88,2,0,0,1,9.12,1006,1.1885964912280702,1,0,False,False,False,False,False,False,False,True,False,False,False
33,6.77,11.42,2,0,0,1,14.25,474,0.47508771929824556,1,0,False,False,False,False,False,False,False,False,True,False,True
41,2.12,6.36,0,0,0,1,13.47,371,0.15738678544914625,0,0,False,False,False,False,True,False,False,False,False,False,True
36,7.48,63.26,1,0,0,0,8.62,250,0.8677494199535964,0,0,True,False,False,True,False,False,False,False,False,False,False
25,1.99,23.42,0,0,0,1,13.85,139,0.1436823104693141,0,0,False,False,False,False,False,False,False,False,False,False,True
48,3.08,73.8,0,1,0,0,13.74,439,0.22416302765647744,0,0,True,False,False,False,False,False,False,False,True,False,True
38,6.89,63.21,0,0,0,1,18.43,534,0.37384698860553445,0,0,True,False,False,False,False,False,True,False,False,True,False
34,14.18,27.93,2,0,0,0,8.59,69,1.6507566938300349,1,1,False,False,False,False,True,False,False,False,False,False,False
40,6.26,62.12,0,0,0,1,14.06,292,0.4452347083926031,0,0,False,False,False,False,False,True,False,False,False,False,True
54,5.69,41.18,0,0,0,0,9.7,737,0.58659793814433,0,0,False,False,False,True,False,False,False,False,False,False,False
71,2.87,41.05,0,0,0,0,8.72,852,0.3291284403669725,0,0,True,False,False,False,False,False,False,False,True,False,False
33,2.12,88.25,0,1,0,1,14.46,490,0.14661134163208853,0,0,False,False,False,False,False,False,True,False,False,False,True
23,4.25,33.42,0,1,0,1,13.74,246,0.309315866084425,0,0,True,False,False,False,False,False,True,False,False,False,True
25,4.48,13.34,2,1,0,0,8.97,106,0.49944258639910816,1,0,False,False,False,False,False,False,False,False,False,False,False
42,5.88,25.94,0,0,1,0,8.08,921,0.7277227722772277,0,0,False,False,False,False,False,False,False,True,False,False,False
35,7.59,27.51,0,0,0,1,14.29,419,0.5311406578026592,0,0,False,False,False,False,False,False,False,False,True,False,True
42,17.59,59.22,0,1,0,0,9.49,1079,1.8535300316122234,0,0,True,False,False,False,False,False,True,False,False,False,False
29,8.06,25.53,1,1,0,0,14.31,403,0.5632424877707897,0,0,True,False,False,True,False,False,False,False,False,False,True
32,5.23,26.46,0,0,0,1,18.06,683,0.2895902547065338,0,0,True,False,True,False,False,False,False,False,False,True,False
43,7.43,32.51,0,1,0,1,13.88,933,0.5353025936599423,0,0,False,False,False,False,False,False,True,False,False,False,True
58,8.75,52.71,1,1,0,1,14.07,1077,0.6218905472636815,0,0,False,False,False,False,False,False,False,True,False,False,True
62,8.58,37.65,0,1,0,0,14.42,773,0.59500693481276,0,0,True,False,False,False,False,False,True,False,False,False,True
43,7.7,11.37,0,1,0,1,16.78,452,0.45887961859356374,0,0,False,False,False,False,False,False,False,False,False,True,False
64,6.72,49.93,1,1,0,1,13.65,882,0.4923076923076923,0,0,False,False,False,False,False,True,False,False,False,False,True
49,6.63,70.9,3,0,0,0,9.23,860,0.7183098591549295,1,0,False,False,False,False,False,False,False,False,True,False,False
27,3.03,27.29,0,0,0,0,8.87,1002,0.3416009019165727,0,0,False,False,False,False,False,False,False,False,False,False,False
33,10.26,49.19,1,0,0,1,18.0,658,0.57,0,0,False,False,False,False,False,False,False,False,True,True,False
24,24.77,25.73,0,0,0,0,9.43,599,2.626723223753977,0,0,True,False,False,False,True,False,False,False,False,False,False
34,10.95,41.55,0,0,1,1,14.11,151,0.776045357902197,0,0,True,False,False,False,False,False,False,False,True,False,True
40,5.48,11.35,0,0,0,1,17.91,188,0.3059743160245673,0,0,True,False,False,False,True,False,False,False,False,True,False
43,3.29,47.73,3,1,0,1,14.3,336,0.23006993006993007,1,0,False,True,False,False,False,False,False,False,False,False,True
38,5.22,50.47,1,0,1,1,9.21,780,0.5667752442996742,0,0,False,False,True,False,False,False,False,False,False,False,False
39,7.27,33.68,1,1,0,0,8.81,1091,0.8251986379114642,0,0,False,False,False,True,False,False,False,False,False,False,False
24,7.08,71.88,0,1,0,0,9.17,620,0.772082878953108,0,0,True,False,False,False,False,False,False,True,False,False,False
31,8.39,22.44,1,0,0,0,8.99,375,0.9332591768631814,0,0,True,False,True,False,False,False,False,False,False,False,False
32,10.28,18.45,0,0,1,1,17.72,178,0.5801354401805869,0,0,True,False,False,True,False,False,False,False,False,True,False
70,6.72,25.43,0,0,0,0,13.2,1069,0.5090909090909091,0,0,True,False,False,False,True,False,False,False,False,False,True
24,8.95,74.77,1,0,0,0,13.84,864,0.6466763005780346,0,0,False,False,False,False,False,False,True,False,False,False,True
26,5.58,33.41,0,0,1,0,14.28,810,0.3907563025210084,0,0,False,True,False,False,False,False,True,False,False,False,True
68,9.79,69.52,0,1,0,0,9.6,147,1.0197916666666667,0,0,False,False,True,False,False,False,False,False,False,False,False
65,3.72,22.19,0,0,0,1,8.89,733,0.4184476940382452,0,0,False,False,False,False,False,False,True,False,False,False,False
25,23.7,32.34,3,0,0,0,8.03,346,2.9514321295143215,1,0,True,False,False,False,True,False,False,False,False,False,False
67,16.04,76.77,0,0,0,0,14.27,317,1.1240364400840925,0,0,True,False,False,False,False,False,False,False,False,False,True
40,1.56,38.2,1,0,0,0,14.01,937,0.1113490364025696,0,0,True,False,False,False,False,False,False,True,False,False,True
46,8.2,57.41,1,0,0,1,14.85,326,0.5521885521885521,0,0,False,False,False,False,False,True,False,False,False,False,True
35,6.0,25.89,1,0,0,1,14.09,472,0.42583392476933996,0,0,False,False,False,False,False,False,False,False,True,False,True
48,15.43,61.68,2,1,0,0,18.09,930,0.8529574350469873,1,0,True,False,False,False,True,False,False,False,False,True,False
47,10.66,18.83,1,0,0,1,9.18,330,1.1612200435729847,0,0,True,False,False,True,False,False,False,False,False,False,False
69,9.15,62.58,0,0,1,1,13.09,927,0.6990068754774638,0,0,True,False,False,False,False,True,False,False,False,False,True
56,27.85,29.19,0,0,1,0,9.4,455,2.9627659574468086,0,0,True,False,False,False,True,False,False,False,False,False,False
52,7.53,28.07,0,0,0,1,14.08,279,0.5348011363636364,0,0,True,False,False,False,False,False,False,False,True,False,True
35,6.88,61.55,0,1,0,1,8.87,715,0.7756482525366404,0,0,True,False,False,False,False,False,False,False,True,False,False
59,20.36,74.32,1,1,0,0,14.75,781,1.3803389830508475,0,0,True,False,False,False,False,False,False,True,False,False,True
56,7.19,40.53,0,1,0,0,9.03,1027,0.7962347729789592,0,0,False,False,False,False,False,False,False,True,False,False,False
34,3.84,71.8,0,1,0,0,9.01,435,0.4261931187569367,0,0,False,False,False,False,False,False,False,True,False,False,False
31,10.83,19.14,0,1,0,1,18.1,830,0.598342541436464,0,0,True,False,False,False,False,False,True,False,False,True,False
48,31.09,66.58,1,0,1,0,8.86,273,3.509029345372461,0,0,True,False,False,True,False,False,False,False,False,False,False
41,11.59,79.04,1,1,0,0,9.48,396,1.2225738396624473,0,0,True,False,False,True,False,False,False,False,False,False,False
52,9.27,26.13,0,0,0,0,14.15,149,0.6551236749116607,0,0,True,False,False,False,True,False,False,False,False,False,True
61,2.69,53.4,2,1,1,0,13.84,879,0.19436416184971098,1,0,True,False,False,False,False,False,False,False,False,False,True
62,3.13,20.1,0,0,1,1,14.62,462,0.2140902872777018,0,0,False,False,False,False,False,False,False,False,True,False,True
51,12.97,62.3,1,0,0,1,13.81,212,0.939174511223751,0,0,False,False,False,False,True,False,False,False,False,False,True
20,4.86,36.23,0,0,0,0,7.95,788,0.6113207547169811,0,0,False,False,False,False,False,True,False,False,False,False,False
54,12.18,85.92,0,1,0,0,9.62,60,1.2661122661122661,0,1,True,False,False,False,True,False,False,False,False,False,False
60,8.08,67.48,0,0,0,1,13.6,1006,0.5941176470588235,0,0,False,False,False,True,False,False,False,False,False,False,True
57,13.72,29.65,0,0,0,1,8.35,557,1.64311377245509,0,0,True,False,False,False,False,False,False,True,False,False,False
43,8.33,46.93,2,0,0,1,18.52,893,0.4497840172786177,1,0,True,False,False,False,False,False,False,True,False,True,False
72,4.94,55.07,3,1,1,1,8.58,131,0.5757575757575758,1,0,False,False,False,False,True,False,False,False,False,False,False
40,3.29,16.83,0,1,1,0,14.34,652,0.2294281729428173,0,0,False,False,False,True,False,False,False,False,False,False,True
61,3.4,14.67,1,0,0,0,18.22,834,0.1866081229418222,0,0,False,False,False,True,False,False,False,False,False,True,False
56,34.37,25.99,4,0,0,0,14.24,437,2.4136235955056176,1,0,False,False,False,True,False,False,False,False,False,False,True
32,10.46,60.67,1,1,0,0,14.1,859,0.7418439716312057,0,0,False,False,False,False,False,False,False,True,False,False,True
73,12.25,85.59,0,1,0,0,13.98,818,0.8762517882689557,0,0,False,False,False,True,False,False,False,False,False,False,True
66,8.72,63.76,0,0,0,0,13.34,647,0.653673163418291,0,0,False,False,False,False,False,False,True,False,False,False,True
21,6.23,65.53,1,0,0,0,13.62,578,0.4574155653450808,0,0,False,False,False,False,False,False,False,False,True,False,True
46,5.25,78.49,0,0,0,0,9.44,320,0.5561440677966102,0,0,False,False,False,False,False,True,False,False,False,False,False
39,10.35,48.26,0,0,0,1,14.76,451,0.7012195121951219,0,0,False,True,False,True,False,False,False,False,False,False,True
42,10.29,92.05,1,0,0,0,8.1,210,1.2703703703703704,0,0,False,False,False,False,True,False,False,False,False,False,False
30,16.59,20.34,1,0,0,0,9.19,684,1.8052230685527748,0,0,True,False,False,False,False,False,False,False,True,False,False
35,9.83,47.59,2,1,0,1,14.48,143,0.6788674033149171,1,0,False,False,False,False,False,False,True,False,False,False,True
50,2.74,66.76,0,0,0,0,8.94,289,0.30648769574944074,0,0,True,False,False,False,False,True,False,False,False,False,False
33,20.78,50.4,2,0,0,0,13.12,273,1.5838414634146343,1,0,True,False,False,False,False,False,False,True,False,False,True
62,21.32,54.73,0,1,0,0,18.69,452,1.14071696094168,0,0,True,False,True,False,False,False,False,False,False,True,False
59,1.76,20.62,0,0,0,1,17.87,364,0.09848908785674314,0,0,False,False,False,False,False,False,True,False,False,True,False
61,5.15,73.31,0,1,0,0,13.45,1076,0.38289962825278817,0,0,False,False,True,False,False,False,False,False,False,False,True
19,2.12,24.57,0,0,1,1,13.62,300,0.15565345080763585,0,0,True,False,False,False,False,False,False,False,True,False,True
72,14.32,60.15,1,0,0,0,9.47,483,1.512143611404435,0,0,True,False,False,False,True,False,False,False,False,False,False
52,17.92,46.03,0,0,0,0,13.94,623,1.2855093256814922,0,0,True,False,False,False,False,True,False,False,False,False,True
59,10.4,8.81,0,0,1,0,7.95,1039,1.3081761006289307,0,0,False,False,False,False,False,False,False,True,False,False,False
51,12.56,50.67,1,1,0,0,9.78,885,1.2842535787321065,0,0,True,False,False,False,False,True,False,False,False,False,False
47,18.83,72.28,0,1,1,0,14.18,161,1.3279266572637516,0,0,True,False,False,False,False,False,True,False,False,False,True
72,6.23,16.87,0,1,1,0,8.72,797,0.7144495412844036,0,0,True,False,False,False,False,False,False,True,False,False,False
30,29.73,33.53,0,1,0,0,9.51,530,3.1261829652996846,0,0,False,False,True,False,False,False,False,False,False,False,False
30,3.6,83.12,0,0,0,0,13.71,164,0.26258205689277897,0,0,True,False,True,False,False,False,False,False,False,False,True
35,12.64,41.63,0,0,0,0,8.92,796,1.4170403587443947,0,0,False,False,False,False,False,False,False,False,False,False,False
49,7.42,30.2,1,0,0,0,9.06,841,0.8189845474613686,0,0,True,False,False,False,False,True,False,False,False,False,False
49,9.09,84.07,1,0,1,1,9.15,799,0.9934426229508196,0,0,False,False,False,True,False,False,False,False,False,False,False
52,11.73,44.09,3,1,0,1,14.25,123,0.8231578947368421,1,0,True,False,False,False,True,False,False,False,False,False,True
56,8.89,43.46,0,0,1,1,13.48,194,0.6594955489614244,0,0,False,False,False,True,False,False,False,False,False,False,True
63,8.36,62.97,3,0,1,1,13.08,354,0.6391437308868501,1,0,True,False,True,False,False,False,False,False,False,False,True
69,19.33,47.56,1,1,0,0,9.4,969,2.056382978723404,0,0,False,False,False,False,True,False,False,False,False,False,False
46,6.9,27.37,0,1,0,0,13.56,649,0.5088495575221239,0,0,False,False,False,False,False,False,False,False,False,False,True
66,11.26,25.45,0,1,0,0,14.06,260,0.8008534850640113,0,0,False,False,False,False,False,False,True,False,False,False,True
46,4.92,38.43,0,0,0,0,9.35,611,0.5262032085561498,0,0,False,False,False,False,False,False,False,False,False,False,False
70,8.25,60.34,1,0,0,0,14.41,762,0.5725190839694656,0,0,True,False,False,False,True,False,False,False,False,False,True
61,7.44,19.64,1,0,0,1,13.6,700,0.5470588235294118,0,0,False,False,True,False,False,False,False,False,False,False,True
74,9.46,60.58,0,0,1,0,13.65,432,0.6930402930402931,0,0,False,False,False,False,False,False,False,False,True,False,True
33,5.97,51.95,0,0,1,0,13.63,1085,0.438004402054292,0,0,True,False,False,False,True,False,False,False,False,False,True
73,11.67,30.66,1,0,0,1,8.69,150,1.3429228998849252,0,0,False,False,False,False,False,False,False,True,False,False,False
61,2.05,74.53,0,0,0,0,14.09,756,0.14549325762952448,0,0,True,False,False,True,False,False,False,False,False,False,True
64,8.35,58.64,2,0,0,1,13.33,414,0.6264066016504126,1,0,True,False,False,False,False,False,False,False,True,False,True
74,3.86,50.86,0,0,0,0,13.47,505,0.2865627319970304,0,0,True,False,False,False,False,True,False,False,False,False,True
27,4.74,62.71,0,1,0,1,13.93,589,0.3402727925340991,0,0,True,False,False,False,True,False,False,False,False,False,True
47,3.78,23.49,1,0,0,1,18.24,418,0.20723684210526316,0,0,False,False,False,False,False,False,False,True,False,True,False
42,6.97,48.55,1,0,0,1,17.63,819,0.3953488372093023,0,0,True,False,False,True,False,False,False,False,False,True,False
56,6.85,37.75,2,0,0,1,13.87,782,0.49387166546503247,1,0,True,False,False,False,False,True,False,False,False,False,True
37,5.21,44.51,0,0,0,1,13.21,733,0.39439818319454956,0,0,True,False,False,False,False,False,False,False,False,False,True
22,9.13,9.09,2,0,0,1,9.31,82,0.9806659505907627,1,1,False,False,False,False,False,False,False,False,True,False,False
18,4.87,42.61,0,0,1,0,14.18,596,0.343441466854725,0,0,False,False,False,False,True,False,False,False,False,False,True
47,4.09,65.93,2,1,0,0,14.28,850,0.2864145658263305,1,0,True,False,False,False,False,False,True,False,False,False,True
66,36.49,37.79,1,1,0,0,8.88,1074,4.1092342342342345,0,0,True,False,False,False,False,False,False,False,False,False,False
20,5.76,88.09,2,1,1,0,8.84,1072,0.6515837104072398,1,0,True,False,False,False,False,False,False,True,False,False,False
62,12.41,47.61,0,1,1,0,8.92,891,1.391255605381166,0,0,False,False,False,False,False,False,True,False,False,False,False
31,17.08,77.97,1,0,0,0,8.75,351,1.9519999999999997,0,0,False,False,True,False,False,False,False,False,False,False,False
73,10.17,46.01,1,0,0,0,9.17,856,1.109051254089422,0,0,True,False,False,False,False,False,False,False,False,False,False
47,7.53,66.83,0,1,0,0,9.03,462,0.8338870431893689,0,0,True,False,False,True,False,False,False,False,False,False,False
67,2.32,42.45,0,1,0,1,14.22,87,0.1631504922644163,0,1,False,False,False,False,False,False,False,False,False,False,True
21,14.69,26.0,0,1,0,0,8.95,1047,1.6413407821229051,0,0,False,False,False,True,False,False,False,False,False,False,False
35,23.07,63.47,0,0,0,0,8.33,780,2.7695078031212486,0,0,True,False,False,False,True,False,False,False,False,False,False
54,2.11,51.61,0,0,1,0,17.39,211,0.12133410005750431,0,0,True,False,False,False,True,False,False,False,False,True,False
42,4.49,75.47,2,0,0,0,8.51,636,0.527614571092832,1,0,True,False,False,False,False,False,False,True,False,False,False
65,8.28,59.42,1,0,0,0,17.54,990,0.47206385404789053,0,0,False,False,False,False,False,False,False,False,False,True,False
18,5.97,28.44,0,0,0,1,14.07,134,0.42430703624733473,0,0,False,False,False,False,True,False,False,False,False,False,True
70,5.74,63.9,0,0,0,0,8.26,636,0.6949152542372882,0,0,False,False,True,False,False,False,False,False,False,False,False
63,4.77,17.69,0,0,0,0,9.0,1019,0.5299999999999999,0,0,False,False,False,True,False,False,False,False,False,False,False
32,1.03,25.76,1,0,0,1,8.42,513,0.12232779097387174,0,0,True,False,False,False,False,True,False,False,False,False,False
26,4.18,47.93,0,0,0,1,8.99,158,0.46496106785317015,0,0,False,False,False,False,False,True,False,False,False,False,False
32,9.12,37.29,1,0,0,0,8.73,348,1.0446735395189002,0,0,False,False,False,False,False,True,False,False,False,False,False
66,37.67,66.42,0,1,0,0,9.09,736,4.144114411441144,0,0,True,False,False,False,True,False,False,False,False,False,False
74,4.77,21.76,0,0,0,0,9.05,538,0.5270718232044198,0,0,False,False,False,False,False,False,False,False,False,False,False
41,7.95,29.88,1,1,0,1,14.11,49,0.5634301913536499,0,1,True,False,False,False,False,True,False,False,False,False,True
21,21.51,43.86,1,0,1,0,9.3,781,2.3129032258064517,0,0,True,False,False,False,False,False,False,False,True,False,False
29,3.22,28.6,1,1,1,1,13.56,264,0.23746312684365783,0,0,False,False,False,False,False,False,True,False,False,False,True
54,11.84,73.49,0,1,0,0,9.34,635,1.2676659528907923,0,0,False,False,False,False,False,False,False,False,False,False,False
54,10.65,96.94,1,1,0,0,13.78,583,0.7728592162554427,0,0,False,False,False,True,False,False,False,False,False,False,True
60,3.09,27.84,0,0,0,0,9.43,482,0.32767762460233296,0,0,True,False,True,False,False,False,False,False,False,False,False
23,5.75,53.23,1,0,1,0,14.32,615,0.401536312849162,0,0,False,False,False,False,False,False,False,False,False,False,True
56,15.59,12.28,1,0,0,0,8.77,1013,1.7776510832383126,0,0,False,False,True,False,False,False,False,False,False,False,False
73,2.56,21.3,0,0,0,1,14.67,452,0.17450579413769599,0,0,True,False,False,False,False,False,False,False,False,False,True
63,5.15,20.99,0,0,0,1,8.53,35,0.6037514654161783,0,1,False,True,False,False,False,True,False,False,False,False,False
41,11.42,28.39,0,1,0,0,13.52,487,0.8446745562130178,0,0,False,False,False,False,False,False,True,False,False,False,True
28,13.17,63.8,2,0,0,0,9.16,583,1.437772925764192,1,0,True,False,False,False,False,False,True,False,False,False,False
30,16.36,38.93,0,0,0,0,13.9,551,1.176978417266187,0,0,False,False,True,False,False,False,False,False,False,False,True
51,10.71,49.38,0,0,0,0,9.99,875,1.0720720720720722,0,0,True,False,False,False,False,False,False,False,False,False,False
42,1.92,58.22,1,0,0,1,14.24,580,0.1348314606741573,0,0,True,False,False,False,False,False,True,False,False,False,True
24,7.88,60.4,0,1,0,0,9.51,40,0.8286014721345951,0,1,True,False,False,False,False,False,False,True,False,False,False
69,3.74,37.41,1,0,0,0,8.95,526,0.4178770949720671,0,0,False,True,False,False,False,False,False,False,False,False,False
21,4.4,59.3,0,0,0,0,13.26,1069,0.3318250377073907,0,0,True,False,False,False,False,False,True,False,False,False,True
25,1.84,24.89,2,0,1,0,17.34,1086,0.1061130334486736,1,0,False,False,False,False,False,False,False,False,True,True,False
37,27.36,51.61,1,0,0,0,14.17,774,1.9308398023994353,0,0,True,False,False,False,False,False,False,False,True,False,True
46,16.08,9.31,0,0,0,1,13.66,518,1.1771595900439238,0,0,False,False,False,False,False,False,False,True,False,False,True
71,4.64,77.46,0,0,1,1,13.76,765,0.3372093023255814,0,0,False,False,False,False,False,False,True,False,False,False,True
70,2.46,9.49,1,0,0,1,13.94,487,0.17647058823529413,0,0,False,False,False,False,False,False,False,False,True,False,True
68,3.5,23.42,1,0,0,1,8.9,493,0.3932584269662921,0,0,True,False,False,False,False,True,False,False,False,False,False
62,5.35,20.68,0,0,0,1,8.8,72,0.6079545454545454,0,1,False,False,False,False,False,False,False,False,False,False,False
63,3.01,9.27,1,1,0,0,17.41,568,0.17288914417001722,0,0,False,True,False,False,True,False,False,False,False,True,False
27,14.13,84.96,0,1,0,0,13.96,597,1.0121776504297995,0,0,False,False,False,False,False,False,True,False,False,False,True
60,25.48,35.74,0,1,0,0,13.67,150,1.8639356254572057,0,0,False,False,False,True,False,False,False,False,False,False,True
51,2.11,71.82,0,0,0,1,14.07,654,0.1499644633972992,0,0,False,False,False,False,False,False,False,True,False,False,True
74,11.99,76.51,0,0,0,0,8.63,345,1.3893395133256083,0,0,True,False,False,False,False,False,True,False,False,False,False
43,20.24,41.67,1,1,1,0,9.33,1051,2.1693461950696675,0,0,False,False,True,False,False,False,False,False,False,False,False
58,21.19,55.37,0,1,0,0,13.69,650,1.5478451424397373,0,0,False,False,True,False,False,False,False,False,False,False,True
66,8.48,45.58,1,0,1,0,9.7,483,0.8742268041237115,0,0,True,False,False,False,False,False,False,False,True,False,False
20,16.38,50.91,1,0,0,1,8.28,716,1.9782608695652175,0,0,True,False,False,True,False,False,False,False,False,False,False
73,6.08,18.62,0,1,0,1,14.12,653,0.4305949008498584,0,0,True,False,True,False,False,False,False,False,False,False,True
23,4.82,10.74,1,0,1,1,17.73,641,0.2718556119571348,0,0,False,False,False,False,False,False,False,True,False,True,False
22,5.15,66.39,1,0,1,0,8.73,988,0.5899198167239404,0,0,False,False,False,True,False,False,False,False,False,False,False
22,11.24,58.21,0,0,0,0,14.08,676,0.7982954545454546,0,0,True,False,False,False,False,False,False,False,True,False,True
71,8.89,31.88,1,0,0,1,9.06,792,0.9812362030905077,0,0,True,False,False,False,False,False,False,True,False,False,False
64,12.61,61.23,0,1,1,1,8.91,269,1.4152637485970818,0,0,True,False,False,False,False,False,False,False,False,False,False
40,6.36,59.2,0,1,0,0,17.92,763,0.35491071428571425,0,0,True,False,False,False,False,False,False,True,False,True,False
66,11.48,29.47,1,0,1,0,13.51,406,0.8497409326424871,0,0,True,False,True,False,False,False,False,False,False,False,True
26,10.66,37.58,0,1,0,0,9.28,33,1.1487068965517242,0,1,False,False,False,False,False,False,False,False,False,False,False
52,16.9,52.79,0,0,1,0,14.02,823,1.2054208273894436,0,0,True,False,True,False,False,False,False,False,False,False,True
37,1.35,51.86,0,0,0,1,9.01,875,0.14983351831298558,0,0,False,False,False,False,False,False,False,True,False,False,False
66,3.75,42.99,0,0,0,1,13.95,226,0.2688172043010753,0,0,False,False,True,False,False,False,False,False,False,False,True
59,6.9,45.89,0,1,0,0,9.62,418,0.7172557172557174,0,0,True,False,False,True,False,False,False,False,False,False,False
52,11.18,54.4,1,1,0,0,13.15,290,0.850190114068441,0,0,False,False,True,False,False,False,False,False,False,False,True
67,5.11,39.43,0,0,1,0,13.77,632,0.37109658678286134,0,0,False,False,True,False,False,False,False,False,False,False,True
35,12.14,84.12,2,1,1,0,8.76,123,1.3858447488584476,1,0,False,False,False,False,False,False,True,False,False,False,False
34,7.13,46.54,1,0,0,0,18.35,165,0.38855585831062667,0,0,True,False,False,False,False,False,False,False,False,True,False
41,6.28,26.58,0,0,0,1,18.3,554,0.34316939890710385,0,0,True,False,False,True,False,False,False,False,False,True,False
20,10.43,71.91,1,1,0,0,8.44,527,1.235781990521327,0,0,True,False,False,False,False,False,False,False,False,False,False
49,9.96,63.63,0,1,0,1,18.49,141,0.5386695511087075,0,0,True,False,False,False,False,True,False,False,False,True,False
52,8.27,52.54,1,0,1,0,14.06,398,0.5881934566145092,0,0,True,False,False,False,False,False,False,False,False,False,True
55,21.55,13.47,1,0,0,1,14.74,965,1.4620081411126187,0,0,True,False,False,False,False,True,False,False,False,False,True
30,1.32,23.95,0,1,0,0,17.6,797,0.075,0,0,True,False,False,False,False,False,False,True,False,True,False
73,9.99,48.29,0,0,1,0,14.27,615,0.7000700770847933,0,0,True,False,False,False,False,True,False,False,False,False,True
64,1.15,20.47,0,0,0,1,13.56,702,0.08480825958702064,0,0,True,False,False,False,False,True,False,False,False,False,True
42,6.19,37.12,1,0,0,1,17.98,540,0.3442714126807564,0,0,True,False,False,False,True,False,False,False,False,True,False
26,8.96,89.81,2,0,0,0,13.21,742,0.6782740348221045,1,0,False,True,False,False,False,False,False,True,False,False,True
21,9.19,90.79,1,0,0,0,13.46,849,0.6827637444279345,0,0,True,False,False,False,False,False,False,False,False,False,True
31,5.04,15.51,0,0,0,1,8.47,406,0.5950413223140495,0,0,False,False,False,False,False,False,False,False,True,False,False
54,10.5,38.6,1,1,0,1,13.87,574,0.7570295602018746,0,0,True,False,True,False,False,False,False,False,False,False,True
51,14.54,84.05,2,0,0,0,14.33,102,1.0146545708304255,1,0,False,False,True,False,False,False,False,False,False,False,True
28,5.71,66.88,1,1,0,0,13.84,1003,0.4125722543352601,0,0,True,False,False,False,True,False,False,False,False,False,True
58,8.38,11.71,0,0,0,0,14.14,533,0.5926449787835927,0,0,False,False,False,False,False,False,False,False,True,False,True
73,9.98,63.12,0,1,0,0,8.4,834,1.188095238095238,0,0,False,False,False,False,False,False,True,False,False,False,False
20,2.38,32.11,0,1,0,0,9.4,739,0.2531914893617021,0,0,True,False,False,False,False,True,False,False,False,False,False
45,10.45,51.12,0,1,0,0,14.21,354,0.7353976073187894,0,0,False,False,False,True,False,False,False,False,False,False,True
46,13.37,18.02,0,1,1,0,14.27,417,0.9369306236860546,0,0,False,False,False,False,False,False,False,True,False,False,True
26,15.96,47.87,1,0,1,0,13.47,857,1.1848552338530067,0,0,True,False,False,False,False,False,True,False,False,False,True
20,10.41,16.67,0,0,0,1,13.46,269,0.7734026745913818,0,0,False,False,False,False,False,False,False,False,True,False,True
42,11.79,55.92,2,0,0,0,17.85,1005,0.6605042016806721,1,0,False,False,False,False,True,False,False,False,False,True,False
51,6.89,28.33,0,0,0,1,9.19,60,0.749727965179543,0,1,False,False,False,False,False,False,False,False,True,False,False
29,11.54,42.52,0,1,0,1,18.85,508,0.6122015915119362,0,0,True,False,False,False,True,False,False,False,False,True,False
59,15.27,84.85,0,0,0,0,8.78,1067,1.7391799544419135,0,0,False,False,False,False,False,False,True,False,False,False,False
26,10.06,35.54,0,1,0,1,14.28,746,0.7044817927170869,0,0,False,False,False,False,False,False,True,False,False,False,True
32,7.57,35.6,0,0,0,1,13.47,97,0.5619896065330364,0,0,False,False,False,True,False,False,False,False,False,False,True
57,14.02,67.68,0,0,0,0,8.32,1035,1.6850961538461537,0,0,False,False,False,False,False,False,False,False,True,False,False
42,0.24,19.48,1,0,0,1,9.83,567,0.024415055951169887,0,0,True,False,False,False,False,False,False,False,True,False,False
22,14.07,74.07,0,0,0,0,8.7,320,1.617241379310345,0,0,False,False,False,False,False,True,False,False,False,False,False
28,4.21,81.92,0,1,0,0,13.9,1004,0.30287769784172663,0,0,True,False,True,False,False,False,False,False,False,False,True
51,1.77,68.15,0,1,0,0,7.85,53,0.22547770700636943,0,1,True,False,False,False,True,False,False,False,False,False,False
41,6.28,14.59,1,0,0,1,17.73,444,0.3542019176536943,0,0,False,False,True,False,False,False,False,False,False,True,False
32,6.7,58.84,1,1,0,0,9.07,880,0.7386990077177509,0,0,False,False,False,False,False,False,False,True,False,False,False
55,3.04,61.49,0,0,0,0,17.42,991,0.17451205510907003,0,0,True,False,False,False,False,False,False,True,False,True,False
25,6.6,51.06,1,0,1,0,9.04,710,0.7300884955752213,0,0,False,False,False,False,False,False,False,False,True,False,False
22,3.77,70.25,0,1,0,0,8.91,1089,0.42312008978675647,0,0,True,False,False,False,False,False,True,False,False,False,False
65,8.41,47.34,1,0,0,0,9.39,130,0.8956336528221512,0,0,True,False,False,False,False,False,False,True,False,False,False
43,1.35,11.76,1,1,1,0,18.35,575,0.07356948228882834,0,0,False,False,False,False,False,False,False,True,False,True,False
35,9.69,32.07,1,1,0,1,14.48,68,0.6691988950276243,0,1,True,False,False,True,False,False,False,False,False,False,True
23,4.28,38.64,1,0,0,1,9.32,240,0.4592274678111588,0,0,True,False,True,False,False,False,False,False,False,False,False
54,10.22,38.08,0,0,0,0,8.62,771,1.1856148491879352,0,0,True,False,False,True,False,False,False,False,False,False,False
65,3.4,27.0,2,1,0,1,9.13,621,0.37239868565169765,1,0,False,False,True,False,False,False,False,False,False,False,False
30,16.4,34.47,0,0,0,0,13.84,779,1.1849710982658959,0,0,True,False,False,False,False,True,False,False,False,False,True
45,14.02,38.26,0,1,0,0,9.4,201,1.4914893617021276,0,0,True,False,False,True,False,False,False,False,False,False,False
22,1.44,30.81,0,0,0,1,13.92,867,0.10344827586206896,0,0,False,False,False,False,False,True,False,False,False,False,True
30,10.77,82.01,0,0,1,0,14.06,471,0.7660028449502133,0,0,False,False,False,False,False,False,False,True,False,False,True
34,9.07,77.08,0,0,0,1,18.05,563,0.5024930747922438,0,0,True,False,False,False,False,False,False,False,True,True,False
67,8.46,54.54,0,0,0,0,14.35,394,0.5895470383275262,0,0,False,False,True,False,False,False,False,False,False,False,True
57,3.29,46.6,0,0,0,0,8.33,396,0.3949579831932773,0,0,True,False,False,False,False,False,False,True,False,False,False
62,3.05,60.75,0,1,0,0,18.03,325,0.16916250693288962,0,0,False,True,False,False,False,False,True,False,False,True,False
49,3.62,28.91,1,0,1,1,9.18,635,0.39433551198257083,0,0,True,False,True,False,False,False,False,False,False,False,False
46,1.75,53.73,0,0,1,1,13.9,785,0.12589928057553956,0,0,True,False,False,False,False,False,False,True,False,False,True
68,4.49,60.8,1,0,0,1,17.61,552,0.2549687677455991,0,0,True,False,False,False,False,True,False,False,False,True,False
20,16.77,56.58,1,0,0,0,9.15,294,1.8327868852459015,0,0,True,False,False,True,False,False,False,False,False,False,False
73,8.49,53.61,0,1,0,0,9.52,1091,0.8918067226890757,0,0,False,False,False,False,True,False,False,False,False,False,False
57,4.04,38.66,0,1,0,0,9.16,411,0.4410480349344978,0,0,True,False,True,False,False,False,False,False,False,False,False
51,6.71,55.55,1,0,0,0,9.04,460,0.7422566371681416,0,0,True,False,False,False,True,False,False,False,False,False,False
57,9.85,25.71,0,0,1,0,8.45,418,1.165680473372781,0,0,False,False,True,False,False,False,False,False,False,False,False
44,6.33,48.31,0,0,0,0,9.79,83,0.6465781409601635,0,1,False,False,True,False,False,False,False,False,False,False,False
30,5.7,45.85,2,0,0,0,9.26,53,0.6155507559395249,1,1,True,False,False,True,False,False,False,False,False,False,False
62,1.81,46.14,2,1,0,1,18.28,424,0.09901531728665207,1,0,True,False,False,False,False,True,False,False,False,True,False
50,5.75,20.58,2,0,1,0,14.05,662,0.40925266903914587,1,0,True,False,False,False,False,False,False,False,False,False,True
23,7.08,96.7,2,0,0,0,14.21,148,0.49824067558057705,1,0,True,False,False,False,False,False,False,False,False,False,True
41,5.68,42.83,2,0,0,0,14.64,1012,0.3879781420765027,1,0,True,False,False,False,True,False,False,False,False,False,True
36,6.42,34.42,0,0,0,1,17.76,221,0.36148648648648646,0,0,False,False,False,False,False,False,False,False,True,True,False
33,5.68,66.96,0,1,0,0,18.68,516,0.30406852248394,0,0,False,False,False,False,False,False,False,True,False,True,False
57,4.66,63.62,0,0,0,0,18.47,662,0.2523010286951814,0,0,True,False,False,False,False,False,False,False,True,True,False
45,1.35,49.45,0,0,0,0,18.29,750,0.07381082558775288,0,0,True,False,False,False,False,False,False,False,True,True,False
50,6.99,44.12,1,0,1,0,8.78,413,0.7961275626423691,0,0,True,False,False,False,False,False,False,False,False,False,False
65,24.95,51.11,1,1,1,0,14.46,841,1.7254495159059473,0,0,True,False,False,False,False,False,False,True,False,False,True
58,7.25,38.84,0,0,1,1,13.6,375,0.5330882352941176,0,0,True,False,False,False,False,False,False,False,False,False,True
30,7.7,23.19,2,1,1,1,14.29,502,0.5388383484954514,1,0,False,False,False,True,False,False,False,False,False,False,True
60,2.36,24.34,0,0,0,1,13.45,705,0.1754646840148699,0,0,False,False,False,True,False,False,False,False,False,False,True
62,11.9,36.16,1,1,0,0,8.55,32,1.391812865497076,0,1,False,True,False,False,False,False,False,False,False,False,False
42,7.23,67.35,0,0,1,0,9.0,954,0.8033333333333333,0,0,False,False,False,False,False,True,False,False,False,False,False
70,19.6,51.64,3,1,1,0,18.15,905,1.0798898071625347,1,0,True,False,False,False,False,False,False,False,False,True,False
59,8.02,53.94,0,0,0,0,13.24,1013,0.6057401812688822,0,0,False,False,False,False,False,False,True,False,False,False,True
53,20.11,89.35,0,1,0,0,8.17,1002,2.4614443084455324,0,0,True,False,False,False,False,False,False,False,True,False,False
44,48.38,61.59,0,1,0,0,8.47,408,5.711924439197166,0,0,True,False,False,False,False,True,False,False,False,False,False
55,7.62,42.51,1,1,0,1,14.37,167,0.5302713987473905,0,0,False,False,False,False,False,True,False,False,False,False,True
24,5.26,28.94,0,0,0,1,14.39,154,0.36553161917998606,0,0,True,False,False,False,False,False,False,False,True,False,True
22,19.55,32.45,1,0,0,0,13.66,963,1.431185944363104,0,0,False,False,False,False,False,True,False,False,False,False,True
60,6.49,60.11,1,0,0,1,8.59,509,0.7555296856810245,0,0,True,False,False,False,False,False,False,False,True,False,False
62,17.31,14.77,0,1,0,1,8.55,599,2.0245614035087716,0,0,False,False,False,False,False,False,True,False,False,False,False
74,9.89,72.7,1,0,0,0,8.5,95,1.163529411764706,0,0,False,False,True,False,False,False,False,False,False,False,False
68,9.13,16.05,0,1,0,0,13.75,881,0.664,0,0,False,False,False,False,False,True,False,False,False,False,True
48,15.57,21.09,1,0,0,0,9.02,461,1.7261640798226165,0,0,False,False,False,False,True,False,False,False,False,False,False
40,6.18,30.88,0,0,0,1,9.72,630,0.6358024691358024,0,0,True,False,False,False,True,False,False,False,False,False,False
59,8.58,57.19,0,0,0,1,13.87,885,0.6186012977649604,0,0,False,False,False,False,False,False,True,False,False,False,True
27,6.38,36.59,0,0,0,0,14.15,35,0.45088339222614837,0,1,False,True,False,False,False,False,False,False,True,False,True
49,4.81,30.16,1,1,0,1,9.67,187,0.4974146845915201,0,0,False,False,False,False,True,False,False,False,False,False,False
60,11.24,43.33,0,0,0,1,13.82,359,0.8133140376266281,0,0,False,False,False,False,False,False,True,False,False,False,True
70,3.41,62.63,2,0,0,1,17.93,252,0.1901840490797546,1,0,False,False,False,False,False,False,False,False,False,True,False
47,2.79,48.68,0,0,0,1,18.02,431,0.15482796892341844,0,0,False,False,False,False,False,False,False,True,False,True,False
56,7.69,66.67,1,0,0,1,14.19,574,0.5419309372797745,0,0,False,False,False,False,True,False,False,False,False,False,True
48,3.1,32.08,1,0,0,1,14.08,538,0.22017045454545456,0,0,False,False,False,True,False,False,False,False,False,False,True
35,5.99,53.94,1,0,1,0,9.02,213,0.6640798226164081,0,0,False,False,False,False,False,False,False,True,False,False,False
53,5.35,87.14,0,0,0,0,14.7,944,0.36394557823129253,0,0,True,False,False,True,False,False,False,False,False,False,True
19,6.96,32.75,1,1,0,0,14.1,610,0.49361702127659574,0,0,True,False,False,False,False,False,False,False,True,False,True
31,28.51,47.67,1,0,0,0,13.64,567,2.090175953079179,0,0,True,False,False,False,True,False,False,False,False,False,True
30,6.39,68.97,1,1,1,1,13.94,547,0.4583931133428981,0,0,True,False,False,False,False,False,True,False,False,False,True
46,4.24,33.96,0,0,0,1,13.1,797,0.3236641221374046,0,0,True,False,True,False,False,False,False,False,False,False,True
29,17.38,60.1,0,0,0,0,18.0,324,0.9655555555555555,0,0,False,False,False,False,True,False,False,False,False,True,False
56,0.82,9.89,1,0,0,1,8.95,1044,0.09162011173184358,0,0,True,False,False,False,True,False,False,False,False,False,False
19,7.67,81.43,0,0,0,1,9.08,289,0.8447136563876652,0,0,True,False,False,False,True,False,False,False,False,False,False
49,8.7,47.25,0,0,0,1,14.73,855,0.5906313645621181,0,0,False,False,False,False,True,False,False,False,False,False,True
30,9.34,71.06,3,0,0,0,8.67,345,1.077277970011534,1,0,False,True,False,True,False,False,False,False,False,False,False
63,5.16,42.38,0,0,1,1,14.34,775,0.3598326359832636,0,0,False,False,False,False,False,False,True,False,False,False,True
44,33.04,60.47,1,0,1,0,9.01,748,3.6670366259711433,0,0,False,True,False,False,False,False,True,False,False,False,False
66,9.38,46.43,0,1,0,1,13.14,709,0.7138508371385084,0,0,False,False,False,True,False,False,False,False,False,False,True
58,13.53,27.22,0,1,0,0,13.64,883,0.9919354838709676,0,0,True,False,True,False,False,False,False,False,False,False,True
34,16.81,37.83,0,1,0,0,8.94,490,1.8803131991051454,0,0,False,False,False,False,False,False,True,False,False,False,False
57,3.26,78.63,1,0,1,0,8.64,836,0.37731481481481477,0,0,False,False,False,False,False,False,True,False,False,False,False
48,5.63,79.37,2,1,1,1,9.33,822,0.6034297963558414,1,0,True,False,False,False,False,False,False,False,True,False,False
51,13.47,44.72,1,0,0,0,8.92,959,1.5100896860986548,0,0,True,False,False,False,False,True,False,False,False,False,False
41,14.09,73.24,0,1,0,0,13.44,178,1.0483630952380953,0,0,False,False,False,False,False,False,False,False,True,False,True
62,6.69,51.54,0,0,0,1,13.8,797,0.48478260869565215,0,0,True,False,False,False,False,True,False,False,False,False,True
52,1.58,82.1,3,1,0,0,8.69,374,0.18181818181818182,1,0,False,False,False,False,False,False,False,True,False,False,False
65,7.98,85.77,0,0,0,0,14.08,1003,0.5667613636363636,0,0,True,False,True,False,False,False,False,False,False,False,True
23,3.33,72.25,0,0,0,1,9.25,951,0.36,0,0,False,False,False,False,False,True,False,False,False,False,False
36,11.63,90.3,0,1,0,0,13.4,59,0.8679104477611941,0,1,False,False,False,False,False,False,False,False,True,False,True
47,6.09,74.47,1,1,0,0,8.8,759,0.6920454545454545,0,0,True,False,True,False,False,False,False,False,False,False,False
24,5.93,56.18,0,1,0,1,17.93,1011,0.33073061907417733,0,0,True,False,True,False,False,False,False,False,False,True,False
27,9.49,10.07,2,0,1,1,14.73,260,0.6442634080108621,1,0,False,False,False,False,True,False,False,False,False,False,True
58,13.78,49.91,1,0,0,0,14.27,758,0.9656622284512965,0,0,False,False,False,False,False,False,False,False,False,False,True
49,4.25,85.5,0,0,0,0,13.89,775,0.30597552195824335,0,0,False,False,False,False,False,False,False,False,False,False,True
51,2.87,57.86,1,1,0,1,17.68,428,0.16233031674208145,0,0,False,False,False,False,False,False,False,False,False,True,False
45,2.58,52.15,0,1,0,1,17.95,124,0.14373259052924792,0,0,False,False,True,False,False,False,False,False,False,True,False
32,5.54,13.3,0,0,0,1,13.19,504,0.4200151630022745,0,0,True,False,False,False,True,False,False,False,False,False,True
47,7.53,44.36,0,0,0,0,8.98,804,0.8385300668151447,0,0,True,False,False,False,False,False,False,True,False,False,False
54,15.12,82.99,1,1,0,0,18.29,829,0.8266812465828322,0,0,True,False,False,False,False,False,False,True,False,True,False
46,7.54,24.75,0,0,0,0,8.69,973,0.8676639815880323,0,0,False,False,False,False,False,False,False,False,False,False,False
39,4.24,78.15,0,0,0,0,17.87,1052,0.23726916620033575,0,0,True,False,False,False,False,False,False,True,False,True,False
21,5.42,26.55,0,1,0,0,14.37,650,0.3771746694502436,0,0,True,False,False,False,True,False,False,False,False,False,True
37,2.7,49.15,1,1,0,1,17.44,889,0.15481651376146788,0,0,False,False,False,False,False,False,False,False,False,True,False
49,15.97,39.78,0,0,1,0,17.78,993,0.8982002249718785,0,0,False,False,False,False,False,True,False,False,False,True,False
53,6.54,40.64,0,0,0,0,8.86,842,0.7381489841986456,0,0,True,False,False,False,False,True,False,False,False,False,False
67,6.45,79.71,0,0,0,1,14.19,124,0.4545454545454546,0,0,True,False,False,False,True,False,False,False,False,False,True
21,4.31,54.24,1,1,0,1,9.09,62,0.4741474147414741,0,1,True,False,False,True,False,False,False,False,False,False,False
44,6.66,31.6,0,0,0,0,9.09,151,0.7326732673267327,0,0,True,False,False,False,False,False,False,True,False,False,False
34,18.88,64.8,1,0,0,0,14.26,247,1.3239831697054698,0,0,False,False,False,False,False,False,False,False,False,False,True
29,3.35,87.94,1,1,0,1,9.08,824,0.368942731277533,0,0,True,False,False,False,False,True,False,False,False,False,False
39,2.34,41.42,1,0,0,1,13.91,205,0.16822429906542055,0,0,False,False,False,False,True,False,False,False,False,False,True
34,13.32,34.16,0,0,0,1,18.24,321,0.730263157894737,0,0,False,False,False,False,False,False,True,False,False,True,False
27,14.63,35.55,2,1,0,1,14.18,520,1.031734837799718,1,0,True,False,False,False,False,True,False,False,False,False,True
71,4.05,29.02,1,0,0,0,8.97,790,0.45150501672240795,0,0,False,True,False,False,False,False,True,False,False,False,False
18,9.28,32.71,0,1,1,0,17.52,663,0.5296803652968036,0,0,True,False,False,False,True,False,False,False,False,True,False
39,7.43,45.45,0,0,1,1,18.6,154,0.3994623655913978,0,0,True,False,False,False,True,False,False,False,False,True,False
43,6.44,96.26,1,0,0,1,14.06,633,0.45803698435277385,0,0,True,False,False,False,False,False,False,False,True,False,True
73,25.31,22.13,0,1,1,0,13.53,967,1.8706577974870657,0,0,True,False,False,False,False,True,False,False,False,False,True
35,4.87,89.6,1,1,0,0,17.46,1095,0.2789232531500573,0,0,True,False,False,False,False,False,False,False,True,True,False
67,14.62,85.4,0,0,0,0,9.12,520,1.6030701754385965,0,0,True,False,True,False,False,False,False,False,False,False,False
31,4.1,22.19,1,1,0,0,18.2,594,0.22527472527472525,0,0,False,False,False,False,False,True,False,False,False,True,False
64,9.26,90.39,0,0,1,1,17.64,197,0.5249433106575964,0,0,False,False,False,False,False,False,False,False,False,True,False
46,4.76,45.31,0,0,0,0,18.12,788,0.2626931567328918,0,0,False,False,True,False,False,False,False,False,False,True,False
29,6.73,74.16,0,1,1,0,9.07,278,0.7420066152149946,0,0,True,False,True,False,False,False,False,False,False,False,False
53,6.62,71.81,0,0,0,1,17.76,209,0.3727477477477477,0,0,False,False,False,False,False,False,False,True,False,True,False
52,18.53,41.34,1,0,0,0,14.13,57,1.3113941967445153,0,1,False,False,False,False,False,False,True,False,False,False,True
69,2.41,46.14,0,0,0,1,13.99,146,0.17226590421729807,0,0,False,False,False,False,False,False,False,True,False,False,True
29,1.91,76.37,2,0,0,1,18.08,732,0.105641592920354,1,0,False,False,False,False,False,False,False,False,False,True,False
24,20.32,8.87,1,0,0,0,9.44,686,2.152542372881356,0,0,False,False,False,False,True,False,False,False,False,False,False
46,6.5,75.84,0,0,0,0,8.52,861,0.7629107981220657,0,0,True,False,False,False,False,False,False,False,True,False,False
28,7.92,56.04,0,1,0,1,17.94,291,0.4414715719063545,0,0,False,False,False,False,False,False,False,False,False,True,False
50,2.99,36.97,0,0,0,1,17.88,655,0.1672259507829978,0,0,True,False,False,False,True,False,False,False,False,True,False
23,23.76,50.6,0,0,1,0,18.03,814,1.3178036605657237,0,0,False,True,False,False,False,False,False,False,False,True,False
64,0.59,57.1,0,0,1,0,8.48,1091,0.0695754716981132,0,0,True,False,False,False,True,False,False,False,False,False,False
32,3.31,32.08,0,1,0,1,14.16,226,0.23375706214689265,0,0,True,False,False,False,False,True,False,False,False,False,True
49,11.78,25.64,1,1,0,0,8.6,713,1.369767441860465,0,0,True,False,False,False,False,False,False,False,True,False,False
68,19.85,80.22,0,1,1,0,13.57,903,1.4627855563743553,0,0,False,False,False,False,True,False,False,False,False,False,True
28,13.41,61.6,0,0,1,1,9.47,362,1.4160506863780358,0,0,True,False,True,False,False,False,False,False,False,False,False
40,6.01,51.19,1,0,0,0,14.31,749,0.41998602375960864,0,0,True,False,False,False,False,False,False,False,False,False,True
43,9.28,94.19,1,0,0,0,14.31,108,0.6484975541579314,0,0,False,False,False,False,False,False,False,False,True,False,True
51,3.05,33.33,1,0,1,1,17.67,226,0.17260894170911145,0,0,False,False,False,False,True,False,False,False,False,True,False
63,11.79,65.2,0,0,1,1,13.79,255,0.854967367657723,0,0,True,False,True,False,False,False,False,False,False,False,True
51,9.9,44.73,2,1,0,0,13.74,624,0.7205240174672489,1,0,True,False,True,False,False,False,False,False,False,False,True
46,3.17,52.72,0,1,1,1,8.73,942,0.3631156930126002,0,0,False,False,False,False,False,True,False,False,False,False,False
21,1.85,83.6,2,0,0,0,14.23,764,0.13000702740688685,1,0,False,False,False,False,False,False,True,False,False,False,True
34,10.31,36.57,0,0,0,0,14.37,948,0.7174669450243564,0,0,False,False,True,False,False,False,False,False,False,False,True
52,9.65,82.69,1,0,0,1,8.44,566,1.1433649289099528,0,0,False,False,False,False,False,False,False,True,False,False,False
30,10.82,47.65,0,0,0,1,13.41,249,0.8068605518269948,0,0,True,False,False,False,False,False,False,False,True,False,True
58,4.34,16.15,0,1,0,0,18.79,322,0.23097392229909527,0,0,False,False,False,False,False,False,False,False,True,True,False
56,10.41,25.0,0,0,0,0,8.93,231,1.1657334826427772,0,0,False,False,False,True,False,False,False,False,False,False,False
32,9.32,63.39,0,0,1,0,8.95,61,1.041340782122905,0,1,False,False,False,False,False,False,False,False,True,False,False
72,13.16,19.14,0,1,0,0,14.22,745,0.9254571026722925,0,0,True,False,False,False,True,False,False,False,False,False,True
46,2.34,75.56,2,1,0,1,17.26,782,0.13557358053302432,1,0,False,False,False,False,False,False,False,False,False,True,False
46,7.31,56.52,0,0,0,1,8.43,1046,0.867141162514828,0,0,False,False,False,False,True,False,False,False,False,False,False
28,6.02,37.4,0,0,1,1,18.45,144,0.3262872628726287,0,0,True,False,False,False,False,False,False,True,False,True,False
69,8.93,81.39,1,0,0,0,17.65,751,0.5059490084985836,0,0,False,False,False,True,False,False,False,False,False,True,False
49,3.08,89.6,0,0,1,0,9.58,211,0.32150313152400833,0,0,False,False,False,False,False,False,False,False,False,False,False
19,14.64,34.74,1,0,1,1,9.22,800,1.5878524945770065,0,0,False,False,False,False,False,True,False,False,False,False,False
64,2.4,56.38,0,1,1,1,14.18,498,0.1692524682651622,0,0,False,False,True,False,False,False,False,False,False,False,True
31,0.54,44.59,1,1,1,1,18.2,455,0.029670329670329672,0,0,False,False,False,True,False,False,False,False,False,True,False
37,1.5,49.41,1,0,1,0,14.65,863,0.10238907849829351,0,0,False,False,False,False,True,False,False,False,False,False,True
39,2.36,51.83,1,0,0,1,14.17,514,0.16654904728299222,0,0,True,False,False,False,False,False,False,False,False,False,True
28,4.27,31.07,1,0,1,1,9.03,40,0.4728682170542636,0,1,True,False,True,False,False,False,False,False,False,False,False
44,6.38,57.49,1,0,1,1,14.36,71,0.44428969359331477,0,1,True,False,False,False,False,False,False,False,False,False,True
20,6.3,90.8,1,0,0,1,14.02,152,0.44935805991440797,0,0,False,False,True,False,False,False,False,False,False,False,True
34,27.77,62.31,1,0,1,0,9.63,730,2.8836967808930423,0,0,False,False,False,False,False,False,False,False,False,False,False
61,1.44,14.67,0,1,1,0,13.88,281,0.10374639769452448,0,0,False,False,False,False,True,False,False,False,False,False,True
73,6.44,6.27,2,0,0,0,8.34,1002,0.7721822541966428,1,0,False,False,False,True,False,False,False,False,False,False,False
45,2.01,21.59,1,1,0,1,13.7,633,0.14671532846715327,0,0,False,False,False,False,True,False,False,False,False,False,True
46,16.62,75.78,1,0,0,0,9.06,242,1.8344370860927153,0,0,False,True,False,False,False,False,False,True,False,False,False
38,18.16,78.44,0,0,1,0,9.3,297,1.9526881720430107,0,0,True,False,False,False,False,True,False,False,False,False,False
64,8.11,71.65,0,0,0,0,18.57,1035,0.4367259019924609,0,0,False,False,False,False,False,True,False,False,False,True,False
33,15.06,75.33,1,1,0,0,9.36,736,1.608974358974359,0,0,True,False,False,False,False,False,True,False,False,False,False
54,11.72,57.42,0,1,0,0,14.02,569,0.8359486447931527,0,0,False,False,False,False,False,False,False,False,True,False,True
37,5.55,59.61,0,0,0,0,9.12,735,0.6085526315789475,0,0,False,False,False,False,True,False,False,False,False,False,False
23,4.82,8.12,0,1,0,0,9.4,1040,0.5127659574468085,0,0,False,False,False,False,True,False,False,False,False,False,False
36,6.58,59.62,2,0,0,1,8.87,648,0.7418263810597521,1,0,True,False,True,False,False,False,False,False,False,False,False
74,13.45,48.82,1,0,0,1,9.66,527,1.3923395445134574,0,0,True,False,False,False,False,False,True,False,False,False,False
22,3.64,4.51,0,0,0,1,8.48,1050,0.42924528301886794,0,0,False,False,False,False,False,True,False,False,False,False,False
20,4.86,2.33,1,1,0,1,18.59,811,0.2614308768154922,0,0,False,False,False,False,True,False,False,False,False,True,False
18,12.5,66.65,0,1,0,0,8.74,155,1.4302059496567505,0,0,True,False,False,False,False,False,False,False,False,False,False
55,15.57,76.1,1,0,1,0,9.16,870,1.6997816593886463,0,0,False,False,False,False,False,True,False,False,False,False,False
32,11.06,58.17,0,1,0,0,18.13,1012,0.6100386100386102,0,0,True,False,False,False,False,False,True,False,False,True,False
51,8.13,38.76,2,0,1,0,9.23,41,0.8808234019501625,1,1,False,False,False,False,False,False,False,False,True,False,False
52,13.61,48.98,1,0,0,1,13.79,545,0.9869470630891951,0,0,False,False,False,False,False,False,False,False,False,False,True
66,9.06,31.88,0,0,0,0,9.65,345,0.938860103626943,0,0,False,False,True,False,False,False,False,False,False,False,False
42,1.12,64.33,0,0,0,0,8.39,1061,0.133492252681764,0,0,False,True,False,False,False,False,False,True,False,False,False
41,8.99,30.02,0,0,0,1,14.05,343,0.6398576512455516,0,0,False,False,False,False,False,False,False,False,False,False,True
29,10.31,74.56,1,0,0,0,17.73,576,0.5815002820078963,0,0,False,False,False,True,False,False,False,False,False,True,False
35,9.32,82.7,2,0,0,0,8.77,68,1.062713797035348,1,1,True,False,False,False,False,True,False,False,False,False,False
32,3.55,18.47,0,1,0,1,14.32,1074,0.24790502793296088,0,0,True,False,False,True,False,False,False,False,False,False,True
61,5.54,54.41,2,0,0,1,9.51,282,0.5825446898002103,1,0,True,False,False,False,False,False,False,False,True,False,False
33,8.48,8.97,0,0,0,1,8.93,332,0.9496080627099664,0,0,False,False,False,False,False,False,False,False,False,False,False
44,12.8,45.54,0,0,1,0,18.19,1008,0.7036833424958768,0,0,True,False,False,False,False,False,True,False,False,True,False
25,9.24,69.59,0,0,0,0,8.9,287,1.0382022471910113,0,0,True,False,False,False,False,False,True,False,False,False,False
63,1.33,19.52,1,0,0,1,17.96,1029,0.07405345211581292,0,0,True,False,False,False,False,False,False,False,True,True,False
42,3.96,6.29,0,0,1,0,8.51,571,0.46533490011750883,0,0,True,False,False,False,False,True,False,False,False,False,False
34,11.91,50.85,0,1,0,0,17.8,669,0.6691011235955056,0,0,True,False,False,False,False,False,True,False,False,True,False
46,18.37,47.23,2,0,1,0,14.88,581,1.2345430107526882,1,0,False,False,False,False,False,False,False,False,False,False,True
70,8.17,71.24,0,0,1,0,18.71,490,0.4366648850881881,0,0,False,False,False,False,False,False,False,True,False,True,False
25,13.11,68.67,0,1,0,0,8.53,253,1.536928487690504,0,0,False,False,False,False,False,False,False,False,False,False,False
32,4.03,47.83,0,1,0,0,14.12,121,0.28541076487252126,0,0,False,False,False,False,False,False,False,True,False,False,True
44,1.53,25.51,1,0,0,1,14.3,309,0.10699300699300698,0,0,True,False,False,False,False,False,True,False,False,False,True
63,6.16,43.46,1,1,0,1,14.54,277,0.4236588720770289,0,0,False,False,False,False,False,False,False,False,False,False,True
67,1.2,10.87,1,0,0,0,18.27,895,0.06568144499178982,0,0,True,False,False,False,False,False,True,False,False,True,False
69,18.38,72.92,0,1,0,0,13.89,107,1.3232541396688264,0,0,True,False,False,False,False,True,False,False,False,False,True
24,8.52,64.03,0,0,0,0,17.97,487,0.4741235392320534,0,0,False,False,False,False,False,False,False,True,False,True,False
20,6.83,11.46,0,1,0,1,8.92,615,0.765695067264574,0,0,True,False,False,False,False,True,False,False,False,False,False
46,9.68,67.87,0,1,0,0,14.14,1067,0.6845827439886846,0,0,False,False,False,False,False,False,True,False,False,False,True
61,3.76,50.95,0,0,0,1,18.18,74,0.2068206820682068,0,1,True,False,False,False,True,False,False,False,False,True,False
70,9.19,49.57,1,0,0,0,9.56,67,0.961297071129707,0,1,False,False,True,False,False,False,False,False,False,False,False
41,4.36,88.9,0,0,0,0,14.36,445,0.30362116991643456,0,0,False,False,False,False,False,False,False,False,False,False,True
20,16.72,74.87,1,0,0,1,18.22,274,0.9176728869374314,0,0,True,False,False,False,True,False,False,False,False,True,False
37,15.19,81.83,1,1,1,1,13.78,522,1.1023222060957911,0,0,False,False,False,False,False,True,False,False,False,False,True
63,11.04,7.24,0,0,0,0,8.99,352,1.2280311457174637,0,0,True,False,False,True,False,False,False,False,False,False,False
32,24.38,61.29,0,0,0,0,9.32,497,2.61587982832618,0,0,False,False,False,False,False,False,True,False,False,False,False
42,13.95,72.78,0,0,0,1,18.11,116,0.770292655991165,0,0,True,False,False,False,False,False,True,False,False,True,False
47,7.85,59.7,1,0,0,0,18.16,109,0.43226872246696035,0,0,False,False,True,False,False,False,False,False,False,True,False
31,0.72,63.78,0,0,0,1,17.72,257,0.040632054176072234,0,0,False,False,False,False,False,False,True,False,False,True,False
24,10.37,45.24,1,1,1,0,13.9,512,0.7460431654676258,0,0,True,False,True,False,False,False,False,False,False,False,True
34,9.61,30.5,0,0,0,0,13.95,652,0.6888888888888889,0,0,False,False,False,False,False,False,False,False,False,False,True
61,8.12,56.1,1,0,0,0,9.35,977,0.8684491978609625,0,0,False,False,False,False,False,False,False,True,False,False,False
37,16.25,28.82,0,1,1,0,8.48,514,1.9162735849056602,0,0,False,False,True,False,False,False,False,False,False,False,False
53,10.13,57.13,2,0,0,0,9.09,869,1.1144114411441146,1,0,False,False,True,False,False,False,False,False,False,False,False
26,1.05,78.09,0,1,0,1,9.21,54,0.11400651465798045,0,1,True,False,False,False,True,False,False,False,False,False,False
55,16.74,59.36,1,1,0,0,17.27,808,0.9693109438332368,0,0,False,False,False,False,False,False,True,False,False,True,False
65,10.93,62.51,1,1,0,0,18.34,960,0.5959651035986914,0,0,True,False,False,False,False,False,False,False,False,True,False
74,6.24,29.27,0,1,1,0,14.1,824,0.44255319148936173,0,0,True,False,False,False,False,False,False,True,False,False,True
39,15.6,27.31,1,1,0,0,17.4,782,0.896551724137931,0,0,False,True,False,False,False,False,False,False,True,True,False
71,5.81,35.27,0,0,0,0,18.78,455,0.30937167199148025,0,0,False,False,False,False,False,True,False,False,False,True,False
70,7.24,48.65,1,0,0,0,13.92,689,0.5201149425287357,0,0,True,False,True,False,False,False,False,False,False,False,True
70,4.59,66.72,3,0,0,1,13.04,714,0.35199386503067487,1,0,True,False,False,False,False,False,False,False,True,False,True
19,3.85,34.16,1,0,1,0,9.42,576,0.40870488322717624,0,0,False,False,False,False,False,False,True,False,False,False,False
41,11.29,45.11,0,0,0,0,14.15,945,0.7978798586572438,0,0,True,False,False,False,False,True,False,False,False,False,True
25,5.3,60.12,0,1,0,0,9.18,84,0.5773420479302832,0,1,True,False,True,False,False,False,False,False,False,False,False
28,4.61,22.13,2,0,0,1,8.84,343,0.5214932126696833,1,0,True,False,False,True,False,False,False,False,False,False,False
30,8.68,53.78,0,1,1,0,17.82,249,0.48709315375982043,0,0,False,False,False,True,False,False,False,False,False,True,False
34,19.58,54.75,1,0,0,0,8.89,78,2.2024746906636667,0,1,False,False,False,False,False,False,False,False,True,False,False
25,14.59,78.31,0,0,0,0,9.28,492,1.572198275862069,0,0,True,False,False,False,True,False,False,False,False,False,False
38,8.99,63.99,0,0,0,0,13.85,147,0.6490974729241877,0,0,False,False,False,False,False,False,False,False,True,False,True
35,2.27,39.74,0,0,0,1,14.04,111,0.1616809116809117,0,0,True,False,False,False,False,True,False,False,False,False,True
47,14.21,27.11,0,1,0,0,9.35,525,1.5197860962566847,0,0,False,False,False,False,True,False,False,False,False,False,False
35,1.95,68.06,0,0,1,1,9.3,663,0.2096774193548387,0,0,False,True,False,False,False,True,False,False,False,False,False
63,13.86,22.2,0,0,0,1,18.09,866,0.7661691542288557,0,0,False,False,False,False,False,False,False,True,False,True,False
64,7.17,55.33,1,1,1,0,8.82,631,0.8129251700680272,0,0,False,False,False,False,False,False,True,False,False,False,False
48,2.84,33.19,0,1,1,1,17.41,799,0.16312464101091326,0,0,False,False,False,True,False,False,False,False,False,True,False
55,1.74,79.95,0,0,0,0,14.53,702,0.11975223675154853,0,0,False,False,False,False,False,False,False,False,False,False,True
49,1.81,40.08,0,1,0,1,13.96,205,0.1296561604584527,0,0,False,False,False,False,False,False,False,False,True,False,True
28,6.27,53.14,2,1,1,0,8.99,834,0.6974416017797552,1,0,False,False,True,False,False,False,False,False,False,False,False
62,7.83,21.22,1,0,0,1,13.5,668,0.58,0,0,True,False,False,False,False,True,False,False,False,False,True
42,2.02,32.27,0,0,0,1,17.89,326,0.11291224147568474,0,0,True,False,False,False,False,True,False,False,False,True,False
50,12.96,67.15,0,1,0,0,8.85,504,1.4644067796610172,0,0,False,False,False,False,False,False,True,False,False,False,False
55,17.57,49.54,1,0,0,0,9.1,565,1.9307692307692308,0,0,False,False,False,False,False,False,False,False,True,False,False
58,10.96,51.27,1,0,0,0,9.21,1090,1.1900108577633008,0,0,True,False,True,False,False,False,False,False,False,False,False
25,8.06,89.39,1,0,1,0,13.63,54,0.5913426265590609,0,1,True,False,True,False,False,False,False,False,False,False,True
28,3.96,47.37,0,0,0,0,14.11,378,0.2806520198440822,0,0,False,False,False,False,False,True,False,False,False,False,True
39,6.82,17.43,0,0,0,1,9.07,666,0.7519294377067255,0,0,False,False,False,False,False,False,False,False,False,False,False
68,1.49,16.96,1,1,0,1,9.43,256,0.15800636267232238,0,0,False,False,False,False,False,True,False,False,False,False,False
41,10.58,4.02,2,0,0,1,14.4,67,0.7347222222222222,1,1,False,False,False,False,False,False,False,False,False,False,True
58,2.26,61.11,1,1,0,1,17.65,599,0.12804532577903682,0,0,False,False,False,False,False,True,False,False,False,True,False
34,14.63,43.6,1,0,0,1,14.21,265,1.0295566502463054,0,0,False,False,False,False,False,True,False,False,False,False,True
29,11.14,67.1,2,0,0,1,9.43,143,1.181336161187699,1,0,False,False,True,False,False,False,False,False,False,False,False
74,6.21,55.12,0,1,0,0,9.2,335,0.675,0,0,False,False,False,False,False,False,False,False,False,False,False
63,9.42,51.79,0,1,0,0,13.17,161,0.715261958997722,0,0,False,False,True,False,False,False,False,False,False,False,True
49,12.25,36.64,0,0,0,0,8.81,377,1.3904653802497162,0,0,True,False,False,False,False,False,False,False,True,False,False
32,7.06,30.46,0,0,0,1,13.73,444,0.5142024763292061,0,0,True,False,False,False,False,True,False,False,False,False,True
33,5.92,30.61,0,0,0,0,14.24,1012,0.4157303370786517,0,0,False,True,False,False,False,False,False,True,False,False,True
71,7.1,36.29,2,0,0,1,8.24,761,0.8616504854368932,1,0,True,False,False,False,False,False,False,False,False,False,False
39,4.8,44.73,0,0,0,0,14.74,683,0.3256445047489823,0,0,True,False,False,False,True,False,False,False,False,False,True
45,17.32,45.67,0,0,0,0,14.24,414,1.2162921348314606,0,0,False,False,False,True,False,False,False,False,False,False,True
37,10.96,16.61,1,0,0,0,14.12,541,0.7762039660056659,0,0,False,False,False,False,True,False,False,False,False,False,True
50,8.43,79.06,0,0,0,0,17.67,1096,0.47707979626485564,0,0,True,False,False,False,True,False,False,False,False,True,False
27,2.59,45.52,0,1,0,1,13.56,90,0.19100294985250735,0,0,True,False,False,False,False,False,False,True,False,False,True
57,15.43,69.64,0,0,0,0,14.3,582,1.079020979020979,0,0,True,False,True,False,False,False,False,False,False,False,True
49,3.94,44.56,0,0,1,0,13.67,217,0.288222384784199,0,0,False,False,True,False,False,False,False,False,False,False,True
67,11.21,44.34,0,0,0,1,7.61,482,1.4730617608409988,0,0,True,False,False,True,False,False,False,False,False,False,False
50,3.89,45.86,0,1,1,0,8.81,876,0.44154370034052215,0,0,True,False,False,True,False,False,False,False,False,False,False
19,5.15,17.63,0,1,1,1,17.21,216,0.2992446252178966,0,0,True,False,False,False,False,False,True,False,False,True,False
50,9.34,43.99,0,1,1,0,17.97,967,0.5197551474680022,0,0,False,False,False,True,False,False,False,False,False,True,False
50,11.06,30.67,1,1,1,0,14.26,193,0.7755960729312763,0,0,True,False,False,False,True,False,False,False,False,False,True
58,12.67,28.21,0,0,0,0,13.75,131,0.9214545454545454,0,0,True,False,False,False,True,False,False,False,False,False,True
30,10.39,43.93,1,1,1,0,9.55,720,1.087958115183246,0,0,False,False,True,False,False,False,False,False,False,False,False
47,7.27,74.7,0,0,0,0,14.32,607,0.50768156424581,0,0,False,True,False,False,True,False,False,False,False,False,True
50,1.57,47.02,0,0,0,0,17.64,640,0.08900226757369614,0,0,False,False,True,False,False,False,False,False,False,True,False
30,3.14,69.0,0,0,0,1,17.78,565,0.1766029246344207,0,0,False,True,False,False,False,True,False,False,False,True,False
69,7.13,55.49,0,1,1,0,9.2,790,0.775,0,0,False,False,False,False,False,True,False,False,False,False,False
43,0.99,25.14,0,0,0,1,8.87,925,0.11161217587373169,0,0,True,False,True,False,False,False,False,False,False,False,False
39,17.71,83.39,1,0,0,0,13.79,1000,1.2842639593908631,0,0,False,False,False,False,False,False,False,False,False,False,True
56,11.71,31.28,0,1,0,0,13.92,153,0.8412356321839081,0,0,True,False,True,False,False,False,False,False,False,False,True
19,5.61,22.81,0,0,0,0,8.16,697,0.6875,0,0,False,False,False,False,False,False,False,False,True,False,False
55,4.1,82.45,0,0,0,0,13.94,378,0.29411764705882354,0,0,True,False,False,False,False,False,False,False,True,False,True
56,14.46,35.36,1,0,0,1,9.77,278,1.4800409416581373,0,0,True,False,False,False,False,False,False,False,True,False,False
43,5.29,20.15,0,1,0,0,13.9,736,0.38057553956834533,0,0,False,False,False,False,False,False,False,False,True,False,True
63,17.96,60.84,0,0,1,0,14.61,742,1.2292950034223136,0,0,True,False,False,False,False,False,False,True,False,False,True
67,11.2,69.46,1,0,1,0,17.98,1036,0.6229143492769743,0,0,False,False,False,False,False,False,True,False,False,True,False
32,7.88,74.23,0,0,1,0,18.25,276,0.4317808219178082,0,0,True,False,False,False,False,False,True,False,False,True,False
51,5.08,51.2,0,0,1,0,13.78,510,0.3686502177068215,0,0,True,False,True,False,False,False,False,False,False,False,True
59,5.25,27.36,2,0,1,1,14.52,127,0.3615702479338843,1,0,False,False,False,False,False,True,False,False,False,False,True
72,8.82,77.88,0,0,0,0,14.08,358,0.6264204545454546,0,0,False,False,False,False,True,False,False,False,False,False,True
61,16.71,65.42,0,0,0,0,17.26,1058,0.9681344148319814,0,0,False,False,False,False,False,False,False,False,True,True,False
66,2.29,77.81,0,0,0,0,9.31,488,0.2459720730397422,0,0,True,False,False,False,False,False,True,False,False,False,False
57,24.82,44.75,0,0,0,0,17.96,825,1.3819599109131402,0,0,False,False,False,False,False,False,True,False,False,True,False
28,22.96,46.19,1,0,0,0,8.6,622,2.6697674418604653,0,0,False,False,False,False,False,False,False,False,True,False,False
20,3.29,84.69,1,0,0,0,8.63,527,0.38122827346465815,0,0,False,False,False,False,False,True,False,False,False,False,False
23,6.75,87.39,1,0,0,0,14.41,116,0.46842470506592643,0,0,True,False,False,False,False,False,False,True,False,False,True
26,10.26,68.23,0,1,0,0,14.39,431,0.7129951355107713,0,0,False,False,False,False,False,False,False,True,False,False,True
23,18.6,86.11,0,0,1,0,8.69,226,2.1403912543153054,0,0,False,False,False,True,False,False,False,False,False,False,False
26,4.72,50.56,0,1,0,1,13.84,793,0.34104046242774566,0,0,False,False,False,False,False,False,True,False,False,False,True
56,2.27,21.06,0,0,0,1,17.49,56,0.12978845054316754,0,1,False,False,False,True,False,False,False,False,False,True,False
48,15.19,76.24,0,0,0,0,8.38,164,1.812649164677804,0,0,False,False,False,False,False,False,False,True,False,False,False
49,8.19,58.76,0,1,0,0,14.54,235,0.563273727647868,0,0,True,False,False,False,False,False,False,False,False,False,True
58,8.52,84.54,1,0,0,0,9.59,1080,0.8884254431699686,0,0,True,False,False,False,False,False,False,False,True,False,False
67,16.78,18.63,0,1,0,0,14.05,632,1.1943060498220641,0,0,False,False,False,False,False,True,False,False,False,False,True
29,9.86,50.29,0,0,0,0,13.6,391,0.725,0,0,True,False,False,False,False,False,True,False,False,False,True
25,3.21,39.72,0,0,0,0,9.35,687,0.3433155080213904,0,0,True,False,False,False,False,False,False,False,True,False,False
25,16.03,35.0,1,1,0,0,18.21,1001,0.8802855573860516,0,0,True,False,False,False,False,False,False,True,False,True,False
67,4.25,39.33,2,0,0,0,13.92,1009,0.305316091954023,1,0,True,False,False,False,False,False,False,False,True,False,True
45,2.01,70.94,1,1,0,0,18.05,970,0.11135734072022159,0,0,False,False,False,False,False,False,False,True,False,True,False
37,5.31,52.12,1,0,0,0,14.1,937,0.37659574468085105,0,0,False,False,False,False,False,True,False,False,False,False,True
64,6.82,73.3,1,0,1,0,17.99,275,0.37909949972206786,0,0,False,False,False,False,False,False,False,True,False,True,False
24,8.58,35.69,1,0,1,0,8.9,307,0.9640449438202247,0,0,True,False,False,False,False,False,False,False,True,False,False
28,6.92,46.02,0,0,0,0,9.25,376,0.7481081081081081,0,0,False,False,False,False,False,True,False,False,False,False,False
37,22.05,50.87,0,0,1,0,13.72,401,1.6071428571428572,0,0,False,False,False,False,False,False,False,True,False,False,True
33,9.27,57.11,2,0,0,0,17.6,838,0.5267045454545454,1,0,False,True,False,True,False,False,False,False,False,True,False
21,9.85,14.94,0,0,1,0,8.41,878,1.1712247324613554,0,0,False,False,False,False,False,False,False,False,False,False,False
23,2.13,17.91,0,0,0,1,17.58,152,0.121160409556314,0,0,True,False,True,False,False,False,False,False,False,True,False
39,14.19,72.5,1,0,0,0,9.29,189,1.527448869752422,0,0,False,False,False,False,False,False,False,False,True,False,False
43,6.76,85.13,0,1,0,0,9.37,766,0.7214514407684098,0,0,False,True,True,False,False,False,False,False,False,False,False
20,12.01,68.14,3,0,1,0,9.05,547,1.3270718232044199,1,0,False,False,False,False,False,False,False,False,True,False,False
58,14.56,63.06,1,0,0,0,14.1,964,1.0326241134751775,0,0,False,False,False,False,False,False,False,True,False,False,True
59,4.52,16.27,1,1,0,0,17.27,775,0.2617255356108859,0,0,True,False,False,False,False,False,False,True,False,True,False
31,7.53,55.68,1,0,0,1,8.72,317,0.8635321100917431,0,0,False,False,False,False,False,True,False,False,False,False,False
28,9.62,72.04,0,0,0,0,13.55,449,0.7099630996309962,0,0,False,False,False,False,False,False,True,False,False,False,True
35,3.45,8.73,1,0,0,1,8.76,169,0.3938356164383562,0,0,True,False,False,False,False,False,False,False,False,False,False
71,10.08,50.26,2,1,1,1,14.11,736,0.7143869596031184,1,0,False,False,False,True,False,False,False,False,False,False,True
29,23.94,67.79,1,0,0,0,9.48,727,2.5253164556962027,0,0,True,False,False,False,False,False,True,False,False,False,False
40,11.26,12.41,1,1,0,0,13.97,1016,0.8060128847530422,0,0,True,False,True,False,False,False,False,False,False,False,True
29,7.28,30.42,0,0,0,1,13.34,504,0.5457271364317842,0,0,True,False,False,False,False,False,False,True,False,False,True
30,12.36,55.85,1,0,1,0,13.98,418,0.8841201716738196,0,0,True,False,False,False,False,False,True,False,False,False,True
42,8.03,44.73,1,1,0,1,9.39,540,0.8551650692225771,0,0,False,False,False,False,False,False,False,True,False,False,False
62,26.37,28.89,1,0,0,0,8.25,567,3.1963636363636363,0,0,True,False,False,False,False,False,False,False,True,False,False
68,14.48,30.01,0,0,0,0,14.21,242,1.0190007037297677,0,0,True,False,False,False,False,False,True,False,False,False,True
36,5.27,90.02,2,1,1,0,17.62,926,0.29909194097616343,1,0,False,False,True,False,False,False,False,False,False,True,False
72,13.96,29.16,0,0,0,0,18.39,1091,0.7591082109842305,0,0,False,False,False,False,False,True,False,False,False,True,False
63,3.4,51.69,0,1,0,1,17.72,262,0.19187358916478556,0,0,False,False,False,False,False,False,True,False,False,True,False
53,10.57,71.84,1,0,0,0,18.28,289,0.5782275711159737,0,0,True,False,False,False,False,False,False,True,False,True,False
62,23.74,40.67,1,1,0,0,14.16,337,1.676553672316384,0,0,False,False,False,False,True,False,False,False,False,False,True
25,2.14,42.94,2,0,0,1,8.53,432,0.2508792497069168,1,0,True,False,False,False,True,False,False,False,False,False,False
46,8.27,24.68,0,1,0,1,9.33,1026,0.8863879957127545,0,0,False,False,False,False,False,True,False,False,False,False,False
72,5.33,36.54,0,1,0,0,13.72,779,0.38848396501457727,0,0,True,False,False,False,False,True,False,False,False,False,True
70,3.58,67.11,0,1,1,1,14.54,333,0.24621733149931227,0,0,False,False,False,False,False,False,False,False,False,False,True
72,3.37,64.09,0,0,0,1,18.29,372,0.1842536905412794,0,0,True,False,False,False,False,True,False,False,False,True,False
49,30.75,44.42,0,0,1,0,9.3,1091,3.3064516129032255,0,0,False,False,False,False,False,False,False,True,False,False,False
68,10.36,65.2,0,1,0,0,14.43,884,0.717948717948718,0,0,False,False,False,True,False,False,False,False,False,False,True
61,15.76,48.6,0,0,0,0,13.92,1099,1.132183908045977,0,0,True,False,False,False,False,False,False,False,True,False,True
35,6.99,67.39,0,1,0,0,14.22,285,0.49156118143459915,0,0,True,False,False,False,False,False,True,False,False,False,True
23,10.56,23.03,1,0,0,1,8.97,166,1.177257525083612,0,0,False,False,False,False,False,True,False,False,False,False,False
35,12.14,73.87,2,1,1,0,14.01,847,0.8665239114917916,1,0,False,True,False,False,True,False,False,False,False,False,True
36,12.02,50.91,0,0,0,0,8.77,1002,1.370581527936146,0,0,False,False,False,False,False,False,False,False,True,False,False
39,24.89,85.29,0,1,1,0,17.48,67,1.423913043478261,0,1,True,False,False,True,False,False,False,False,False,True,False
54,11.78,28.85,0,0,0,1,17.93,134,0.6569994422755159,0,0,True,False,False,False,False,False,False,True,False,True,False
49,8.3,59.99,0,0,0,1,8.86,284,0.9367945823927767,0,0,False,False,False,False,False,False,False,False,True,False,False
73,13.13,29.65,0,1,0,0,9.5,517,1.3821052631578947,0,0,False,False,False,False,False,False,False,True,False,False,False
58,4.89,26.55,1,1,0,0,13.81,487,0.35409123823316435,0,0,False,False,False,True,False,False,False,False,False,False,True
20,8.6,70.83,0,0,1,0,13.69,557,0.6281957633308984,0,0,False,False,False,True,False,False,False,False,False,False,True
45,16.79,51.48,1,0,0,0,9.04,620,1.8573008849557522,0,0,False,False,False,False,False,False,False,False,False,False,False
27,7.24,81.04,0,0,0,0,17.55,554,0.41253561253561255,0,0,False,False,False,False,False,False,True,False,False,True,False
68,4.5,52.43,0,0,0,1,13.4,399,0.33582089552238803,0,0,True,False,False,False,False,False,False,False,True,False,True
52,6.76,36.09,0,0,0,0,8.92,131,0.757847533632287,0,0,True,False,False,True,False,False,False,False,False,False,False
46,5.78,36.63,1,0,0,1,14.01,945,0.4125624553890079,0,0,False,False,False,False,False,False,True,False,False,False,True
71,2.14,78.74,2,0,0,0,9.04,693,0.2367256637168142,1,0,True,False,False,False,False,False,False,False,True,False,False
32,3.93,39.4,1,0,1,0,8.57,719,0.45857642940490084,0,0,True,False,False,False,False,False,False,True,False,False,False
50,5.92,51.41,0,0,0,0,13.41,628,0.4414615958240119,0,0,True,False,False,True,False,False,False,False,False,False,True
24,8.38,32.02,0,1,0,0,9.04,629,0.926991150442478,0,0,True,False,False,False,False,False,False,True,False,False,False
29,27.84,59.07,2,0,0,0,14.25,570,1.9536842105263157,1,0,False,False,False,False,False,False,False,False,True,False,True
66,15.68,92.07,1,0,0,0,18.04,418,0.869179600886918,0,0,False,False,False,False,False,False,False,False,False,True,False
47,8.1,48.43,0,0,0,1,17.92,392,0.4520089285714285,0,0,False,False,False,False,False,False,False,True,False,True,False
38,5.78,24.24,0,0,1,0,9.12,960,0.6337719298245614,0,0,True,False,True,False,False,False,False,False,False,False,False
48,4.1,30.96,0,0,0,0,9.33,641,0.43944265809217575,0,0,False,False,True,False,False,False,False,False,False,False,False
41,24.11,43.44,2,1,1,0,13.96,751,1.727077363896848,1,0,True,False,False,False,False,False,True,False,False,False,True
37,7.81,56.0,1,0,0,1,13.93,372,0.5606604450825556,0,0,False,False,False,False,False,True,False,False,False,False,True
54,12.34,79.67,0,0,0,1,17.63,164,0.6999432785025524,0,0,False,False,True,False,False,False,False,False,False,True,False
21,4.68,54.45,0,1,1,0,14.33,969,0.32658757850662945,0,0,True,False,True,False,False,False,False,False,False,False,True
45,2.47,75.63,0,1,0,1,8.3,1007,0.29759036144578316,0,0,False,False,False,False,False,False,False,False,False,False,False
61,17.19,47.91,1,1,0,0,13.8,409,1.2456521739130435,0,0,False,False,False,False,False,False,False,False,False,False,True
37,5.38,30.09,1,1,0,1,17.95,67,0.29972144846796656,0,1,True,False,False,False,False,True,False,False,False,True,False
41,7.5,60.7,0,0,1,0,17.62,810,0.4256526674233825,0,0,False,False,False,False,True,False,False,False,False,True,False
67,5.47,42.21,0,1,1,0,8.41,339,0.6504161712247324,0,0,True,False,False,False,False,True,False,False,False,False,False
66,4.72,37.84,0,1,0,1,14.34,135,0.32914923291492326,0,0,True,False,False,False,True,False,False,False,False,False,True
68,6.21,35.14,0,1,1,0,8.81,585,0.7048808172531215,0,0,False,False,False,False,False,False,False,False,False,False,False
49,1.53,84.99,2,0,1,0,13.86,426,0.1103896103896104,1,0,False,False,False,False,True,False,False,False,False,False,True
58,4.94,51.55,0,1,0,1,8.56,182,0.5771028037383178,0,0,False,False,False,False,False,False,False,False,False,False,False
53,11.11,44.16,1,1,0,0,18.28,565,0.6077680525164113,0,0,True,False,False,False,True,False,False,False,False,True,False
70,20.67,48.01,1,0,0,0,13.5,1025,1.5311111111111113,0,0,True,False,False,False,False,False,False,True,False,False,True
51,6.1,70.27,0,0,0,1,17.89,995,0.3409726103968697,0,0,False,False,False,False,False,False,False,False,False,True,False
53,5.27,43.69,1,0,0,0,18.6,922,0.28333333333333327,0,0,True,False,False,False,False,True,False,False,False,True,False
19,10.81,20.07,1,0,1,0,9.56,612,1.1307531380753137,0,0,False,False,False,False,False,False,True,False,False,False,False
32,8.08,67.91,0,0,0,0,13.73,230,0.5884923525127458,0,0,False,False,False,False,False,False,True,False,False,False,True
51,4.31,38.61,1,0,0,1,18.51,41,0.23284710967044836,0,1,False,False,False,False,False,False,False,False,False,True,False
53,17.79,96.33,0,0,0,1,13.88,797,1.281700288184438,0,0,False,False,True,False,False,False,False,False,False,False,True
23,20.76,68.43,0,0,0,0,13.47,949,1.5412026726057906,0,0,True,False,False,True,False,False,False,False,False,False,True
56,6.52,34.23,0,0,0,1,13.85,550,0.4707581227436823,0,0,True,False,False,False,False,False,True,False,False,False,True
59,7.45,59.62,0,0,1,0,13.77,129,0.5410312273057372,0,0,True,False,False,False,False,True,False,False,False,False,True
68,6.71,61.09,0,0,0,0,9.66,900,0.6946169772256728,0,0,False,False,True,False,False,False,False,False,False,False,False
68,8.15,36.43,0,1,1,0,13.32,395,0.6118618618618619,0,0,False,False,False,False,False,False,True,False,False,False,True
71,5.21,70.44,0,1,0,0,8.72,686,0.5974770642201834,0,0,False,False,False,True,False,False,False,False,False,False,False
29,5.12,47.53,1,0,1,1,9.07,190,0.5644983461962514,0,0,False,False,False,False,False,False,False,False,True,False,False
20,0.6,36.19,1,0,0,1,9.66,790,0.062111801242236024,0,0,False,True,False,False,False,False,False,False,True,False,False
62,3.78,59.49,1,1,0,0,9.59,204,0.3941605839416058,0,0,True,False,False,False,False,False,False,False,False,False,False
35,12.87,70.35,0,1,0,1,13.77,574,0.934640522875817,0,0,True,False,False,True,False,False,False,False,False,False,True
57,10.04,72.87,1,0,0,0,8.94,506,1.123042505592841,0,0,True,False,False,False,False,True,False,False,False,False,False
38,5.12,26.48,0,1,0,0,8.78,312,0.5831435079726652,0,0,False,False,False,False,False,True,False,False,False,False,False
32,15.61,45.81,2,1,0,0,14.4,986,1.0840277777777778,1,0,True,False,False,False,False,False,True,False,False,False,True
50,5.0,57.37,1,0,0,1,14.42,481,0.34674063800277394,0,0,False,False,False,False,False,False,False,True,False,False,True
52,1.68,76.2,2,0,0,1,13.96,111,0.12034383954154726,1,0,False,False,True,False,False,False,False,False,False,False,True
43,6.74,35.76,1,0,0,1,18.08,845,0.3727876106194691,0,0,False,False,False,True,False,False,False,False,False,True,False
25,9.14,42.42,1,0,0,0,8.22,549,1.1119221411192215,0,0,False,False,False,False,False,False,True,False,False,False,False
53,10.33,65.43,1,0,0,0,8.92,163,1.1580717488789238,0,0,True,False,False,False,False,False,False,False,False,False,False
65,20.88,74.93,1,1,0,0,9.1,476,2.2945054945054943,0,0,True,False,False,True,False,False,False,False,False,False,False
47,5.53,77.88,1,0,1,0,18.54,147,0.29827400215749733,0,0,False,False,True,False,False,False,False,False,False,True,False
40,3.7,26.32,0,1,0,1,13.66,778,0.2708638360175696,0,0,True,False,False,False,True,False,False,False,False,False,True
59,6.12,52.77,0,0,1,1,8.09,675,0.7564894932014833,0,0,True,False,False,False,False,False,False,False,False,False,False
61,6.87,41.94,2,0,0,0,9.07,408,0.7574421168687983,1,0,False,False,False,False,False,False,True,False,False,False,False
31,7.41,32.09,0,0,1,0,14.04,637,0.5277777777777778,0,0,True,False,False,False,False,False,False,True,False,False,True
31,13.86,75.55,0,1,0,0,8.6,995,1.6116279069767443,0,0,False,False,False,True,False,False,False,False,False,False,False
19,3.6,54.22,3,0,1,1,13.78,554,0.2612481857764877,1,0,False,False,False,False,True,False,False,False,False,False,True
72,5.03,16.24,2,1,0,1,18.25,605,0.2756164383561644,1,0,True,False,False,False,False,False,False,False,False,True,False
54,6.28,49.15,1,1,0,0,13.13,966,0.4782939832444783,0,0,False,False,False,False,False,False,True,False,False,False,True
22,2.87,21.39,1,0,0,0,18.48,691,0.1553030303030303,0,0,True,False,False,False,False,False,False,False,True,True,False
55,9.35,50.65,0,1,0,0,8.85,905,1.0564971751412429,0,0,False,False,False,False,False,True,False,False,False,False,False
62,11.08,33.16,1,0,0,0,14.03,41,0.789736279401283,0,1,True,False,False,False,False,False,True,False,False,False,True
58,6.06,25.7,0,0,0,0,18.23,417,0.33241908941305537,0,0,False,False,False,False,False,False,False,False,True,True,False
71,2.51,19.58,0,0,0,1,14.07,112,0.17839374555792464,0,0,True,False,False,False,False,False,False,False,True,False,True
64,4.13,56.1,0,0,1,1,13.79,1005,0.29949238578680204,0,0,True,False,False,False,False,False,False,False,False,False,True
31,4.97,44.35,1,1,0,0,14.41,425,0.34489937543372656,0,0,True,False,False,False,False,False,True,False,False,False,True
73,1.55,20.8,1,0,1,1,18.03,574,0.08596783139212423,0,0,True,False,False,False,False,True,False,False,False,True,False
56,3.8,29.16,2,0,0,0,8.6,690,0.4418604651162791,1,0,True,False,False,False,False,False,True,False,False,False,False
42,6.77,63.7,2,0,1,0,9.4,669,0.7202127659574468,1,0,False,False,False,False,False,False,False,False,True,False,False
37,22.83,68.87,0,0,1,0,8.06,129,2.832506203473945,0,0,False,False,True,False,False,False,False,False,False,False,False
19,14.05,32.25,2,1,1,0,18.04,486,0.7788248337028826,1,0,True,False,False,False,True,False,False,False,False,True,False
56,7.13,42.22,2,0,0,1,18.43,903,0.38686923494302766,1,0,True,False,False,False,False,False,False,True,False,True,False
23,23.91,48.26,0,0,1,0,9.18,357,2.604575163398693,0,0,False,False,False,False,False,False,True,False,False,False,False
34,12.14,75.55,0,1,0,0,9.17,753,1.3238822246455835,0,0,False,False,False,False,True,False,False,False,False,False,False
42,5.08,58.09,0,1,0,1,17.67,103,0.2874929258630447,0,0,True,False,False,False,True,False,False,False,False,True,False
74,5.62,69.49,0,1,0,0,8.71,121,0.645235361653272,0,0,False,False,False,True,False,False,False,False,False,False,False
45,5.56,19.16,0,0,0,0,9.11,359,0.610318331503842,0,0,True,False,True,False,False,False,False,False,False,False,False
19,9.37,33.88,0,0,1,0,9.25,204,1.0129729729729728,0,0,False,False,False,False,True,False,False,False,False,False,False
52,13.54,13.89,0,0,0,1,9.58,344,1.4133611691022963,0,0,True,False,False,False,False,False,True,False,False,False,False
54,4.66,34.88,3,1,1,0,13.85,526,0.3364620938628159,1,0,True,False,False,False,False,False,False,False,False,False,True
22,3.35,66.07,0,1,0,1,14.43,457,0.23215523215523218,0,0,False,False,False,False,False,False,False,False,False,False,True
18,6.11,36.6,1,0,0,1,13.5,64,0.4525925925925926,0,1,True,False,False,True,False,False,False,False,False,False,True
57,2.92,57.08,2,0,0,1,18.31,148,0.1594756963407974,1,0,False,False,False,False,True,False,False,False,False,True,False
29,5.3,20.02,0,0,0,1,9.21,954,0.5754614549402822,0,0,True,False,False,False,False,False,True,False,False,False,False
73,3.86,27.79,0,0,0,0,8.47,857,0.4557260920897284,0,0,False,False,False,False,False,False,True,False,False,False,False
53,1.44,29.41,0,1,0,1,18.13,419,0.07942636514065085,0,0,False,False,False,False,False,False,False,False,True,True,False
62,5.79,71.48,1,1,1,1,13.85,205,0.4180505415162455,0,0,True,False,True,False,False,False,False,False,False,False,True
40,2.02,27.66,0,0,0,1,9.15,135,0.22076502732240436,0,0,False,False,False,False,False,True,False,False,False,False,False
64,0.87,14.05,3,0,0,1,8.64,621,0.10069444444444443,1,0,False,False,False,False,False,False,False,True,False,False,False
48,20.74,58.64,0,0,0,0,8.95,943,2.31731843575419,0,0,False,False,False,False,False,True,False,False,False,False,False
28,19.4,88.94,1,0,0,1,13.83,984,1.402747650036153,0,0,False,False,False,True,False,False,False,False,False,False,True
27,8.79,54.3,1,1,1,0,8.82,982,0.9965986394557822,0,0,False,False,False,False,False,False,False,False,True,False,False
20,4.52,26.77,1,1,0,0,13.62,890,0.3318649045521292,0,0,True,False,False,False,False,False,False,True,False,False,True
71,1.91,88.82,1,0,0,0,9.28,156,0.20581896551724138,0,0,True,False,False,False,False,True,False,False,False,False,False
31,7.48,49.37,2,1,0,0,18.8,853,0.39787234042553193,1,0,False,False,False,False,False,False,True,False,False,True,False
33,4.09,25.29,1,1,0,1,9.05,263,0.4519337016574585,0,0,False,False,False,False,False,False,False,False,False,False,False
27,21.13,64.48,1,0,1,0,14.79,696,1.4286680189317107,0,0,True,False,False,False,False,False,False,False,True,False,True
46,7.29,60.26,1,0,0,0,9.24,960,0.788961038961039,0,0,False,False,False,False,False,True,False,False,False,False,False
27,5.4,62.64,1,0,0,0,8.6,166,0.6279069767441862,0,0,False,False,False,True,False,False,False,False,False,False,False
29,28.39,66.88,0,0,1,0,14.22,585,1.9964838255977495,0,0,True,False,False,False,True,False,False,False,False,False,True
47,6.9,34.74,0,0,1,0,13.96,788,0.49426934097421205,0,0,True,False,False,True,False,False,False,False,False,False,True
58,10.61,2.22,0,0,0,1,14.3,85,0.7419580419580419,0,1,False,False,False,True,False,False,False,False,False,False,True
18,8.65,35.46,0,0,0,0,13.81,385,0.6263577118030412,0,0,True,False,False,True,False,False,False,False,False,False,True
22,5.71,54.42,2,0,0,0,9.37,952,0.6093916755602988,1,0,False,False,False,False,True,False,False,False,False,False,False
37,13.45,55.32,0,1,0,1,13.54,842,0.9933530280649926,0,0,False,False,False,False,False,False,False,True,False,False,True
25,34.68,31.4,0,1,0,0,9.07,835,3.823594266813671,0,0,True,False,False,False,False,False,True,False,False,False,False
60,2.42,84.22,0,1,0,0,8.88,1082,0.2725225225225225,0,0,True,False,False,False,False,False,False,False,False,False,False
29,4.83,36.64,0,0,0,0,14.22,629,0.339662447257384,0,0,True,False,False,False,False,False,False,True,False,False,True
18,6.8,75.87,1,1,1,0,17.84,597,0.3811659192825112,0,0,False,False,False,False,False,True,False,False,False,True,False
74,9.77,16.17,0,1,0,0,13.33,734,0.732933233308327,0,0,False,False,False,False,False,True,False,False,False,False,True
71,28.1,70.44,2,0,1,0,17.61,641,1.5956842703009655,1,0,True,False,False,False,False,False,False,False,False,True,False
37,5.9,38.56,1,1,0,1,17.85,170,0.33053221288515405,0,0,False,False,False,False,False,True,False,False,False,True,False
45,13.88,72.51,1,0,0,0,8.65,590,1.6046242774566475,0,0,True,False,True,False,False,False,False,False,False,False,False
74,10.44,56.83,1,1,0,1,18.23,528,0.5726823916620954,0,0,True,False,False,False,False,False,False,False,False,True,False
60,3.15,10.45,0,0,0,1,14.04,656,0.22435897435897437,0,0,True,False,False,False,True,False,False,False,False,False,True
54,6.76,23.14,0,0,0,0,17.48,531,0.38672768878718533,0,0,True,False,False,False,False,True,False,False,False,True,False
64,8.37,43.62,1,0,0,1,13.96,770,0.5995702005730658,0,0,True,False,False,False,False,True,False,False,False,False,True
54,3.54,12.98,1,0,0,1,13.65,793,0.25934065934065936,0,0,True,False,False,False,False,False,False,False,True,False,True
29,1.5,60.02,1,0,0,1,14.02,704,0.10699001426533523,0,0,False,False,False,False,False,False,False,False,True,False,True
54,5.02,62.91,2,1,0,0,9.1,78,0.5516483516483516,1,1,False,False,False,False,False,False,False,False,True,False,False
66,3.37,74.99,1,0,1,1,18.29,656,0.1842536905412794,0,0,True,False,False,False,False,False,False,False,False,True,False
66,2.24,38.18,0,1,0,0,9.1,709,0.2461538461538462,0,0,True,False,False,False,True,False,False,False,False,False,False
73,3.73,34.09,0,0,1,0,9.23,306,0.40411700975081255,0,0,True,False,False,False,False,False,False,False,False,False,False
61,16.39,5.79,1,1,0,1,8.19,76,2.001221001221001,0,1,True,False,False,True,False,False,False,False,False,False,False
73,2.27,35.49,0,0,1,0,8.16,955,0.27818627450980393,0,0,False,False,False,False,False,False,True,False,False,False,False
45,10.57,82.92,1,0,1,0,8.82,245,1.1984126984126984,0,0,True,False,False,False,True,False,False,False,False,False,False
64,6.47,12.79,1,0,0,0,8.91,259,0.7261503928170594,0,0,True,False,False,False,True,False,False,False,False,False,False
32,6.62,57.12,1,1,0,1,14.38,352,0.4603616133518776,0,0,True,False,False,True,False,False,False,False,False,False,True
23,13.45,68.14,1,0,1,1,13.95,254,0.96415770609319,0,0,True,False,False,False,False,False,False,False,False,False,True
61,9.83,28.04,0,0,0,0,8.95,75,1.0983240223463688,0,1,True,False,False,False,False,False,False,False,False,False,False
37,9.42,7.59,1,0,0,0,9.12,1067,1.0328947368421053,0,0,False,False,False,False,False,False,False,False,True,False,False
67,1.33,61.21,1,0,0,1,17.79,662,0.074761101742552,0,0,True,False,False,False,True,False,False,False,False,True,False
31,4.65,31.86,0,1,0,0,9.32,404,0.4989270386266095,0,0,True,False,False,False,False,False,False,False,True,False,False
19,22.13,57.88,1,0,0,0,9.25,732,2.3924324324324324,0,0,False,False,False,False,False,False,True,False,False,False,False
26,2.95,18.3,1,0,0,0,8.81,1016,0.3348467650397276,0,0,False,False,True,False,False,False,False,False,False,False,False
54,24.77,61.57,0,0,0,0,8.74,362,2.834096109839817,0,0,False,False,False,False,False,False,False,False,True,False,False
37,4.55,12.16,1,0,0,1,13.43,195,0.33879374534623974,0,0,False,False,False,False,False,False,False,False,False,False,True
43,3.36,70.2,1,0,0,1,9.5,536,0.35368421052631577,0,0,True,False,False,False,False,True,False,False,False,False,False
46,0.98,61.3,1,0,0,1,14.49,146,0.06763285024154589,0,0,False,False,False,False,False,False,False,True,False,False,True
18,2.04,47.4,1,1,0,0,9.07,972,0.2249173098125689,0,0,False,False,True,False,False,False,False,False,False,False,False
72,1.79,26.03,2,0,1,1,14.04,665,0.1274928774928775,1,0,True,False,False,False,False,False,True,False,False,False,True
52,1.98,36.17,0,0,0,1,13.62,486,0.14537444933920707,0,0,False,False,False,False,False,True,False,False,False,False,True
23,13.07,50.87,1,0,1,0,9.38,898,1.3933901918976546,0,0,False,False,False,False,False,False,False,False,False,False,False
54,2.63,33.88,0,1,1,1,9.01,245,0.29189789123196447,0,0,True,False,True,False,False,False,False,False,False,False,False
70,10.9,40.76,0,1,0,0,8.31,142,1.3116726835138388,0,0,True,False,False,True,False,False,False,False,False,False,False
22,7.56,59.19,0,0,1,0,14.18,1069,0.5331452750352609,0,0,True,False,False,False,False,False,False,False,False,False,True
50,9.5,45.06,1,1,0,0,8.78,245,1.0820045558086562,0,0,True,False,False,False,False,False,False,False,True,False,False
66,16.43,45.75,0,0,1,0,13.7,456,1.1992700729927008,0,0,True,False,False,False,False,True,False,False,False,False,True
68,2.35,82.71,0,1,1,0,8.64,1096,0.27199074074074076,0,0,False,False,False,False,False,False,False,False,False,False,False
31,1.99,31.52,0,0,1,0,8.71,793,0.2284730195177956,0,0,False,False,False,False,False,True,False,False,False,False,False
29,11.22,52.26,1,1,0,0,9.21,313,1.2182410423452767,0,0,True,False,False,False,False,False,True,False,False,False,False
59,15.85,48.85,0,1,0,0,8.83,863,1.7950169875424689,0,0,False,False,False,False,False,False,False,True,False,False,False
37,4.05,66.33,2,1,0,0,9.03,259,0.4485049833887043,1,0,True,False,False,False,False,False,False,False,True,False,False
70,4.58,46.52,1,0,0,0,9.42,414,0.4861995753715499,0,0,True,False,False,False,False,False,False,False,True,False,False
67,4.82,38.79,1,0,1,1,13.99,188,0.34453180843459613,0,0,False,False,False,False,False,True,False,False,False,False,True
41,2.45,61.92,0,1,0,1,9.34,853,0.2623126338329765,0,0,False,False,False,False,False,False,True,False,False,False,False
60,13.39,88.43,0,0,1,0,14.56,500,0.9196428571428571,0,0,False,False,False,False,False,False,True,False,False,False,True
51,10.51,41.68,3,0,0,1,13.42,237,0.7831594634873323,1,0,False,False,True,False,False,False,False,False,False,False,True
42,0.2,38.78,0,0,0,1,14.34,203,0.013947001394700141,0,0,False,False,False,False,False,False,False,True,False,False,True
67,21.74,91.26,1,0,0,0,18.66,1071,1.165058949624866,0,0,False,False,False,False,False,False,False,False,False,True,False
46,3.82,38.67,1,0,1,0,9.2,1046,0.4152173913043478,0,0,True,False,True,False,False,False,False,False,False,False,False
74,7.73,3.13,1,0,0,0,8.9,737,0.8685393258426967,0,0,False,False,False,False,False,False,False,False,False,False,False
56,6.42,67.67,0,1,0,0,14.34,1004,0.4476987447698745,0,0,False,True,False,False,False,False,False,False,False,False,True
48,4.39,72.41,1,0,1,0,13.88,426,0.3162824207492795,0,0,False,False,False,False,False,False,False,False,False,False,True
73,10.5,78.27,1,0,1,0,15.26,1003,0.6880733944954128,0,0,True,False,True,False,False,False,False,False,False,False,True
64,7.56,56.58,1,1,0,0,9.14,795,0.8271334792122538,0,0,False,False,False,False,False,False,False,False,True,False,False
60,26.38,43.62,1,0,0,0,13.05,706,2.0214559386973177,0,0,False,False,False,False,False,False,True,False,False,False,True
67,4.74,60.55,0,0,0,0,17.63,546,0.2688598979013046,0,0,True,False,False,False,False,False,False,False,True,True,False
40,11.92,68.63,1,0,0,1,9.28,691,1.2844827586206897,0,0,False,True,False,False,False,False,False,True,False,False,False
61,10.37,57.24,0,1,0,1,17.64,335,0.5878684807256235,0,0,True,False,True,False,False,False,False,False,False,True,False
55,16.46,30.52,1,0,0,1,8.61,387,1.9117305458768876,0,0,True,False,False,True,False,False,False,False,False,False,False
37,17.95,71.35,1,1,0,0,9.02,448,1.9900221729490022,0,0,False,False,False,False,False,False,False,True,False,False,False
40,7.32,71.41,1,1,0,1,9.07,671,0.8070562293274531,0,0,True,False,False,False,False,False,True,False,False,False,False
62,2.31,32.42,1,1,0,1,13.88,536,0.16642651296829972,0,0,True,False,False,False,False,False,True,False,False,False,True
69,5.74,95.41,1,0,1,0,14.05,341,0.4085409252669039,0,0,False,False,False,False,True,False,False,False,False,False,True
33,6.27,35.34,2,0,0,1,15.05,733,0.4166112956810631,1,0,False,False,False,False,False,False,False,True,False,False,True
67,11.18,34.34,1,1,0,0,13.71,274,0.8154631655725747,0,0,True,False,False,True,False,False,False,False,False,False,True
59,3.12,86.56,1,1,0,1,8.57,506,0.36406067677946324,0,0,False,True,False,False,False,False,False,False,True,False,False
72,11.63,68.46,0,0,0,0,8.76,644,1.3276255707762559,0,0,False,False,False,False,False,True,False,False,False,False,False
25,19.94,45.32,0,1,0,0,9.32,465,2.139484978540773,0,0,False,False,False,True,False,False,False,False,False,False,False
67,23.19,66.44,0,0,0,0,18.19,279,1.274876305662452,0,0,False,False,False,False,False,False,False,True,False,True,False
38,6.05,7.4,2,1,0,0,8.58,1075,0.7051282051282051,1,0,False,False,True,False,False,False,False,False,False,False,False
18,3.97,9.35,3,0,0,1,17.74,506,0.22378804960541154,1,0,True,False,False,False,False,False,True,False,False,True,False
72,2.24,90.02,2,0,1,1,9.2,540,0.24347826086956526,1,0,True,False,False,False,False,False,True,False,False,False,False
25,17.14,62.98,0,0,0,0,8.36,803,2.050239234449761,0,0,False,False,False,False,False,False,False,True,False,False,False
46,9.0,66.7,0,0,0,0,9.23,953,0.9750812567713976,0,0,False,False,False,True,False,False,False,False,False,False,False
49,7.44,26.9,2,1,0,0,9.22,1095,0.806941431670282,1,0,True,False,False,False,False,False,False,True,False,False,False
55,19.2,41.68,0,1,0,0,18.23,103,1.0532089961601754,0,0,False,False,False,False,False,False,False,False,False,True,False
22,21.51,27.21,0,1,0,0,13.88,838,1.5497118155619596,0,0,False,False,False,False,False,False,False,True,False,False,True
64,14.4,49.9,0,1,0,0,18.05,860,0.7977839335180056,0,0,True,False,False,False,False,False,False,False,False,True,False
39,1.48,14.47,0,0,0,0,18.19,1075,0.08136338647608575,0,0,True,False,False,True,False,False,False,False,False,True,False
64,14.0,46.35,1,0,1,1,13.95,249,1.0035842293906811,0,0,True,False,True,False,False,False,False,False,False,False,True
51,2.89,22.01,0,1,1,1,13.33,108,0.21680420105026257,0,0,False,False,True,False,False,False,False,False,False,False,True
18,2.5,49.55,0,0,0,1,14.74,264,0.16960651289009498,0,0,True,False,False,False,False,False,False,False,True,False,True
72,17.91,46.63,1,0,0,0,13.99,186,1.2802001429592567,0,0,True,False,False,False,False,False,False,True,False,False,True
72,9.96,7.12,1,0,0,1,9.22,356,1.0802603036876355,0,0,False,False,False,True,False,False,False,False,False,False,False
43,7.03,23.03,0,0,0,0,14.11,671,0.4982282069454288,0,0,False,False,False,True,False,False,False,False,False,False,True
60,19.73,79.01,0,0,1,0,14.99,650,1.316210807204803,0,0,True,False,False,False,False,False,False,False,True,False,True
27,9.36,17.6,1,0,0,0,8.67,1014,1.079584775086505,0,0,True,False,False,False,False,True,False,False,False,False,False
47,28.81,71.87,0,0,1,0,14.46,1073,1.9923928077455046,0,0,False,False,False,True,False,False,False,False,False,False,True
67,15.32,56.23,0,0,0,1,17.95,635,0.8534818941504179,0,0,False,False,False,False,True,False,False,False,False,True,False
35,8.6,19.65,0,0,0,0,13.51,893,0.6365655070318282,0,0,False,False,True,False,False,False,False,False,False,False,True
34,13.24,29.96,0,0,0,1,13.89,778,0.953203743700504,0,0,False,False,False,False,False,False,True,False,False,False,True
43,3.11,25.05,2,0,1,1,9.68,944,0.3212809917355372,1,0,True,False,False,False,False,False,False,False,False,False,False
25,6.78,63.21,1,0,0,0,13.81,928,0.49094858797972485,0,0,True,False,False,False,True,False,False,False,False,False,True
64,2.9,60.68,1,0,0,0,8.84,1027,0.32805429864253394,0,0,True,False,False,False,False,False,True,False,False,False,False
57,5.83,59.95,0,1,0,0,17.39,889,0.33525014376078205,0,0,True,False,False,False,True,False,False,False,False,True,False
66,14.72,63.0,1,0,0,1,18.37,602,0.8013064779531845,0,0,False,False,False,False,False,False,False,False,True,True,False
29,4.51,66.04,0,1,0,1,18.24,67,0.24725877192982457,0,1,True,False,False,False,False,False,False,False,True,True,False
44,6.43,75.61,0,0,0,0,8.87,147,0.7249154453213078,0,0,True,False,False,False,False,False,False,False,False,False,False
25,7.03,49.24,0,1,0,0,8.72,419,0.8061926605504587,0,0,False,True,True,False,False,False,False,False,False,False,False
42,1.01,95.92,2,0,0,0,17.91,709,0.056393076493579004,1,0,True,False,False,False,False,True,False,False,False,True,False
63,18.23,41.79,1,0,0,1,17.73,406,1.0282007896221095,0,0,True,False,False,True,False,False,False,False,False,True,False
21,18.77,16.14,0,0,1,0,18.17,878,1.0330214639515685,0,0,True,False,False,False,False,False,False,False,False,True,False
50,2.99,40.92,0,1,0,0,14.43,405,0.20720720720720723,0,0,False,False,False,False,False,True,False,False,False,False,True
18,15.63,26.6,2,1,1,0,14.43,624,1.0831600831600832,1,0,False,False,False,False,False,False,True,False,False,False,True
36,10.42,44.38,0,0,0,0,9.72,776,1.0720164609053497,0,0,True,False,False,True,False,False,False,False,False,False,False
48,11.25,5.25,1,1,0,1,18.69,1095,0.6019261637239165,0,0,False,False,False,False,True,False,False,False,False,True,False
33,4.48,31.32,0,1,0,1,13.57,487,0.33014001473839355,0,0,False,False,False,False,False,False,False,False,False,False,True
31,14.23,20.07,0,0,0,0,8.28,1081,1.7185990338164252,0,0,False,False,False,False,False,True,False,False,False,False,False
70,19.04,77.99,2,0,0,0,9.05,770,2.1038674033149167,1,0,False,False,False,False,False,False,False,True,False,False,False
65,5.75,35.57,0,0,0,1,13.58,658,0.42341678939617083,0,0,False,False,False,False,False,False,False,True,False,False,True
22,7.37,71.96,1,0,0,0,13.7,355,0.537956204379562,0,0,False,False,True,False,False,False,False,False,False,False,True
58,2.45,66.17,0,1,0,0,9.15,648,0.2677595628415301,0,0,True,False,False,False,False,True,False,False,False,False,False
43,11.02,84.07,1,0,0,0,9.2,354,1.1978260869565218,0,0,True,False,False,False,False,False,False,False,False,False,False
45,8.54,19.31,0,1,1,1,8.87,545,0.9627959413754228,0,0,True,False,False,False,False,False,True,False,False,False,False
19,16.64,52.69,1,0,0,0,9.23,775,1.8028169014084507,0,0,False,False,False,False,False,False,False,True,False,False,False
67,6.24,52.03,0,0,1,1,18.48,277,0.33766233766233766,0,0,False,False,True,False,False,False,False,False,False,True,False
23,4.13,53.49,2,1,0,0,14.33,427,0.2882065596650384,1,0,False,False,False,False,False,False,False,False,False,False,True
26,2.47,32.46,0,0,1,1,13.79,611,0.17911530094271214,0,0,True,False,True,False,False,False,False,False,False,False,True
50,14.68,21.08,0,1,0,0,14.04,232,1.0455840455840457,0,0,False,False,False,False,False,False,True,False,False,False,True
58,1.83,9.1,0,0,1,1,8.95,250,0.2044692737430168,0,0,False,False,False,False,False,False,False,True,False,False,False
42,4.44,91.06,0,0,1,0,13.7,896,0.32408759124087594,0,0,False,False,False,True,False,False,False,False,False,False,True
65,10.37,64.56,0,0,0,1,18.49,292,0.5608436992969172,0,0,False,False,False,False,False,False,False,True,False,True,False
30,8.3,48.01,0,1,0,0,13.9,325,0.5971223021582734,0,0,False,False,False,False,False,False,False,True,False,False,True
26,4.49,50.78,0,0,0,1,13.48,1049,0.3330860534124629,0,0,False,False,False,False,False,True,False,False,False,False,True
70,5.88,91.32,1,0,0,1,13.97,321,0.4209019327129563,0,0,False,False,False,False,False,False,False,False,True,False,True
30,9.77,36.16,1,1,0,0,17.55,713,0.5566951566951567,0,0,False,False,False,False,False,True,False,False,False,True,False
48,8.41,54.14,0,1,0,0,8.24,905,1.020631067961165,0,0,True,False,False,False,False,False,False,True,False,False,False
58,5.76,47.8,2,0,0,0,9.11,1084,0.6322722283205269,1,0,True,False,False,False,True,False,False,False,False,False,False
28,16.43,37.42,0,0,0,0,17.36,1097,0.9464285714285714,0,0,False,False,False,False,False,False,False,False,True,True,False
21,19.26,58.11,0,1,0,0,18.36,584,1.0490196078431373,0,0,True,False,False,True,False,False,False,False,False,True,False
51,9.65,27.8,0,1,0,0,14.44,378,0.6682825484764543,0,0,False,True,False,False,False,False,False,False,False,False,True
55,3.79,38.94,2,1,1,0,9.49,248,0.3993677555321391,1,0,True,False,False,False,False,True,False,False,False,False,False
63,14.3,16.49,1,0,0,0,9.17,1052,1.5594329334787351,0,0,False,False,False,False,False,False,False,False,True,False,False
21,0.89,78.27,0,0,0,0,13.81,479,0.06444605358435916,0,0,True,False,False,False,False,False,False,False,True,False,True
55,9.09,58.01,0,1,0,0,17.86,533,0.5089585666293394,0,0,True,False,False,False,False,True,False,False,False,True,False
36,9.94,11.72,0,1,0,1,8.79,115,1.130830489192264,0,0,False,False,False,False,False,True,False,False,False,False,False
23,11.96,47.96,0,0,0,1,13.26,552,0.9019607843137256,0,0,True,False,False,False,False,False,False,False,True,False,True
51,14.07,28.71,1,1,0,0,18.66,490,0.7540192926045016,0,0,True,False,True,False,False,False,False,False,False,True,False
35,5.28,44.0,0,1,0,0,9.28,1043,0.5689655172413793,0,0,True,False,False,True,False,False,False,False,False,False,False
30,10.47,75.74,0,0,0,0,13.64,659,0.7675953079178885,0,0,False,False,False,False,True,False,False,False,False,False,True
58,13.23,51.52,0,1,0,0,8.95,281,1.4782122905027935,0,0,True,False,False,False,False,False,True,False,False,False,False
40,3.97,49.21,0,1,1,1,17.98,47,0.22080088987764182,0,1,False,False,False,False,False,False,False,True,False,True,False
36,7.49,51.81,0,0,0,0,18.08,529,0.4142699115044248,0,0,False,False,False,True,False,False,False,False,False,True,False
62,4.55,87.74,0,1,0,0,8.95,487,0.5083798882681565,0,0,False,False,False,False,False,True,False,False,False,False,False
28,4.7,64.56,0,0,0,0,18.07,144,0.26009961261759823,0,0,False,False,False,False,False,False,False,False,True,True,False
18,5.67,28.27,0,0,1,0,17.58,782,0.3225255972696246,0,0,False,False,False,False,False,False,True,False,False,True,False
41,15.85,88.1,1,0,0,0,18.0,798,0.8805555555555555,0,0,True,False,False,False,False,True,False,False,False,True,False
71,2.19,27.33,1,0,1,0,14.16,476,0.15466101694915255,0,0,False,False,True,False,False,False,False,False,False,False,True
24,3.17,87.16,0,0,0,1,14.38,382,0.22044506258692628,0,0,True,False,False,False,False,False,True,False,False,False,True
42,1.22,24.94,0,1,1,0,8.32,654,0.14663461538461536,0,0,False,False,False,False,False,False,False,False,True,False,False
38,3.55,64.23,0,0,0,1,9.32,570,0.38090128755364805,0,0,True,False,False,True,False,False,False,False,False,False,False
32,8.2,84.48,1,0,0,1,13.7,351,0.5985401459854014,0,0,False,False,False,False,False,False,False,False,False,False,True
18,5.72,47.71,1,1,0,1,8.84,255,0.6470588235294118,0,0,True,False,False,True,False,False,False,False,False,False,False
29,15.25,11.78,2,0,0,1,14.36,390,1.0619777158774373,1,0,True,False,False,True,False,False,False,False,False,False,True
24,13.15,50.41,2,0,0,0,14.23,863,0.9241040056219255,1,0,False,False,False,False,True,False,False,False,False,False,True
32,3.03,45.08,1,1,0,1,18.18,141,0.16666666666666666,0,0,False,False,False,False,False,False,True,False,False,True,False
38,3.66,38.08,0,1,0,1,18.22,241,0.2008781558726674,0,0,True,False,False,False,False,True,False,False,False,True,False
36,1.79,57.29,3,1,1,0,8.94,977,0.20022371364653246,1,0,False,False,False,False,False,False,False,False,True,False,False
46,4.38,68.52,1,1,0,1,13.82,188,0.31693198263386396,0,0,False,False,False,False,False,True,False,False,False,False,True
42,14.14,18.09,0,0,1,1,14.75,601,0.9586440677966102,0,0,False,True,False,False,False,False,False,False,True,False,True
50,5.54,61.63,0,1,0,0,8.96,699,0.6183035714285714,0,0,False,False,False,False,False,False,False,True,False,False,False
66,3.56,49.78,0,0,0,0,9.97,940,0.35707121364092276,0,0,True,False,False,False,False,False,False,False,False,False,False
49,9.94,52.66,0,0,1,0,17.93,1052,0.5543781372002231,0,0,True,False,False,False,False,False,False,True,False,True,False
66,1.89,42.95,0,1,0,0,8.49,433,0.22261484098939927,0,0,False,False,False,True,False,False,False,False,False,False,False
52,3.48,47.3,0,0,0,1,17.51,433,0.19874357509994287,0,0,False,False,False,False,False,False,False,False,False,True,False
61,5.31,33.59,0,0,0,1,18.07,630,0.29385722191477587,0,0,True,False,False,False,True,False,False,False,False,True,False
55,1.45,20.16,0,1,0,1,14.08,222,0.10298295454545454,0,0,True,False,False,False,False,False,False,True,False,False,True
43,15.32,38.57,1,0,1,0,18.35,1029,0.8348773841961853,0,0,False,False,False,False,True,False,False,False,False,True,False
28,7.73,78.39,0,0,1,1,9.58,552,0.8068893528183716,0,0,True,False,False,False,False,True,False,False,False,False,False
52,7.09,37.7,0,1,0,1,17.91,379,0.3958682300390843,0,0,True,False,False,True,False,False,False,False,False,True,False
25,8.34,78.19,1,0,0,1,17.76,345,0.46959459459459457,0,0,True,False,True,False,False,False,False,False,False,True,False
63,7.55,48.63,0,1,0,0,9.53,972,0.7922350472193075,0,0,True,False,True,False,False,False,False,False,False,False,False
31,15.07,72.32,0,1,0,0,13.41,942,1.1237882177479492,0,0,True,False,False,False,False,False,False,False,False,False,True
27,9.17,58.64,3,0,0,1,12.98,681,0.7064714946070878,1,0,False,False,False,False,False,False,False,False,False,False,True
19,11.84,46.3,0,1,0,0,9.17,664,1.2911668484187568,0,0,True,False,False,False,False,False,False,True,False,False,False
63,11.32,67.06,2,0,1,0,17.7,1040,0.6395480225988701,1,0,True,False,True,False,False,False,False,False,False,True,False
26,8.5,18.16,1,0,0,1,13.75,622,0.6181818181818182,0,0,True,False,False,False,False,False,True,False,False,False,True
20,2.75,55.02,0,1,0,0,14.09,473,0.19517388218594747,0,0,True,False,False,False,False,False,True,False,False,False,True
38,9.15,47.65,1,0,0,0,8.84,650,1.0350678733031675,0,0,True,False,False,False,False,True,False,False,False,False,False
43,13.97,78.56,2,0,0,0,14.33,785,0.9748778785764132,1,0,False,False,False,False,False,False,True,False,False,False,True
25,9.87,26.69,1,1,1,0,17.83,526,0.5535614133482895,0,0,False,False,False,False,False,True,False,False,False,True,False
65,5.65,38.07,0,1,0,0,13.4,802,0.4216417910447761,0,0,True,False,True,False,False,False,False,False,False,False,True
19,11.86,84.01,2,1,0,0,13.53,403,0.8765705838876571,1,0,True,False,False,False,False,False,True,False,False,False,True
23,7.3,51.02,1,1,0,0,13.97,213,0.5225483178239083,0,0,True,False,False,False,True,False,False,False,False,False,True
45,10.88,69.81,0,0,0,0,9.99,61,1.0890890890890892,0,1,False,False,False,False,False,False,False,False,True,False,False
70,11.28,67.48,0,0,0,0,14.09,312,0.8005677785663591,0,0,False,False,False,False,False,False,False,False,False,False,True
46,9.37,62.81,1,0,0,0,9.04,865,1.0365044247787611,0,0,True,False,False,True,False,False,False,False,False,False,False
43,2.81,41.24,1,0,0,1,9.86,902,0.2849898580121704,0,0,False,False,False,False,False,False,False,True,False,False,False
42,16.28,29.2,1,0,0,1,8.9,715,1.8292134831460676,0,0,True,False,False,False,False,True,False,False,False,False,False
29,8.7,83.42,1,0,1,1,17.94,491,0.48494983277591963,0,0,False,False,False,False,True,False,False,False,False,True,False
22,17.28,42.76,1,1,0,0,17.78,900,0.9718785151856018,0,0,False,False,False,False,False,False,True,False,False,True,False
51,11.35,21.53,1,0,1,0,8.87,1013,1.2795941375422775,0,0,False,False,False,True,False,False,False,False,False,False,False
65,6.38,94.12,1,1,1,0,9.14,397,0.698030634573304,0,0,False,False,False,True,False,False,False,False,False,False,False
54,4.48,40.69,0,0,1,1,9.96,687,0.4497991967871486,0,0,True,False,False,False,False,False,False,False,True,False,False
32,4.75,80.3,2,1,1,1,17.62,195,0.2695800227014756,1,0,False,False,False,False,False,False,False,True,False,True,False
61,0.99,25.72,0,0,0,1,13.46,1029,0.07355126300148587,0,0,False,False,False,False,True,False,False,False,False,False,True
53,0.93,66.14,1,0,1,0,14.08,631,0.06605113636363637,0,0,False,False,False,False,False,False,False,True,False,False,True
32,8.69,32.01,0,0,0,1,14.41,623,0.6030534351145038,0,0,True,False,False,False,False,True,False,False,False,False,True
60,5.33,74.37,0,0,1,0,13.55,155,0.3933579335793358,0,0,True,False,False,False,False,True,False,False,False,False,True
65,3.4,31.0,0,1,0,1,8.89,67,0.3824521934758155,0,1,False,False,False,False,False,False,False,False,False,False,False
40,11.52,40.81,0,0,0,0,9.33,377,1.2347266881028938,0,0,False,False,True,False,False,False,False,False,False,False,False
23,15.87,84.98,2,0,1,0,8.87,766,1.7891770011273957,1,0,False,False,False,False,False,True,False,False,False,False,False
63,5.83,55.6,0,0,0,0,14.55,763,0.40068728522336766,0,0,False,False,False,False,False,False,True,False,False,False,True
67,5.47,51.95,0,1,1,1,17.48,455,0.312929061784897,0,0,False,False,False,True,False,False,False,False,False,True,False
61,3.47,44.05,2,0,1,1,9.23,677,0.37594799566630555,1,0,False,False,False,False,True,False,False,False,False,False,False
60,16.08,25.74,0,0,0,0,8.88,315,1.8108108108108105,0,0,False,False,False,False,True,False,False,False,False,False,False
62,20.78,26.77,1,1,0,0,18.02,349,1.1531631520532741,0,0,False,False,False,False,False,False,False,False,True,True,False
38,8.03,7.8,1,0,0,1,8.92,541,0.9002242152466368,0,0,True,False,False,True,False,False,False,False,False,False,False
40,9.71,30.31,1,1,1,0,9.63,254,1.008307372793354,0,0,True,False,False,False,False,False,False,False,True,False,False
60,11.63,36.4,1,0,0,0,18.21,535,0.6386600768808347,0,0,False,False,False,False,False,False,False,False,True,True,False
72,8.29,33.19,0,0,1,0,14.23,771,0.5825720309205902,0,0,True,False,False,True,False,False,False,False,False,False,True
33,5.2,44.32,0,0,0,1,13.46,1058,0.3863298662704309,0,0,False,False,False,False,False,False,False,True,False,False,True
64,7.15,21.49,1,1,0,0,14.41,497,0.4961832061068702,0,0,True,False,False,False,False,False,True,False,False,False,True
70,9.16,20.12,0,1,0,0,14.22,967,0.6441631504922644,0,0,True,False,False,False,False,False,False,True,False,False,True
32,7.8,42.32,3,1,0,0,8.62,794,0.9048723897911833,1,0,False,False,False,False,False,False,True,False,False,False,False
42,2.75,62.31,0,1,0,1,13.86,192,0.19841269841269843,0,0,False,False,False,False,True,False,False,False,False,False,True
53,5.58,43.09,2,1,0,1,13.18,682,0.42336874051593326,1,0,True,False,False,False,False,True,False,False,False,False,True
28,12.5,67.97,0,0,1,1,18.34,930,0.6815703380588877,0,0,False,False,False,False,False,True,False,False,False,True,False
68,4.16,73.6,0,1,0,0,17.85,837,0.23305322128851538,0,0,False,False,False,False,False,False,False,True,False,True,False
32,1.82,78.29,1,1,1,0,9.47,111,0.1921858500527983,0,0,False,False,False,False,False,False,False,True,False,False,False
21,0.91,79.02,0,0,0,0,14.25,510,0.06385964912280702,0,0,True,False,False,False,False,False,False,True,False,False,True
38,7.62,30.79,0,0,0,1,9.0,545,0.8466666666666667,0,0,False,False,True,False,False,False,False,False,False,False,False
30,5.89,73.18,0,0,0,0,9.56,216,0.6161087866108786,0,0,False,False,False,False,False,False,False,False,False,False,False
39,6.39,10.73,2,0,0,1,14.05,175,0.4548042704626334,1,0,True,False,False,True,False,False,False,False,False,False,True
36,1.27,61.16,1,0,0,0,13.68,1035,0.09283625730994152,0,0,False,False,False,False,False,False,True,False,False,False,True
51,12.98,27.51,1,1,0,1,14.33,181,0.9057920446615493,0,0,False,False,False,False,False,True,False,False,False,False,True
31,11.59,25.74,0,0,0,1,13.52,122,0.8572485207100592,0,0,False,False,False,False,False,False,True,False,False,False,True
21,10.81,62.8,0,0,0,0,18.04,1084,0.5992239467849224,0,0,False,False,False,False,False,False,False,True,False,True,False
65,3.6,21.24,0,1,0,1,14.29,569,0.2519244226731981,0,0,True,False,True,False,False,False,False,False,False,False,True
70,11.33,24.99,0,0,0,1,14.15,678,0.8007067137809187,0,0,True,False,False,False,False,False,False,True,False,False,True
69,19.21,35.34,1,0,0,0,8.78,631,2.187927107061504,0,0,False,False,False,False,False,False,True,False,False,False,False
63,11.23,55.6,0,1,0,1,13.47,78,0.8337045285820341,0,1,False,False,False,False,False,False,False,False,False,False,True
44,2.92,18.58,0,1,1,0,18.17,570,0.16070445789763343,0,0,False,False,False,False,False,True,False,False,False,True,False
46,20.28,51.08,1,0,1,0,9.21,185,2.201954397394137,0,0,False,False,False,False,False,False,False,False,False,False,False
64,6.97,58.38,0,1,0,0,13.59,804,0.5128771155261221,0,0,True,False,False,True,False,False,False,False,False,False,True
45,5.65,12.65,0,1,1,1,18.41,575,0.3068984247691472,0,0,True,False,False,False,True,False,False,False,False,True,False
52,1.29,47.58,2,0,0,1,13.06,679,0.09877488514548238,1,0,True,False,True,False,False,False,False,False,False,False,True
25,11.01,64.07,1,0,0,0,13.12,1030,0.8391768292682927,0,0,True,False,False,False,False,False,False,False,False,False,True
33,7.33,89.08,2,1,0,0,9.05,204,0.8099447513812155,1,0,False,False,True,False,False,False,False,False,False,False,False
59,2.43,13.61,1,0,0,1,14.18,56,0.17136812411847674,0,1,True,False,False,False,False,False,False,True,False,False,True
53,18.81,38.47,1,1,0,0,14.06,176,1.3378378378378377,0,0,False,False,False,False,True,False,False,False,False,False,True
47,9.31,49.3,0,1,0,0,8.13,897,1.1451414514145142,0,0,True,False,False,False,False,False,True,False,False,False,False
35,4.11,78.8,0,0,1,0,14.12,294,0.2910764872521247,0,0,False,False,False,False,False,False,False,False,False,False,True
19,7.35,33.19,0,0,0,1,9.22,287,0.7971800433839479,0,0,False,False,False,False,False,False,False,False,False,False,False
66,7.07,50.72,1,1,0,0,14.33,856,0.49337055129099794,0,0,True,False,False,False,False,False,False,False,True,False,True
30,4.4,61.39,0,0,0,0,18.89,772,0.23292747485442034,0,0,True,False,False,False,False,True,False,False,False,True,False
21,1.6,32.63,0,0,1,0,12.77,739,0.12529365700861395,0,0,True,False,False,False,False,False,True,False,False,False,True
43,4.63,77.31,0,0,0,0,14.17,1078,0.3267466478475653,0,0,False,False,False,False,False,False,False,False,False,False,True
42,2.48,62.9,1,0,0,1,14.42,248,0.17198335644937587,0,0,True,False,False,False,False,False,False,False,False,False,True
47,6.14,46.25,1,0,0,0,8.58,590,0.7156177156177156,0,0,False,False,False,False,False,False,True,False,False,False,False
28,11.86,86.17,0,0,1,0,17.94,921,0.661092530657748,0,0,False,True,False,False,True,False,False,False,False,True,False
24,3.47,83.32,0,0,0,0,9.19,1093,0.3775843307943417,0,0,False,False,True,False,False,False,False,False,False,False,False
48,11.46,49.59,1,0,0,0,9.04,626,1.267699115044248,0,0,True,False,False,False,False,False,True,False,False,False,False
61,15.47,77.61,1,1,0,0,14.41,372,1.0735600277585011,0,0,False,False,True,False,False,False,False,False,False,False,True
27,8.47,69.93,0,0,0,1,14.29,532,0.5927221833449966,0,0,True,False,False,False,True,False,False,False,False,False,True
56,6.85,84.18,1,1,1,0,8.89,479,0.7705286839145106,0,0,True,False,False,False,True,False,False,False,False,False,False
30,6.37,34.96,0,1,0,0,9.54,365,0.6677148846960168,0,0,False,False,False,True,False,False,False,False,False,False,False
48,15.74,48.07,0,1,0,0,18.21,33,0.8643602416254805,0,1,False,False,False,False,False,False,False,True,False,True,False
24,6.38,65.68,1,1,0,0,8.75,788,0.7291428571428571,0,0,True,False,False,False,False,False,False,False,True,False,False
73,4.69,54.01,1,0,0,1,8.41,546,0.5576694411414983,0,0,True,False,False,False,True,False,False,False,False,False,False
66,5.36,64.03,0,0,0,0,8.51,267,0.6298472385428908,0,0,True,False,False,True,False,False,False,False,False,False,False
59,10.47,49.03,0,0,0,1,9.25,132,1.1318918918918919,0,0,False,False,False,True,False,False,False,False,False,False,False
59,20.51,7.63,0,0,0,0,13.3,1039,1.5421052631578949,0,0,True,False,False,True,False,False,False,False,False,False,True
73,15.0,84.06,0,0,0,0,13.33,1087,1.1252813203300824,0,0,False,True,False,False,True,False,False,False,False,False,True
53,12.65,55.27,1,1,0,0,14.14,547,0.8946251768033946,0,0,False,False,True,False,False,False,False,False,False,False,True
37,5.95,81.34,2,0,0,0,9.59,469,0.6204379562043796,1,0,False,False,False,False,True,False,False,False,False,False,False
21,1.09,10.52,0,0,1,1,8.68,254,0.12557603686635946,0,0,True,False,False,False,False,False,True,False,False,False,False
71,8.27,39.13,1,0,0,0,9.13,594,0.9058050383351587,0,0,False,False,False,False,False,False,False,True,False,False,False
24,9.63,82.4,0,1,0,0,9.63,275,1.0,0,0,False,False,False,False,False,False,False,True,False,False,False
71,11.62,82.22,0,1,0,0,9.56,957,1.215481171548117,0,0,False,False,False,False,False,False,True,False,False,False,False
18,2.76,33.37,0,0,1,0,8.61,982,0.3205574912891986,0,0,True,False,False,False,False,False,False,False,False,False,False
61,3.04,79.07,1,0,0,0,9.02,848,0.3370288248337029,0,0,True,False,False,False,True,False,False,False,False,False,False
73,9.04,79.11,1,0,0,1,14.09,245,0.6415897799858055,0,0,True,False,False,False,False,True,False,False,False,False,True
62,15.04,34.18,1,1,0,1,9.6,312,1.5666666666666667,0,0,False,False,False,False,False,False,False,False,True,False,False
59,10.87,33.97,2,0,0,1,9.46,602,1.1490486257928116,1,0,False,False,False,True,False,False,False,False,False,False,False
64,1.78,66.23,0,1,0,1,9.05,411,0.19668508287292816,0,0,False,False,False,False,True,False,False,False,False,False,False
30,11.88,16.26,1,1,0,0,9.01,1098,1.3185349611542732,0,0,True,False,False,False,False,False,False,True,False,False,False
72,4.81,79.67,1,0,0,0,13.34,201,0.36056971514242875,0,0,True,False,False,False,False,False,False,False,True,False,True
39,5.7,66.72,1,1,1,1,9.14,73,0.6236323851203501,0,1,True,False,False,False,False,True,False,False,False,False,False
71,4.06,55.09,1,0,0,1,9.08,257,0.44713656387665196,0,0,True,False,False,False,False,False,False,False,False,False,False
38,5.34,15.33,0,0,0,1,9.16,603,0.5829694323144105,0,0,True,False,True,False,False,False,False,False,False,False,False
39,1.9,61.72,0,1,0,0,9.21,346,0.2062975027144408,0,0,False,False,True,False,False,False,False,False,False,False,False
45,1.04,40.51,2,0,1,0,13.84,760,0.07514450867052024,1,0,False,False,False,False,False,True,False,False,False,False,True
26,4.54,68.17,1,0,0,1,18.23,630,0.24904004388370818,0,0,False,False,False,False,True,False,False,False,False,True,False
43,17.54,68.62,1,0,1,0,9.14,653,1.9190371991247264,0,0,True,False,False,False,True,False,False,False,False,False,False
26,6.59,72.65,1,0,0,0,13.97,496,0.4717251252684323,0,0,True,False,False,False,False,False,False,False,True,False,True
32,9.05,25.6,1,1,0,0,8.28,326,1.0929951690821258,0,0,True,False,False,False,False,False,False,False,True,False,False
27,7.47,26.27,0,0,0,0,9.21,574,0.8110749185667752,0,0,False,False,False,False,False,False,False,False,False,False,False
41,2.84,37.11,3,1,1,0,9.04,518,0.3141592920353982,1,0,True,False,False,False,True,False,False,False,False,False,False
74,11.09,7.34,0,0,1,0,18.21,1049,0.6090060406370126,0,0,False,False,False,False,False,False,False,True,False,True,False
59,2.03,56.83,2,0,0,1,8.88,244,0.22860360360360357,1,0,True,False,True,False,False,False,False,False,False,False,False
25,3.76,35.68,1,0,0,0,18.34,1055,0.2050163576881134,0,0,False,False,False,False,False,False,False,False,False,True,False
41,18.99,40.94,2,0,0,0,13.48,690,1.408753709198813,1,0,False,False,False,True,False,False,False,False,False,False,True
33,5.57,50.53,0,0,0,0,9.52,683,0.5850840336134454,0,0,True,False,False,False,False,False,False,False,True,False,False
66,11.38,67.27,0,0,0,1,14.0,831,0.812857142857143,0,0,False,False,False,True,False,False,False,False,False,False,True
43,6.72,60.03,0,0,0,0,18.07,370,0.37188710570005534,0,0,True,False,False,False,False,False,False,True,False,True,False
44,10.73,64.38,0,0,0,0,17.58,733,0.6103526734926054,0,0,False,False,False,False,True,False,False,False,False,True,False
54,6.05,35.74,0,0,0,1,14.43,436,0.41926541926541927,0,0,True,False,False,False,False,False,True,False,False,False,True
21,7.05,37.34,1,0,1,0,8.84,882,0.7975113122171945,0,0,True,False,False,False,False,False,False,False,True,False,False
67,8.06,41.58,0,0,1,0,9.58,335,0.8413361169102297,0,0,False,False,False,False,False,False,False,False,False,False,False
41,19.71,69.72,0,0,1,0,9.03,903,2.1827242524916945,0,0,False,False,False,False,False,False,True,False,False,False,False
36,12.1,64.33,0,1,0,0,14.36,524,0.8426183844011143,0,0,True,False,False,False,False,False,False,True,False,False,True
53,7.87,75.05,0,1,0,0,18.45,607,0.42655826558265586,0,0,False,False,False,True,False,False,False,False,False,True,False
56,11.7,61.1,1,0,0,1,13.82,570,0.8465991316931982,0,0,True,False,False,False,False,True,False,False,False,False,True
27,6.86,62.8,1,1,0,1,18.52,797,0.37041036717062636,0,0,True,False,True,False,False,False,False,False,False,True,False
42,11.78,60.03,3,0,0,1,9.18,925,1.2832244008714597,1,0,False,False,False,False,False,True,False,False,False,False,False
35,0.64,17.54,0,0,0,1,13.89,484,0.04607631389488841,0,0,True,False,False,False,False,True,False,False,False,False,True
36,9.75,58.77,1,0,1,1,18.74,328,0.5202774813233725,0,0,True,False,False,False,False,True,False,False,False,True,False
53,20.1,57.6,2,0,0,0,14.47,456,1.3890808569454043,1,0,False,False,False,False,False,False,False,True,False,False,True
27,6.63,49.9,1,1,1,0,14.29,745,0.4639608117564731,0,0,True,False,True,False,False,False,False,False,False,False,True
50,7.54,50.19,1,0,0,0,13.57,786,0.5556374355195284,0,0,False,False,False,False,False,False,False,True,False,False,True
72,6.4,8.32,0,0,1,1,14.46,60,0.4426002766251729,0,1,True,False,False,False,False,True,False,False,False,False,True
67,2.65,76.26,2,0,0,1,18.2,361,0.14560439560439561,1,0,True,False,False,False,False,False,False,False,True,True,False
22,26.43,17.65,0,1,0,0,13.94,81,1.8959827833572453,0,1,True,False,False,False,False,True,False,False,False,False,True
64,8.14,17.94,1,0,0,1,9.37,272,0.8687299893276416,0,0,False,False,False,False,False,False,False,False,True,False,False
66,12.39,23.68,3,0,0,0,13.76,804,0.900436046511628,1,0,False,False,False,False,False,False,False,False,False,False,True
52,19.86,70.29,0,1,0,0,8.82,715,2.251700680272109,0,0,True,False,False,False,False,True,False,False,False,False,False
61,13.91,85.12,0,0,0,0,13.51,602,1.0296076980014803,0,0,True,False,False,False,False,False,True,False,False,False,True
51,5.49,39.29,2,0,0,1,9.44,901,0.5815677966101696,1,0,False,False,False,False,False,False,False,True,False,False,False
50,2.47,72.69,0,0,1,1,17.37,729,0.1421991940126655,0,0,True,False,False,False,False,True,False,False,False,True,False
72,0.39,58.74,1,0,0,1,18.06,548,0.021594684385382062,0,0,False,False,False,False,False,False,False,True,False,True,False
38,9.88,49.89,0,1,1,1,9.12,624,1.0833333333333335,0,0,True,False,False,True,False,False,False,False,False,False,False
34,2.98,63.46,0,0,0,0,9.18,312,0.3246187363834423,0,0,False,False,False,False,False,True,False,False,False,False,False
39,11.32,37.21,1,0,0,0,13.7,628,0.8262773722627738,0,0,True,False,False,False,False,False,True,False,False,False,True
65,6.94,70.31,0,0,0,0,13.86,177,0.5007215007215008,0,0,False,False,False,False,False,True,False,False,False,False,True
54,5.22,19.04,1,1,1,0,9.34,99,0.5588865096359743,0,0,False,False,False,False,True,False,False,False,False,False,False
32,19.23,86.32,0,1,0,0,9.33,263,2.0610932475884245,0,0,True,False,False,False,False,False,False,False,False,False,False
52,6.23,42.89,1,0,0,1,14.55,708,0.42817869415807563,0,0,True,False,False,True,False,False,False,False,False,False,True
45,30.66,46.18,1,0,0,0,13.88,665,2.2089337175792507,0,0,False,False,False,False,False,False,False,True,False,False,True
24,15.29,76.9,0,0,0,0,8.75,496,1.7474285714285713,0,0,False,False,False,True,False,False,False,False,False,False,False
49,13.4,49.78,0,1,1,0,14.76,586,0.907859078590786,0,0,True,False,False,False,False,False,False,False,False,False,True
28,3.87,46.58,1,1,0,1,18.82,923,0.20563230605738575,0,0,True,False,False,False,False,False,False,True,False,True,False
27,11.54,54.39,0,0,1,1,9.26,865,1.2462203023758098,0,0,False,False,False,False,False,False,False,True,False,False,False
26,6.92,72.5,0,1,0,0,13.29,647,0.5206922498118887,0,0,True,False,False,False,True,False,False,False,False,False,True
31,3.94,68.55,1,0,0,1,9.11,163,0.43249176728869376,0,0,False,False,False,False,False,True,False,False,False,False,False
30,9.76,77.44,0,0,1,0,8.63,37,1.130938586326767,0,1,True,False,False,False,False,False,False,False,True,False,False
74,0.89,77.76,1,0,0,1,9.03,57,0.09856035437430787,0,1,False,False,False,False,False,False,False,False,False,False,False
42,10.77,12.48,0,1,1,1,14.06,812,0.7660028449502133,0,0,False,False,False,False,False,False,True,False,False,False,True
19,1.52,38.84,2,1,1,1,18.47,570,0.08229561451001625,1,0,False,True,False,False,False,False,False,False,False,True,False
52,3.26,25.99,0,1,1,0,13.62,656,0.2393538913362702,0,0,True,False,False,False,False,True,False,False,False,False,True
24,16.22,10.69,0,0,0,0,9.77,1087,1.6601842374616171,0,0,False,False,False,False,True,False,False,False,False,False,False
38,14.74,27.78,0,0,0,0,8.8,36,1.6749999999999998,0,1,True,False,True,False,False,False,False,False,False,False,False
35,2.85,75.2,0,0,0,1,13.38,69,0.21300448430493274,0,1,False,False,False,True,False,False,False,False,False,False,True
20,3.26,16.03,0,0,0,0,8.17,938,0.3990208078335373,0,0,False,False,True,False,False,False,False,False,False,False,False
59,15.7,44.46,0,0,0,1,9.11,91,1.7233809001097695,0,0,True,False,False,False,True,False,False,False,False,False,False
71,12.56,15.79,0,0,0,0,13.89,408,0.904247660187185,0,0,False,False,False,True,False,False,False,False,False,False,True
56,2.72,79.72,0,0,0,0,17.91,351,0.1518704634282524,0,0,True,False,False,False,False,True,False,False,False,True,False
58,4.85,68.18,0,0,0,0,9.3,762,0.5215053763440859,0,0,False,False,False,False,True,False,False,False,False,False,False
66,14.77,40.85,1,0,0,0,13.55,868,1.0900369003690036,0,0,False,False,False,False,False,False,False,False,True,False,True
28,8.0,37.22,2,1,0,1,8.85,448,0.903954802259887,1,0,False,False,False,False,False,False,False,False,False,False,False
56,14.94,32.65,0,0,0,1,14.4,49,1.0374999999999999,0,1,True,False,False,False,False,True,False,False,False,False,True
41,6.76,75.11,0,0,1,0,13.75,441,0.4916363636363636,0,0,True,False,False,True,False,False,False,False,False,False,True
63,4.91,56.4,4,0,0,0,18.54,578,0.26483279395900755,1,0,False,False,False,False,False,False,False,False,False,True,False
36,7.91,67.15,0,0,0,0,13.83,634,0.571945046999277,0,0,True,False,True,False,False,False,False,False,False,False,True
21,6.19,49.05,0,0,0,1,8.83,386,0.7010192525481314,0,0,True,False,False,False,False,True,False,False,False,False,False
43,5.1,27.24,0,1,0,0,9.36,230,0.5448717948717948,0,0,True,False,False,False,False,False,True,False,False,False,False
55,4.76,41.04,0,0,0,0,9.0,794,0.5288888888888889,0,0,True,False,False,False,False,False,False,False,False,False,False
59,17.12,30.4,1,0,1,0,14.05,260,1.2185053380782918,0,0,False,False,False,False,False,False,False,True,False,False,True
49,4.17,6.2,0,1,0,1,17.68,332,0.23585972850678733,0,0,True,False,False,True,False,False,False,False,False,True,False
56,9.88,61.83,0,0,1,0,13.86,416,0.7128427128427129,0,0,False,False,False,False,False,False,False,True,False,False,True
62,23.11,68.39,1,0,0,0,13.64,744,1.694281524926686,0,0,True,False,False,False,False,False,False,False,True,False,True
63,9.45,29.26,1,1,0,0,8.81,954,1.0726447219069237,0,0,True,False,False,True,False,False,False,False,False,False,False
53,13.11,93.17,2,0,0,0,13.68,87,0.9583333333333333,1,1,True,False,False,False,False,True,False,False,False,False,True
57,8.49,54.62,0,0,0,1,9.34,463,0.9089935760171307,0,0,True,False,False,True,False,False,False,False,False,False,False
54,39.8,45.02,0,1,0,0,8.47,551,4.698937426210152,0,0,True,False,False,False,False,False,False,False,True,False,False
50,7.2,49.05,0,0,1,0,13.54,797,0.5317577548005908,0,0,False,False,False,True,False,False,False,False,False,False,True
53,6.98,84.03,1,0,0,0,13.33,858,0.5236309077269318,0,0,True,False,False,False,False,True,False,False,False,False,True
20,7.07,77.47,1,1,0,0,9.46,512,0.7473572938689217,0,0,True,False,True,False,False,False,False,False,False,False,False
26,9.83,48.01,0,0,0,1,14.13,396,0.6956829440905874,0,0,True,False,False,False,False,False,True,False,False,False,True
25,2.36,26.9,0,1,0,0,13.59,918,0.17365710080941868,0,0,True,False,False,False,False,False,True,False,False,False,True
50,6.62,51.98,0,0,0,0,9.64,912,0.6867219917012448,0,0,False,False,False,False,True,False,False,False,False,False,False
23,1.25,71.86,0,1,0,0,14.01,440,0.08922198429693076,0,0,False,False,False,False,False,False,False,False,True,False,True
58,20.33,73.07,0,0,0,0,9.23,212,2.2026002166847234,0,0,True,False,False,False,False,True,False,False,False,False,False
56,4.7,51.42,0,0,0,0,8.82,187,0.5328798185941043,0,0,True,False,False,False,False,False,False,False,False,False,False
21,18.72,6.0,2,1,0,0,9.59,42,1.952033368091762,1,1,False,True,False,False,False,False,False,True,False,False,False
30,3.93,58.09,0,0,0,0,8.42,595,0.4667458432304038,0,0,True,False,False,False,False,False,False,False,False,False,False
66,7.6,78.91,0,0,0,0,13.29,901,0.5718585402558315,0,0,False,False,False,False,False,False,False,True,False,False,True
19,5.39,20.51,1,0,0,1,18.04,584,0.29878048780487804,0,0,True,False,True,False,False,False,False,False,False,True,False
22,8.92,81.4,1,0,0,1,8.68,707,1.0276497695852536,0,0,False,False,False,False,False,False,False,True,False,False,False
61,2.5,67.03,0,0,1,0,8.91,892,0.28058361391694725,0,0,False,False,False,False,False,False,False,False,False,False,False
44,3.41,65.08,0,0,1,0,8.68,647,0.3928571428571429,0,0,False,False,False,True,False,False,False,False,False,False,False
49,2.56,81.76,0,0,0,1,13.5,233,0.18962962962962962,0,0,True,False,False,False,False,False,False,False,False,False,True
38,7.63,42.32,1,1,1,1,9.13,986,0.8357064622124862,0,0,True,False,False,False,False,False,True,False,False,False,False
25,7.94,20.31,2,0,0,1,12.95,331,0.6131274131274131,1,0,True,False,False,False,False,True,False,False,False,False,True
55,7.53,68.15,1,0,0,1,13.94,1096,0.5401721664275466,0,0,True,False,False,False,False,False,True,False,False,False,True
25,6.02,61.71,0,0,0,0,14.17,824,0.4248412138320395,0,0,True,False,False,False,False,False,False,False,True,False,True
67,15.67,67.72,2,1,0,0,17.99,626,0.8710394663702058,1,0,True,False,False,True,False,False,False,False,False,True,False
20,8.75,29.48,1,1,0,0,9.15,758,0.9562841530054644,0,0,False,False,False,False,False,False,False,False,False,False,False
71,13.66,52.83,1,1,0,0,17.78,535,0.7682789651293588,0,0,False,False,False,True,False,False,False,False,False,True,False
61,6.0,34.04,0,1,0,1,9.1,668,0.6593406593406593,0,0,True,False,False,True,False,False,False,False,False,False,False
20,6.15,49.62,1,0,0,0,8.74,220,0.7036613272311213,0,0,True,False,False,False,False,True,False,False,False,False,False
39,17.35,16.14,3,0,1,1,14.11,928,1.2296243798724311,1,0,False,True,True,False,False,False,False,False,False,False,True
23,9.86,45.93,0,0,0,1,13.17,89,0.7486712224753227,0,1,False,False,False,False,False,False,False,True,False,False,True
19,8.32,31.57,0,1,0,0,18.16,91,0.4581497797356828,0,0,False,False,False,False,False,False,False,False,True,True,False
40,6.35,44.51,0,1,1,0,8.76,331,0.7248858447488584,0,0,True,False,False,False,True,False,False,False,False,False,False
61,12.16,27.05,2,0,0,1,17.89,667,0.6797093348239239,1,0,True,False,False,True,False,False,False,False,False,True,False
19,11.64,17.23,1,0,0,1,9.2,1028,1.265217391304348,0,0,True,False,False,False,True,False,False,False,False,False,False
55,2.83,29.9,0,1,0,1,9.73,201,0.2908530318602261,0,0,True,False,False,False,False,True,False,False,False,False,False
34,14.29,28.04,2,1,1,0,9.11,92,1.5686059275521405,1,0,False,False,False,False,False,False,False,True,False,False,False
52,3.86,75.54,1,1,0,0,13.96,801,0.2765042979942693,0,0,False,False,False,False,False,False,False,True,False,False,True
51,4.76,54.64,0,0,0,1,14.02,45,0.33951497860199714,0,1,True,False,False,False,False,True,False,False,False,False,True
40,6.53,44.52,0,0,0,0,13.89,720,0.47012239020878327,0,0,False,True,False,False,False,False,False,True,False,False,True
47,7.54,23.89,1,0,1,1,9.46,871,0.7970401691331923,0,0,True,False,False,False,False,False,True,False,False,False,False
69,10.35,31.75,0,1,0,0,8.96,928,1.1551339285714284,0,0,False,True,False,False,False,False,False,True,False,False,False
25,5.44,20.7,1,1,0,1,8.77,962,0.6202964652223489,0,0,False,True,False,False,True,False,False,False,False,False,False
39,6.93,22.22,1,0,0,1,14.17,204,0.489061397318278,0,0,True,False,False,False,False,False,False,True,False,False,True
61,6.45,62.88,1,1,0,1,14.57,446,0.4426904598490048,0,0,True,False,False,False,False,False,False,False,False,False,True
53,15.64,37.85,1,0,0,1,13.63,480,1.1474688187820983,0,0,False,False,False,False,False,True,False,False,False,False,True
22,14.51,81.45,0,0,0,0,18.67,865,0.7771826459560792,0,0,False,False,True,False,False,False,False,False,False,True,False
30,4.35,2.46,1,0,0,0,8.67,309,0.5017301038062283,0,0,False,False,False,False,True,False,False,False,False,False,False
46,3.72,50.97,0,0,0,1,9.15,273,0.4065573770491803,0,0,False,True,True,False,False,False,False,False,False,False,False
48,6.98,41.97,1,1,0,0,14.26,704,0.4894810659186536,0,0,False,False,False,False,True,False,False,False,False,False,True
64,12.07,81.79,0,1,0,0,14.56,175,0.8289835164835164,0,0,True,False,False,True,False,False,False,False,False,False,True
74,13.0,36.04,0,1,1,0,14.07,132,0.9239516702203269,0,0,True,False,False,False,False,False,False,False,True,False,True
72,5.57,25.98,0,0,0,1,17.89,339,0.31134712129681386,0,0,False,False,False,False,False,False,False,False,False,True,False
33,3.47,73.51,1,1,0,0,14.38,146,0.24130737134909597,0,0,True,False,False,False,True,False,False,False,False,False,True
59,1.65,29.29,0,0,0,1,9.12,792,0.18092105263157895,0,0,False,False,False,True,False,False,False,False,False,False,False
47,9.31,9.44,2,0,0,1,9.15,767,1.0174863387978141,1,0,True,False,False,False,False,False,False,False,False,False,False
74,12.5,38.61,0,0,0,0,13.74,216,0.9097525473071324,0,0,True,False,False,False,True,False,False,False,False,False,True
72,0.95,61.22,1,0,1,0,13.94,814,0.06814921090387374,0,0,True,False,True,False,False,False,False,False,False,False,True
33,10.27,61.33,0,0,0,0,8.9,736,1.1539325842696628,0,0,False,False,True,False,False,False,False,False,False,False,False
29,6.7,18.24,1,1,0,0,9.12,905,0.7346491228070177,0,0,True,False,False,False,False,True,False,False,False,False,False
34,3.77,51.95,0,1,0,0,14.14,825,0.2666195190947666,0,0,False,False,False,False,True,False,False,False,False,False,True
33,10.03,65.51,0,1,0,0,14.27,502,0.7028731604765242,0,0,False,False,False,False,True,False,False,False,False,False,True
29,2.42,76.53,1,1,1,1,8.78,585,0.275626423690205,0,0,False,False,False,False,False,False,True,False,False,False,False
25,3.28,12.53,2,1,1,1,13.88,711,0.23631123919308356,1,0,False,False,False,False,False,False,False,False,False,False,True
37,6.3,55.99,0,0,0,0,8.94,123,0.7046979865771812,0,0,True,False,False,False,False,False,False,False,False,False,False
20,1.23,73.01,0,0,1,0,17.29,765,0.07113938692886061,0,0,False,False,False,False,False,False,False,False,False,True,False
33,2.58,50.73,0,1,0,0,8.97,819,0.28762541806020064,0,0,True,False,False,False,False,False,False,False,False,False,False
47,4.47,39.8,1,0,1,1,14.06,67,0.31792318634423894,0,1,True,False,False,False,False,False,False,False,True,False,True
62,3.65,59.8,1,1,0,0,13.87,811,0.2631578947368421,0,0,True,False,False,False,False,False,False,False,True,False,True
40,5.62,32.91,3,0,0,0,9.09,511,0.6182618261826183,1,0,False,False,False,True,False,False,False,False,False,False,False
45,5.79,66.45,0,0,1,0,13.69,140,0.422936449963477,0,0,False,False,False,False,False,False,False,True,False,False,True
68,7.21,51.21,2,0,0,0,9.57,439,0.7533960292580982,1,0,False,False,False,False,True,False,False,False,False,False,False
57,13.03,76.37,1,1,0,0,14.08,426,0.9254261363636364,0,0,False,False,False,False,True,False,False,False,False,False,True
71,5.29,32.52,1,0,0,0,13.91,71,0.3803019410496046,0,1,False,False,False,False,True,False,False,False,False,False,True
22,11.11,31.68,1,0,0,0,8.14,70,1.3648648648648647,0,1,True,False,False,False,True,False,False,False,False,False,False
37,6.81,64.45,1,0,0,1,9.33,428,0.7299035369774919,0,0,False,False,False,False,False,False,False,False,False,False,False
57,8.95,77.7,1,0,0,0,13.71,211,0.6528081692195477,0,0,True,False,False,False,False,False,False,False,False,False,True
73,4.92,21.37,1,1,0,0,8.93,773,0.5509518477043673,0,0,False,True,False,False,False,False,False,False,True,False,False
61,10.64,17.75,0,0,1,0,14.7,747,0.7238095238095239,0,0,False,False,True,False,False,False,False,False,False,False,True
18,1.67,46.9,1,1,0,1,8.97,493,0.1861761426978818,0,0,False,False,False,False,False,False,True,False,False,False,False
74,10.85,34.16,2,0,0,1,18.15,327,0.5977961432506887,1,0,False,False,False,False,False,False,False,False,False,True,False
47,14.83,46.72,0,0,0,0,14.14,174,1.0487977369165487,0,0,True,False,False,False,False,False,False,False,False,False,True
38,1.32,12.43,0,0,1,0,14.07,45,0.09381663113006397,0,1,False,False,False,False,False,True,False,False,False,False,True
37,26.67,48.03,0,1,1,0,9.07,136,2.9404630650496144,0,0,True,False,False,False,False,False,False,False,False,False,False
23,10.68,49.86,2,0,1,0,7.99,248,1.3366708385481851,1,0,False,False,True,False,False,False,False,False,False,False,False
39,10.06,70.76,0,0,0,0,8.52,964,1.1807511737089202,0,0,False,False,True,False,False,False,False,False,False,False,False
35,8.97,51.41,2,0,1,1,8.86,366,1.0124153498871333,1,0,False,False,False,False,False,False,False,False,True,False,False
25,7.0,18.79,0,0,0,0,13.74,950,0.5094614264919942,0,0,False,False,False,False,False,False,False,False,False,False,True
56,14.11,63.66,0,1,1,0,14.21,400,0.9929627023223081,0,0,True,False,False,True,False,False,False,False,False,False,True
49,9.62,62.76,1,0,1,0,8.45,1027,1.1384615384615384,0,0,True,False,False,False,False,True,False,False,False,False,False
50,11.05,76.2,1,1,0,0,14.14,839,0.7814710042432815,0,0,False,False,False,False,False,False,True,False,False,False,True
70,4.4,50.27,0,1,1,1,8.19,283,0.5372405372405373,0,0,True,False,False,False,True,False,False,False,False,False,False
33,3.09,12.48,0,0,0,1,9.33,609,0.33118971061093244,0,0,True,False,False,False,False,False,False,False,False,False,False
29,27.31,25.2,1,1,0,1,17.88,665,1.5274049217002237,0,0,False,False,False,False,False,False,False,False,True,True,False
55,8.9,59.69,0,0,0,0,14.46,1083,0.6154910096818811,0,0,False,False,False,False,False,False,False,False,True,False,True
69,3.8,35.8,0,0,0,1,13.88,214,0.2737752161383285,0,0,False,False,False,True,False,False,False,False,False,False,True
51,1.57,22.24,1,1,1,1,9.36,503,0.16773504273504275,0,0,True,False,False,False,False,False,True,False,False,False,False
31,1.23,21.66,3,0,0,1,9.4,1014,0.13085106382978723,1,0,False,False,False,False,False,True,False,False,False,False,False
53,4.85,51.62,1,0,0,0,8.99,1013,0.539488320355951,0,0,True,False,False,False,False,False,False,True,False,False,False
50,10.46,62.01,3,1,0,1,17.82,531,0.5869809203142536,1,0,False,False,False,False,False,False,False,False,True,True,False
40,9.84,54.0,0,0,1,0,13.95,903,0.7053763440860216,0,0,True,False,True,False,False,False,False,False,False,False,True
67,4.84,49.92,1,1,0,0,9.1,379,0.5318681318681319,0,0,False,False,True,False,False,False,False,False,False,False,False
62,10.09,36.59,3,1,0,1,18.78,89,0.5372736954206603,1,1,False,False,False,False,True,False,False,False,False,True,False
19,3.86,66.13,1,0,0,0,13.86,908,0.2784992784992785,0,0,True,False,False,False,False,False,False,False,True,False,True
58,12.31,33.94,2,0,0,1,14.12,494,0.8718130311614731,1,0,False,False,False,False,False,True,False,False,False,False,True
38,7.52,46.01,1,0,0,0,8.39,340,0.8963051251489867,0,0,False,False,False,False,True,False,False,False,False,False,False
19,6.25,87.77,0,1,0,0,8.68,960,0.7200460829493088,0,0,True,False,False,False,False,False,False,False,True,False,False
44,1.21,58.18,0,0,0,0,9.75,994,0.1241025641025641,0,0,False,False,False,False,False,False,True,False,False,False,False
74,4.96,28.16,0,0,1,1,9.18,309,0.5403050108932462,0,0,True,False,False,False,False,False,False,False,False,False,False
26,4.8,62.73,0,0,0,0,13.82,740,0.3473227206946454,0,0,False,False,False,False,False,True,False,False,False,False,True
18,3.56,71.33,1,0,0,1,14.27,996,0.24947442186405047,0,0,False,False,False,False,False,False,False,False,True,False,True
28,5.0,31.53,1,1,0,1,14.51,724,0.34458993797381116,0,0,True,False,False,False,False,True,False,False,False,False,True
20,11.43,37.4,0,0,0,0,17.43,939,0.6557659208261618,0,0,False,False,False,False,False,False,False,True,False,True,False
69,9.28,37.05,1,0,0,0,9.08,596,1.0220264317180616,0,0,True,False,False,False,False,True,False,False,False,False,False
40,1.86,26.52,0,0,0,1,17.69,300,0.10514414923685698,0,0,True,False,False,False,False,True,False,False,False,True,False
43,3.28,18.76,1,0,0,1,17.85,1009,0.1837535014005602,0,0,False,True,True,False,False,False,False,False,False,True,False
21,15.0,48.25,0,0,0,0,14.25,870,1.0526315789473684,0,0,False,False,False,False,False,False,True,False,False,False,True
35,10.24,42.25,1,0,0,0,8.24,1033,1.2427184466019416,0,0,True,False,False,False,False,False,False,False,False,False,False
72,7.86,68.87,0,1,0,1,14.09,269,0.5578424414478353,0,0,True,False,False,False,False,False,False,False,False,False,True
23,28.76,61.44,1,0,0,0,9.63,390,2.9865005192107996,0,0,True,False,True,False,False,False,False,False,False,False,False
52,3.76,26.01,1,0,0,1,13.79,763,0.2726613488034808,0,0,False,True,False,False,False,True,False,False,False,False,True
39,5.32,94.27,0,0,1,0,7.86,881,0.6768447837150128,0,0,True,False,False,False,False,False,False,False,False,False,False
60,5.23,69.68,0,0,0,0,14.04,889,0.37250712250712253,0,0,True,False,False,False,True,False,False,False,False,False,True
32,3.43,25.7,0,0,0,0,14.49,730,0.23671497584541062,0,0,False,False,False,False,False,False,True,False,False,False,True
39,13.73,47.37,0,1,0,0,8.8,865,1.5602272727272726,0,0,True,False,False,False,False,False,False,True,False,False,False
54,5.41,61.98,1,0,0,0,8.8,852,0.6147727272727272,0,0,True,False,True,False,False,False,False,False,False,False,False
69,2.29,46.77,0,1,0,1,8.41,126,0.272294887039239,0,0,True,False,False,False,False,False,False,False,True,False,False
59,1.29,48.1,0,1,0,1,13.99,356,0.09220872051465333,0,0,True,False,False,False,False,False,False,False,True,False,True
29,12.47,37.02,0,0,1,0,18.14,102,0.6874310915104741,0,0,True,False,False,False,False,False,False,False,True,True,False
64,4.71,30.76,3,0,1,0,9.1,1023,0.5175824175824176,1,0,False,False,False,True,False,False,False,False,False,False,False
66,21.52,41.02,2,0,0,0,13.9,1023,1.5482014388489207,1,0,True,False,False,False,False,False,True,False,False,False,True
59,10.86,29.26,1,1,0,0,8.51,362,1.2761457109283196,0,0,False,False,False,False,False,False,False,True,False,False,False
55,1.26,53.46,0,0,0,1,13.87,487,0.09084354722422495,0,0,False,False,False,False,False,False,False,False,False,False,True
35,9.86,59.24,0,1,1,0,18.06,763,0.5459579180509413,0,0,False,False,False,False,False,False,False,True,False,True,False
62,17.34,65.2,0,0,1,0,9.46,905,1.8329809725158561,0,0,False,False,False,False,False,False,False,True,False,False,False
52,8.36,38.15,1,1,0,0,18.87,887,0.44303126656067826,0,0,True,False,True,False,False,False,False,False,False,True,False
47,3.1,44.34,0,0,0,1,13.26,128,0.23378582202111614,0,0,True,False,False,False,False,False,True,False,False,False,True
41,11.48,26.6,0,0,0,0,8.95,761,1.2826815642458103,0,0,True,False,False,False,False,False,False,False,True,False,False
59,3.06,48.69,0,0,1,0,18.11,954,0.16896742131419107,0,0,True,False,True,False,False,False,False,False,False,True,False
47,8.3,55.32,0,0,0,1,8.88,273,0.9346846846846847,0,0,False,False,False,False,False,False,False,False,False,False,False
31,2.11,30.68,0,0,0,1,8.54,691,0.24707259953161592,0,0,False,False,False,False,False,False,False,True,False,False,False
23,11.28,54.61,0,0,0,1,14.15,1035,0.7971731448763251,0,0,False,False,False,False,False,True,False,False,False,False,True
20,8.13,72.68,1,0,0,0,14.89,396,0.5460040295500336,0,0,True,False,False,False,False,False,False,False,True,False,True
33,12.86,30.53,1,1,1,0,13.85,528,0.9285198555956679,0,0,False,False,False,True,False,False,False,False,False,False,True
24,8.31,76.78,0,1,1,0,8.9,142,0.9337078651685393,0,0,True,False,False,False,False,False,True,False,False,False,False
69,4.47,66.42,0,1,0,0,18.01,974,0.24819544697390336,0,0,False,False,False,False,True,False,False,False,False,True,False
31,6.61,70.32,1,0,0,0,14.32,1077,0.4615921787709497,0,0,True,False,False,True,False,False,False,False,False,False,True
26,1.46,7.9,2,1,0,1,18.06,312,0.08084163898117387,1,0,False,False,False,False,False,False,False,True,False,True,False
32,10.12,66.23,2,0,0,0,9.4,430,1.076595744680851,1,0,True,False,False,False,False,False,False,True,False,False,False
38,7.15,59.97,0,1,1,0,14.77,597,0.48408937034529453,0,0,False,False,False,False,False,False,False,True,False,False,True
52,9.08,26.24,0,0,0,1,18.05,743,0.5030470914127424,0,0,False,False,False,False,False,False,False,True,False,True,False
19,6.54,81.92,0,0,0,0,9.64,451,0.6784232365145227,0,0,False,False,False,False,False,False,False,False,True,False,False
44,6.31,15.23,1,0,0,1,17.7,878,0.3564971751412429,0,0,True,False,False,False,False,False,True,False,False,True,False
19,15.94,42.98,0,0,1,0,9.21,504,1.7307274701411508,0,0,False,False,False,True,False,False,False,False,False,False,False
52,26.03,72.53,0,0,0,0,8.94,434,2.9116331096196872,0,0,False,False,True,False,False,False,False,False,False,False,False
35,13.81,36.75,1,1,0,1,18.31,65,0.7542326597487713,0,1,True,False,False,False,False,False,False,False,True,True,False
31,0.72,70.28,0,0,0,1,18.55,387,0.03881401617250674,0,0,True,False,False,False,False,False,True,False,False,True,False
37,6.49,64.63,2,1,0,0,8.72,587,0.7442660550458715,1,0,True,False,False,True,False,False,False,False,False,False,False
35,12.02,56.07,2,0,0,0,8.4,1097,1.4309523809523808,1,0,True,False,True,False,False,False,False,False,False,False,False
27,11.18,35.99,0,0,0,1,14.19,349,0.7878787878787878,0,0,False,False,False,False,False,False,False,True,False,False,True
42,2.06,69.94,0,1,0,1,18.32,767,0.11244541484716157,0,0,False,True,False,False,False,False,True,False,False,True,False
19,12.69,45.2,0,0,0,0,13.45,687,0.9434944237918216,0,0,True,False,False,False,False,False,False,True,False,False,True
42,2.8,14.83,0,1,1,1,13.42,501,0.20864381520119224,0,0,False,False,False,False,False,True,False,False,False,False,True
71,14.25,80.27,1,0,0,0,13.29,554,1.072234762979684,0,0,False,True,False,False,False,False,True,False,False,False,True
50,7.68,28.71,0,1,1,1,9.41,54,0.8161530286928799,0,1,True,False,False,False,False,False,False,False,False,False,False
53,6.87,55.86,1,1,0,0,18.61,669,0.369156367544331,0,0,False,False,False,False,True,False,False,False,False,True,False
48,4.78,42.14,2,0,0,1,9.47,905,0.5047518479408659,1,0,False,False,False,False,False,False,False,True,False,False,False
31,15.55,63.62,0,0,0,0,13.51,203,1.15099925980755,0,0,False,False,False,False,False,False,False,True,False,False,True
18,5.42,53.26,1,1,1,1,13.95,215,0.3885304659498208,0,0,True,False,False,False,False,False,False,True,False,False,True
63,11.96,65.94,2,1,1,0,14.3,1030,0.8363636363636364,1,0,False,False,False,False,False,False,False,False,False,False,True
33,8.94,50.32,1,0,0,0,14.81,557,0.6036461850101282,0,0,True,False,False,False,False,False,False,False,True,False,True
71,8.82,51.3,2,1,1,1,17.95,1001,0.4913649025069638,1,0,False,False,True,False,False,False,False,False,False,True,False
63,12.33,85.41,0,1,0,0,13.53,713,0.9113082039911309,0,0,True,False,False,False,False,False,False,True,False,False,True
69,13.71,43.54,1,0,0,0,13.45,215,1.0193308550185876,0,0,False,False,False,False,False,False,False,True,False,False,True
20,3.89,43.56,1,0,0,1,8.32,604,0.4675480769230769,0,0,True,False,False,True,False,False,False,False,False,False,False
52,12.59,75.79,0,1,0,0,18.32,338,0.6872270742358079,0,0,True,False,False,True,False,False,False,False,False,True,False
58,9.6,94.04,2,0,0,0,9.39,567,1.0223642172523961,1,0,False,False,False,False,False,False,False,False,True,False,False
23,6.94,49.91,0,0,0,1,8.74,887,0.7940503432494279,0,0,True,False,False,False,False,False,False,False,True,False,False
42,6.29,50.24,2,0,0,0,9.4,222,0.6691489361702128,1,0,False,False,False,False,True,False,False,False,False,False,False
30,3.17,53.35,0,0,1,1,13.54,82,0.23412112259970458,0,1,False,True,False,False,False,False,True,False,False,False,True
70,6.4,86.43,0,0,0,1,18.38,504,0.34820457018498374,0,0,False,False,False,False,False,False,False,True,False,True,False
51,2.75,59.39,0,0,0,0,13.41,203,0.20507084265473527,0,0,True,False,False,False,False,False,True,False,False,False,True
25,5.46,43.68,0,1,0,0,9.12,729,0.5986842105263158,0,0,False,False,False,False,False,True,False,False,False,False,False
38,10.66,75.95,0,0,0,0,9.68,419,1.1012396694214877,0,0,False,False,False,False,False,False,False,False,True,False,False
51,7.86,37.27,1,1,1,1,13.56,486,0.5796460176991151,0,0,False,False,False,False,False,False,False,False,True,False,True
21,1.97,30.98,0,1,0,0,9.18,1082,0.21459694989106753,0,0,True,False,False,False,True,False,False,False,False,False,False
42,6.91,49.95,0,0,0,0,9.47,151,0.7296726504751848,0,0,False,False,True,False,False,False,False,False,False,False,False
32,11.24,13.91,0,0,0,1,14.17,447,0.7932251235003529,0,0,False,False,False,False,False,False,False,False,False,False,True
21,2.4,69.43,1,1,1,1,17.82,188,0.13468013468013468,0,0,True,False,False,False,False,False,False,False,False,True,False
62,6.04,55.52,1,0,0,0,13.7,627,0.4408759124087592,0,0,True,False,False,False,False,False,False,False,False,False,True
29,23.9,35.24,1,0,0,0,9.22,545,2.5921908893709324,0,0,True,False,False,False,False,False,False,False,True,False,False
49,1.63,41.55,0,0,0,0,18.46,1055,0.08829902491874322,0,0,False,False,False,False,False,False,False,True,False,True,False
49,7.26,27.95,0,0,0,0,13.75,688,0.528,0,0,False,False,False,True,False,False,False,False,False,False,True
45,8.37,36.36,1,0,0,0,17.66,707,0.4739524348810872,0,0,False,False,False,False,True,False,False,False,False,True,False
30,3.83,47.8,0,0,0,0,8.9,344,0.43033707865168536,0,0,True,False,True,False,False,False,False,False,False,False,False
48,4.0,53.83,2,1,0,1,14.3,357,0.2797202797202797,1,0,True,False,False,False,False,True,False,False,False,False,True
31,7.73,83.15,1,0,1,1,18.1,305,0.4270718232044199,0,0,False,True,False,False,False,False,False,False,False,True,False
37,13.69,39.87,0,0,1,0,8.72,745,1.5699541284403669,0,0,False,True,False,False,True,False,False,False,False,False,False
35,24.68,31.47,0,1,1,0,14.6,481,1.6904109589041096,0,0,False,False,False,True,False,False,False,False,False,False,True
46,2.43,42.17,0,1,0,0,8.73,515,0.27835051546391754,0,0,False,False,False,True,False,False,False,False,False,False,False
23,12.02,69.14,1,0,0,0,13.85,596,0.867870036101083,0,0,True,False,False,False,False,False,False,False,True,False,True
49,9.81,69.49,1,0,0,1,17.72,275,0.5536117381489842,0,0,False,False,False,False,False,False,False,False,False,True,False
46,1.36,62.24,1,1,0,1,14.52,964,0.09366391184573003,0,0,True,False,True,False,False,False,False,False,False,False,True
60,4.68,14.55,1,0,0,1,17.23,918,0.2716192687173534,0,0,True,False,False,False,False,True,False,False,False,True,False
19,16.55,69.71,0,0,0,1,13.77,193,1.2018881626724764,0,0,False,False,False,False,False,False,True,False,False,False,True
40,4.21,18.32,0,0,0,1,17.59,556,0.23934053439454236,0,0,True,False,False,True,False,False,False,False,False,True,False
36,12.58,40.78,0,0,0,1,13.72,30,0.9169096209912536,0,1,True,False,False,True,False,False,False,False,False,False,True
48,12.45,36.96,0,0,0,0,9.22,892,1.3503253796095442,0,0,True,False,False,False,False,True,False,False,False,False,False
68,19.81,25.83,0,1,0,0,13.42,166,1.4761549925484352,0,0,True,False,False,True,False,False,False,False,False,False,True
22,2.28,30.53,0,0,0,1,13.36,180,0.17065868263473052,0,0,False,False,True,False,False,False,False,False,False,False,True
36,7.8,89.49,0,0,0,0,18.14,1033,0.42998897464167585,0,0,True,False,False,False,False,True,False,False,False,True,False
51,6.76,75.09,1,0,1,0,13.87,1071,0.4873828406633021,0,0,True,False,False,False,False,False,False,True,False,False,True
27,1.67,56.55,0,1,0,0,13.03,1028,0.1281657712970069,0,0,True,False,False,False,False,False,False,False,False,False,True
42,8.88,49.55,2,1,0,1,18.12,727,0.4900662251655629,1,0,True,False,False,False,False,False,False,False,False,True,False
19,8.33,30.63,2,0,1,1,17.73,362,0.4698251551043429,1,0,True,False,False,False,False,False,True,False,False,True,False
28,4.42,87.73,0,0,1,0,13.86,401,0.3189033189033189,0,0,False,False,False,False,False,True,False,False,False,False,True
67,4.59,77.46,0,0,0,1,18.41,610,0.24932102118413904,0,0,True,False,False,False,False,False,True,False,False,True,False
48,2.81,27.38,1,0,0,1,14.07,715,0.19971570717839374,0,0,False,False,False,False,False,True,False,False,False,False,True
73,22.15,68.42,0,0,0,0,9.22,738,2.402386117136659,0,0,False,True,False,False,False,False,False,False,False,False,False
32,3.78,29.4,1,1,0,1,8.3,957,0.4554216867469879,0,0,False,False,False,False,False,False,False,True,False,False,False
26,4.57,83.12,1,0,1,0,17.51,769,0.2609937178754997,0,0,True,False,False,True,False,False,False,False,False,True,False
40,7.82,54.4,1,0,0,0,9.52,300,0.8214285714285715,0,0,True,False,False,False,False,True,False,False,False,False,False
36,11.57,26.58,1,0,0,1,13.56,740,0.8532448377581121,0,0,False,False,False,False,False,False,True,False,False,False,True
26,7.09,56.67,1,0,1,1,17.88,354,0.3965324384787472,0,0,False,False,False,False,False,False,False,False,True,True,False
52,1.82,35.74,0,0,0,0,9.02,1019,0.2017738359201774,0,0,False,False,False,True,False,False,False,False,False,False,False
38,7.17,62.75,0,0,0,0,18.4,827,0.38967391304347826,0,0,False,False,False,False,False,False,False,False,False,True,False
26,27.3,63.12,0,1,0,0,17.68,949,1.5441176470588236,0,0,False,False,True,False,False,False,False,False,False,True,False
45,8.44,90.28,2,0,0,0,18.52,576,0.45572354211663063,1,0,False,False,True,False,False,False,False,False,False,True,False
63,4.51,92.97,0,1,1,0,8.59,937,0.5250291036088475,0,0,False,False,False,True,False,False,False,False,False,False,False
68,7.13,81.17,0,1,0,1,8.97,241,0.7948717948717948,0,0,True,False,False,False,False,False,False,True,False,False,False
24,9.87,39.79,2,0,0,1,18.23,626,0.5414152495885902,1,0,False,True,False,False,False,False,False,False,True,True,False
33,4.56,55.83,0,1,0,0,8.68,77,0.5253456221198156,0,1,False,False,False,False,False,False,True,False,False,False,False
33,13.26,64.83,1,1,0,0,13.84,260,0.958092485549133,0,0,True,False,False,False,False,True,False,False,False,False,True
50,16.55,82.22,0,0,0,0,14.24,608,1.1622191011235956,0,0,False,False,False,False,False,False,False,False,False,False,True
21,11.77,41.58,0,1,0,0,8.77,979,1.3420752565564424,0,0,False,False,True,False,False,False,False,False,False,False,False
21,6.52,81.86,1,0,0,0,17.87,961,0.3648573027420257,0,0,False,False,True,False,False,False,False,False,False,True,False
56,6.61,32.43,0,1,0,0,14.36,81,0.4603064066852368,0,1,False,False,True,False,False,False,False,False,False,False,True
57,0.86,22.37,0,0,0,0,8.91,451,0.09652076318742984,0,0,True,False,True,False,False,False,False,False,False,False,False
34,2.54,45.76,0,1,0,0,9.18,640,0.2766884531590414,0,0,False,True,False,False,True,False,False,False,False,False,False
54,6.64,25.4,0,0,1,1,8.76,475,0.7579908675799086,0,0,False,False,False,False,False,False,False,True,False,False,False
56,8.3,67.13,1,1,0,0,8.73,990,0.9507445589919817,0,0,False,False,False,False,False,False,True,False,False,False,False
69,3.51,65.46,0,1,0,1,13.74,160,0.2554585152838428,0,0,True,False,False,False,False,False,False,False,False,False,True
46,4.62,77.29,0,0,0,0,9.12,629,0.5065789473684211,0,0,True,False,False,False,False,False,False,False,False,False,False
69,2.3,1.63,0,1,0,1,8.96,403,0.25669642857142855,0,0,False,False,False,False,False,False,False,False,False,False,False
53,9.58,24.07,0,0,0,0,18.12,580,0.5286975717439293,0,0,True,False,False,False,False,False,True,False,False,True,False
55,10.3,32.5,0,1,0,0,13.27,559,0.7761868877166542,0,0,True,False,False,False,False,False,False,True,False,False,True
56,3.44,48.24,2,0,0,1,8.65,416,0.39768786127167627,1,0,False,False,False,True,False,False,False,False,False,False,False
67,13.48,20.42,2,0,1,1,18.41,365,0.7322107550244432,1,0,False,False,False,True,False,False,False,False,False,True,False
54,4.27,54.92,1,1,0,1,9.48,765,0.45042194092827,0,0,True,False,False,False,False,False,False,False,True,False,False
69,6.83,81.06,0,0,0,1,17.62,1054,0.387627695800227,0,0,True,False,False,False,False,True,False,False,False,True,False
52,10.09,41.11,0,0,1,0,14.57,925,0.6925188743994509,0,0,True,False,False,True,False,False,False,False,False,False,True
24,1.77,67.0,0,0,1,1,13.49,567,0.13120830244625648,0,0,False,False,False,False,False,True,False,False,False,False,True
44,3.29,62.91,1,0,0,1,14.06,525,0.23399715504978663,0,0,True,False,False,False,False,False,False,True,False,False,True
45,10.14,91.13,0,1,1,0,14.3,1065,0.7090909090909091,0,0,True,False,True,False,False,False,False,False,False,False,True
39,6.82,54.05,2,0,0,1,18.02,537,0.3784683684794673,1,0,False,False,False,False,False,True,False,False,False,True,False
31,4.98,39.31,0,1,1,1,18.2,710,0.27362637362637365,0,0,False,True,True,False,False,False,False,False,False,True,False
24,3.09,18.84,0,0,0,1,8.88,594,0.3479729729729729,0,0,False,False,False,False,False,False,False,True,False,False,False
54,2.58,52.86,1,0,1,1,14.38,810,0.17941585535465923,0,0,True,False,False,False,False,False,False,True,False,False,True
39,10.53,27.6,0,0,1,0,18.14,789,0.5804851157662624,0,0,True,False,False,False,False,False,True,False,False,True,False
22,9.27,42.24,0,0,0,0,14.16,157,0.6546610169491525,0,0,False,False,False,False,False,False,True,False,False,False,True
72,7.08,24.62,0,0,0,1,18.52,175,0.3822894168466523,0,0,True,False,False,False,True,False,False,False,False,True,False
19,12.44,58.42,0,0,0,0,14.92,528,0.8337801608579088,0,0,False,False,False,False,False,False,False,False,False,False,True
44,2.67,51.9,0,1,0,1,13.59,995,0.19646799116997793,0,0,True,False,False,False,True,False,False,False,False,False,True
38,3.97,36.75,2,0,0,0,8.9,589,0.4460674157303371,1,0,True,False,False,False,False,False,False,False,False,False,False
71,6.59,67.6,3,0,0,0,8.4,953,0.7845238095238095,1,0,False,False,True,False,False,False,False,False,False,False,False
55,7.06,43.65,1,0,0,1,14.41,432,0.4899375433726578,0,0,False,False,False,False,True,False,False,False,False,False,True
32,8.59,64.24,1,0,0,0,13.75,1005,0.6247272727272727,0,0,False,False,False,False,True,False,False,False,False,False,True
38,16.26,83.45,1,1,1,0,13.67,371,1.1894659839063644,0,0,True,False,False,False,False,False,False,False,True,False,True
27,5.38,80.35,1,1,0,0,14.5,570,0.37103448275862067,0,0,True,False,False,False,False,False,False,True,False,False,True
40,7.16,79.76,0,0,0,0,13.43,540,0.5331347728965004,0,0,False,False,False,False,False,False,True,False,False,False,True
73,8.01,74.27,1,0,0,1,17.75,48,0.4512676056338028,0,1,False,False,False,False,True,False,False,False,False,True,False
56,2.8,78.43,0,1,0,0,8.74,524,0.3203661327231121,0,0,True,False,False,False,False,False,True,False,False,False,False
22,2.96,53.98,0,0,0,1,13.8,384,0.2144927536231884,0,0,True,False,False,False,False,False,False,False,False,False,True
18,7.91,50.68,2,0,0,0,8.75,588,0.904,1,0,True,False,False,False,True,False,False,False,False,False,False
30,7.73,57.55,0,0,0,0,14.05,374,0.5501779359430605,0,0,False,True,False,False,False,False,False,False,False,False,True
38,11.32,81.12,0,0,0,0,8.88,717,1.2747747747747746,0,0,False,False,False,True,False,False,False,False,False,False,False
43,5.76,29.0,1,0,0,1,8.98,258,0.6414253897550111,0,0,False,False,False,True,False,False,False,False,False,False,False
67,7.62,54.88,0,1,0,0,8.29,176,0.9191797346200242,0,0,True,False,False,False,True,False,False,False,False,False,False
62,10.2,38.58,0,0,0,1,9.01,361,1.1320754716981132,0,0,False,True,False,True,False,False,False,False,False,False,False
38,20.28,77.99,0,0,0,0,13.98,462,1.4506437768240343,0,0,True,False,False,False,False,True,False,False,False,False,True
70,3.21,62.83,0,0,0,1,17.69,428,0.18145845110231767,0,0,False,False,True,False,False,False,False,False,False,True,False
35,8.0,60.49,1,1,0,0,8.17,865,0.9791921664626683,0,0,False,False,False,False,False,False,False,False,True,False,False
54,15.06,53.88,0,1,0,0,13.65,616,1.1032967032967034,0,0,True,False,False,False,False,False,False,False,False,False,True
62,5.11,67.77,0,0,0,0,13.38,628,0.38191330343796714,0,0,True,False,False,False,False,False,False,True,False,False,True
49,11.79,50.23,0,0,0,0,9.22,786,1.278741865509761,0,0,True,False,False,False,False,False,False,True,False,False,False
53,16.68,38.14,2,0,0,0,8.96,375,1.8616071428571426,1,0,True,False,True,False,False,False,False,False,False,False,False
34,10.41,43.51,0,0,1,0,8.4,1066,1.2392857142857143,0,0,False,False,False,True,False,False,False,False,False,False,False
52,5.5,56.3,2,1,0,0,13.67,767,0.4023408924652524,1,0,False,False,True,False,False,False,False,False,False,False,True
66,12.36,61.35,1,1,0,0,8.69,409,1.4223245109321059,0,0,False,False,False,True,False,False,False,False,False,False,False
28,8.0,24.24,2,1,1,0,8.84,450,0.9049773755656109,1,0,False,False,False,False,False,True,False,False,False,False,False
38,16.32,44.65,0,1,0,0,8.83,1040,1.8482446206115515,0,0,False,False,False,False,False,False,False,True,False,False,False
69,4.79,39.02,0,0,0,1,13.76,447,0.3481104651162791,0,0,True,False,False,False,False,False,False,False,False,False,True
72,3.75,56.72,0,0,0,0,13.79,385,0.2719361856417694,0,0,True,False,False,False,False,False,False,True,False,False,True
70,11.36,67.59,1,0,1,0,8.59,45,1.3224679860302677,0,1,False,True,False,False,False,False,False,False,True,False,False
43,4.05,46.69,0,0,0,0,14.07,344,0.2878464818763326,0,0,True,False,False,False,True,False,False,False,False,False,True
21,11.78,36.71,1,1,0,0,13.55,562,0.8693726937269372,0,0,False,False,False,True,False,False,False,False,False,False,True
51,10.12,92.39,1,0,1,0,8.99,1069,1.125695216907675,0,0,True,False,False,False,False,False,False,False,True,False,False
69,9.18,55.11,2,0,0,1,9.25,574,0.9924324324324324,1,0,False,False,False,False,False,True,False,False,False,False,False
65,9.61,39.49,0,0,0,0,13.46,723,0.713967310549777,0,0,False,False,False,False,False,True,False,False,False,False,True
35,8.21,41.37,0,0,0,0,13.9,98,0.5906474820143885,0,0,True,False,False,True,False,False,False,False,False,False,True
57,10.31,46.47,0,0,1,1,14.22,440,0.7250351617440225,0,0,True,False,False,True,False,False,False,False,False,False,True
52,27.15,12.51,0,0,1,0,13.47,841,2.015590200445434,0,0,False,False,False,False,False,False,False,True,False,False,True
58,18.56,70.25,0,1,1,0,9.62,948,1.9293139293139294,0,0,True,False,False,False,True,False,False,False,False,False,False
46,21.01,67.81,0,0,1,0,9.22,876,2.2787418655097613,0,0,True,False,False,False,False,False,False,True,False,False,False
69,6.53,61.08,1,0,1,0,13.61,769,0.4797942689199119,0,0,False,False,False,False,False,False,False,False,True,False,True
46,18.11,8.56,1,0,0,0,14.32,468,1.2646648044692737,0,0,True,False,False,False,False,False,False,False,True,False,True
55,6.75,52.27,0,0,0,1,9.13,559,0.7393209200438116,0,0,False,False,False,True,False,False,False,False,False,False,False
59,6.58,21.36,1,0,0,0,17.84,759,0.3688340807174888,0,0,False,False,False,False,False,False,False,False,False,True,False
38,9.51,64.68,1,0,0,1,13.58,302,0.7002945508100147,0,0,True,False,False,False,False,False,False,False,False,False,True
59,23.16,54.98,0,0,0,0,8.5,488,2.724705882352941,0,0,False,False,False,False,False,False,False,False,True,False,False
30,6.49,37.43,2,0,1,0,13.78,849,0.4709724238026125,1,0,False,False,False,False,True,False,False,False,False,False,True
66,7.58,64.48,2,0,0,0,8.94,597,0.8478747203579419,1,0,True,False,False,True,False,False,False,False,False,False,False
58,17.53,66.15,0,0,1,0,14.85,890,1.1804713804713807,0,0,True,False,False,False,False,True,False,False,False,False,True
34,5.14,21.47,0,0,1,0,13.94,526,0.36872309899569583,0,0,True,False,False,False,False,False,False,False,False,False,True
73,7.53,94.12,0,0,0,0,9.86,824,0.7636916835699797,0,0,True,False,False,False,False,False,False,False,False,False,False
26,13.52,41.83,0,0,1,0,17.95,834,0.7532033426183844,0,0,True,False,False,False,False,False,True,False,False,True,False
58,10.4,30.53,0,0,0,1,13.94,963,0.7460545193687231,0,0,True,False,False,False,False,False,True,False,False,False,True
18,4.28,28.91,0,0,0,0,9.14,1021,0.4682713347921225,0,0,True,False,False,False,False,False,False,False,False,False,False
19,8.1,36.72,1,0,0,0,9.04,869,0.8960176991150443,0,0,False,False,False,False,False,False,False,True,False,False,False
65,5.16,46.94,1,1,1,0,9.38,664,0.5501066098081023,0,0,False,False,False,False,True,False,False,False,False,False,False
46,5.73,24.26,1,1,0,1,18.32,632,0.31277292576419213,0,0,False,False,True,False,False,False,False,False,False,True,False
50,16.58,41.86,0,1,0,0,9.2,765,1.8021739130434782,0,0,False,False,False,False,False,False,False,False,False,False,False
27,4.36,8.88,1,0,0,1,13.66,1020,0.3191800878477306,0,0,False,False,False,False,False,False,True,False,False,False,True
67,13.71,59.29,0,0,0,0,8.46,396,1.6205673758865247,0,0,False,False,False,False,True,False,False,False,False,False,False
57,5.69,26.98,0,1,1,0,8.94,285,0.6364653243847875,0,0,False,False,False,False,True,False,False,False,False,False,False
38,4.39,77.33,2,0,0,0,13.7,469,0.32043795620437954,1,0,True,False,False,False,False,False,True,False,False,False,True
45,5.23,41.83,0,0,0,1,14.0,464,0.3735714285714286,0,0,False,False,False,True,False,False,False,False,False,False,True
28,13.15,74.25,0,0,0,0,14.04,719,0.9366096866096867,0,0,True,False,False,False,True,False,False,False,False,False,True
72,5.24,48.79,3,0,1,0,13.54,337,0.3870014771048745,1,0,True,False,False,True,False,False,False,False,False,False,True
51,4.2,86.4,0,0,0,0,13.72,438,0.30612244897959184,0,0,False,False,False,False,True,False,False,False,False,False,True
25,1.41,39.66,2,0,0,0,8.16,855,0.17279411764705882,1,0,True,False,False,False,False,False,True,False,False,False,False
39,2.32,30.17,0,1,1,0,8.1,116,0.28641975308641976,0,0,True,False,False,False,False,False,False,False,True,False,False
25,15.48,49.04,0,1,0,0,9.17,32,1.688113413304253,0,1,False,False,False,False,False,False,False,False,False,False,False
66,3.77,29.63,0,0,1,1,13.61,401,0.2770022042615724,0,0,False,False,False,False,False,False,False,True,False,False,True
32,5.74,63.67,0,0,0,1,18.7,671,0.30695187165775406,0,0,False,False,False,True,False,False,False,False,False,True,False
34,5.38,55.56,0,0,0,0,8.52,1076,0.6314553990610329,0,0,False,False,True,False,False,False,False,False,False,False,False
40,7.03,73.6,0,1,0,0,8.92,127,0.7881165919282511,0,0,True,False,False,False,False,False,False,True,False,False,False
41,11.73,19.8,2,1,0,0,9.07,699,1.2932745314222713,1,0,True,False,False,False,False,False,False,False,True,False,False
62,9.77,46.04,0,0,0,0,18.46,350,0.5292524377031419,0,0,False,False,False,False,False,True,False,False,False,True,False
36,12.32,41.4,0,1,0,0,17.9,563,0.6882681564245811,0,0,True,False,False,False,False,False,False,False,True,True,False
22,2.13,35.06,2,0,0,1,8.61,849,0.24738675958188153,1,0,False,False,False,False,True,False,False,False,False,False,False
49,9.91,45.73,0,1,0,0,14.43,396,0.6867636867636868,0,0,True,False,False,False,False,False,False,True,False,False,True
61,8.61,50.56,0,0,0,1,13.74,446,0.6266375545851528,0,0,True,False,False,True,False,False,False,False,False,False,True
18,16.27,55.52,2,0,0,0,9.54,758,1.7054507337526206,1,0,False,False,False,True,False,False,False,False,False,False,False
40,8.36,92.87,0,0,0,0,14.04,877,0.5954415954415955,0,0,False,False,False,False,False,False,False,False,True,False,True
54,9.99,60.66,0,0,0,0,13.95,699,0.7161290322580646,0,0,False,False,False,False,False,False,False,True,False,False,True
25,6.51,29.55,0,1,0,0,9.67,162,0.6732161323681489,0,0,False,False,False,False,False,False,False,False,True,False,False
30,10.51,33.53,2,1,0,1,13.98,82,0.7517882689556509,1,1,True,False,True,False,False,False,False,False,False,False,True
25,8.78,73.14,0,0,0,0,8.92,770,0.984304932735426,0,0,True,False,False,False,False,False,False,False,True,False,False
74,8.3,44.74,1,1,0,1,13.9,724,0.5971223021582734,0,0,True,False,False,False,False,False,False,True,False,False,True
40,5.44,65.44,0,0,0,1,18.37,52,0.2961350027218291,0,1,True,False,False,False,True,False,False,False,False,True,False
60,6.65,40.35,2,0,0,1,14.51,489,0.4583046175051689,1,0,True,False,False,False,False,False,False,True,False,False,True
18,2.28,44.54,1,0,0,1,9.09,679,0.2508250825082508,0,0,False,False,False,False,False,False,True,False,False,False,False
62,2.38,84.91,0,0,0,1,9.25,511,0.2572972972972973,0,0,True,False,False,False,False,False,False,True,False,False,False
68,10.63,29.25,0,1,1,1,13.75,149,0.7730909090909092,0,0,False,False,True,False,False,False,False,False,False,False,True
41,4.65,73.64,0,0,0,0,8.99,702,0.5172413793103449,0,0,False,False,False,False,False,False,False,False,False,False,False
52,3.38,84.13,1,1,0,1,14.09,237,0.23988644428672817,0,0,True,False,True,False,False,False,False,False,False,False,True
41,5.36,83.06,1,0,0,0,8.73,347,0.6139747995418099,0,0,True,False,True,False,False,False,False,False,False,False,False
34,1.22,32.72,1,1,0,1,14.19,367,0.08597603946441155,0,0,True,False,False,False,False,False,False,False,True,False,True
22,3.73,47.23,1,0,1,1,18.36,184,0.20315904139433552,0,0,False,False,True,False,False,False,False,False,False,True,False
37,4.4,23.66,1,1,0,0,18.42,897,0.23887079261672095,0,0,True,False,False,False,False,False,False,True,False,True,False
38,16.49,72.74,1,0,0,0,8.81,423,1.8717366628830872,0,0,True,False,False,True,False,False,False,False,False,False,False
57,11.22,35.53,1,1,0,0,14.41,534,0.7786259541984734,0,0,False,False,False,False,False,False,False,False,False,False,True
48,16.0,26.5,0,1,0,0,8.99,1000,1.7797552836484982,0,0,True,False,False,True,False,False,False,False,False,False,False
63,1.42,83.01,0,0,0,0,13.99,342,0.10150107219442459,0,0,False,False,False,False,False,True,False,False,False,False,True
53,5.11,51.74,1,0,0,1,8.6,43,0.594186046511628,0,1,False,False,False,False,True,False,False,False,False,False,False
28,12.97,64.28,2,1,0,1,13.74,106,0.9439592430858806,1,0,False,False,False,False,False,True,False,False,False,False,True
69,3.26,33.16,1,0,0,1,13.73,438,0.23743627093954842,0,0,True,False,True,False,False,False,False,False,False,False,True
32,11.87,66.37,2,0,0,0,17.87,423,0.6642417459429211,1,0,False,False,False,True,False,False,False,False,False,True,False
36,1.4,55.39,0,0,0,0,14.12,249,0.09915014164305949,0,0,False,False,False,False,False,False,False,True,False,False,True
24,8.51,41.05,0,1,0,0,9.22,773,0.922993492407809,0,0,True,False,False,False,False,False,False,False,True,False,False
68,15.47,59.67,0,0,0,0,17.16,462,0.9015151515151515,0,0,True,False,False,False,False,False,False,False,True,True,False
45,5.04,23.14,1,0,0,1,8.97,835,0.5618729096989966,0,0,True,False,False,False,True,False,False,False,False,False,False
68,9.57,58.73,0,0,0,0,18.27,1017,0.5238095238095238,0,0,False,False,False,False,True,False,False,False,False,True,False
60,12.83,81.29,0,0,1,0,13.91,683,0.9223580158159598,0,0,False,False,False,False,False,False,False,True,False,False,True
22,7.39,77.96,1,0,0,0,17.91,846,0.4126186487995533,0,0,False,False,False,False,True,False,False,False,False,True,False
22,4.92,69.25,1,1,0,1,9.3,784,0.529032258064516,0,0,False,False,False,True,False,False,False,False,False,False,False
47,9.15,19.86,2,1,1,1,8.91,705,1.026936026936027,1,0,True,False,False,True,False,False,False,False,False,False,False
71,2.45,71.3,0,1,0,0,13.28,861,0.18448795180722893,0,0,True,False,False,False,True,False,False,False,False,False,True
49,23.32,13.24,1,0,1,0,17.44,57,1.337155963302752,0,1,False,False,False,False,False,False,False,False,True,True,False
25,14.44,59.56,2,0,0,0,9.16,1017,1.5764192139737991,1,0,False,False,False,False,False,False,False,True,False,False,False
27,5.4,97.69,0,0,0,0,8.95,445,0.6033519553072627,0,0,True,False,False,False,False,False,False,False,False,False,False
55,10.14,78.78,1,0,0,0,8.88,54,1.1418918918918919,0,1,False,False,False,False,True,False,False,False,False,False,False
64,18.47,56.11,2,0,0,0,17.85,702,1.0347338935574228,1,0,False,False,False,False,False,False,False,True,False,True,False
49,3.49,53.46,0,0,0,1,13.19,571,0.2645943896891585,0,0,False,False,True,False,False,False,False,False,False,False,True
65,12.34,39.28,0,1,0,0,8.54,194,1.4449648711943794,0,0,False,False,False,False,False,False,False,False,True,False,False
45,9.67,47.65,0,0,0,0,8.93,237,1.0828667413213886,0,0,False,False,False,False,False,False,False,False,False,False,False
34,21.49,28.76,1,0,0,0,13.37,978,1.6073298429319371,0,0,True,False,False,True,False,False,False,False,False,False,True
48,7.85,49.26,0,0,0,0,8.71,1014,0.9012629161882892,0,0,False,False,False,False,False,False,False,False,True,False,False
25,4.28,6.65,0,0,0,1,14.18,643,0.30183356840620595,0,0,True,False,False,False,False,False,False,False,True,False,True
57,1.69,53.48,0,0,0,1,13.87,402,0.12184571016582553,0,0,False,False,False,True,False,False,False,False,False,False,True
42,10.3,48.56,0,0,0,0,13.96,647,0.7378223495702005,0,0,True,False,False,False,False,False,True,False,False,False,True
26,15.73,92.13,2,0,0,0,17.6,98,0.8937499999999999,1,0,False,False,False,False,False,False,False,True,False,True,False
19,7.15,50.36,0,1,0,0,13.78,130,0.5188679245283019,0,0,False,False,False,True,False,False,False,False,False,False,True
32,13.95,34.88,1,0,0,0,8.38,30,1.6646778042959425,0,1,True,False,True,False,False,False,False,False,False,False,False
67,6.94,75.88,1,0,0,0,14.06,380,0.49359886201991465,0,0,True,False,False,False,True,False,False,False,False,False,True
20,5.73,51.34,1,0,0,0,8.07,36,0.7100371747211897,0,1,False,True,True,False,False,False,False,False,False,False,False
66,1.63,55.97,2,0,0,1,18.41,347,0.08853883758826724,1,0,False,True,False,False,False,False,False,True,False,True,False
53,4.94,41.32,0,0,1,0,9.63,652,0.5129802699896158,0,0,True,False,False,True,False,False,False,False,False,False,False
21,12.27,42.42,4,1,0,1,18.93,538,0.6481774960380349,1,0,False,True,False,False,False,False,False,False,True,True,False
31,8.38,56.41,1,1,1,0,9.69,215,0.8648090815273479,0,0,False,False,False,True,False,False,False,False,False,False,False
58,4.4,57.89,0,0,0,0,9.57,757,0.4597701149425288,0,0,False,False,False,False,False,False,True,False,False,False,False
58,1.5,49.48,0,0,1,0,8.45,491,0.1775147928994083,0,0,True,False,False,False,False,False,False,True,False,False,False
42,6.23,31.54,0,0,0,1,17.72,372,0.35158013544018063,0,0,False,False,False,False,False,False,False,False,False,True,False
72,4.17,48.67,0,1,0,0,18.02,664,0.2314095449500555,0,0,False,False,False,False,False,False,False,False,False,True,False
67,15.28,32.26,1,1,1,0,8.82,742,1.732426303854875,0,0,False,False,False,False,False,False,False,True,False,False,False
27,7.61,45.98,0,0,0,0,8.82,1061,0.86281179138322,0,0,False,False,False,False,True,False,False,False,False,False,False
38,11.11,51.67,0,0,0,0,9.17,605,1.2115594329334787,0,0,False,False,True,False,False,False,False,False,False,False,False
53,3.17,46.42,1,1,0,1,8.71,165,0.3639494833524684,0,0,False,False,True,False,False,False,False,False,False,False,False
29,7.86,14.28,1,0,0,0,14.05,412,0.5594306049822064,0,0,True,False,False,False,True,False,False,False,False,False,True
44,2.51,38.69,1,1,0,0,13.87,215,0.1809661139149243,0,0,True,False,False,False,False,False,True,False,False,False,True
57,3.57,27.87,0,1,0,0,14.22,668,0.2510548523206751,0,0,True,False,False,False,False,False,False,False,True,False,True
19,15.09,91.38,0,0,0,0,13.01,957,1.1598770176787088,0,0,True,False,False,False,False,True,False,False,False,False,True
71,7.65,49.17,0,0,0,0,13.9,993,0.5503597122302158,0,0,False,False,False,False,False,True,False,False,False,False,True
30,6.86,81.78,0,0,0,0,17.29,590,0.3967611336032389,0,0,False,False,False,False,False,False,False,False,True,True,False
70,10.18,47.63,1,0,1,0,9.29,927,1.0958019375672767,0,0,False,False,False,False,False,False,False,False,False,False,False
49,0.65,30.84,0,0,0,1,8.9,668,0.07303370786516854,0,0,True,False,False,False,False,False,True,False,False,False,False
48,5.82,75.08,1,0,0,0,14.2,350,0.40985915492957753,0,0,False,False,False,False,True,False,False,False,False,False,True
33,17.48,42.76,0,0,0,0,8.01,887,2.1822721598002497,0,0,True,False,False,False,False,True,False,False,False,False,False
49,6.21,49.1,0,1,0,0,9.22,1027,0.6735357917570498,0,0,True,False,False,False,False,False,False,True,False,False,False
49,3.78,65.44,1,0,0,0,18.05,314,0.20941828254847644,0,0,True,False,False,True,False,False,False,False,False,True,False
51,9.13,45.26,0,0,0,0,14.81,1081,0.6164753544902094,0,0,False,False,True,False,False,False,False,False,False,False,True
28,4.83,26.96,1,0,0,0,14.05,380,0.34377224199288253,0,0,True,False,False,True,False,False,False,False,False,False,True
27,6.04,57.38,1,0,0,1,14.87,112,0.40618695359784807,0,0,False,False,False,False,False,False,False,True,False,False,True
32,4.18,63.42,0,0,0,0,8.68,695,0.48156682027649766,0,0,True,False,True,False,False,False,False,False,False,False,False
34,3.72,19.67,1,0,0,1,18.27,570,0.20361247947454847,0,0,False,False,False,False,False,False,False,True,False,True,False
57,2.67,79.58,0,0,0,1,9.15,509,0.29180327868852457,0,0,False,False,False,False,True,False,False,False,False,False,False
35,7.34,55.12,0,1,0,1,13.96,242,0.5257879656160458,0,0,False,False,False,False,True,False,False,False,False,False,True
72,11.7,37.04,1,1,1,0,13.71,959,0.8533916849015316,0,0,False,False,False,False,False,False,True,False,False,False,True
26,19.2,69.39,0,0,1,0,13.78,389,1.3933236574746009,0,0,False,False,False,False,False,False,False,True,False,False,True
42,6.81,77.56,1,0,0,1,14.14,243,0.4816124469589816,0,0,False,False,False,False,False,False,False,True,False,False,True
57,20.43,14.2,1,1,0,0,18.03,333,1.1331114808652245,0,0,False,False,False,False,False,False,True,False,False,True,False
31,10.04,13.22,0,1,0,0,14.39,229,0.6977067407922167,0,0,True,False,False,False,False,False,True,False,False,False,True
42,15.11,89.62,0,1,0,0,8.72,267,1.7327981651376145,0,0,True,False,False,True,False,False,False,False,False,False,False
67,9.65,13.7,0,1,1,0,13.81,700,0.6987690079652426,0,0,True,False,False,False,True,False,False,False,False,False,True
39,3.5,14.78,0,0,1,1,17.63,908,0.19852524106636416,0,0,False,False,False,True,False,False,False,False,False,True,False
69,6.92,42.43,2,0,1,1,13.36,280,0.5179640718562875,1,0,False,False,False,False,True,False,False,False,False,False,True
47,2.8,23.94,1,0,0,0,14.12,505,0.19830028328611898,0,0,False,False,False,True,False,False,False,False,False,False,True
37,3.71,70.72,2,1,0,0,13.98,527,0.265379113018598,1,0,False,False,False,False,False,False,False,False,False,False,True
38,7.46,39.33,0,0,0,0,9.18,1007,0.8126361655773421,0,0,True,False,False,False,False,False,False,True,False,False,False
61,13.46,51.58,0,1,0,0,8.96,1026,1.5022321428571428,0,0,False,False,False,True,False,False,False,False,False,False,False
49,13.74,70.2,1,1,0,0,18.11,730,0.7586968525676422,0,0,False,True,False,True,False,False,False,False,False,True,False
68,3.38,39.99,0,0,0,0,13.87,813,0.24369142033165106,0,0,True,False,False,False,True,False,False,False,False,False,True
63,7.47,43.05,0,0,0,0,9.09,458,0.8217821782178217,0,0,False,False,False,False,False,True,False,False,False,False,False
66,24.86,77.0,0,1,0,0,17.93,568,1.3865030674846626,0,0,True,False,False,False,True,False,False,False,False,True,False
73,7.42,17.86,0,1,0,0,13.8,930,0.5376811594202898,0,0,False,False,False,False,False,False,False,True,False,False,True
38,6.47,46.73,1,0,0,0,13.98,997,0.4628040057224606,0,0,True,False,False,False,False,False,True,False,False,False,True
52,1.52,25.57,0,0,0,0,8.76,239,0.17351598173515984,0,0,False,False,False,False,False,False,False,True,False,False,False
49,3.23,74.93,1,0,0,1,17.65,520,0.18300283286118982,0,0,False,False,False,False,False,True,False,False,False,True,False
47,2.16,50.41,2,0,1,1,14.11,500,0.15308291991495396,1,0,True,False,False,False,False,False,False,False,True,False,True
72,4.97,76.62,0,0,0,0,14.32,597,0.3470670391061452,0,0,True,False,False,False,False,False,False,True,False,False,True
56,7.99,47.9,2,0,1,1,8.93,693,0.8947368421052632,1,0,False,False,False,False,False,False,False,False,True,False,False
66,4.48,63.37,1,1,0,1,8.9,579,0.503370786516854,0,0,False,True,False,True,False,False,False,False,False,False,False
29,5.02,53.09,1,0,0,1,10.13,227,0.4955577492596248,0,0,False,False,False,False,False,False,False,True,False,False,False
58,2.89,49.73,1,1,1,0,18.32,550,0.15775109170305676,0,0,False,False,False,False,False,True,False,False,False,True,False
64,4.21,69.45,1,1,1,0,9.11,717,0.4621295279912185,0,0,True,False,False,False,False,False,False,False,True,False,False
35,10.18,45.9,0,0,0,1,13.74,496,0.7409024745269286,0,0,False,False,False,False,False,False,False,False,True,False,True
38,11.36,55.75,0,0,0,0,9.3,625,1.221505376344086,0,0,False,False,False,False,False,True,False,False,False,False,False
30,21.51,29.8,2,1,0,0,8.94,168,2.406040268456376,1,0,False,False,False,False,False,False,False,True,False,False,False
38,8.01,5.84,0,1,0,1,9.35,1044,0.8566844919786096,0,0,True,False,False,False,False,False,False,False,False,False,False
25,8.66,72.83,0,0,0,0,14.31,271,0.6051712089447938,0,0,False,False,False,False,True,False,False,False,False,False,True
63,1.68,63.83,0,1,0,1,14.28,345,0.11764705882352941,0,0,False,False,True,False,False,False,False,False,False,False,True
57,11.07,65.26,1,1,1,0,17.51,696,0.6322101656196458,0,0,False,False,False,False,True,False,False,False,False,True,False
63,15.32,76.04,1,1,0,0,18.17,762,0.8431480462300495,0,0,False,False,False,False,False,False,False,False,True,True,False
24,8.08,36.35,0,1,1,0,7.89,164,1.0240811153358682,0,0,False,False,False,True,False,False,False,False,False,False,False
40,2.44,42.58,0,1,1,0,18.71,608,0.13041154462854088,0,0,False,False,False,False,False,False,False,True,False,True,False
61,3.06,42.45,0,1,0,1,14.4,468,0.2125,0,0,True,False,False,False,False,False,False,True,False,False,True
49,6.35,73.8,0,0,0,1,18.16,106,0.34966960352422904,0,0,False,False,False,True,False,False,False,False,False,True,False
28,5.93,26.6,3,1,0,1,8.98,429,0.6603563474387527,1,0,True,False,False,False,False,False,False,True,False,False,False
39,2.77,48.58,1,0,0,1,17.95,403,0.15431754874651812,0,0,True,False,False,False,False,False,False,True,False,True,False
39,5.2,54.55,1,1,0,0,9.27,1065,0.5609492988133765,0,0,True,False,False,False,False,False,False,False,False,False,False
60,12.94,82.22,0,0,0,0,9.21,787,1.4049945711183494,0,0,False,False,True,False,False,False,False,False,False,False,False
42,7.67,29.3,0,0,1,0,8.79,778,0.8725824800910126,0,0,True,False,False,False,False,False,True,False,False,False,False
39,1.89,71.08,0,1,1,0,8.56,793,0.22079439252336447,0,0,True,False,False,False,False,False,False,False,True,False,False
45,14.65,68.36,2,1,1,0,15.07,446,0.9721300597213006,1,0,False,False,True,False,False,False,False,False,False,False,True
46,2.87,76.06,0,0,0,1,18.0,236,0.15944444444444444,0,0,True,False,False,False,True,False,False,False,False,True,False
30,4.39,30.56,1,1,0,1,14.61,370,0.3004791238877481,0,0,True,False,False,False,False,False,True,False,False,False,True
35,8.44,44.42,0,1,0,0,8.69,750,0.9712313003452244,0,0,False,False,False,False,False,False,True,False,False,False,False
19,17.23,48.62,2,0,0,0,8.2,340,2.1012195121951223,1,0,False,False,False,True,False,False,False,False,False,False,False
46,7.89,83.83,1,1,0,0,8.77,654,0.8996579247434435,0,0,True,False,False,False,False,False,False,True,False,False,False
38,4.36,42.05,0,0,0,1,17.5,112,0.24914285714285717,0,0,False,False,True,False,False,False,False,False,False,True,False
32,10.38,23.88,1,1,1,1,8.88,1056,1.1689189189189189,0,0,False,False,False,True,False,False,False,False,False,False,False
69,7.89,75.98,1,0,0,0,14.13,902,0.5583864118895966,0,0,True,False,False,False,True,False,False,False,False,False,True
44,9.65,73.01,1,0,0,0,8.59,265,1.1233993015133876,0,0,False,False,False,False,False,False,False,True,False,False,False
67,15.71,70.19,1,0,0,0,14.24,418,1.1032303370786518,0,0,False,True,False,False,False,False,False,True,False,False,True
48,5.77,82.26,0,0,1,0,8.94,422,0.645413870246085,0,0,True,False,False,False,False,True,False,False,False,False,False
32,2.03,71.14,0,1,0,0,9.48,776,0.21413502109704638,0,0,True,False,False,False,False,True,False,False,False,False,False
68,9.99,34.09,0,1,0,0,8.44,59,1.1836492890995263,0,1,False,False,False,False,False,True,False,False,False,False,False
40,11.13,30.63,0,1,0,0,9.38,1011,1.1865671641791045,0,0,False,False,False,False,False,False,False,False,False,False,False
41,4.86,65.36,0,0,0,0,9.26,634,0.5248380129589634,0,0,True,False,False,True,False,False,False,False,False,False,False
61,12.42,84.86,0,0,0,0,13.89,312,0.8941684665226781,0,0,False,False,False,False,False,False,False,False,True,False,True
30,13.79,87.26,0,0,0,0,8.08,267,1.7066831683168315,0,0,False,False,False,False,False,False,True,False,False,False,False
39,1.19,48.18,0,1,0,1,9.16,760,0.1299126637554585,0,0,False,False,False,False,True,False,False,False,False,False,False
60,6.22,35.8,0,0,0,0,9.12,60,0.6820175438596492,0,1,False,False,False,False,False,False,True,False,False,False,False
54,2.21,42.61,2,1,0,1,17.6,1007,0.1255681818181818,1,0,True,False,True,False,False,False,False,False,False,True,False
50,6.65,5.29,0,1,0,0,13.67,944,0.4864667154352597,0,0,False,False,False,False,False,False,False,False,True,False,True
73,6.77,42.85,2,1,0,0,14.38,236,0.4707927677329624,1,0,False,False,False,False,False,False,False,True,False,False,True
20,1.4,44.9,4,1,0,0,8.29,932,0.16887816646562123,1,0,True,False,False,False,False,False,False,False,True,False,False
71,9.51,25.42,1,0,0,0,9.17,612,1.0370774263904035,0,0,False,False,False,False,False,False,False,True,False,False,False
36,6.02,64.09,0,0,1,0,9.41,489,0.6397449521785334,0,0,False,False,False,True,False,False,False,False,False,False,False
40,4.19,52.69,0,0,0,1,14.61,165,0.28678986995208766,0,0,True,False,False,False,False,True,False,False,False,False,True
46,12.41,34.48,0,1,0,0,14.12,1007,0.8788951841359774,0,0,False,False,False,False,False,False,False,False,True,False,True
47,2.21,7.14,1,0,0,1,17.07,313,0.12946690099589925,0,0,True,False,False,False,False,False,False,True,False,True,False
56,17.92,40.39,0,0,0,0,18.03,879,0.9938990571270105,0,0,True,False,False,False,False,False,True,False,False,True,False
61,16.43,45.13,1,0,1,0,14.12,380,1.1635977337110481,0,0,True,False,False,False,False,True,False,False,False,False,True
64,9.54,31.43,0,0,0,1,13.46,46,0.7087667161961366,0,1,True,False,False,False,False,True,False,False,False,False,True
42,4.33,69.92,1,0,1,0,9.44,443,0.45868644067796616,0,0,False,False,False,False,False,True,False,False,False,False,False
54,6.52,35.33,0,1,1,0,9.14,35,0.7133479212253828,0,1,True,False,False,False,False,False,True,False,False,False,False
64,1.53,47.13,0,1,0,1,18.03,809,0.08485856905158069,0,0,False,False,False,False,False,False,True,False,False,True,False
25,7.28,13.26,1,0,0,0,9.67,116,0.7528438469493278,0,0,True,False,False,False,False,False,True,False,False,False,False
59,6.52,14.17,1,1,0,1,17.93,218,0.3636363636363636,0,0,False,False,False,False,False,True,False,False,False,True,False
33,15.7,77.77,1,1,0,0,14.04,449,1.1182336182336183,0,0,False,False,False,False,False,False,False,False,True,False,True
25,10.91,57.8,1,0,1,1,14.3,277,0.7629370629370629,0,0,False,False,False,False,False,False,False,True,False,False,True
18,7.76,43.31,1,0,0,0,8.67,889,0.895040369088812,0,0,True,False,False,False,False,False,True,False,False,False,False
61,12.79,32.32,0,0,0,1,14.67,236,0.8718473074301295,0,0,True,False,False,False,False,False,False,False,True,False,True
22,4.48,56.01,1,0,1,0,13.27,453,0.3376036171816127,0,0,True,False,False,False,False,False,False,True,False,False,True
20,7.13,65.69,1,0,0,0,8.91,578,0.8002244668911336,0,0,False,False,False,False,False,True,False,False,False,False,False
18,2.2,11.27,0,0,0,1,9.23,516,0.23835319609967498,0,0,False,False,False,False,False,False,False,False,True,False,False
21,5.49,47.12,0,0,0,0,9.58,162,0.5730688935281837,0,0,False,False,False,False,False,True,False,False,False,False,False
57,12.38,47.8,0,0,0,0,14.57,144,0.8496911461908031,0,0,False,False,False,False,False,False,False,False,False,False,True
52,2.15,36.49,0,0,0,0,8.85,406,0.24293785310734464,0,0,True,False,False,False,False,False,True,False,False,False,False
49,5.08,19.59,0,0,1,0,13.28,1006,0.38253012048192775,0,0,False,False,True,False,False,False,False,False,False,False,True
59,5.72,27.98,0,1,0,0,14.69,240,0.3893805309734513,0,0,False,False,False,False,False,False,False,False,True,False,True
51,11.57,24.63,0,0,0,1,8.67,161,1.334486735870819,0,0,False,False,False,False,False,False,True,False,False,False,False
60,3.3,41.5,0,1,0,1,14.32,183,0.23044692737430167,0,0,False,False,False,False,True,False,False,False,False,False,True
42,4.27,35.38,0,0,0,0,9.07,949,0.4707828004410143,0,0,True,False,False,False,False,False,False,True,False,False,False
27,8.09,58.37,0,0,0,0,14.22,981,0.5689170182841069,0,0,True,False,False,False,False,False,False,False,False,False,True
38,11.48,36.8,0,1,0,0,8.41,835,1.3650416171224733,0,0,False,False,False,False,False,False,True,False,False,False,False
63,8.68,34.6,0,1,0,0,8.86,176,0.979683972911964,0,0,False,False,False,False,True,False,False,False,False,False,False
56,3.53,22.66,0,0,0,1,9.05,744,0.3900552486187845,0,0,True,False,False,False,False,False,False,False,True,False,False
44,3.41,30.64,0,1,1,0,14.47,260,0.23565998617829992,0,0,False,False,False,False,False,False,False,False,True,False,True
44,9.93,66.34,2,0,1,1,9.68,480,1.0258264462809918,1,0,True,False,False,False,True,False,False,False,False,False,False
19,10.62,81.72,1,0,0,1,8.51,936,1.2479435957696827,0,0,False,False,False,False,False,False,False,False,False,False,False
58,12.51,32.13,0,1,0,0,8.85,136,1.4135593220338984,0,0,False,True,False,False,True,False,False,False,False,False,False
65,19.53,51.13,1,0,0,0,8.17,122,2.390452876376989,0,0,False,False,False,False,False,False,False,True,False,False,False
30,6.02,67.5,1,0,1,0,14.3,858,0.4209790209790209,0,0,False,False,False,False,False,False,False,False,True,False,True
26,7.91,66.43,0,1,0,0,13.71,169,0.5769511305616338,0,0,True,False,False,False,True,False,False,False,False,False,True
69,9.02,64.09,0,0,1,0,17.52,40,0.5148401826484018,0,1,True,False,True,False,False,False,False,False,False,True,False
53,5.07,20.71,1,1,0,1,8.63,477,0.5874855156431055,0,0,False,False,True,False,False,False,False,False,False,False,False
39,2.65,45.07,0,0,0,1,9.41,956,0.281615302869288,0,0,True,False,False,False,True,False,False,False,False,False,False
59,15.5,51.02,2,0,1,0,14.12,424,1.0977337110481586,1,0,True,False,False,False,False,False,False,True,False,False,True
43,7.06,69.78,0,0,0,0,13.79,407,0.5119651921682379,0,0,False,False,False,False,False,False,False,False,True,False,True
71,5.85,94.86,1,0,0,0,9.23,390,0.6338028169014084,0,0,True,False,True,False,False,False,False,False,False,False,False
29,5.92,33.46,0,0,0,1,13.75,712,0.43054545454545456,0,0,False,False,False,False,True,False,False,False,False,False,True
34,4.68,54.44,0,0,0,0,13.64,1046,0.34310850439882695,0,0,False,False,False,False,False,True,False,False,False,False,True
31,8.92,79.84,0,1,0,0,8.72,671,1.0229357798165137,0,0,False,False,False,False,True,False,False,False,False,False,False
31,17.14,31.31,2,1,1,0,13.74,602,1.24745269286754,1,0,False,False,False,False,False,False,True,False,False,False,True
74,10.0,14.48,0,1,0,0,9.11,1026,1.0976948408342482,0,0,False,False,False,False,True,False,False,False,False,False,False
51,13.87,68.87,0,0,0,0,17.73,952,0.7822899041173152,0,0,False,False,False,False,False,False,False,True,False,True,False
70,5.52,41.84,3,0,0,1,13.91,425,0.3968368080517613,1,0,False,False,True,False,False,False,False,False,False,False,True
74,7.85,61.38,0,0,0,0,8.8,215,0.8920454545454545,0,0,True,False,False,False,False,False,True,False,False,False,False
37,11.58,25.71,0,0,0,0,13.83,400,0.8373101952277657,0,0,False,False,True,False,False,False,False,False,False,False,True
28,12.8,26.24,0,0,0,0,18.12,637,0.7064017660044151,0,0,False,False,True,False,False,False,False,False,False,True,False
33,15.54,95.6,1,0,1,0,14.51,311,1.070985527222605,0,0,True,False,False,False,False,False,False,True,False,False,True
68,10.79,74.53,0,0,0,0,9.21,1086,1.1715526601520085,0,0,True,False,False,False,True,False,False,False,False,False,False
48,3.91,62.02,1,1,1,0,14.02,111,0.2788873038516405,0,0,False,False,False,False,False,False,False,True,False,False,True
72,5.1,62.19,0,0,1,0,13.56,177,0.37610619469026546,0,0,True,False,False,False,True,False,False,False,False,False,True
23,5.5,73.61,1,0,0,0,8.99,994,0.6117908787541713,0,0,False,False,False,False,False,False,True,False,False,False,False
73,9.34,44.22,1,0,0,1,8.99,1021,1.038932146829811,0,0,False,True,False,False,False,False,False,True,False,False,False
36,11.7,91.59,0,1,1,0,14.34,977,0.8158995815899581,0,0,True,False,False,False,False,False,False,True,False,False,True
54,7.58,71.51,0,0,1,1,13.87,524,0.546503244412401,0,0,False,False,False,False,False,True,False,False,False,False,True
21,31.66,39.58,1,0,0,0,9.15,752,3.460109289617486,0,0,True,False,False,False,False,False,False,False,False,False,False
64,4.08,10.65,1,0,1,0,13.48,732,0.3026706231454006,0,0,False,False,False,False,False,False,False,False,True,False,True
21,9.62,8.58,1,1,0,0,14.33,1060,0.6713189113747382,0,0,True,False,False,False,False,False,False,True,False,False,True
37,13.23,63.36,0,1,0,0,9.42,855,1.4044585987261147,0,0,False,False,False,False,False,False,False,False,False,False,False
27,12.46,68.68,1,1,0,0,9.06,463,1.3752759381898454,0,0,True,False,False,True,False,False,False,False,False,False,False
41,8.98,26.26,1,0,0,0,13.89,1087,0.646508279337653,0,0,True,False,False,False,False,False,False,False,True,False,True
71,6.13,86.81,2,0,0,0,13.26,592,0.4622926093514329,1,0,True,False,False,False,False,True,False,False,False,False,True
52,6.47,28.4,3,0,1,0,14.94,167,0.4330655957161981,1,0,True,False,False,False,True,False,False,False,False,False,True
43,3.04,85.4,1,0,0,0,9.1,396,0.3340659340659341,0,0,False,False,False,True,False,False,False,False,False,False,False
54,6.75,81.51,0,1,1,1,13.87,135,0.4866618601297765,0,0,True,False,False,False,True,False,False,False,False,False,True
55,1.92,41.36,0,0,0,1,18.08,823,0.10619469026548674,0,0,False,False,False,False,True,False,False,False,False,True,False
38,8.26,67.97,0,0,0,0,8.53,1085,0.9683470105509965,0,0,False,False,False,False,False,False,False,False,False,False,False
71,13.16,64.71,1,0,0,0,9.04,665,1.4557522123893807,0,0,False,False,False,False,False,False,False,False,False,False,False
57,21.79,24.96,0,0,0,0,13.98,1016,1.5586552217453504,0,0,False,False,False,False,False,False,False,False,True,False,True
56,12.23,71.53,0,1,0,0,8.45,987,1.447337278106509,0,0,False,False,False,False,True,False,False,False,False,False,False
38,17.44,59.33,0,0,0,0,8.94,884,1.9507829977628637,0,0,True,False,True,False,False,False,False,False,False,False,False
27,12.93,76.1,0,0,0,0,8.46,107,1.528368794326241,0,0,True,False,False,True,False,False,False,False,False,False,False
55,2.4,17.54,0,1,0,0,8.81,238,0.2724177071509648,0,0,False,False,False,False,False,False,False,True,False,False,False
63,8.42,11.05,0,1,0,1,13.52,37,0.6227810650887574,0,1,False,False,False,False,False,False,False,False,False,False,True
21,2.99,25.32,0,0,1,0,9.1,766,0.3285714285714286,0,0,False,True,False,False,False,False,False,False,False,False,False
74,22.23,16.85,1,0,0,0,18.0,256,1.235,0,0,True,False,False,False,False,False,False,False,False,True,False
62,6.15,31.33,1,0,0,1,13.7,204,0.44890510948905116,0,0,True,False,False,False,False,False,False,False,True,False,True
37,1.46,67.43,0,0,0,1,14.16,110,0.10310734463276836,0,0,True,False,False,False,True,False,False,False,False,False,True
34,2.0,65.7,0,1,0,0,9.32,267,0.2145922746781116,0,0,False,False,True,False,False,False,False,False,False,False,False
72,10.16,46.75,0,0,0,1,14.48,1079,0.7016574585635359,0,0,False,False,False,False,False,False,False,True,False,False,True
24,5.16,37.99,1,1,0,0,13.99,216,0.3688348820586133,0,0,True,False,False,False,False,False,False,True,False,False,True
21,10.4,61.86,1,0,0,0,14.44,659,0.7202216066481995,0,0,False,False,False,False,True,False,False,False,False,False,True
46,21.89,37.94,0,0,0,0,17.29,1043,1.2660497397339503,0,0,False,False,True,False,False,False,False,False,False,True,False
31,6.49,42.43,1,0,0,1,14.57,844,0.44543582704186685,0,0,False,False,False,False,False,False,False,False,True,False,True
20,2.78,48.21,1,1,0,0,14.01,643,0.198429693076374,0,0,True,False,False,False,False,False,False,False,False,False,True
41,24.31,69.02,1,1,0,0,13.9,921,1.7489208633093525,0,0,False,False,False,False,False,False,False,False,False,False,True
54,26.11,8.19,0,1,0,0,13.86,207,1.8838383838383839,0,0,False,False,False,True,False,False,False,False,False,False,True
33,6.66,70.63,0,0,0,0,8.51,1014,0.782608695652174,0,0,False,False,False,True,False,False,False,False,False,False,False
72,6.5,58.41,1,0,0,0,9.11,309,0.7135016465422613,0,0,False,False,False,True,False,False,False,False,False,False,False
69,14.09,12.96,0,1,1,0,18.44,827,0.7640997830802603,0,0,True,False,False,False,False,True,False,False,False,True,False
21,3.84,24.37,0,0,0,1,9.44,96,0.4067796610169492,0,0,True,False,False,False,True,False,False,False,False,False,False
73,22.63,64.19,1,0,0,0,18.0,573,1.2572222222222222,0,0,False,False,False,False,False,False,False,True,False,True,False
41,17.6,55.52,0,1,0,0,8.63,549,2.0393974507531865,0,0,True,False,False,False,False,False,False,False,False,False,False
51,12.89,25.53,1,0,0,0,13.4,528,0.9619402985074627,0,0,False,False,False,False,False,True,False,False,False,False,True
47,13.02,70.82,1,1,0,0,13.52,975,0.9630177514792899,0,0,False,False,False,False,False,False,False,True,False,False,True
35,6.6,19.96,0,1,0,0,8.85,756,0.7457627118644068,0,0,False,False,False,False,False,False,False,True,False,False,False
36,4.93,62.23,1,0,0,1,14.14,1099,0.34865629420084865,0,0,True,False,False,False,True,False,False,False,False,False,True
48,7.6,30.47,0,0,0,0,14.03,1088,0.5416963649322879,0,0,True,False,False,False,False,False,True,False,False,False,True
36,5.27,82.52,1,0,0,1,14.08,218,0.3742897727272727,0,0,False,False,False,True,False,False,False,False,False,False,True
66,18.3,40.56,1,0,1,0,13.71,976,1.3347921225382933,0,0,True,False,False,False,False,True,False,False,False,False,True
63,7.52,12.0,0,0,1,0,9.07,165,0.8291069459757442,0,0,False,False,False,False,False,False,True,False,False,False,False
36,10.61,63.56,1,1,1,0,13.59,575,0.7807211184694628,0,0,False,False,False,False,False,False,True,False,False,False,True
39,1.48,57.13,2,0,1,0,8.79,822,0.1683731513083049,1,0,True,False,False,False,False,True,False,False,False,False,False
41,19.39,91.28,0,0,0,0,8.97,584,2.16164994425864,0,0,False,False,True,False,False,False,False,False,False,False,False
62,2.79,78.28,0,1,1,0,18.47,923,0.15105576610720087,0,0,True,False,False,True,False,False,False,False,False,True,False
29,11.07,54.2,1,0,0,0,13.75,975,0.8050909090909091,0,0,True,False,False,False,True,False,False,False,False,False,True
47,5.97,22.16,0,0,0,0,14.02,554,0.42582025677603424,0,0,False,True,False,False,False,True,False,False,False,False,True
55,14.1,54.44,0,1,0,0,13.43,203,1.0498883097542815,0,0,False,True,False,False,False,False,False,True,False,False,True
70,11.37,13.62,1,0,0,0,9.09,666,1.2508250825082508,0,0,False,False,False,False,False,True,False,False,False,False,False
48,3.09,62.18,2,0,0,1,13.93,236,0.22182340272792533,1,0,False,False,False,False,False,False,False,False,False,False,True
53,12.6,60.07,0,0,0,0,14.06,978,0.8961593172119487,0,0,False,False,False,False,False,True,False,False,False,False,True
36,3.48,18.67,0,0,0,1,9.12,133,0.3815789473684211,0,0,True,False,True,False,False,False,False,False,False,False,False
65,4.56,60.06,1,1,0,0,18.19,1093,0.2506871907641561,0,0,True,False,False,True,False,False,False,False,False,True,False
62,2.22,94.47,1,1,0,0,14.73,1076,0.15071283095723015,0,0,False,False,False,True,False,False,False,False,False,False,True
53,7.41,78.55,0,0,0,0,9.34,319,0.7933618843683083,0,0,True,False,False,False,False,False,True,False,False,False,False
47,5.74,26.39,0,0,0,1,14.95,596,0.38394648829431444,0,0,False,False,False,False,False,False,False,False,True,False,True
72,17.14,76.09,0,1,0,0,8.33,993,2.057623049219688,0,0,False,False,False,True,False,False,False,False,False,False,False
66,24.53,54.62,2,0,0,0,9.11,867,2.692645444566411,1,0,False,False,False,True,False,False,False,False,False,False,False
72,7.24,59.84,3,0,0,0,13.89,440,0.5212383009359252,1,0,False,False,True,False,False,False,False,False,False,False,True
50,21.08,74.2,3,0,1,0,17.42,911,1.2101033295063144,1,0,True,False,True,False,False,False,False,False,False,True,False
35,4.41,52.47,1,1,1,0,14.56,915,0.30288461538461536,0,0,True,False,False,False,True,False,False,False,False,False,True
69,9.11,11.08,0,0,0,1,18.49,453,0.4926987560843699,0,0,False,False,False,False,False,False,False,False,False,True,False
66,10.89,59.24,1,0,1,0,18.52,184,0.588012958963283,0,0,False,False,True,False,False,False,False,False,False,True,False
45,11.83,43.65,0,1,1,1,18.03,180,0.656128674431503,0,0,False,False,False,False,False,True,False,False,False,True,False
64,7.42,88.38,0,1,0,0,8.64,241,0.8587962962962963,0,0,False,False,False,False,False,False,False,False,False,False,False
28,20.45,20.36,0,0,0,0,14.3,910,1.43006993006993,0,0,True,False,False,False,True,False,False,False,False,False,True
74,6.52,59.38,0,0,0,0,9.0,784,0.7244444444444444,0,0,False,False,False,False,False,True,False,False,False,False,False
71,1.01,45.1,0,1,0,0,14.48,570,0.06975138121546962,0,0,False,False,False,True,False,False,False,False,False,False,True
62,8.73,62.82,0,0,1,0,18.51,730,0.4716369529983792,0,0,True,False,False,False,False,False,False,False,True,True,False
50,8.72,53.46,1,0,0,0,8.74,201,0.9977116704805492,0,0,True,False,False,False,False,False,False,True,False,False,False
34,2.43,79.94,0,1,0,0,14.04,400,0.1730769230769231,0,0,False,False,False,False,False,False,False,True,False,False,True
23,8.54,34.4,2,0,0,0,13.69,942,0.6238130021913806,1,0,False,False,False,False,False,False,True,False,False,False,True
21,5.16,36.26,0,1,0,0,9.42,831,0.5477707006369427,0,0,True,False,False,True,False,False,False,False,False,False,False
37,2.54,81.03,2,1,0,0,9.04,285,0.2809734513274337,1,0,False,False,False,False,False,False,True,False,False,False,False
65,3.94,29.53,0,0,0,1,13.53,1019,0.29120473022912047,0,0,True,False,False,False,False,False,False,False,True,False,True
64,4.36,43.35,1,1,0,1,8.56,705,0.5093457943925234,0,0,True,False,False,False,False,False,False,True,False,False,False
44,9.24,23.73,1,0,0,0,14.03,893,0.6585887384176764,0,0,False,False,False,False,False,False,True,False,False,False,True
32,4.58,82.06,3,1,0,0,13.63,445,0.33602347762289064,1,0,False,False,False,True,False,False,False,False,False,False,True
23,5.91,19.53,2,1,0,0,13.86,358,0.42640692640692646,1,0,False,False,False,False,False,False,False,False,False,False,True
64,4.69,24.12,0,0,0,0,8.37,947,0.5603345280764637,0,0,True,False,True,False,False,False,False,False,False,False,False
31,11.9,44.98,0,0,0,0,13.81,991,0.8616944243301955,0,0,True,False,False,False,True,False,False,False,False,False,True
28,11.96,18.22,1,0,0,1,8.62,853,1.3874709976798145,0,0,True,False,False,False,False,True,False,False,False,False,False
56,3.02,64.04,1,0,0,1,18.33,278,0.16475722858701583,0,0,True,False,False,False,False,False,True,False,False,True,False
26,4.1,70.79,0,1,0,0,8.76,774,0.46803652968036524,0,0,True,False,False,False,False,False,False,False,True,False,False
43,2.28,25.78,0,0,0,1,17.93,337,0.1271611823759063,0,0,True,False,False,False,False,True,False,False,False,True,False
33,2.53,64.65,1,1,0,0,13.94,602,0.18149210903873744,0,0,True,False,False,False,False,False,False,True,False,False,True
22,9.88,47.8,0,0,0,0,14.26,827,0.6928471248246845,0,0,True,False,False,True,False,False,False,False,False,False,True
74,5.39,56.68,0,0,0,0,9.67,1030,0.5573940020682523,0,0,False,False,False,False,False,False,False,False,True,False,False
69,11.1,92.28,1,0,0,0,9.04,790,1.2278761061946903,0,0,True,False,False,False,True,False,False,False,False,False,False
27,7.27,26.39,0,0,0,1,13.44,322,0.5409226190476191,0,0,True,False,False,False,True,False,False,False,False,False,True
67,7.59,34.72,1,0,0,0,8.28,439,0.9166666666666667,0,0,False,False,False,False,False,False,False,False,True,False,False
20,4.14,53.92,2,0,0,1,18.18,227,0.2277227722772277,1,0,True,False,False,False,False,False,True,False,False,True,False
30,8.01,44.61,0,1,1,0,8.82,109,0.9081632653061223,0,0,False,False,False,False,False,False,True,False,False,False,False
60,21.14,69.39,0,1,0,0,17.92,166,1.1796875,0,0,True,False,False,False,False,False,False,True,False,True,False
66,5.32,24.27,1,0,0,0,14.34,242,0.37099023709902373,0,0,True,False,False,False,False,False,False,False,False,False,True
47,18.4,50.77,2,0,0,0,9.16,648,2.0087336244541483,1,0,True,False,False,False,False,False,False,True,False,False,False
71,12.73,41.36,1,0,0,0,14.05,989,0.9060498220640569,0,0,True,False,True,False,False,False,False,False,False,False,True
62,16.14,94.04,1,1,0,0,8.34,195,1.9352517985611513,0,0,False,False,False,False,False,False,False,False,False,False,False
23,3.36,62.92,1,0,0,1,8.97,459,0.3745819397993311,0,0,False,False,False,True,False,False,False,False,False,False,False
34,1.15,62.74,2,0,0,1,8.95,150,0.12849162011173185,1,0,True,False,False,False,False,True,False,False,False,False,False
62,5.71,33.34,1,0,0,0,17.39,360,0.3283496262219666,0,0,True,False,False,True,False,False,False,False,False,True,False
68,13.59,46.93,0,1,0,0,13.99,649,0.9714081486776268,0,0,False,False,True,False,False,False,False,False,False,False,True
70,1.48,36.57,0,1,0,0,14.13,66,0.10474168435951875,0,1,True,False,False,False,False,False,False,True,False,False,True
36,5.67,57.6,1,1,1,0,8.81,993,0.6435868331441543,0,0,False,False,False,False,False,False,False,False,False,False,False
59,6.8,50.73,1,1,0,0,13.93,874,0.4881550610193826,0,0,True,False,False,False,False,False,False,False,False,False,True
52,7.58,34.22,1,0,0,0,8.79,826,0.8623435722411833,0,0,False,False,True,False,False,False,False,False,False,False,False
63,39.0,41.34,2,1,0,0,9.55,315,4.0837696335078535,1,0,True,False,False,True,False,False,False,False,False,False,False
43,17.07,62.87,0,0,0,0,8.69,916,1.9643268124280784,0,0,True,False,False,False,False,False,False,False,True,False,False
68,3.09,64.75,0,1,0,0,13.73,249,0.22505462490895847,0,0,False,False,False,False,False,False,True,False,False,False,True
22,3.68,33.78,0,0,0,0,13.63,1060,0.26999266324284665,0,0,False,False,False,False,False,False,False,False,False,False,True
46,3.42,29.89,2,0,1,1,9.19,245,0.3721436343852013,1,0,False,False,False,False,False,True,False,False,False,False,False
54,10.24,87.83,0,0,0,0,17.94,710,0.5707915273132664,0,0,False,False,False,False,False,True,False,False,False,True,False
37,9.6,32.16,1,1,1,0,8.1,322,1.1851851851851851,0,0,False,False,False,False,False,False,False,False,False,False,False
66,9.93,60.87,0,0,1,0,14.63,72,0.6787423103212576,0,1,True,False,True,False,False,False,False,False,False,False,True
38,18.18,24.19,0,0,0,0,8.33,722,2.182472989195678,0,0,False,False,False,False,False,False,False,False,False,False,False
27,7.39,49.38,1,0,0,0,8.4,988,0.8797619047619046,0,0,True,False,False,True,False,False,False,False,False,False,False
22,1.99,19.39,0,1,0,1,18.04,143,0.11031042128603105,0,0,False,False,True,False,False,False,False,False,False,True,False
53,20.89,42.69,2,0,1,0,18.06,950,1.156699889258029,1,0,False,True,False,False,False,False,False,False,True,True,False
23,11.13,30.19,0,0,1,1,13.76,266,0.8088662790697675,0,0,True,False,False,False,False,True,False,False,False,False,True
43,5.18,24.2,1,1,0,1,17.6,682,0.29431818181818176,0,0,True,False,False,False,False,False,False,False,False,True,False
21,11.43,17.52,0,0,1,0,18.17,187,0.6290588882773802,0,0,True,False,False,False,True,False,False,False,False,True,False
56,9.28,35.31,0,0,0,0,14.24,937,0.6516853932584269,0,0,True,False,False,False,False,False,False,True,False,False,True
56,2.59,39.15,0,1,0,0,17.91,990,0.14461194863204913,0,0,False,False,False,False,False,True,False,False,False,True,False
67,4.98,72.26,2,0,0,0,8.64,882,0.576388888888889,1,0,True,False,False,False,False,False,False,False,True,False,False
52,3.72,46.45,0,0,0,0,14.45,915,0.257439446366782,0,0,True,False,False,False,True,False,False,False,False,False,True
18,18.23,73.01,0,0,0,0,13.98,89,1.304005722460658,0,1,False,False,False,False,False,True,False,False,False,False,True
41,10.75,27.25,0,1,1,1,8.94,430,1.202460850111857,0,0,False,False,False,False,False,False,False,False,True,False,False
74,15.06,72.23,0,0,1,0,18.04,857,0.8348115299334812,0,0,False,False,False,False,False,False,True,False,False,True,False
53,2.01,39.29,1,0,0,0,9.24,505,0.2175324675324675,0,0,False,False,False,False,False,False,False,False,True,False,False
23,6.36,37.38,1,0,0,1,18.04,684,0.35254988913525503,0,0,False,False,False,False,False,False,False,False,True,True,False
58,2.49,18.16,2,0,0,0,8.9,874,0.27977528089887643,1,0,False,True,False,False,False,False,True,False,False,False,False
71,10.93,63.52,0,1,0,0,8.73,953,1.252004581901489,0,0,False,False,False,False,False,False,False,False,False,False,False
63,4.1,42.87,0,0,0,0,8.59,667,0.47729918509895225,0,0,False,False,False,False,False,False,False,True,False,False,False
61,6.31,20.14,0,0,0,1,17.79,678,0.3546936481169196,0,0,True,False,False,True,False,False,False,False,False,True,False
74,4.37,33.65,1,1,0,1,8.87,242,0.49267192784667424,0,0,True,False,False,False,True,False,False,False,False,False,False
48,25.26,73.21,0,0,1,0,14.04,1019,1.7991452991452994,0,0,False,False,False,False,False,True,False,False,False,False,True
37,2.56,97.78,2,0,0,1,14.6,833,0.17534246575342466,1,0,False,False,False,True,False,False,False,False,False,False,True
41,2.94,59.84,0,0,0,0,8.41,157,0.3495838287752675,0,0,False,False,True,False,False,False,False,False,False,False,False
42,7.72,81.53,0,0,0,0,18.7,981,0.4128342245989305,0,0,False,True,False,False,False,False,False,True,False,True,False
53,5.29,64.07,1,0,1,0,8.95,246,0.5910614525139666,0,0,False,False,False,True,False,False,False,False,False,False,False
38,4.09,71.16,0,0,0,0,14.2,740,0.2880281690140845,0,0,False,False,False,False,False,True,False,False,False,False,True
47,5.47,35.15,0,0,1,1,14.25,49,0.383859649122807,0,1,False,False,False,False,False,False,False,False,True,False,True
41,12.49,75.04,0,0,0,0,9.02,704,1.3847006651884701,0,0,False,False,False,True,False,False,False,False,False,False,False
61,6.27,64.45,0,0,0,1,9.26,743,0.6771058315334773,0,0,True,False,True,False,False,False,False,False,False,False,False
59,2.42,42.38,0,0,0,1,13.85,768,0.17472924187725633,0,0,True,False,False,False,False,False,True,False,False,False,True
47,5.75,82.82,1,0,1,0,17.99,586,0.31962201222901615,0,0,False,False,False,True,False,False,False,False,False,True,False
39,9.89,71.13,0,0,0,1,9.16,226,1.0796943231441047,0,0,True,False,False,False,False,False,False,True,False,False,False
45,8.2,24.86,1,1,0,0,8.19,965,1.0012210012210012,0,0,False,False,False,False,False,False,False,False,False,False,False
24,3.5,45.0,0,0,1,1,18.34,707,0.19083969465648856,0,0,True,False,False,False,True,False,False,False,False,True,False
52,3.33,10.04,1,0,0,0,9.67,533,0.344364012409514,0,0,False,False,False,False,False,False,False,True,False,False,False
72,3.18,45.02,1,0,1,0,14.52,767,0.21900826446280994,0,0,False,False,False,False,False,False,False,True,False,False,True
45,18.24,15.83,1,0,0,0,14.34,821,1.2719665271966527,0,0,False,False,False,False,False,False,False,False,False,False,True
31,5.73,39.36,1,0,0,1,9.51,226,0.6025236593059937,0,0,True,False,True,False,False,False,False,False,False,False,False
73,13.97,70.56,1,0,0,1,13.98,810,0.9992846924177397,0,0,False,False,False,False,False,False,True,False,False,False,True
27,1.15,30.15,0,0,0,1,18.45,773,0.06233062330623306,0,0,False,False,False,False,False,False,False,False,False,True,False
33,6.93,65.84,1,0,0,1,14.26,451,0.48597475455820477,0,0,True,False,False,False,False,True,False,False,False,False,True
33,15.03,85.81,4,1,0,0,13.69,461,1.097881665449233,1,0,False,False,False,False,False,False,True,False,False,False,True
71,8.44,49.72,1,0,0,0,14.11,955,0.5981573352232459,0,0,True,False,False,False,False,False,False,False,False,False,True
48,8.9,63.04,0,0,0,0,13.87,264,0.6416726748377795,0,0,True,False,False,False,False,False,False,True,False,False,True
59,9.33,14.77,0,1,1,0,8.87,356,1.051860202931229,0,0,True,False,False,False,False,False,True,False,False,False,False
42,6.43,49.19,0,0,0,0,13.72,963,0.4686588921282798,0,0,False,False,True,False,False,False,False,False,False,False,True
30,7.15,45.07,0,0,0,0,9.03,508,0.7918050941306756,0,0,False,False,True,False,False,False,False,False,False,False,False
23,8.44,77.66,0,0,0,0,9.32,457,0.9055793991416308,0,0,False,False,False,False,True,False,False,False,False,False,False
61,20.2,67.19,0,0,0,0,17.41,695,1.1602527283170592,0,0,True,False,False,False,False,False,True,False,False,True,False
26,13.6,54.52,0,0,1,0,13.76,887,0.9883720930232558,0,0,True,False,False,False,True,False,False,False,False,False,True
62,14.31,67.35,1,1,0,0,17.76,671,0.8057432432432432,0,0,False,False,False,False,False,True,False,False,False,True,False
53,9.16,40.95,1,0,0,0,9.07,840,1.009922822491731,0,0,False,False,False,False,False,False,False,False,False,False,False
73,19.2,64.91,0,0,0,0,18.5,1096,1.037837837837838,0,0,False,False,False,False,False,False,False,False,True,True,False
60,7.51,74.06,1,1,0,0,14.19,604,0.529245947850599,0,0,True,False,False,False,False,True,False,False,False,False,True
37,2.76,78.62,1,0,0,1,17.23,1048,0.16018572257690075,0,0,True,False,True,False,False,False,False,False,False,True,False
35,10.02,90.55,0,0,1,0,18.23,1058,0.5496434448710916,0,0,False,False,False,False,False,False,False,True,False,True,False
60,3.15,51.88,0,0,0,1,17.95,832,0.1754874651810585,0,0,False,False,False,True,False,False,False,False,False,True,False
74,8.57,48.98,1,1,1,0,18.23,429,0.4701042238069117,0,0,True,False,True,False,False,False,False,False,False,True,False
38,21.04,39.3,0,0,1,0,8.56,624,2.4579439252336446,0,0,True,False,False,False,False,False,False,False,True,False,False
21,3.48,58.37,0,1,1,0,14.09,146,0.24698367636621718,0,0,False,False,False,False,False,False,False,True,False,False,True
67,17.69,42.75,1,1,0,0,9.17,412,1.929116684841876,0,0,True,False,False,False,False,False,True,False,False,False,False
50,7.35,24.91,1,0,0,0,14.56,888,0.5048076923076923,0,0,False,False,False,True,False,False,False,False,False,False,True
44,4.76,14.62,2,0,1,1,17.73,111,0.26847151720248164,1,0,True,False,False,False,False,False,True,False,False,True,False
24,2.8,46.63,1,1,0,0,9.3,861,0.30107526881720426,0,0,True,False,False,False,False,True,False,False,False,False,False
23,3.39,27.72,0,1,0,0,13.61,902,0.24908155767817783,0,0,False,True,False,True,False,False,False,False,False,False,True
32,5.82,90.95,0,0,0,0,13.77,682,0.4226579520697168,0,0,True,False,True,False,False,False,False,False,False,False,True
35,5.26,95.42,0,0,1,0,9.49,763,0.5542676501580611,0,0,False,False,False,False,False,False,False,True,False,False,False
49,8.53,38.38,0,0,0,1,9.8,99,0.870408163265306,0,0,False,False,False,False,False,False,False,False,False,False,False
73,5.43,23.04,0,0,1,0,9.68,416,0.5609504132231404,0,0,True,False,False,True,False,False,False,False,False,False,False
28,2.76,55.63,1,0,0,0,8.44,553,0.32701421800947866,0,0,True,False,False,False,False,False,False,True,False,False,False
37,3.63,40.54,1,1,0,1,14.09,326,0.2576295244854507,0,0,False,False,False,False,True,False,False,False,False,False,True
41,7.87,37.17,0,0,0,1,13.5,646,0.582962962962963,0,0,False,False,False,False,False,False,False,False,True,False,True
32,3.34,15.23,1,0,0,0,9.68,748,0.3450413223140496,0,0,True,False,False,False,False,True,False,False,False,False,False
65,0.69,59.73,2,0,0,1,18.21,207,0.03789126853377265,1,0,True,False,False,False,False,False,True,False,False,True,False
24,2.36,83.9,0,1,1,0,14.26,1061,0.16549789621318373,0,0,False,False,True,False,False,False,False,False,False,False,True
38,4.26,63.3,2,0,0,1,13.97,40,0.3049391553328561,1,1,False,False,False,False,False,False,False,True,False,False,True
59,3.83,57.55,2,0,0,0,9.3,814,0.4118279569892473,1,0,False,False,False,False,False,False,True,False,False,False,False
43,8.25,43.54,0,0,0,0,13.74,440,0.6004366812227074,0,0,True,False,True,False,False,False,False,False,False,False,True
61,7.86,40.93,0,0,0,1,9.05,921,0.8685082872928176,0,0,False,False,False,True,False,False,False,False,False,False,False
73,14.8,56.48,0,0,1,0,14.41,636,1.0270645385149202,0,0,False,False,False,False,False,False,True,False,False,False,True
31,3.94,23.75,1,0,0,1,13.66,184,0.2884333821376281,0,0,False,False,True,False,False,False,False,False,False,False,True
74,20.08,33.48,0,1,0,0,8.76,628,2.2922374429223744,0,0,False,False,False,False,False,False,True,False,False,False,False
54,6.56,49.7,0,0,0,0,17.86,853,0.3673012318029115,0,0,False,False,False,False,False,False,False,False,False,True,False
38,4.31,76.9,0,0,0,0,13.96,379,0.3087392550143266,0,0,False,False,False,False,True,False,False,False,False,False,True
35,10.81,72.92,2,1,0,0,8.71,972,1.2411021814006888,1,0,False,False,False,False,False,False,False,False,True,False,False
22,4.32,18.4,1,0,0,1,17.86,48,0.24188129899216126,0,1,True,False,False,False,False,False,True,False,False,True,False
20,10.77,85.19,0,0,0,0,14.35,342,0.7505226480836237,0,0,True,False,False,False,False,False,False,False,True,False,True
40,1.77,53.68,0,1,0,0,13.68,956,0.12938596491228072,0,0,True,False,False,False,False,False,True,False,False,False,True
43,13.73,71.28,0,1,0,1,14.74,557,0.9314789687924017,0,0,True,False,False,False,False,True,False,False,False,False,True
54,13.85,18.06,1,1,0,0,9.24,586,1.4989177489177488,0,0,True,False,False,False,False,False,False,True,False,False,False
41,5.92,74.79,3,0,0,1,18.22,474,0.32491767288693746,1,0,False,False,False,False,True,False,False,False,False,True,False
66,6.47,68.15,1,0,0,0,13.93,260,0.4644651830581479,0,0,True,False,False,False,False,True,False,False,False,False,True
36,22.29,67.01,0,0,0,0,9.16,654,2.4334061135371177,0,0,False,False,False,False,False,False,False,False,False,False,False
68,4.62,44.35,1,0,1,0,18.85,1040,0.24509283819628647,0,0,False,False,False,False,True,False,False,False,False,True,False
42,7.48,36.03,1,0,0,0,13.82,918,0.5412445730824892,0,0,True,False,False,False,False,False,False,False,True,False,True
38,1.76,36.0,2,0,0,1,13.65,388,0.12893772893772892,1,0,False,False,False,False,False,False,False,True,False,False,True
29,6.8,77.48,0,1,1,0,17.99,73,0.37798777098388,0,1,False,False,True,False,False,False,False,False,False,True,False
74,4.53,54.28,2,1,0,0,8.67,906,0.5224913494809689,1,0,True,False,False,False,False,True,False,False,False,False,False
58,7.91,49.84,1,0,1,0,9.11,252,0.8682766190998903,0,0,True,False,False,False,True,False,False,False,False,False,False
50,8.54,54.29,1,0,0,0,8.78,931,0.9726651480637813,0,0,True,False,False,False,False,False,False,False,False,False,False
67,11.63,25.43,1,0,0,1,18.16,300,0.6404185022026432,0,0,False,False,False,False,False,True,False,False,False,True,False
70,12.38,96.02,1,0,1,0,8.52,241,1.4530516431924885,0,0,True,False,False,False,False,False,False,True,False,False,False
21,8.04,32.07,2,0,1,0,8.9,276,0.9033707865168538,1,0,False,False,False,False,False,False,False,True,False,False,False
59,7.46,34.59,0,0,0,0,8.59,977,0.8684516880093132,0,0,False,False,False,False,False,False,False,False,True,False,False
74,8.33,73.83,0,1,1,0,8.63,850,0.9652375434530706,0,0,True,False,False,False,False,False,False,False,False,False,False
24,6.56,77.94,0,1,0,0,13.85,101,0.47364620938628155,0,0,False,False,False,False,False,False,False,True,False,False,True
39,13.96,39.04,0,1,0,1,18.12,324,0.7704194260485652,0,0,True,False,False,True,False,False,False,False,False,True,False
72,18.4,30.48,1,1,1,0,8.68,200,2.1198156682027647,0,0,False,False,False,False,False,False,False,True,False,False,False
50,14.33,10.1,2,0,0,1,13.99,275,1.024303073624017,1,0,True,False,True,False,False,False,False,False,False,False,True
34,10.84,23.88,2,0,0,1,14.51,646,0.7470709855272226,1,0,False,False,False,False,False,False,False,False,True,False,True
41,6.27,28.04,0,1,1,0,13.84,269,0.45303468208092484,0,0,True,False,False,False,False,False,False,False,True,False,True
51,15.67,40.8,0,1,0,1,17.31,340,0.9052570768342,0,0,False,False,False,False,False,False,False,False,False,True,False
45,4.46,71.06,0,0,0,1,14.04,427,0.3176638176638177,0,0,False,False,False,False,False,False,False,True,False,False,True
60,3.49,38.88,0,0,1,1,9.5,952,0.3673684210526316,0,0,True,False,True,False,False,False,False,False,False,False,False
58,2.29,39.13,0,1,0,1,17.14,821,0.13360560093348892,0,0,False,False,False,False,False,False,True,False,False,True,False
56,27.53,67.77,1,0,0,0,13.45,51,2.0468401486988848,0,1,True,False,False,False,True,False,False,False,False,False,True
39,16.11,45.75,0,0,1,0,9.0,842,1.79,0,0,False,False,False,True,False,False,False,False,False,False,False
66,9.16,49.5,0,0,0,0,9.07,933,1.009922822491731,0,0,False,False,False,False,False,True,False,False,False,False,False
34,4.57,30.71,1,0,0,1,18.02,861,0.253607103218646,0,0,True,False,False,False,False,False,False,False,True,True,False
51,3.34,41.51,1,0,0,0,14.67,1074,0.2276755282890252,0,0,True,False,True,False,False,False,False,False,False,False,True
23,6.38,67.43,1,0,0,1,14.2,536,0.44929577464788734,0,0,True,False,False,False,False,False,False,False,False,False,True
63,1.77,56.97,0,1,0,1,18.2,189,0.09725274725274725,0,0,False,False,True,False,False,False,False,False,False,True,False
23,5.84,37.54,1,0,0,1,13.79,773,0.4234952864394489,0,0,True,False,False,False,False,False,False,True,False,False,True
51,20.96,59.67,1,0,1,0,8.83,842,2.373725934314836,0,0,True,False,False,True,False,False,False,False,False,False,False
18,8.62,81.35,0,0,0,0,14.3,209,0.6027972027972027,0,0,True,False,False,False,True,False,False,False,False,False,True
27,13.35,29.42,0,1,1,0,13.22,242,1.0098335854765506,0,0,True,False,False,False,False,False,False,False,True,False,True
38,8.7,52.55,1,1,0,0,14.1,559,0.6170212765957447,0,0,False,True,False,False,False,False,True,False,False,False,True
22,9.48,63.35,0,0,0,0,8.55,56,1.1087719298245613,0,1,True,False,False,False,False,False,False,True,False,False,False
19,8.31,68.99,0,0,0,0,9.26,968,0.8974082073434126,0,0,False,False,False,False,False,False,False,False,True,False,False
39,11.17,90.94,1,0,1,0,14.53,899,0.7687543014452857,0,0,False,False,False,False,False,True,False,False,False,False,True
65,8.52,34.86,1,1,1,1,17.47,467,0.48769318832283914,0,0,False,False,False,False,False,False,False,False,False,True,False
74,7.49,61.35,1,0,0,0,14.21,314,0.5270935960591133,0,0,True,False,False,False,False,False,False,False,True,False,True
19,19.34,18.42,1,0,0,0,18.4,690,1.0510869565217391,0,0,False,False,True,False,False,False,False,False,False,True,False
27,4.44,45.36,1,0,0,0,14.0,678,0.31714285714285717,0,0,False,False,False,False,False,True,False,False,False,False,True
51,7.41,27.51,1,1,0,1,18.07,218,0.41007194244604317,0,0,True,False,False,False,True,False,False,False,False,True,False
33,10.07,31.72,0,0,0,0,9.81,508,1.0265035677879715,0,0,True,False,False,True,False,False,False,False,False,False,False
65,7.14,31.83,0,0,1,0,9.42,632,0.7579617834394904,0,0,True,False,False,False,False,False,True,False,False,False,False
68,7.38,43.42,1,0,1,0,14.6,1044,0.5054794520547945,0,0,True,False,False,False,True,False,False,False,False,False,True
56,7.32,38.69,1,1,0,1,9.06,546,0.8079470198675497,0,0,True,False,True,False,False,False,False,False,False,False,False
39,24.88,42.13,0,1,0,0,14.31,945,1.7386443046820403,0,0,False,False,False,False,False,False,True,False,False,False,True
29,10.36,46.43,0,0,1,0,17.99,259,0.575875486381323,0,0,True,False,False,False,False,False,True,False,False,True,False
41,14.65,65.76,0,1,1,0,14.06,898,1.0419630156472262,0,0,False,False,False,True,False,False,False,False,False,False,True
64,3.89,35.98,0,0,0,1,17.54,788,0.2217787913340935,0,0,False,False,False,False,False,False,False,True,False,True,False
57,1.18,50.22,0,0,0,0,13.4,63,0.0880597014925373,0,1,False,False,False,False,False,False,True,False,False,False,True
55,5.84,81.7,2,0,0,1,14.01,325,0.41684511063526053,1,0,False,False,False,False,False,False,False,False,True,False,True
27,6.69,53.95,0,0,1,1,13.99,482,0.4781987133666905,0,0,True,False,False,False,True,False,False,False,False,False,True
52,13.75,44.36,1,0,0,1,8.97,171,1.5328874024526198,0,0,False,False,False,False,False,False,False,False,False,False,False
68,3.29,8.61,0,0,0,0,8.82,677,0.373015873015873,0,0,False,False,False,False,False,False,False,False,False,False,False
66,10.47,28.32,1,0,0,0,13.61,157,0.769287288758266,0,0,False,False,False,False,True,False,False,False,False,False,True
49,4.48,48.41,1,0,0,1,17.51,864,0.25585379782981155,0,0,False,False,False,False,False,False,False,True,False,True,False
24,2.1,67.75,2,0,0,1,13.47,954,0.155902004454343,1,0,True,False,False,False,False,False,True,False,False,False,True
38,5.08,51.42,1,1,1,0,9.2,759,0.5521739130434783,0,0,True,False,True,False,False,False,False,False,False,False,False
37,8.47,42.78,0,0,1,0,10.07,492,0.8411122144985105,0,0,False,False,False,False,False,True,False,False,False,False,False
43,6.5,68.87,1,0,0,1,18.65,593,0.3485254691689008,0,0,False,False,False,False,False,True,False,False,False,True,False
21,11.21,51.14,0,1,0,0,12.92,543,0.8676470588235294,0,0,False,False,False,False,False,False,False,False,True,False,True
63,6.58,71.86,2,1,0,1,17.4,30,0.3781609195402299,1,1,False,True,False,False,False,False,False,True,False,True,False
69,3.92,41.87,0,1,0,1,14.22,367,0.27566807313642755,0,0,True,False,False,False,False,True,False,False,False,False,True
39,11.82,65.69,0,0,0,0,14.08,937,0.8394886363636364,0,0,True,False,False,True,False,False,False,False,False,False,True
32,8.53,25.13,1,1,0,0,14.52,847,0.587465564738292,0,0,True,False,False,True,False,False,False,False,False,False,True
73,10.11,57.65,0,0,0,0,8.69,1063,1.1634062140391255,0,0,True,False,False,False,False,False,True,False,False,False,False
57,6.52,43.87,0,0,0,1,13.77,374,0.4734931009440813,0,0,False,False,False,False,False,False,False,False,False,False,True
38,9.58,52.24,0,0,0,0,14.05,1006,0.6818505338078291,0,0,False,False,True,False,False,False,False,False,False,False,True
32,7.54,36.19,0,0,1,1,14.62,912,0.5157318741450069,0,0,True,False,False,False,False,False,True,False,False,False,True
39,6.92,37.33,1,1,0,0,18.15,227,0.381267217630854,0,0,True,False,False,False,False,False,False,True,False,True,False
69,2.48,29.87,0,0,1,1,8.84,1067,0.28054298642533937,0,0,True,False,False,True,False,False,False,False,False,False,False
45,5.35,59.13,0,1,1,1,13.57,901,0.3942520265291083,0,0,True,False,True,False,False,False,False,False,False,False,True
31,7.4,52.07,0,0,0,0,9.47,571,0.781414994720169,0,0,False,False,False,False,False,True,False,False,False,False,False
44,11.66,31.87,2,1,1,0,8.63,486,1.351100811123986,1,0,True,False,True,False,False,False,False,False,False,False,False
58,23.08,21.73,0,0,0,0,13.7,779,1.6846715328467152,0,0,False,False,True,False,False,False,False,False,False,False,True
57,19.03,55.9,0,1,1,0,8.95,395,2.1262569832402236,0,0,False,False,True,False,False,False,False,False,False,False,False
45,6.55,85.3,1,0,0,0,14.19,430,0.4615926708949965,0,0,False,False,False,True,False,False,False,False,False,False,True
43,4.17,34.98,0,0,0,0,8.88,603,0.46959459459459457,0,0,True,False,False,False,False,True,False,False,False,False,False
66,14.09,87.0,1,0,0,0,8.72,511,1.6158256880733943,0,0,False,False,False,False,False,False,True,False,False,False,False
19,7.49,57.39,1,0,0,0,8.46,139,0.8853427895981086,0,0,False,False,True,False,False,False,False,False,False,False,False
42,14.55,22.06,0,1,0,0,8.68,1048,1.6762672811059909,0,0,False,False,False,False,False,False,True,False,False,False,False
73,4.5,21.16,0,0,1,1,18.3,435,0.2459016393442623,0,0,True,False,True,False,False,False,False,False,False,True,False
20,6.93,55.1,0,1,0,1,13.6,338,0.5095588235294117,0,0,True,False,False,True,False,False,False,False,False,False,True
25,4.22,63.44,0,0,0,1,18.38,189,0.2295973884657236,0,0,False,False,True,False,False,False,False,False,False,True,False
61,5.64,34.82,1,0,0,0,9.58,873,0.5887265135699373,0,0,True,False,False,False,False,False,False,True,False,False,False
50,3.81,42.38,0,1,1,0,13.41,84,0.2841163310961969,0,1,True,False,False,False,False,False,True,False,False,False,True
59,6.44,47.31,3,0,0,1,14.56,790,0.44230769230769235,1,0,False,True,False,False,False,False,False,False,False,False,True
69,2.79,31.06,0,1,0,1,8.61,285,0.3240418118466899,0,0,True,False,False,True,False,False,False,False,False,False,False
52,1.83,81.97,0,0,0,0,13.34,563,0.13718140929535233,0,0,True,False,False,False,False,False,True,False,False,False,True
23,8.73,33.31,0,0,1,0,13.8,451,0.6326086956521739,0,0,True,False,False,True,False,False,False,False,False,False,True
56,4.59,91.71,1,0,1,0,13.89,975,0.3304535637149028,0,0,False,False,False,False,True,False,False,False,False,False,True
69,17.96,23.43,1,0,1,1,13.77,991,1.3042846768336966,0,0,True,False,False,False,False,True,False,False,False,False,True
40,8.01,13.23,0,1,0,0,13.66,842,0.5863836017569546,0,0,False,False,False,False,False,False,False,False,False,False,True
42,11.9,27.13,1,1,0,0,9.19,916,1.2948857453754081,0,0,True,False,False,False,False,False,False,True,False,False,False
67,16.44,63.65,1,1,0,1,13.92,293,1.1810344827586208,0,0,True,False,False,False,False,False,True,False,False,False,True
60,12.53,86.84,0,0,0,0,18.01,777,0.6957245974458633,0,0,False,False,False,False,False,False,False,True,False,True,False
36,14.38,65.25,1,0,0,0,9.55,862,1.5057591623036648,0,0,True,False,False,False,False,False,False,False,False,False,False
22,19.61,32.56,0,1,1,1,13.58,262,1.4440353460972017,0,0,False,True,False,False,False,False,False,True,False,False,True
68,5.22,60.39,3,1,0,1,14.19,709,0.3678646934460888,1,0,True,False,False,False,False,False,False,True,False,False,True
28,5.37,52.12,1,1,0,0,14.55,262,0.3690721649484536,0,0,True,False,False,False,False,False,False,False,True,False,True
73,14.87,23.25,0,0,0,0,14.07,1098,1.056858564321251,0,0,True,False,False,False,False,False,True,False,False,False,True
29,2.07,65.85,2,0,0,1,9.17,587,0.22573609596510358,1,0,True,False,False,False,False,False,False,True,False,False,False
27,16.4,84.3,0,1,1,0,13.77,942,1.1909949164851126,0,0,False,True,False,False,False,False,False,False,True,False,True
25,9.28,56.21,0,0,0,1,13.43,710,0.6909903201787043,0,0,False,False,False,False,False,False,False,False,True,False,True
41,6.38,18.97,1,0,0,0,13.89,364,0.4593232541396688,0,0,True,False,False,True,False,False,False,False,False,False,True
45,18.2,30.72,1,0,0,1,14.17,433,1.2844036697247705,0,0,False,False,True,False,False,False,False,False,False,False,True
58,12.67,49.14,2,0,0,1,13.8,285,0.9181159420289855,1,0,False,False,True,False,False,False,False,False,False,False,True
53,8.24,38.15,0,1,1,0,18.32,1049,0.4497816593886463,0,0,True,False,False,False,False,True,False,False,False,True,False
54,5.22,60.44,0,1,1,0,14.02,970,0.3723252496433666,0,0,True,False,False,False,False,False,False,False,False,False,True
38,11.95,41.26,1,0,0,0,13.77,801,0.8678286129266521,0,0,False,False,False,False,False,False,True,False,False,False,True
25,2.96,23.68,1,0,0,0,9.26,975,0.31965442764578833,0,0,False,True,True,False,False,False,False,False,False,False,False
72,7.77,69.46,0,0,0,0,9.42,340,0.8248407643312101,0,0,False,True,False,False,False,False,False,False,False,False,False
26,12.37,31.81,0,1,0,0,17.65,711,0.7008498583569405,0,0,False,False,False,False,False,False,True,False,False,True,False
64,13.14,20.63,1,1,0,0,14.13,158,0.9299363057324841,0,0,False,False,False,False,False,False,False,False,False,False,True
32,3.38,19.96,0,0,0,1,13.52,810,0.25,0,0,True,False,False,False,False,True,False,False,False,False,True
65,5.4,70.81,0,0,0,1,13.29,355,0.4063205417607224,0,0,True,False,False,False,False,True,False,False,False,False,True
63,20.3,61.12,1,1,0,0,8.64,819,2.3495370370370368,0,0,True,False,False,False,False,False,False,False,True,False,False
57,3.28,69.72,0,1,1,1,18.05,46,0.18171745152354568,0,1,False,False,False,False,False,False,False,False,True,True,False
35,16.68,41.16,4,1,0,0,14.22,728,1.1729957805907172,1,0,False,False,False,False,False,False,True,False,False,False,True
59,6.9,69.4,0,1,0,1,13.96,1038,0.49426934097421205,0,0,False,False,False,False,False,False,False,False,False,False,True
37,6.01,48.66,0,0,0,0,8.51,371,0.7062279670975323,0,0,False,False,False,False,False,False,False,False,False,False,False
23,13.6,56.31,0,0,0,0,14.31,1032,0.9503843466107617,0,0,False,False,True,False,False,False,False,False,False,False,True
29,11.16,74.31,0,0,0,0,9.24,867,1.2077922077922079,0,0,False,True,True,False,False,False,False,False,False,False,False
19,2.99,23.12,0,1,0,0,13.7,657,0.21824817518248177,0,0,True,False,False,False,False,False,True,False,False,False,True
24,21.89,18.16,2,0,1,0,14.19,800,1.5426356589147288,1,0,False,False,False,False,True,False,False,False,False,False,True
33,2.29,10.14,1,0,0,1,8.99,907,0.25472747497219134,0,0,False,False,True,False,False,False,False,False,False,False,False
20,6.67,70.23,1,0,0,0,14.31,739,0.4661076170510133,0,0,True,False,False,False,False,False,False,True,False,False,True
62,7.58,89.21,0,0,0,0,13.55,878,0.5594095940959409,0,0,False,True,True,False,False,False,False,False,False,False,True
20,9.07,40.19,1,0,0,1,18.38,768,0.4934711643090316,0,0,False,False,False,False,True,False,False,False,False,True,False
44,3.23,30.41,0,1,0,1,14.17,206,0.22794636556104447,0,0,True,False,False,False,False,False,False,False,False,False,True
67,11.66,43.5,2,1,0,0,9.88,975,1.180161943319838,1,0,True,False,False,False,False,False,False,False,True,False,False
60,6.85,85.61,2,0,0,0,9.01,386,0.7602663706992231,1,0,False,False,False,True,False,False,False,False,False,False,False
57,1.07,22.99,0,0,0,1,17.97,524,0.05954368391764052,0,0,False,False,False,True,False,False,False,False,False,True,False
55,2.9,11.61,2,0,0,1,13.42,64,0.21609538002980624,1,1,False,False,False,False,False,False,False,False,True,False,True
50,0.59,93.58,1,0,1,0,14.46,847,0.04080221300138312,0,0,True,False,False,False,False,False,False,False,False,False,True
45,9.3,70.16,1,0,0,0,9.38,39,0.9914712153518124,0,1,True,False,False,False,False,False,False,False,True,False,False
18,2.69,40.39,0,1,1,1,9.11,1015,0.29527991218441274,0,0,True,False,True,False,False,False,False,False,False,False,False
72,1.34,59.16,0,0,0,0,17.14,560,0.07817969661610269,0,0,True,False,False,False,False,True,False,False,False,True,False
25,8.0,46.2,2,0,1,1,14.56,124,0.5494505494505494,1,0,True,False,False,False,False,False,False,False,True,False,True
54,20.03,49.81,0,1,0,0,8.45,605,2.3704142011834324,0,0,False,False,False,False,False,True,False,False,False,False,False
49,5.91,30.99,0,1,0,1,14.48,479,0.4081491712707182,0,0,True,False,False,False,True,False,False,False,False,False,True
65,4.18,44.98,0,1,0,0,8.13,1047,0.5141451414514144,0,0,True,False,False,False,False,True,False,False,False,False,False
60,2.87,66.72,1,1,1,1,18.6,125,0.1543010752688172,0,0,True,False,False,False,True,False,False,False,False,True,False
54,18.03,75.88,0,1,0,0,13.75,894,1.3112727272727274,0,0,True,False,True,False,False,False,False,False,False,False,True
21,19.06,78.0,0,0,0,0,13.78,698,1.3831640058055152,0,0,False,False,False,False,False,False,False,False,False,False,True
47,2.64,70.38,1,0,0,1,13.38,236,0.19730941704035873,0,0,False,False,False,False,False,False,False,True,False,False,True
23,15.39,42.84,0,1,0,0,17.96,879,0.8569042316258352,0,0,False,False,True,False,False,False,False,False,False,True,False
63,9.45,53.08,2,1,1,0,18.3,275,0.5163934426229507,1,0,True,False,False,False,False,False,False,False,True,True,False
71,5.33,40.46,1,0,1,1,9.07,913,0.587651598676957,0,0,True,False,True,False,False,False,False,False,False,False,False
36,7.03,71.97,0,0,0,0,18.41,112,0.38185768604019554,0,0,False,False,False,True,False,False,False,False,False,True,False
49,11.85,87.93,0,0,1,0,17.94,346,0.6605351170568561,0,0,True,False,False,True,False,False,False,False,False,True,False
26,7.56,45.45,2,1,0,0,9.05,674,0.8353591160220993,1,0,False,False,False,False,True,False,False,False,False,False,False
29,11.83,30.2,1,0,1,1,18.25,399,0.6482191780821918,0,0,True,False,True,False,False,False,False,False,False,True,False
28,27.34,82.18,1,0,0,0,14.66,778,1.86493860845839,0,0,False,False,True,False,False,False,False,False,False,False,True
63,4.33,65.45,1,1,0,0,14.27,659,0.30343377715487035,0,0,True,False,False,False,False,False,False,True,False,False,True
72,3.41,33.09,0,0,0,1,9.11,209,0.37431394072447866,0,0,False,False,False,False,True,False,False,False,False,False,False
33,7.33,43.82,0,0,1,0,13.58,631,0.5397643593519882,0,0,False,False,False,False,False,False,True,False,False,False,True
18,3.89,80.38,0,0,1,0,8.39,629,0.4636471990464839,0,0,False,False,False,False,False,False,True,False,False,False,False
62,2.92,32.51,0,0,0,0,18.12,870,0.16114790286975716,0,0,False,False,False,False,True,False,False,False,False,True,False
72,3.66,21.49,1,1,1,1,18.36,377,0.19934640522875818,0,0,False,True,False,False,False,False,True,False,False,True,False
70,7.03,10.48,0,1,0,0,14.24,360,0.4936797752808989,0,0,False,False,False,False,False,False,False,False,True,False,True
38,18.87,12.67,0,1,0,0,13.47,639,1.400890868596882,0,0,True,False,False,False,False,False,True,False,False,False,True
47,16.81,69.62,0,0,1,0,14.02,773,1.1990014265335234,0,0,True,False,False,True,False,False,False,False,False,False,True
30,3.62,97.81,0,1,0,0,8.96,598,0.4040178571428571,0,0,False,False,False,False,False,False,False,False,True,False,False
51,5.82,71.22,0,1,0,1,13.82,418,0.4211287988422576,0,0,False,False,False,False,True,False,False,False,False,False,True
21,13.0,64.63,4,0,0,0,14.62,1000,0.8891928864569084,1,0,True,False,False,False,False,False,True,False,False,False,True
45,7.0,66.8,0,1,0,0,9.14,776,0.7658643326039387,0,0,True,False,False,False,False,False,True,False,False,False,False
55,5.92,55.55,2,1,1,1,8.5,166,0.6964705882352941,1,0,False,True,False,False,False,False,False,False,False,False,False
48,19.61,3.78,1,0,0,0,13.76,311,1.4251453488372092,0,0,True,False,False,False,False,True,False,False,False,False,True
72,4.27,74.93,0,0,1,0,13.99,1048,0.30521801286633304,0,0,True,False,False,False,False,False,False,False,True,False,True
44,11.8,43.46,0,0,1,0,17.16,773,0.6876456876456877,0,0,True,False,False,False,False,False,False,False,True,True,False
22,5.54,74.73,0,0,0,0,9.44,560,0.586864406779661,0,0,False,False,True,False,False,False,False,False,False,False,False
42,22.28,60.41,0,1,0,0,9.56,45,2.3305439330543933,0,1,True,False,False,False,False,False,False,True,False,False,False
20,0.46,58.83,0,1,0,0,13.32,1034,0.03453453453453453,0,0,False,False,False,True,False,False,False,False,False,False,True
50,7.02,20.83,0,0,0,1,14.07,597,0.4989339019189765,0,0,True,False,False,False,False,False,True,False,False,False,True
21,4.4,53.11,0,1,1,0,14.72,59,0.29891304347826086,0,1,False,False,False,False,False,False,False,False,False,False,True
42,2.78,44.27,0,0,0,1,14.23,693,0.19536191145467321,0,0,False,False,False,False,False,False,False,True,False,False,True
37,13.29,28.16,2,0,1,0,14.72,1028,0.9028532608695651,1,0,True,False,False,False,False,True,False,False,False,False,True
51,10.74,26.07,1,0,0,1,14.49,904,0.7412008281573499,0,0,False,False,False,False,False,True,False,False,False,False,True
43,6.7,48.63,2,1,1,0,9.11,51,0.7354555433589463,1,1,True,False,False,True,False,False,False,False,False,False,False
22,15.53,32.33,2,1,0,0,8.42,1083,1.844418052256532,1,0,True,False,False,False,False,False,False,False,False,False,False
52,5.51,54.37,0,0,0,0,9.27,985,0.5943905070118662,0,0,False,False,False,False,False,False,False,True,False,False,False
45,3.88,64.5,1,1,0,0,9.2,689,0.4217391304347826,0,0,True,False,False,True,False,False,False,False,False,False,False
46,6.94,57.41,0,0,0,1,8.85,354,0.784180790960452,0,0,False,False,False,True,False,False,False,False,False,False,False
26,4.27,61.4,0,0,1,0,9.45,210,0.45185185185185184,0,0,True,False,False,True,False,False,False,False,False,False,False
69,2.62,27.87,1,0,0,1,17.87,151,0.14661443760492446,0,0,True,False,False,True,False,False,False,False,False,True,False
55,3.74,44.24,0,0,0,0,9.15,153,0.4087431693989071,0,0,True,False,False,False,False,False,True,False,False,False,False
67,4.19,26.36,1,0,1,1,8.65,295,0.48439306358381506,0,0,False,False,False,False,False,True,False,False,False,False,False
23,3.45,71.49,1,0,1,1,18.2,57,0.18956043956043958,0,1,True,False,False,True,False,False,False,False,False,True,False
36,4.81,31.62,1,1,1,0,14.02,106,0.3430813124108416,0,0,False,False,False,False,False,False,False,False,False,False,True
61,7.67,37.61,1,0,0,1,14.08,461,0.5447443181818181,0,0,True,False,False,False,False,False,False,False,True,False,True
74,4.17,30.79,0,0,0,1,14.26,908,0.2924263674614306,0,0,True,False,True,False,False,False,False,False,False,False,True
28,3.87,77.52,0,1,0,0,14.55,923,0.26597938144329897,0,0,False,False,False,False,False,False,False,False,False,False,True
19,7.57,55.25,0,1,0,0,8.21,1088,0.9220462850182704,0,0,False,False,False,False,True,False,False,False,False,False,False
64,6.47,45.35,0,0,0,0,8.67,465,0.7462514417531718,0,0,True,False,False,False,False,True,False,False,False,False,False
61,10.88,26.51,1,0,0,1,18.35,81,0.5929155313351498,0,1,False,False,False,True,False,False,False,False,False,True,False
61,6.15,72.88,1,1,0,0,8.72,145,0.7052752293577982,0,0,True,False,False,False,False,True,False,False,False,False,False
26,3.62,46.76,0,0,0,0,9.21,76,0.3930510314875135,0,1,False,False,False,True,False,False,False,False,False,False,False
38,29.86,24.0,1,1,0,0,13.83,467,2.1590744757772957,0,0,False,False,False,False,False,False,True,False,False,False,True
41,6.67,68.44,1,0,0,1,8.78,130,0.7596810933940775,0,0,False,False,False,False,False,False,True,False,False,False,False
51,8.21,59.54,0,1,0,0,14.58,136,0.5631001371742113,0,0,False,False,False,False,True,False,False,False,False,False,True
39,9.55,41.56,1,0,0,0,18.44,1012,0.5178958785249458,0,0,True,False,False,False,False,True,False,False,False,True,False
20,8.29,63.51,0,0,1,0,18.2,1088,0.4554945054945055,0,0,False,False,False,True,False,False,False,False,False,True,False
29,4.96,62.11,0,1,0,0,13.96,1030,0.3553008595988538,0,0,False,False,False,False,False,False,False,True,False,False,True
45,13.66,26.88,2,0,0,0,9.15,388,1.492896174863388,1,0,True,False,True,False,False,False,False,False,False,False,False
47,2.46,59.59,0,0,0,0,17.62,916,0.13961407491486946,0,0,True,False,False,False,False,False,False,True,False,True,False
43,3.71,89.43,0,0,0,0,9.22,829,0.4023861171366594,0,0,False,False,False,False,True,False,False,False,False,False,False
65,3.68,56.48,1,1,0,0,9.46,1055,0.38900634249471455,0,0,False,False,False,False,True,False,False,False,False,False,False
38,13.7,38.8,1,1,1,0,13.79,464,0.9934735315445975,0,0,True,False,True,False,False,False,False,False,False,False,True
45,17.22,24.79,0,0,1,0,14.37,633,1.198329853862213,0,0,False,False,False,False,True,False,False,False,False,False,True
73,6.53,63.4,1,0,1,1,8.96,595,0.7287946428571428,0,0,False,False,False,False,True,False,False,False,False,False,False
43,5.91,43.6,0,0,0,0,14.0,945,0.42214285714285715,0,0,True,False,False,False,False,True,False,False,False,False,True
50,1.63,56.86,0,0,0,1,17.85,257,0.09131652661064424,0,0,True,False,False,False,False,False,False,False,False,True,False
38,8.31,67.86,1,0,0,1,8.83,574,0.941109852774632,0,0,False,False,False,True,False,False,False,False,False,False,False
52,3.78,25.58,0,0,0,1,14.5,677,0.26068965517241377,0,0,True,False,False,False,False,True,False,False,False,False,True
69,2.43,13.43,0,0,1,1,8.62,277,0.28190255220417637,0,0,True,False,True,False,False,False,False,False,False,False,False
51,8.69,55.75,0,0,1,0,13.65,343,0.6366300366300366,0,0,False,False,False,False,False,False,True,False,False,False,True
58,5.78,31.71,0,1,0,0,9.53,66,0.6065057712486884,0,1,False,False,False,False,False,False,False,True,False,False,False
68,9.06,41.59,0,0,0,0,13.69,753,0.6617969320672024,0,0,False,False,False,False,False,False,True,False,False,False,True
64,1.69,70.83,0,0,0,0,9.12,1009,0.18530701754385967,0,0,False,False,False,False,False,False,True,False,False,False,False
35,6.35,36.79,0,0,0,1,17.5,113,0.3628571428571428,0,0,True,False,False,False,False,False,False,False,False,True,False
28,11.6,32.87,0,0,0,0,18.06,929,0.6423034330011075,0,0,True,False,False,False,False,False,False,True,False,True,False
74,13.5,54.7,0,0,0,0,17.4,748,0.7758620689655173,0,0,False,False,False,False,False,False,True,False,False,True,False
40,6.16,33.84,1,1,0,1,8.79,579,0.7007963594994313,0,0,True,False,False,True,False,False,False,False,False,False,False
65,6.36,42.43,0,0,1,0,9.14,744,0.6958424507658644,0,0,False,False,True,False,False,False,False,False,False,False,False
39,5.36,33.99,0,0,0,1,14.65,616,0.3658703071672355,0,0,True,False,False,False,False,False,False,True,False,False,True
34,10.17,38.6,0,0,0,0,14.22,181,0.7151898734177214,0,0,True,False,False,False,False,False,False,False,True,False,True
22,6.46,32.02,2,0,0,1,17.81,1091,0.36271757439640656,1,0,True,False,False,False,False,False,False,False,False,True,False
61,3.58,45.5,1,1,0,1,14.23,194,0.2515811665495432,0,0,False,False,False,True,False,False,False,False,False,False,True
28,9.59,89.04,0,0,0,0,14.12,967,0.6791784702549576,0,0,True,False,False,False,False,False,True,False,False,False,True
47,4.27,79.67,0,0,1,1,8.59,241,0.4970896391152502,0,0,True,False,False,True,False,False,False,False,False,False,False
32,13.83,70.21,1,1,0,0,18.53,555,0.7463572584997301,0,0,True,False,False,True,False,False,False,False,False,True,False
44,7.8,30.21,1,0,0,0,8.39,771,0.9296781883194278,0,0,False,False,False,False,True,False,False,False,False,False,False
52,3.11,68.83,2,0,0,1,8.67,161,0.3587081891580161,1,0,True,False,False,False,False,False,False,True,False,False,False
50,6.56,23.9,1,0,1,1,17.68,125,0.3710407239819004,0,0,True,False,False,False,False,False,False,False,True,True,False
37,4.93,90.59,1,1,0,1,13.68,1042,0.3603801169590643,0,0,True,False,False,False,True,False,False,False,False,False,True
33,2.3,75.4,0,0,0,0,9.37,551,0.24546424759871932,0,0,False,False,False,True,False,False,False,False,False,False,False
51,2.3,44.88,0,0,1,0,9.05,403,0.25414364640883974,0,0,True,False,False,False,False,False,False,False,True,False,False
19,2.99,72.63,0,0,0,0,9.18,1069,0.3257080610021787,0,0,True,False,False,True,False,False,False,False,False,False,False
52,16.95,78.6,0,1,0,0,13.78,637,1.230043541364296,0,0,True,False,False,False,False,False,True,False,False,False,True
57,11.04,27.78,1,0,1,0,9.51,47,1.1608832807570977,0,1,False,False,False,True,False,False,False,False,False,False,False
73,18.56,47.02,0,0,1,0,17.14,1060,1.0828471411901983,0,0,False,False,False,False,True,False,False,False,False,True,False
45,10.33,62.34,1,1,0,0,9.52,1007,1.0850840336134455,0,0,False,False,False,False,False,False,True,False,False,False,False
64,16.08,76.41,1,0,0,0,14.08,908,1.1420454545454544,0,0,False,False,False,False,True,False,False,False,False,False,True
56,7.59,41.6,1,0,0,0,8.95,623,0.8480446927374302,0,0,False,False,False,False,False,False,False,True,False,False,False
23,11.28,37.89,0,0,0,0,8.49,672,1.3286219081272084,0,0,True,False,False,True,False,False,False,False,False,False,False
26,27.21,46.52,0,0,0,0,14.25,158,1.9094736842105264,0,0,False,False,False,False,False,True,False,False,False,False,True
37,6.13,85.78,0,0,0,0,14.44,830,0.4245152354570637,0,0,False,False,True,False,False,False,False,False,False,False,True
18,21.89,47.49,0,1,0,0,8.42,484,2.5997624703087885,0,0,False,False,False,False,False,True,False,False,False,False,False
25,10.85,20.61,0,1,0,1,13.63,905,0.7960381511371973,0,0,True,False,True,False,False,False,False,False,False,False,True
72,7.65,11.87,1,0,0,0,18.25,600,0.4191780821917808,0,0,False,False,False,False,False,True,False,False,False,True,False
40,5.9,29.45,0,0,0,1,8.93,1043,0.6606942889137739,0,0,True,False,False,False,False,False,False,False,True,False,False
20,10.87,83.26,1,0,0,0,8.34,430,1.303357314148681,0,0,False,False,False,False,False,False,False,False,False,False,False
21,8.4,66.92,0,0,0,0,14.49,491,0.5797101449275363,0,0,True,False,False,False,True,False,False,False,False,False,True
42,5.4,78.75,0,0,0,0,14.33,118,0.3768318213538032,0,0,True,False,False,False,False,False,True,False,False,False,True
64,9.79,91.3,0,1,0,0,8.43,852,1.1613285883748516,0,0,True,False,False,False,False,False,False,False,False,False,False
55,5.73,70.94,0,1,0,1,9.15,35,0.6262295081967213,0,1,True,False,False,False,False,False,False,True,False,False,False
32,5.04,36.39,0,1,0,0,13.85,974,0.36389891696750903,0,0,False,False,False,False,False,False,False,True,False,False,True
38,4.52,79.04,1,0,0,0,17.97,113,0.25153032832498606,0,0,True,False,False,False,False,False,False,True,False,True,False
52,1.63,70.08,2,0,0,0,13.87,650,0.11751982696467195,1,0,True,False,True,False,False,False,False,False,False,False,True
74,2.36,57.7,0,0,1,1,8.99,201,0.26251390433815347,0,0,False,False,False,False,False,False,True,False,False,False,False
70,11.0,60.01,0,0,0,0,13.78,728,0.7982583454281568,0,0,True,False,False,False,False,False,False,True,False,False,True
70,7.18,66.72,0,0,0,0,9.45,302,0.7597883597883598,0,0,False,False,False,False,False,False,False,True,False,False,False
63,6.47,48.04,1,0,0,0,8.75,559,0.7394285714285714,0,0,True,False,False,False,False,True,False,False,False,False,False
69,1.31,86.62,1,0,0,1,13.83,348,0.09472161966738973,0,0,True,False,False,False,False,False,False,False,True,False,True
31,10.17,60.92,1,1,0,1,17.84,458,0.570067264573991,0,0,False,False,False,False,True,False,False,False,False,True,False
53,11.82,70.13,0,0,0,0,18.31,876,0.6455488803932278,0,0,False,False,False,False,True,False,False,False,False,True,False
29,8.88,72.1,0,0,1,0,8.78,278,1.0113895216400912,0,0,True,False,False,True,False,False,False,False,False,False,False
34,8.71,63.87,0,1,0,1,14.12,416,0.6168555240793202,0,0,False,False,False,False,True,False,False,False,False,False,True
56,12.74,78.15,0,0,0,0,9.01,392,1.413984461709212,0,0,False,False,False,False,False,False,False,False,False,False,False
26,8.91,59.62,1,1,0,0,9.11,97,0.9780461031833151,0,0,False,True,False,False,False,True,False,False,False,False,False
52,11.06,47.79,1,0,0,0,18.26,467,0.6056955093099671,0,0,True,False,False,False,False,True,False,False,False,True,False
30,6.87,59.41,0,1,0,0,18.11,1045,0.3793484262838211,0,0,True,False,False,False,False,False,False,False,True,True,False
32,10.99,12.36,0,1,0,0,9.48,325,1.1592827004219408,0,0,False,False,True,False,False,False,False,False,False,False,False
35,5.9,22.63,0,0,0,1,9.02,676,0.6541019955654103,0,0,False,False,False,False,False,False,False,False,False,False,False
68,3.89,58.72,0,0,1,0,9.17,62,0.4242093784078517,0,1,True,False,False,False,False,False,False,False,True,False,False
50,5.23,17.4,0,0,0,0,14.0,61,0.3735714285714286,0,1,False,False,False,False,False,False,False,True,False,False,True
23,7.92,58.28,0,0,0,1,18.36,584,0.43137254901960786,0,0,True,False,False,False,False,False,True,False,False,True,False
44,4.79,52.41,0,0,0,0,9.07,334,0.5281146637265711,0,0,False,False,False,False,False,False,False,False,False,False,False
40,9.68,38.44,0,0,0,1,12.76,822,0.7586206896551724,0,0,True,False,False,False,False,False,False,False,False,False,True
44,26.75,62.18,0,0,0,0,8.77,125,3.0501710376282785,0,0,False,False,False,False,False,False,False,True,False,False,False
51,12.98,55.36,0,1,0,0,9.4,550,1.3808510638297873,0,0,True,False,False,False,False,False,False,True,False,False,False
73,10.77,43.14,0,0,0,0,14.07,259,0.7654584221748401,0,0,False,False,False,False,False,False,True,False,False,False,True
63,1.91,38.59,1,1,0,1,17.99,762,0.10617009449694276,0,0,False,False,False,False,True,False,False,False,False,True,False
55,3.86,37.92,1,1,0,0,8.87,387,0.4351747463359639,0,0,False,False,False,False,False,False,False,False,False,False,False
31,20.49,79.41,1,0,0,0,8.99,431,2.279199110122358,0,0,False,True,False,False,False,False,False,False,True,False,False
53,9.58,32.72,2,0,0,0,9.1,819,1.0527472527472528,1,0,False,False,True,False,False,False,False,False,False,False,False
70,6.7,43.49,0,1,1,1,13.91,128,0.48166786484543495,0,0,False,True,False,False,False,False,False,True,False,False,True
25,8.6,49.35,0,1,1,1,8.54,300,1.0070257611241218,0,0,True,False,False,False,False,False,False,True,False,False,False
52,10.2,52.6,2,1,1,0,14.17,391,0.7198306280875088,1,0,True,False,True,False,False,False,False,False,False,False,True
36,7.65,58.6,3,1,0,0,8.94,557,0.8557046979865772,1,0,True,False,False,False,False,False,False,False,True,False,False
47,12.58,63.12,0,1,0,0,8.89,1074,1.4150731158605174,0,0,True,False,False,True,False,False,False,False,False,False,False
31,5.49,88.4,0,1,0,0,13.37,569,0.41062079281974573,0,0,False,False,False,False,False,False,False,True,False,False,True
37,7.11,40.08,0,1,0,1,8.47,624,0.8394332939787486,0,0,True,False,True,False,False,False,False,False,False,False,False
66,7.21,14.78,1,0,0,1,14.11,862,0.5109851169383416,0,0,False,False,False,False,False,True,False,False,False,False,True
42,15.05,56.54,0,1,1,0,13.46,426,1.1181277860326895,0,0,False,False,False,False,False,False,False,True,False,False,True
57,8.83,44.47,1,0,0,0,18.14,1089,0.48676957001102533,0,0,False,False,False,False,True,False,False,False,False,True,False
41,3.54,56.02,0,1,0,1,9.3,524,0.38064516129032255,0,0,True,False,False,False,True,False,False,False,False,False,False
31,4.3,60.6,0,0,0,0,12.96,343,0.3317901234567901,0,0,False,False,False,False,False,False,False,True,False,False,True
43,10.28,78.53,0,1,0,0,8.88,519,1.1576576576576574,0,0,True,False,False,False,False,True,False,False,False,False,False
55,2.57,32.48,2,0,0,1,17.76,262,0.14470720720720717,1,0,True,False,False,False,False,False,False,True,False,True,False
40,11.71,84.47,0,1,0,0,13.19,1059,0.8877937831690675,0,0,False,False,False,True,False,False,False,False,False,False,True
39,1.21,69.26,1,0,0,0,9.59,693,0.12617309697601667,0,0,False,False,False,True,False,False,False,False,False,False,False
65,2.87,26.61,0,0,0,0,9.6,273,0.2989583333333334,0,0,True,False,False,False,True,False,False,False,False,False,False
74,4.5,49.56,0,1,0,0,18.04,270,0.24944567627494457,0,0,False,False,False,True,False,False,False,False,False,True,False
36,12.64,61.78,1,0,0,0,18.38,587,0.6877040261153429,0,0,True,False,False,False,False,True,False,False,False,True,False
63,6.44,40.09,1,1,0,1,18.33,104,0.35133660665575567,0,0,True,False,False,True,False,False,False,False,False,True,False
68,10.24,61.99,2,1,0,0,18.4,312,0.5565217391304348,1,0,True,False,False,False,False,False,False,True,False,True,False
20,9.75,60.72,0,0,0,1,17.97,116,0.5425709515859767,0,0,False,False,False,False,False,True,False,False,False,True,False
59,3.67,53.83,1,0,0,0,13.77,910,0.2665214233841685,0,0,False,False,False,False,False,False,False,False,True,False,True
36,4.26,49.95,0,0,0,0,9.57,959,0.445141065830721,0,0,True,False,False,False,False,False,False,False,True,False,False
26,7.58,59.34,0,0,0,1,8.24,189,0.9199029126213593,0,0,True,False,False,False,False,False,True,False,False,False,False
45,6.25,29.77,0,1,0,1,13.53,475,0.4619364375461937,0,0,False,False,False,False,False,False,False,False,True,False,True
37,5.18,82.93,0,0,0,0,14.69,111,0.3526208304969367,0,0,True,False,False,False,False,False,False,False,False,False,True
62,1.73,80.23,1,0,1,0,14.01,1060,0.12348322626695218,0,0,True,False,False,False,False,True,False,False,False,False,True
24,2.44,54.28,0,0,0,0,8.56,211,0.2850467289719626,0,0,False,False,False,False,False,False,False,False,False,False,False
31,4.49,70.53,0,0,0,0,13.7,899,0.3277372262773723,0,0,True,False,False,False,False,False,False,False,False,False,True
26,5.47,16.99,1,0,0,0,9.51,995,0.5751840168243953,0,0,False,False,False,False,False,False,False,True,False,False,False
72,4.02,49.52,1,0,0,0,13.71,507,0.2932166301969365,0,0,True,False,False,False,False,False,False,True,False,False,True
74,1.72,33.89,1,0,0,1,14.02,212,0.12268188302425106,0,0,False,False,True,False,False,False,False,False,False,False,True
36,3.56,39.98,0,0,0,1,8.59,203,0.41443538998835855,0,0,False,False,False,False,False,True,False,False,False,False,False
64,3.13,95.67,0,1,1,0,17.75,43,0.1763380281690141,0,1,False,False,False,False,False,False,False,False,False,True,False
69,3.49,28.72,0,1,0,0,13.02,102,0.26804915514592936,0,0,True,False,False,False,False,False,False,False,False,False,True
31,14.56,69.41,0,1,1,0,18.48,543,0.7878787878787878,0,0,False,False,False,False,False,False,False,False,True,True,False
73,15.75,48.81,0,0,1,0,8.87,631,1.7756482525366406,0,0,False,False,False,False,True,False,False,False,False,False,False
55,11.07,40.52,1,0,0,0,9.05,372,1.2232044198895027,0,0,False,False,False,False,False,True,False,False,False,False,False
70,2.46,59.69,0,0,0,1,9.0,362,0.2733333333333333,0,0,False,False,False,False,True,False,False,False,False,False,False
53,22.33,10.8,1,1,0,0,8.83,384,2.528878822197055,0,0,False,False,False,False,False,True,False,False,False,False,False
57,15.44,38.57,1,0,0,0,9.09,876,1.6985698569856986,0,0,False,False,False,False,False,True,False,False,False,False,False
34,9.0,31.38,1,0,0,1,8.38,192,1.0739856801909307,0,0,True,False,False,False,False,False,True,False,False,False,False
47,5.11,58.74,0,1,1,0,17.56,145,0.29100227790432803,0,0,True,False,True,False,False,False,False,False,False,True,False
26,19.47,3.29,1,0,0,0,18.94,1061,1.0279831045406547,0,0,False,False,False,False,True,False,False,False,False,True,False
50,4.09,47.0,1,1,1,1,17.92,1076,0.22823660714285712,0,0,True,False,False,False,False,False,True,False,False,True,False
73,5.52,77.4,1,0,1,0,18.27,820,0.30213464696223313,0,0,False,True,False,False,False,False,False,False,True,True,False
69,3.16,27.21,0,0,0,0,13.45,572,0.23494423791821564,0,0,False,False,True,False,False,False,False,False,False,False,True
42,8.07,68.72,0,1,0,0,13.76,443,0.5864825581395349,0,0,False,False,True,False,False,False,False,False,False,False,True
31,12.46,42.96,1,0,0,0,8.84,711,1.409502262443439,0,0,True,False,False,False,False,False,False,False,False,False,False
28,13.41,62.84,0,0,0,0,7.98,671,1.6804511278195489,0,0,True,False,False,False,False,True,False,False,False,False,False
70,17.92,28.9,1,0,0,1,15.06,698,1.1899070385126163,0,0,False,False,False,True,False,False,False,False,False,False,True
52,2.1,66.37,3,0,0,1,18.32,51,0.1146288209606987,1,1,False,False,False,False,False,True,False,False,False,True,False
58,7.49,59.64,0,0,1,0,13.03,998,0.5748273215656179,0,0,False,True,False,False,False,False,False,True,False,False,True
31,17.01,17.99,1,0,0,1,19.06,359,0.892444910807975,0,0,True,False,False,False,False,True,False,False,False,True,False
47,1.81,24.06,3,0,0,0,8.99,1075,0.20133481646273638,1,0,True,False,False,False,False,True,False,False,False,False,False
58,4.53,59.64,2,0,0,0,13.99,931,0.32380271622587564,1,0,True,False,False,False,False,True,False,False,False,False,True
21,12.16,42.79,1,1,0,0,14.44,753,0.8421052631578948,0,0,False,False,False,False,False,False,False,False,False,False,True
21,8.93,48.05,0,0,1,0,17.83,281,0.5008412787436904,0,0,True,False,False,False,False,False,False,False,True,True,False
45,13.17,53.2,1,1,0,1,18.06,234,0.7292358803986712,0,0,True,False,False,False,False,True,False,False,False,True,False
25,24.72,45.66,0,0,0,0,14.01,861,1.7644539614561028,0,0,True,False,False,True,False,False,False,False,False,False,True
19,2.83,38.54,0,0,0,0,9.2,820,0.30760869565217397,0,0,True,False,False,False,False,False,False,False,False,False,False
58,7.19,64.87,0,0,0,1,9.16,494,0.784934497816594,0,0,False,True,False,True,False,False,False,False,False,False,False
63,20.51,60.65,1,0,0,0,9.24,423,2.2196969696969697,0,0,False,False,True,False,False,False,False,False,False,False,False
39,8.5,15.84,1,1,1,1,18.08,1050,0.4701327433628319,0,0,True,False,False,False,False,False,False,False,False,True,False
58,4.19,34.59,1,0,0,0,9.31,689,0.45005370569280345,0,0,True,False,False,False,False,True,False,False,False,False,False
73,5.28,70.48,1,1,0,0,9.45,941,0.5587301587301587,0,0,True,False,False,False,False,False,True,False,False,False,False
72,6.52,77.24,0,0,0,0,8.69,559,0.7502876869965478,0,0,True,False,False,False,False,False,False,False,False,False,False
33,8.21,71.99,1,0,1,0,17.59,1088,0.4667424673109722,0,0,True,False,False,False,True,False,False,False,False,True,False
46,9.49,21.32,1,1,0,0,13.63,86,0.6962582538517975,0,1,False,False,False,False,False,False,False,False,True,False,True
66,6.9,66.52,1,0,0,0,13.74,551,0.5021834061135372,0,0,True,False,False,False,False,False,False,False,True,False,True
65,19.25,29.6,1,0,0,0,9.37,390,2.054429028815368,0,0,True,False,True,False,False,False,False,False,False,False,False
47,15.89,42.13,0,0,0,0,9.54,263,1.6656184486373167,0,0,True,False,False,False,False,False,False,False,False,False,False
29,2.11,67.84,0,1,0,0,8.79,252,0.24004550625711035,0,0,False,False,False,True,False,False,False,False,False,False,False
52,18.51,55.94,0,0,0,1,17.96,356,1.0306236080178175,0,0,False,False,False,True,False,False,False,False,False,True,False
28,1.68,43.42,0,1,0,0,17.91,865,0.09380234505862646,0,0,False,False,True,False,False,False,False,False,False,True,False
63,8.54,80.87,0,0,0,0,14.39,518,0.5934676858929812,0,0,False,False,True,False,False,False,False,False,False,False,True
67,5.6,85.2,1,0,0,0,9.21,507,0.6080347448425624,0,0,False,False,False,False,False,False,True,False,False,False,False
38,8.32,73.65,0,0,0,0,18.76,1014,0.4434968017057569,0,0,True,False,False,False,False,False,False,True,False,True,False
38,7.65,77.69,0,0,0,0,14.28,821,0.5357142857142858,0,0,False,False,True,False,False,False,False,False,False,False,True
22,19.08,54.93,0,0,0,0,8.96,541,2.129464285714285,0,0,True,False,False,False,False,False,False,True,False,False,False
65,6.08,54.65,0,0,0,0,9.11,1042,0.6673984632272228,0,0,True,False,False,True,False,False,False,False,False,False,False
37,3.76,72.19,0,1,1,0,13.9,411,0.27050359712230215,0,0,False,False,False,False,False,False,False,True,False,False,True
54,5.25,55.16,1,0,0,1,14.71,481,0.3569000679809653,0,0,True,False,False,False,False,False,False,False,True,False,True
20,9.87,57.07,0,1,0,1,17.19,243,0.5741710296684118,0,0,False,False,False,True,False,False,False,False,False,True,False
61,2.01,35.94,0,0,1,0,18.24,594,0.11019736842105263,0,0,True,False,False,False,True,False,False,False,False,True,False
50,8.0,42.79,0,0,0,1,9.28,761,0.8620689655172414,0,0,False,False,False,True,False,False,False,False,False,False,False
70,15.36,56.15,1,0,0,1,14.56,468,1.054945054945055,0,0,False,False,False,False,True,False,False,False,False,False,True
26,17.37,77.41,1,1,1,0,9.33,784,1.8617363344051447,0,0,False,True,False,False,False,False,False,False,False,False,False
26,4.93,24.62,0,1,0,0,14.2,658,0.3471830985915493,0,0,False,False,False,False,False,False,True,False,False,False,True
21,2.63,65.74,1,0,0,1,13.82,932,0.1903039073806078,0,0,False,False,False,False,False,False,True,False,False,False,True
52,3.96,34.47,0,0,0,1,13.98,1095,0.2832618025751073,0,0,False,False,False,False,True,False,False,False,False,False,True
34,11.84,60.33,0,0,0,0,17.78,424,0.6659167604049493,0,0,True,False,False,False,False,False,False,False,False,True,False
51,6.3,27.8,1,1,1,1,13.81,276,0.4561911658218682,0,0,True,False,False,True,False,False,False,False,False,False,True
41,6.85,69.66,0,1,1,0,18.28,934,0.37472647702406997,0,0,False,False,False,False,False,True,False,False,False,True,False
49,1.07,37.79,1,0,0,1,9.27,277,0.11542610571736786,0,0,False,True,False,False,True,False,False,False,False,False,False
18,10.06,39.1,1,0,0,1,8.83,628,1.1392978482446205,0,0,False,False,False,True,False,False,False,False,False,False,False
25,1.14,9.18,3,0,0,0,13.68,894,0.08333333333333333,1,0,False,False,False,False,False,False,False,False,False,False,True
62,6.66,10.83,0,0,0,1,17.62,113,0.37797956867196364,0,0,False,False,False,False,False,False,False,False,False,True,False
40,24.16,50.03,1,1,0,0,9.25,802,2.611891891891892,0,0,True,False,False,False,False,False,False,False,False,False,False
64,18.06,20.73,1,0,0,1,8.49,80,2.127208480565371,0,1,True,False,False,False,False,False,False,False,False,False,False
57,4.61,72.6,0,1,0,1,13.42,579,0.3435171385991058,0,0,True,False,False,False,False,False,False,False,True,False,True
29,8.66,73.51,0,0,1,0,14.27,800,0.6068675543097407,0,0,True,False,False,True,False,False,False,False,False,False,True
71,10.18,17.1,0,0,0,0,17.64,1010,0.5770975056689343,0,0,False,False,False,False,False,False,False,False,True,True,False
29,4.32,59.79,0,0,0,1,14.39,494,0.3002084781097985,0,0,False,True,False,False,True,False,False,False,False,False,True
63,16.31,79.74,0,0,1,0,17.64,448,0.9246031746031745,0,0,False,False,False,False,False,False,False,False,False,True,False
64,4.33,72.68,0,0,0,1,13.66,116,0.3169838945827233,0,0,True,False,True,False,False,False,False,False,False,False,True
32,6.52,9.39,1,1,0,1,9.0,288,0.7244444444444444,0,0,True,False,False,False,False,False,False,False,False,False,False
58,8.77,15.85,2,0,0,1,13.66,340,0.6420204978038067,1,0,True,False,True,False,False,False,False,False,False,False,True
36,4.8,1.72,1,0,0,0,13.47,202,0.3563474387527839,0,0,False,False,False,False,False,False,False,False,True,False,True
43,4.91,47.48,0,1,0,0,17.84,969,0.27522421524663676,0,0,True,False,False,False,False,False,False,False,False,True,False
69,6.11,18.76,1,0,0,0,9.71,534,0.6292481977342945,0,0,True,False,False,False,False,False,False,True,False,False,False
46,16.4,72.92,0,0,0,0,8.85,358,1.8531073446327684,0,0,True,False,False,False,True,False,False,False,False,False,False
39,2.06,48.36,0,0,0,1,9.02,225,0.22838137472283815,0,0,True,False,False,False,False,False,False,False,False,False,False
57,13.17,54.69,2,0,0,1,13.93,91,0.9454414931801867,1,0,False,False,False,False,False,False,True,False,False,False,True
38,2.22,82.03,0,0,1,0,9.1,1078,0.24395604395604398,0,0,True,False,True,False,False,False,False,False,False,False,False
68,5.6,31.47,1,0,0,1,14.16,591,0.39548022598870053,0,0,True,False,False,False,False,True,False,False,False,False,True
55,13.9,5.41,1,1,0,1,18.05,926,0.7700831024930748,0,0,True,False,False,False,False,True,False,False,False,True,False
37,10.37,49.72,1,1,0,0,14.47,873,0.7166551485832756,0,0,True,False,False,False,False,False,False,False,False,False,True
74,8.76,42.87,0,1,0,1,14.29,69,0.6130160951714486,0,1,False,False,False,True,False,False,False,False,False,False,True
46,8.14,74.22,0,0,0,1,18.01,757,0.45197112715158244,0,0,False,False,False,False,False,False,False,True,False,True,False
68,13.24,37.3,0,0,1,0,14.04,486,0.9430199430199431,0,0,True,False,True,False,False,False,False,False,False,False,True
21,5.86,50.67,0,0,0,0,10.29,907,0.5694849368318757,0,0,False,False,False,False,False,False,False,True,False,False,False
72,15.24,39.7,1,0,1,0,9.25,817,1.6475675675675676,0,0,True,False,False,False,False,True,False,False,False,False,False
24,13.48,5.99,1,1,0,1,14.57,31,0.9251887439945092,0,1,False,False,False,False,True,False,False,False,False,False,True
45,36.32,30.87,0,1,1,0,9.95,245,3.650251256281407,0,0,True,False,False,False,False,True,False,False,False,False,False
45,10.32,72.95,1,0,1,0,13.53,806,0.762749445676275,0,0,True,False,False,False,True,False,False,False,False,False,True
21,12.83,57.48,1,1,1,0,18.0,708,0.7127777777777777,0,0,False,False,False,False,True,False,False,False,False,True,False
39,8.29,38.41,2,0,1,1,13.68,443,0.6059941520467835,1,0,False,False,False,False,False,False,False,False,True,False,True
29,13.22,20.78,1,0,0,1,8.35,239,1.5832335329341318,0,0,False,False,False,False,False,True,False,False,False,False,False
62,26.09,78.81,1,0,1,0,8.46,72,3.0839243498817965,0,1,True,False,False,True,False,False,False,False,False,False,False
20,19.45,78.73,2,0,0,0,17.77,167,1.0945413618458075,1,0,True,False,False,False,False,True,False,False,False,True,False
39,10.68,43.24,1,1,0,0,18.35,667,0.5820163487738419,0,0,False,True,False,False,False,False,False,True,False,True,False
61,11.47,65.53,0,1,0,0,14.05,498,0.8163701067615659,0,0,True,False,False,False,False,False,False,False,False,False,True
19,4.44,63.94,0,1,0,0,9.23,755,0.48104008667388953,0,0,True,False,False,False,False,False,True,False,False,False,False
41,5.29,76.73,0,0,0,1,14.13,231,0.3743807501769285,0,0,True,False,False,False,False,False,True,False,False,False,True
51,24.16,41.82,1,1,0,0,9.55,221,2.5298429319371727,0,0,True,False,False,True,False,False,False,False,False,False,False
44,9.91,42.42,0,0,0,0,8.46,136,1.1713947990543734,0,0,True,False,False,False,True,False,False,False,False,False,False
72,10.13,26.12,2,0,0,0,9.45,356,1.0719576719576722,1,0,False,False,False,True,False,False,False,False,False,False,False
58,2.4,63.25,0,0,0,1,13.81,779,0.1737871107892831,0,0,True,False,False,False,False,False,True,False,False,False,True
18,11.51,24.02,0,0,0,0,9.28,673,1.240301724137931,0,0,False,False,False,True,False,False,False,False,False,False,False
25,2.86,40.98,0,0,0,1,9.27,386,0.30852211434735705,0,0,True,False,True,False,False,False,False,False,False,False,False
40,5.92,22.34,1,0,0,0,9.14,624,0.6477024070021882,0,0,True,False,False,False,False,False,False,True,False,False,False
55,5.52,36.79,2,0,0,1,13.86,530,0.39826839826839827,1,0,False,False,False,False,False,False,False,True,False,False,True
23,3.81,87.84,0,0,0,0,13.22,497,0.28819969742813917,0,0,False,False,False,True,False,False,False,False,False,False,True
39,4.6,61.81,0,1,0,0,8.92,537,0.5156950672645739,0,0,False,False,False,False,False,False,False,True,False,False,False
42,7.27,55.83,0,1,1,0,17.89,135,0.40637227501397427,0,0,False,False,True,False,False,False,False,False,False,True,False
35,20.79,22.73,0,0,0,0,13.58,224,1.5309278350515463,0,0,True,False,False,False,False,False,False,False,False,False,True
34,3.2,48.26,1,1,0,1,8.8,76,0.36363636363636365,0,1,False,False,False,False,False,False,False,False,True,False,False
29,8.52,62.03,0,1,0,0,8.33,1038,1.0228091236494596,0,0,False,False,True,False,False,False,False,False,False,False,False
23,23.61,82.09,1,0,0,0,13.95,566,1.69247311827957,0,0,True,False,False,False,False,False,False,True,False,False,True
43,7.18,80.21,1,1,0,0,8.9,876,0.8067415730337077,0,0,False,False,False,False,False,False,False,True,False,False,False
44,2.74,61.44,1,1,1,0,9.08,738,0.30176211453744495,0,0,False,False,False,False,False,True,False,False,False,False,False
25,14.41,3.84,0,1,0,0,13.8,837,1.0442028985507246,0,0,True,False,False,False,False,False,False,True,False,False,True
36,10.15,25.72,0,0,1,0,14.45,641,0.7024221453287198,0,0,True,False,False,False,False,False,False,False,False,False,True
59,4.36,75.03,1,0,0,0,14.57,144,0.29924502402196296,0,0,True,False,False,False,False,False,True,False,False,False,True
18,8.68,47.85,0,0,0,0,13.68,709,0.6345029239766081,0,0,False,False,False,False,False,False,False,False,True,False,True
74,17.0,83.61,2,0,0,0,17.9,660,0.9497206703910616,1,0,True,False,True,False,False,False,False,False,False,True,False
46,7.14,19.92,1,0,0,1,9.11,248,0.7837541163556532,0,0,True,False,False,True,False,False,False,False,False,False,False
62,10.01,31.3,0,1,0,1,8.86,226,1.1297968397291196,0,0,True,False,False,False,False,False,False,True,False,False,False
66,3.66,53.9,0,1,0,1,17.61,430,0.20783645655877345,0,0,False,False,False,False,False,True,False,False,False,True,False
52,1.3,40.98,2,1,0,1,14.56,778,0.08928571428571429,1,0,False,False,False,False,False,True,False,False,False,False,True
57,0.45,55.39,0,1,1,1,14.67,710,0.03067484662576687,0,0,False,False,False,False,True,False,False,False,False,False,True
31,15.25,50.5,0,0,0,0,8.63,105,1.7670915411355734,0,0,True,False,False,False,False,False,False,False,True,False,False
52,4.95,61.56,1,0,0,0,8.91,316,0.5555555555555556,0,0,False,False,False,False,False,True,False,False,False,False,False
65,10.4,61.7,0,0,0,0,9.89,890,1.0515672396359959,0,0,False,False,False,False,True,False,False,False,False,False,False
62,6.37,30.99,0,0,0,1,13.68,771,0.4656432748538012,0,0,False,False,False,False,False,False,False,False,True,False,True
37,34.06,46.97,0,0,0,0,9.26,323,3.678185745140389,0,0,True,False,False,False,False,False,False,True,False,False,False
73,7.95,81.43,0,1,1,1,13.84,838,0.5744219653179191,0,0,True,False,False,False,False,False,False,False,True,False,True
66,1.62,44.03,1,0,0,1,13.92,915,0.1163793103448276,0,0,False,False,False,False,False,False,False,False,True,False,True
30,9.41,68.21,1,0,1,0,9.59,443,0.9812304483837331,0,0,True,False,False,True,False,False,False,False,False,False,False
55,4.69,78.24,0,0,1,1,9.16,460,0.5120087336244542,0,0,False,False,False,False,False,False,False,True,False,False,False
66,13.36,52.21,0,0,0,0,8.09,200,1.6514215080346106,0,0,False,False,False,False,False,False,False,False,False,False,False
63,1.38,77.89,2,0,0,0,9.16,573,0.15065502183406113,1,0,False,False,False,False,False,True,False,False,False,False,False
66,14.14,67.63,0,0,0,0,9.1,1018,1.5538461538461539,0,0,False,False,False,False,True,False,False,False,False,False,False
25,0.69,43.7,2,0,0,0,8.44,101,0.08175355450236967,1,0,False,False,False,True,False,False,False,False,False,False,False
60,16.01,47.6,1,0,0,0,14.04,1052,1.1403133903133904,0,0,True,False,False,True,False,False,False,False,False,False,True
37,3.92,46.29,0,0,0,1,13.54,561,0.2895125553914328,0,0,True,False,False,False,False,False,False,False,False,False,True
50,22.05,85.37,2,0,0,0,8.71,268,2.531572904707233,1,0,True,False,False,False,True,False,False,False,False,False,False
43,15.55,37.1,1,0,0,1,14.21,740,1.0942997888810697,0,0,False,False,False,False,False,False,True,False,False,False,True
56,3.82,37.14,2,0,0,1,18.68,606,0.2044967880085653,1,0,True,False,False,False,False,True,False,False,False,True,False
38,14.7,83.42,1,0,0,0,14.17,742,1.0374029640084685,0,0,True,False,False,False,True,False,False,False,False,False,True
70,8.43,45.79,0,0,1,0,8.38,671,1.0059665871121717,0,0,False,False,False,False,True,False,False,False,False,False,False
66,4.84,86.53,1,0,1,1,14.71,619,0.32902787219578516,0,0,False,False,False,False,False,False,False,False,True,False,True
59,6.03,28.23,0,1,0,0,14.24,219,0.4234550561797753,0,0,False,True,False,False,False,False,True,False,False,False,True
60,8.73,32.38,0,1,0,1,17.88,841,0.488255033557047,0,0,False,False,False,False,False,False,False,True,False,True,False
71,7.28,20.6,1,1,0,0,18.03,1044,0.403771491957848,0,0,False,False,False,False,False,False,False,True,False,True,False
58,14.52,89.21,2,0,0,0,9.03,654,1.6079734219269104,1,0,False,False,True,False,False,False,False,False,False,False,False
26,14.46,62.64,1,0,0,1,13.53,658,1.0687361419068737,0,0,False,True,False,False,False,False,True,False,False,False,True
41,8.52,31.5,0,0,0,0,17.2,918,0.49534883720930234,0,0,False,False,False,False,False,False,False,False,True,True,False
54,4.85,54.95,0,0,0,0,17.49,1088,0.2773013150371641,0,0,False,False,True,False,False,False,False,False,False,True,False
66,6.13,59.7,0,0,0,0,14.42,813,0.4251040221914008,0,0,False,False,True,False,False,False,False,False,False,False,True
58,11.2,7.86,0,0,0,1,9.55,700,1.1727748691099475,0,0,False,False,False,False,False,False,False,True,False,False,False
34,4.6,24.91,0,0,1,1,8.62,751,0.5336426914153133,0,0,True,False,False,False,True,False,False,False,False,False,False
41,10.62,43.37,0,0,0,0,13.53,555,0.7849223946784922,0,0,True,False,False,False,False,False,False,False,True,False,True
38,1.45,91.82,0,0,0,1,13.53,566,0.10716925351071693,0,0,True,False,False,True,False,False,False,False,False,False,True
68,7.45,59.78,0,0,0,0,17.08,876,0.4361826697892272,0,0,True,False,False,True,False,False,False,False,False,True,False
56,25.89,60.61,0,1,0,0,19.02,1025,1.361198738170347,0,0,True,False,False,False,False,False,True,False,False,True,False
72,16.79,38.96,0,1,0,0,8.31,943,2.020457280385078,0,0,True,False,True,False,False,False,False,False,False,False,False
58,6.51,65.29,1,1,0,1,13.73,207,0.4741442097596504,0,0,True,False,False,False,False,False,False,False,True,False,True
56,16.3,36.48,1,1,0,1,9.17,305,1.7775354416575793,0,0,False,False,False,False,False,False,False,True,False,False,False
30,6.05,69.62,2,0,0,1,13.91,341,0.4349388928828181,1,0,False,False,True,False,False,False,False,False,False,False,True
28,6.8,22.27,0,0,0,0,14.17,820,0.4798870853916725,0,0,True,False,True,False,False,False,False,False,False,False,True
63,3.11,88.07,0,1,0,0,9.44,727,0.3294491525423729,0,0,False,False,False,False,False,False,False,False,False,False,False
36,21.45,55.24,1,1,0,0,9.06,56,2.367549668874172,0,1,False,False,False,False,False,False,False,True,False,False,False
28,4.06,50.31,1,1,0,1,9.5,942,0.42736842105263156,0,0,False,False,False,True,False,False,False,False,False,False,False
30,11.68,52.4,0,0,0,0,8.96,451,1.3035714285714284,0,0,False,False,False,False,False,False,False,False,False,False,False
63,19.9,20.23,0,0,0,0,17.63,1067,1.128757799205899,0,0,True,False,False,False,False,False,False,True,False,True,False
62,18.03,35.58,0,0,0,0,9.35,530,1.928342245989305,0,0,True,False,False,False,False,False,False,True,False,False,False
18,2.8,50.17,0,1,0,0,9.41,937,0.29755579171094576,0,0,True,False,False,False,False,False,False,False,False,False,False
57,5.52,83.89,1,0,0,0,9.32,354,0.592274678111588,0,0,True,False,False,True,False,False,False,False,False,False,False
61,3.82,55.56,4,1,1,0,17.83,314,0.2142456533931576,1,0,False,False,False,False,False,True,False,False,False,True,False
36,10.05,73.92,1,0,0,0,8.53,1098,1.1781946072684644,0,0,True,False,False,False,False,False,False,False,True,False,False
29,6.24,59.6,0,1,0,0,9.25,527,0.6745945945945946,0,0,True,False,False,False,False,False,False,False,True,False,False
25,3.47,31.44,1,0,0,0,14.42,941,0.2406380027739251,0,0,True,False,False,False,False,True,False,False,False,False,True
25,18.23,26.89,0,1,0,0,9.17,174,1.9880043620501637,0,0,True,False,False,False,False,False,False,False,True,False,False
70,4.31,65.58,1,0,0,0,8.78,977,0.4908883826879271,0,0,False,False,False,False,True,False,False,False,False,False,False
62,1.95,48.19,0,1,1,0,13.73,111,0.14202476329206118,0,0,False,False,True,False,False,False,False,False,False,False,True
29,11.39,63.05,0,0,1,0,8.68,1009,1.3122119815668203,0,0,True,False,False,False,False,False,False,False,True,False,False
65,13.1,37.97,0,0,1,0,18.68,517,0.7012847965738758,0,0,True,False,False,False,True,False,False,False,False,True,False
50,10.14,32.13,1,0,0,1,13.66,111,0.7423133235724744,0,0,True,False,True,False,False,False,False,False,False,False,True
62,13.24,61.74,0,0,0,0,13.85,123,0.955956678700361,0,0,True,False,False,False,False,False,False,False,True,False,True
43,6.73,61.6,0,1,0,0,8.97,372,0.750278706800446,0,0,False,False,False,False,False,False,False,True,False,False,False
56,11.55,43.38,0,1,1,0,17.73,826,0.6514382402707276,0,0,True,False,False,False,False,True,False,False,False,True,False
45,4.8,22.29,1,1,0,1,13.84,390,0.3468208092485549,0,0,False,False,False,False,False,False,True,False,False,False,True
22,0.8,29.84,0,1,0,1,7.94,653,0.10075566750629723,0,0,False,False,False,False,False,False,False,False,True,False,False
25,6.95,43.96,1,0,0,1,8.5,897,0.8176470588235294,0,0,True,False,False,False,False,False,True,False,False,False,False
42,8.46,68.37,0,1,0,0,14.35,458,0.5895470383275262,0,0,True,False,False,False,False,False,False,False,True,False,True
44,0.96,30.8,0,0,0,0,13.99,200,0.06862044317369549,0,0,False,True,False,False,False,False,False,True,False,False,True
63,15.55,73.72,0,0,0,0,17.98,607,0.8648498331479422,0,0,False,False,False,False,False,True,False,False,False,True,False
40,18.89,88.11,1,0,0,0,13.9,97,1.3589928057553957,0,0,False,False,False,True,False,False,False,False,False,False,True
47,6.42,27.06,0,0,0,0,14.07,1087,0.4562899786780384,0,0,False,False,False,False,False,True,False,False,False,False,True
62,3.6,57.35,0,1,0,0,8.94,30,0.4026845637583893,0,1,False,False,False,False,False,False,True,False,False,False,False
64,7.7,40.49,0,1,0,1,14.21,180,0.541871921182266,0,0,True,False,False,False,True,False,False,False,False,False,True
40,1.45,19.68,0,0,0,1,18.62,931,0.07787325456498388,0,0,False,False,False,False,False,False,False,True,False,True,False
66,4.32,48.33,0,0,0,0,14.14,287,0.3055162659123055,0,0,True,False,False,False,False,False,True,False,False,False,True
64,4.29,32.42,0,0,0,0,9.32,779,0.46030042918454933,0,0,False,False,False,False,False,False,True,False,False,False,False
37,9.32,65.27,0,0,0,0,9.26,657,1.0064794816414688,0,0,False,True,False,False,False,False,False,False,False,False,False
35,3.91,79.56,2,0,0,0,9.45,824,0.4137566137566138,1,0,False,False,False,False,False,False,False,False,False,False,False
35,14.23,35.07,1,0,0,0,14.6,48,0.9746575342465754,0,1,True,False,False,False,False,False,False,True,False,False,True
19,4.14,66.59,0,1,0,1,17.73,64,0.23350253807106597,0,1,True,False,False,False,False,False,False,True,False,True,False
21,5.33,40.79,2,0,1,1,9.08,400,0.5870044052863436,1,0,False,False,False,False,False,False,False,True,False,False,False
47,8.62,24.08,1,0,0,0,8.54,520,1.009367681498829,0,0,False,False,True,False,False,False,False,False,False,False,False
50,13.31,25.62,1,1,0,0,14.05,846,0.9473309608540925,0,0,False,False,False,False,True,False,False,False,False,False,True
53,3.94,49.87,1,1,1,1,17.93,36,0.21974344673731178,0,1,False,True,False,False,False,False,False,False,True,True,False
35,1.33,53.89,0,1,0,1,14.22,578,0.09353023909985936,0,0,False,False,False,True,False,False,False,False,False,False,True
54,2.49,56.76,0,0,0,0,9.29,400,0.26803013993541447,0,0,True,False,False,False,False,False,False,False,False,False,False
36,10.56,29.75,1,0,0,0,8.67,786,1.217993079584775,0,0,True,False,False,False,False,True,False,False,False,False,False
64,7.8,28.9,0,0,0,1,14.16,603,0.5508474576271186,0,0,True,False,False,False,False,True,False,False,False,False,True
45,2.02,58.73,1,1,0,1,17.85,710,0.11316526610644256,0,0,False,False,False,False,False,False,True,False,False,True,False
57,10.4,52.15,0,1,0,1,8.77,117,1.1858608893956673,0,0,False,False,False,False,False,False,False,False,False,False,False
37,6.94,84.27,1,0,0,0,14.28,492,0.4859943977591037,0,0,False,False,False,False,False,False,False,False,True,False,True
66,22.04,77.83,1,0,1,0,13.92,510,1.5833333333333333,0,0,True,False,False,False,False,False,False,True,False,False,True
50,8.42,78.98,1,0,0,0,13.96,852,0.6031518624641833,0,0,True,False,False,False,False,True,False,False,False,False,True
29,6.4,61.12,0,0,0,0,8.65,553,0.7398843930635838,0,0,True,False,False,False,False,False,False,False,False,False,False
68,17.06,72.81,1,0,0,0,17.79,240,0.9589657110736368,0,0,False,False,False,False,True,False,False,False,False,True,False
32,2.66,31.22,0,1,1,1,14.05,273,0.1893238434163701,0,0,True,False,False,False,True,False,False,False,False,False,True
58,15.71,33.69,1,0,1,0,14.21,268,1.1055594651653764,0,0,True,False,False,True,False,False,False,False,False,False,True
56,12.5,64.24,1,0,0,0,13.19,798,0.9476876421531464,0,0,True,False,True,False,False,False,False,False,False,False,True
19,10.62,24.45,0,0,1,0,17.06,264,0.6225087924970691,0,0,False,False,False,False,False,False,False,False,False,True,False
46,15.12,21.57,1,0,1,1,13.46,216,1.1233283803863297,0,0,True,False,False,False,False,False,False,True,False,False,True
58,1.98,45.1,1,0,1,0,14.27,742,0.13875262789067974,0,0,False,False,False,False,False,False,True,False,False,False,True
27,7.46,16.3,2,1,1,0,9.1,526,0.8197802197802198,1,0,False,False,False,True,False,False,False,False,False,False,False
19,6.11,42.5,0,1,1,1,9.85,216,0.6203045685279188,0,0,False,False,False,True,False,False,False,False,False,False,False
68,6.87,27.17,0,0,0,0,9.35,965,0.7347593582887701,0,0,False,False,True,False,False,False,False,False,False,False,False
28,1.26,17.33,1,0,1,1,18.61,342,0.06770553465878561,0,0,True,False,False,False,False,False,False,True,False,True,False
30,3.36,59.74,1,0,0,1,18.09,848,0.1857379767827529,0,0,True,False,False,True,False,False,False,False,False,True,False
27,5.05,25.91,1,0,0,1,8.33,51,0.6062424969987995,0,1,False,False,True,False,False,False,False,False,False,False,False
31,16.75,39.67,0,1,0,0,8.95,97,1.8715083798882683,0,0,False,False,False,False,False,False,False,False,False,False,False
35,15.02,67.41,3,0,0,1,9.13,421,1.6451259583789701,1,0,False,True,False,False,False,False,False,False,True,False,False
68,4.14,83.83,1,1,0,0,18.37,758,0.2253674469243331,0,0,False,False,False,True,False,False,False,False,False,True,False
71,12.75,87.97,1,0,0,0,8.59,570,1.4842840512223516,0,0,True,False,False,False,False,True,False,False,False,False,False
26,7.28,25.0,1,1,0,0,13.83,597,0.5263919016630514,0,0,True,False,False,False,False,False,False,False,False,False,True
74,3.54,46.52,0,0,0,1,18.54,929,0.19093851132686085,0,0,False,False,False,False,False,False,False,True,False,True,False
56,6.64,59.76,0,1,0,1,13.4,241,0.49552238805970145,0,0,True,False,False,False,False,False,True,False,False,False,True
45,7.45,63.98,1,0,0,1,18.25,229,0.40821917808219177,0,0,True,False,False,False,False,False,True,False,False,True,False
20,5.55,59.71,0,1,0,0,13.98,1016,0.3969957081545064,0,0,False,False,False,False,False,False,False,True,False,False,True
37,13.71,64.33,2,0,1,1,14.75,207,0.9294915254237289,1,0,True,False,True,False,False,False,False,False,False,False,True
23,8.4,59.99,1,0,1,1,14.09,960,0.596167494677076,0,0,True,False,False,False,True,False,False,False,False,False,True
44,6.27,33.43,0,0,0,1,8.88,73,0.7060810810810809,0,1,False,False,False,False,False,False,False,True,False,False,False
70,6.19,24.24,1,0,1,0,17.88,197,0.3461968680089486,0,0,False,False,False,False,False,True,False,False,False,True,False
19,15.77,78.05,1,0,0,0,14.28,316,1.104341736694678,0,0,True,False,False,True,False,False,False,False,False,False,True
46,43.79,76.6,0,0,0,0,9.51,738,4.604626708727655,0,0,False,False,False,False,False,False,False,False,False,False,False
55,10.38,13.69,0,1,0,1,8.75,366,1.1862857142857144,0,0,False,False,False,False,False,False,True,False,False,False,False
20,5.54,27.91,0,0,0,0,9.02,615,0.6141906873614191,0,0,True,False,False,False,False,False,False,False,True,False,False
33,10.68,64.44,1,1,0,0,14.45,212,0.7391003460207612,0,0,True,False,False,False,False,False,True,False,False,False,True
47,2.46,55.19,0,0,0,0,9.05,45,0.2718232044198895,0,1,True,False,False,False,True,False,False,False,False,False,False
57,3.86,12.83,1,0,0,1,17.93,916,0.21528165086447296,0,0,False,False,False,True,False,False,False,False,False,True,False
19,11.25,58.47,2,1,0,1,9.45,866,1.1904761904761905,1,0,True,False,False,False,False,False,True,False,False,False,False
34,15.52,12.21,1,0,0,1,9.55,139,1.6251308900523558,0,0,False,True,False,False,True,False,False,False,False,False,False
58,4.87,50.2,0,0,1,0,13.68,335,0.35599415204678364,0,0,False,False,False,True,False,False,False,False,False,False,True
29,3.46,48.82,0,0,0,1,14.11,1009,0.2452161587526577,0,0,False,False,False,False,False,True,False,False,False,False,True
52,8.17,16.18,1,0,0,1,18.25,35,0.44767123287671234,0,1,False,False,False,True,False,False,False,False,False,True,False
60,11.2,50.09,1,0,0,1,13.66,872,0.8199121522693996,0,0,False,False,False,False,False,False,False,True,False,False,True
18,1.02,51.88,0,1,0,0,9.28,390,0.10991379310344829,0,0,True,False,False,False,False,False,True,False,False,False,False
72,0.52,77.15,0,0,0,0,13.74,685,0.03784570596797671,0,0,True,False,True,False,False,False,False,False,False,False,True
62,9.29,39.59,0,0,0,0,9.36,1013,0.9925213675213674,0,0,False,False,False,False,False,False,False,False,False,False,False
32,3.63,53.82,0,1,0,1,9.34,753,0.3886509635974304,0,0,True,False,True,False,False,False,False,False,False,False,False
43,14.42,68.02,1,1,1,0,9.61,144,1.5005202913631634,0,0,True,False,False,False,False,False,False,False,False,False,False
54,10.16,69.5,3,0,0,1,13.18,305,0.7708649468892261,1,0,False,False,False,False,False,False,True,False,False,False,True
38,3.3,35.75,0,1,0,1,9.65,109,0.34196891191709844,0,0,False,False,False,False,False,True,False,False,False,False,False
66,7.76,33.61,0,0,0,1,8.84,208,0.8778280542986425,0,0,True,False,False,False,False,False,True,False,False,False,False
48,19.29,32.02,1,0,0,0,8.94,590,2.1577181208053693,0,0,False,False,False,False,False,False,False,False,False,False,False
42,6.59,72.78,0,0,0,0,8.58,538,0.7680652680652681,0,0,True,False,False,False,False,True,False,False,False,False,False
40,10.14,55.31,0,0,0,1,8.73,289,1.161512027491409,0,0,False,False,False,False,False,False,False,False,True,False,False
41,9.01,2.06,0,0,0,0,9.26,321,0.9730021598272138,0,0,True,False,False,False,False,True,False,False,False,False,False
74,10.57,85.47,0,1,0,0,8.29,914,1.2750301568154405,0,0,False,False,False,False,False,False,True,False,False,False,False
55,5.59,74.3,0,0,0,0,8.78,320,0.6366742596810935,0,0,True,False,False,False,False,False,False,False,True,False,False
45,2.4,21.05,0,0,0,0,8.74,571,0.2745995423340961,0,0,False,False,False,False,False,False,False,False,True,False,False
38,12.77,70.65,0,0,1,0,17.96,793,0.7110244988864142,0,0,True,False,False,False,False,False,False,False,False,True,False
71,4.09,41.53,1,0,0,0,13.0,623,0.31461538461538463,0,0,True,False,False,False,False,False,False,False,True,False,True
60,5.17,69.05,0,0,0,0,13.73,977,0.37654770575382374,0,0,False,False,False,False,False,False,False,False,True,False,True
35,3.53,45.82,2,0,0,0,17.72,509,0.1992099322799097,1,0,True,False,False,False,False,False,False,True,False,True,False
53,3.93,44.2,0,1,1,0,8.81,410,0.4460839954597049,0,0,True,False,False,False,False,True,False,False,False,False,False
52,1.21,44.97,0,0,1,1,8.95,339,0.13519553072625698,0,0,True,False,False,True,False,False,False,False,False,False,False
62,5.01,20.61,0,1,1,0,17.7,876,0.2830508474576271,0,0,False,False,True,False,False,False,False,False,False,True,False
72,16.72,63.43,0,1,0,1,14.59,454,1.145990404386566,0,0,False,False,False,False,False,False,False,False,True,False,True
26,7.1,22.29,0,1,1,0,18.35,690,0.38692098092643046,0,0,True,False,False,True,False,False,False,False,False,True,False
70,5.72,16.2,1,1,0,1,17.98,255,0.31813125695216904,0,0,False,False,True,False,False,False,False,False,False,True,False
55,10.35,59.39,0,0,0,1,9.21,54,1.1237785016286643,0,1,True,False,False,True,False,False,False,False,False,False,False
47,9.74,66.94,0,0,0,0,18.77,124,0.5189131592967502,0,0,False,False,False,False,False,False,False,False,True,True,False
61,7.29,25.87,0,1,1,0,18.57,537,0.3925686591276252,0,0,True,False,True,False,False,False,False,False,False,True,False
51,7.62,23.14,1,1,1,0,8.78,594,0.8678815489749431,0,0,False,False,False,False,False,False,True,False,False,False,False
49,14.84,36.34,2,0,0,0,18.6,673,0.7978494623655913,1,0,True,False,False,False,False,False,True,False,False,True,False
20,11.73,62.33,1,1,1,0,8.99,519,1.3047830923248054,0,0,False,True,True,False,False,False,False,False,False,False,False
20,3.43,30.9,2,1,0,1,14.13,488,0.2427459306440198,1,0,True,False,False,False,False,True,False,False,False,False,True
45,8.49,73.37,0,0,1,0,9.14,930,0.9288840262582057,0,0,True,False,False,False,False,False,False,False,True,False,False
61,2.22,84.85,0,1,0,1,8.77,367,0.25313568985176743,0,0,True,False,False,False,False,False,False,True,False,False,False
32,7.52,50.08,1,1,0,1,14.86,992,0.506056527590848,0,0,False,False,False,True,False,False,False,False,False,False,True
58,7.34,35.58,0,0,0,0,9.1,374,0.8065934065934066,0,0,False,False,False,False,False,True,False,False,False,False,False
40,26.35,47.41,1,0,0,0,14.86,605,1.7732166890982506,0,0,False,False,True,False,False,False,False,False,False,False,True
57,5.18,79.63,1,1,0,0,14.07,972,0.3681592039800995,0,0,False,False,False,False,False,True,False,False,False,False,True
28,12.53,32.78,0,0,0,0,8.11,375,1.5450061652281135,0,0,False,False,False,True,False,False,False,False,False,False,False
65,1.35,88.02,1,0,0,1,8.61,354,0.15679442508710803,0,0,False,False,False,False,True,False,False,False,False,False,False
49,3.02,46.91,1,1,0,1,13.77,496,0.21931735657225854,0,0,True,False,False,False,False,False,False,True,False,False,True
74,6.85,66.19,1,0,0,0,17.58,120,0.3896473265073948,0,0,False,False,False,True,False,False,False,False,False,True,False
71,8.81,43.07,1,0,0,1,13.99,323,0.6297355253752681,0,0,True,False,False,False,True,False,False,False,False,False,True
53,15.64,28.66,0,1,0,0,13.77,553,1.1358024691358026,0,0,False,False,False,True,False,False,False,False,False,False,True
50,5.83,8.17,1,0,0,0,13.6,879,0.4286764705882353,0,0,False,False,False,True,False,False,False,False,False,False,True
41,15.42,30.54,1,0,1,0,8.92,288,1.7286995515695067,0,0,False,False,True,False,False,False,False,False,False,False,False
56,8.28,65.91,1,0,0,0,14.37,215,0.5762004175365344,0,0,False,False,False,False,False,False,False,False,True,False,True
51,17.48,75.99,1,1,0,0,18.05,373,0.968421052631579,0,0,False,False,False,False,False,True,False,False,False,True,False
73,22.8,44.59,1,1,0,0,13.73,850,1.660597232337946,0,0,False,False,False,False,False,True,False,False,False,False,True
45,8.45,90.38,1,1,0,0,14.0,770,0.6035714285714285,0,0,True,False,False,False,True,False,False,False,False,False,True
54,13.69,69.5,0,1,0,0,14.32,598,0.9560055865921787,0,0,True,False,False,False,False,True,False,False,False,False,True
24,11.07,42.11,1,0,1,0,13.92,979,0.7952586206896552,0,0,False,False,True,False,False,False,False,False,False,False,True
21,2.56,30.53,0,1,0,0,13.2,538,0.19393939393939397,0,0,False,True,False,False,False,False,False,True,False,False,True
54,8.5,62.03,0,1,0,0,13.54,45,0.6277695716395865,0,1,True,False,False,False,False,False,False,False,True,False,True
73,10.6,44.07,0,1,1,0,13.69,554,0.7742878013148283,0,0,True,False,False,False,True,False,False,False,False,False,True
18,8.92,82.53,1,0,0,1,8.81,229,1.0124858115777524,0,0,True,False,False,False,False,True,False,False,False,False,False
18,5.71,62.2,0,1,0,1,14.11,338,0.40467753366406806,0,0,True,False,True,False,False,False,False,False,False,False,True
64,4.46,84.77,2,1,0,1,18.25,288,0.24438356164383562,1,0,False,False,False,False,False,False,False,False,True,True,False
37,15.33,16.14,0,0,0,0,8.17,454,1.8763769889840882,0,0,False,False,False,False,False,False,False,False,True,False,False
36,5.14,26.16,0,0,0,1,17.31,808,0.29693818601964184,0,0,False,False,False,False,False,False,True,False,False,True,False
46,3.65,37.09,1,0,1,0,9.67,1074,0.37745604963805585,0,0,False,False,False,False,False,False,False,False,True,False,False
27,9.86,77.98,0,1,0,0,9.04,668,1.0907079646017699,0,0,False,False,False,True,False,False,False,False,False,False,False
35,6.77,61.05,1,1,0,0,14.13,949,0.4791224345364472,0,0,True,False,True,False,False,False,False,False,False,False,True
45,10.49,45.65,0,0,0,0,14.03,1041,0.7476835352815396,0,0,True,False,False,False,False,False,False,True,False,False,True
52,9.12,71.3,1,0,0,0,14.57,379,0.6259437199725463,0,0,False,False,False,False,False,False,False,False,False,False,True
60,1.21,25.65,0,0,0,1,8.74,990,0.13844393592677345,0,0,True,False,False,False,False,False,True,False,False,False,False
64,7.92,25.64,0,1,0,0,8.3,467,0.9542168674698794,0,0,True,False,True,False,False,False,False,False,False,False,False
48,3.38,56.52,2,1,1,0,13.29,485,0.254326561324304,1,0,True,False,True,False,False,False,False,False,False,False,True
44,5.98,53.55,2,1,0,0,8.77,653,0.6818700114025086,1,0,True,False,True,False,False,False,False,False,False,False,False
28,9.52,88.99,0,0,0,0,13.8,672,0.6898550724637681,0,0,True,False,False,False,True,False,False,False,False,False,True
66,13.52,41.91,0,1,0,0,13.55,421,0.9977859778597785,0,0,False,False,False,False,False,True,False,False,False,False,True
66,7.47,47.19,0,0,0,0,13.91,603,0.5370237239396117,0,0,True,False,False,False,True,False,False,False,False,False,True
55,1.31,17.04,0,1,0,0,8.65,62,0.15144508670520232,0,1,False,False,False,True,False,False,False,False,False,False,False
22,24.71,10.94,0,1,0,0,8.97,950,2.7547380156075807,0,0,True,False,False,False,False,False,False,True,False,False,False
25,7.5,29.63,1,1,0,0,8.76,439,0.8561643835616438,0,0,False,False,False,True,False,False,False,False,False,False,False
51,10.96,48.88,1,0,0,1,9.75,1052,1.1241025641025642,0,0,False,False,True,False,False,False,False,False,False,False,False
65,6.45,67.24,0,1,0,0,13.85,442,0.4657039711191336,0,0,False,False,False,False,False,True,False,False,False,False,True
69,11.51,85.58,0,1,0,0,18.18,328,0.6331133113311331,0,0,False,False,False,True,False,False,False,False,False,True,False
73,6.55,39.18,1,0,0,1,8.65,102,0.7572254335260115,0,0,True,False,False,False,True,False,False,False,False,False,False
29,0.74,79.91,2,0,0,0,8.96,290,0.08258928571428571,1,0,True,False,False,False,True,False,False,False,False,False,False
55,11.73,31.08,0,1,0,0,8.18,719,1.4339853300733498,0,0,True,False,False,False,True,False,False,False,False,False,False
18,4.93,44.87,1,1,0,1,18.69,988,0.26377742108079183,0,0,True,False,False,False,False,False,False,True,False,True,False
48,2.91,56.99,1,0,0,1,8.14,761,0.3574938574938575,0,0,True,False,False,False,False,False,False,True,False,False,False
21,9.12,33.48,0,1,0,0,17.85,714,0.5109243697478991,0,0,False,False,True,False,False,False,False,False,False,True,False
66,4.54,23.88,1,0,0,1,9.01,869,0.5038845726970034,0,0,False,False,False,False,False,False,True,False,False,False,False
62,2.48,40.85,0,0,1,1,7.84,364,0.3163265306122449,0,0,False,False,False,True,False,False,False,False,False,False,False
67,8.11,59.51,2,0,1,1,8.95,761,0.906145251396648,1,0,False,False,True,False,False,False,False,False,False,False,False
22,7.85,28.87,0,0,0,0,14.17,833,0.5539872971065631,0,0,False,False,False,False,True,False,False,False,False,False,True
47,11.26,66.96,1,1,0,0,14.32,419,0.7863128491620112,0,0,False,False,False,False,False,False,False,False,False,False,True
73,11.79,11.04,0,1,0,1,14.35,789,0.821602787456446,0,0,False,False,False,True,False,False,False,False,False,False,True
41,1.63,38.87,0,0,0,0,9.05,912,0.18011049723756903,0,0,True,False,False,False,False,True,False,False,False,False,False
20,13.13,42.42,0,1,0,0,8.66,1001,1.5161662817551964,0,0,True,False,False,False,True,False,False,False,False,False,False
28,30.17,18.99,0,0,1,0,9.93,970,3.0382678751258814,0,0,False,True,False,False,False,False,False,False,True,False,False
62,1.73,59.93,0,0,0,0,13.81,932,0.12527154236060825,0,0,False,False,False,False,False,False,False,False,False,False,True
21,7.78,66.28,0,1,0,0,9.62,53,0.8087318087318088,0,1,False,False,False,False,False,False,False,False,False,False,False
43,8.32,17.59,0,0,0,1,14.07,586,0.5913290689410092,0,0,True,False,False,False,False,True,False,False,False,False,True
44,4.85,78.26,0,0,0,1,9.02,730,0.5376940133037694,0,0,False,False,True,False,False,False,False,False,False,False,False
63,5.21,47.32,1,0,0,0,9.39,432,0.5548455804046858,0,0,True,False,False,False,True,False,False,False,False,False,False
71,0.65,47.93,0,1,0,0,14.19,470,0.04580690627202255,0,0,True,False,False,False,True,False,False,False,False,False,True
60,14.81,37.37,2,0,0,0,8.84,911,1.6753393665158371,1,0,True,False,False,False,False,False,True,False,False,False,False
44,2.58,76.07,0,0,0,1,13.25,955,0.19471698113207547,0,0,False,False,False,False,False,False,False,False,True,False,True
59,6.82,40.81,0,0,0,0,9.47,514,0.720168954593453,0,0,True,False,True,False,False,False,False,False,False,False,False
68,5.54,76.58,0,1,1,0,8.77,60,0.6316989737742303,0,1,True,False,False,False,False,False,False,True,False,False,False
67,9.68,47.15,0,0,0,0,17.92,351,0.5401785714285714,0,0,True,False,True,False,False,False,False,False,False,True,False
23,15.26,19.16,1,0,0,0,8.65,595,1.7641618497109826,0,0,False,False,False,True,False,False,False,False,False,False,False
32,7.9,94.95,0,1,0,1,13.45,39,0.587360594795539,0,1,False,False,False,True,False,False,False,False,False,False,True
70,12.79,40.91,0,0,0,1,17.93,707,0.713329615170106,0,0,False,False,False,False,False,False,False,False,False,True,False
47,4.04,36.21,2,0,0,1,8.67,880,0.4659746251441753,1,0,True,False,True,False,False,False,False,False,False,False,False
59,6.86,47.91,1,0,0,0,18.2,956,0.37692307692307697,0,0,False,False,False,False,False,False,True,False,False,True,False
54,5.9,49.83,1,0,1,1,8.94,314,0.6599552572706936,0,0,False,False,True,False,False,False,False,False,False,False,False
54,2.58,78.82,0,1,0,0,14.83,182,0.1739716790289953,0,0,False,False,False,False,False,False,True,False,False,False,True
59,16.91,66.94,0,1,1,0,13.85,400,1.2209386281588448,0,0,True,False,False,False,False,False,False,False,False,False,True
54,10.97,45.78,1,1,0,0,18.15,330,0.6044077134986227,0,0,False,False,False,False,False,False,True,False,False,True,False
52,10.45,55.84,1,1,1,0,14.93,175,0.6999330207635632,0,0,False,True,False,False,False,True,False,False,False,False,True
40,4.52,82.6,0,0,0,0,13.78,731,0.32801161103047893,0,0,True,False,False,False,False,True,False,False,False,False,True
23,2.72,54.6,1,0,0,0,13.22,170,0.20574886535552195,0,0,True,False,False,True,False,False,False,False,False,False,True
21,3.55,70.01,0,1,0,0,8.9,113,0.398876404494382,0,0,True,False,False,False,True,False,False,False,False,False,False
35,9.15,37.54,1,0,0,1,13.97,50,0.654974946313529,0,1,False,False,False,False,False,False,False,True,False,False,True
26,5.59,51.89,0,1,0,0,9.25,1059,0.6043243243243243,0,0,True,False,False,False,False,False,False,False,False,False,False
66,7.2,68.5,1,0,0,0,14.64,996,0.4918032786885246,0,0,True,False,False,True,False,False,False,False,False,False,True
46,3.29,58.71,0,1,0,0,13.9,482,0.23669064748201438,0,0,True,False,False,False,False,False,True,False,False,False,True
30,31.01,49.56,0,0,0,0,18.09,371,1.7142067440574904,0,0,False,False,False,False,False,False,False,False,True,True,False
64,10.37,77.74,1,0,0,0,13.12,422,0.7903963414634146,0,0,False,False,False,False,False,False,False,False,False,False,True
69,1.77,75.22,0,0,0,1,14.24,1032,0.12429775280898876,0,0,False,False,False,False,False,False,False,False,True,False,True
34,8.02,57.21,1,0,1,0,9.1,1000,0.8813186813186813,0,0,False,False,False,False,False,False,False,True,False,False,False
62,8.75,82.62,1,0,0,1,8.52,187,1.0269953051643192,0,0,True,False,False,False,False,False,True,False,False,False,False
49,18.96,71.66,1,0,0,0,15.28,840,1.2408376963350787,0,0,False,False,False,False,False,False,False,False,False,False,True
65,2.25,29.88,1,0,0,1,14.1,728,0.1595744680851064,0,0,False,False,False,False,False,False,False,False,False,False,True
39,2.26,28.96,0,1,0,0,13.92,195,0.16235632183908044,0,0,True,False,False,False,False,False,False,True,False,False,True
21,18.7,37.56,1,1,0,0,13.73,63,1.3619810633648943,0,1,False,False,False,False,True,False,False,False,False,False,True
22,3.23,44.85,1,0,1,1,9.48,284,0.3407172995780591,0,0,False,False,False,False,False,False,False,False,True,False,False
54,7.22,60.77,0,0,1,1,13.92,331,0.5186781609195402,0,0,False,False,False,False,False,False,False,False,False,False,True
58,4.09,34.99,0,0,0,1,9.17,249,0.44601962922573607,0,0,True,False,True,False,False,False,False,False,False,False,False
66,9.73,33.56,0,1,1,0,8.85,1085,1.0994350282485876,0,0,False,True,False,False,False,False,False,False,True,False,False
30,4.52,63.63,0,0,0,0,8.98,964,0.5033407572383073,0,0,False,False,False,True,False,False,False,False,False,False,False
51,10.07,84.76,0,0,1,0,13.97,538,0.7208303507516106,0,0,True,False,False,False,False,False,True,False,False,False,True
62,2.84,85.11,0,1,0,0,13.95,982,0.203584229390681,0,0,True,False,False,False,False,False,False,True,False,False,True
39,6.12,78.59,0,1,0,0,9.08,244,0.6740088105726872,0,0,True,False,False,True,False,False,False,False,False,False,False
70,3.35,66.41,0,0,0,1,13.68,274,0.24488304093567254,0,0,False,True,False,False,False,False,False,False,True,False,True
40,10.23,30.19,0,0,0,0,9.56,49,1.0700836820083681,0,1,False,False,True,False,False,False,False,False,False,False,False
68,4.21,70.87,1,0,0,1,18.05,239,0.2332409972299169,0,0,True,False,False,False,False,True,False,False,False,True,False
20,20.05,61.16,0,1,1,0,14.41,455,1.3913948646773076,0,0,True,False,True,False,False,False,False,False,False,False,True
59,4.64,83.06,0,0,0,0,9.21,1029,0.5038002171552659,0,0,True,False,False,True,False,False,False,False,False,False,False
51,13.23,20.75,0,0,0,0,17.44,1010,0.7586009174311926,0,0,False,False,False,False,False,False,False,True,False,True,False
49,14.61,40.8,1,1,0,0,9.76,101,1.4969262295081966,0,0,True,False,False,True,False,False,False,False,False,False,False
62,7.58,20.07,2,0,0,1,14.11,207,0.5372076541459958,1,0,False,True,False,False,False,False,False,True,False,False,True
68,5.81,32.35,2,0,0,1,13.57,328,0.4281503316138541,1,0,False,False,False,False,False,True,False,False,False,False,True
66,12.32,31.17,1,0,0,0,9.62,295,1.2806652806652807,0,0,False,False,False,False,False,False,False,False,True,False,False
38,6.77,95.99,0,0,0,0,13.32,549,0.5082582582582582,0,0,True,False,False,False,False,False,True,False,False,False,True
63,1.74,7.16,1,0,0,1,9.64,304,0.18049792531120332,0,0,True,False,False,False,True,False,False,False,False,False,False
61,5.89,55.88,0,0,0,0,17.93,977,0.32849972113775794,0,0,False,False,True,False,False,False,False,False,False,True,False
38,9.11,18.86,2,1,0,1,9.33,82,0.9764201500535905,1,1,True,False,False,False,False,False,False,True,False,False,False
61,8.74,20.29,0,0,1,0,9.19,841,0.9510337323177367,0,0,True,False,False,False,True,False,False,False,False,False,False
28,13.38,41.56,0,0,0,0,13.46,518,0.9940564635958395,0,0,False,False,False,True,False,False,False,False,False,False,True
56,6.07,54.34,2,1,0,0,8.71,531,0.6969001148105626,1,0,True,False,False,False,True,False,False,False,False,False,False
21,10.3,48.39,0,0,0,1,14.03,336,0.7341411261582325,0,0,True,False,False,False,True,False,False,False,False,False,True
68,8.5,40.39,1,1,1,0,18.05,446,0.4709141274238227,0,0,True,False,False,False,False,False,True,False,False,True,False
18,4.46,50.59,0,0,0,1,14.11,538,0.3160878809355067,0,0,True,False,False,False,False,False,False,True,False,False,True
45,4.47,49.82,0,1,0,0,9.4,950,0.47553191489361696,0,0,False,True,False,True,False,False,False,False,False,False,False
41,8.15,31.43,1,0,0,1,13.37,667,0.6095736724008975,0,0,True,False,True,False,False,False,False,False,False,False,True
52,7.06,59.83,0,1,0,1,18.47,695,0.38224147265836494,0,0,True,False,False,False,False,False,False,True,False,True,False
30,13.29,27.32,0,0,0,0,8.75,35,1.5188571428571427,0,1,False,False,False,False,False,False,False,False,True,False,False
64,17.43,66.54,1,1,0,0,13.96,451,1.248567335243553,0,0,True,False,False,True,False,False,False,False,False,False,True
51,7.12,11.99,0,1,0,1,9.57,419,0.7439916405433646,0,0,True,False,True,False,False,False,False,False,False,False,False
28,4.85,7.98,0,0,0,0,17.76,363,0.27308558558558554,0,0,True,False,False,True,False,False,False,False,False,True,False
53,7.38,45.46,0,1,0,1,14.54,367,0.5075653370013755,0,0,True,False,False,False,False,False,False,True,False,False,True
68,9.92,69.37,0,1,1,0,17.52,877,0.5662100456621004,0,0,True,False,True,False,False,False,False,False,False,True,False
34,11.53,73.23,0,1,1,0,18.44,298,0.6252711496746203,0,0,True,False,False,False,False,False,False,False,True,True,False
52,20.89,62.15,0,0,0,0,9.03,94,2.313399778516058,0,0,False,False,False,False,False,False,False,False,False,False,False
35,4.23,52.4,1,0,0,1,8.94,707,0.4731543624161075,0,0,True,False,True,False,False,False,False,False,False,False,False
57,9.45,79.19,0,0,0,0,8.98,686,1.052338530066815,0,0,False,False,False,False,False,False,False,False,False,False,False
39,4.18,39.81,0,1,1,0,8.78,810,0.4760820045558087,0,0,False,False,False,False,True,False,False,False,False,False,False
74,5.46,59.18,0,1,0,1,13.34,358,0.40929535232383807,0,0,False,False,False,False,False,True,False,False,False,False,True
41,3.57,14.27,1,0,0,1,14.79,547,0.2413793103448276,0,0,True,False,False,True,False,False,False,False,False,False,True
36,10.86,57.27,1,1,0,0,9.24,891,1.1753246753246753,0,0,True,False,False,False,False,False,True,False,False,False,False
54,17.19,47.99,2,1,1,0,13.63,450,1.2611885546588408,1,0,False,False,False,False,False,False,False,False,True,False,True
56,24.4,78.73,0,1,0,0,14.4,338,1.6944444444444442,0,0,False,False,True,False,False,False,False,False,False,False,True
38,9.92,68.53,0,0,0,1,8.65,843,1.1468208092485548,0,0,False,False,False,False,False,False,False,False,True,False,False
25,6.06,49.61,0,0,0,0,8.79,875,0.689419795221843,0,0,True,False,False,False,True,False,False,False,False,False,False
45,11.45,80.26,0,0,0,0,13.94,991,0.8213773314203731,0,0,False,False,False,False,False,False,False,False,False,False,True
22,5.75,62.21,1,1,0,1,14.75,750,0.3898305084745763,0,0,True,False,False,False,False,False,True,False,False,False,True
34,10.96,44.39,0,0,1,1,17.64,1095,0.6213151927437642,0,0,True,False,False,False,False,False,False,False,True,True,False
54,14.25,82.08,1,0,1,0,9.02,619,1.5798226164079823,0,0,True,False,False,False,False,False,False,False,False,False,False
53,0.68,24.91,1,1,0,1,13.95,349,0.04874551971326165,0,0,True,False,False,False,True,False,False,False,False,False,True
71,10.48,9.07,1,0,0,1,14.32,1040,0.7318435754189945,0,0,False,False,False,False,True,False,False,False,False,False,True
36,9.76,76.31,0,0,1,0,9.07,474,1.076074972436604,0,0,False,False,False,False,True,False,False,False,False,False,False
44,6.39,46.04,0,1,1,0,8.24,315,0.7754854368932038,0,0,False,False,False,True,False,False,False,False,False,False,False
70,17.02,58.54,1,0,0,0,8.68,200,1.9608294930875576,0,0,False,False,False,False,False,True,False,False,False,False,False
51,5.71,26.3,0,1,0,0,9.16,292,0.6233624454148472,0,0,False,False,False,True,False,False,False,False,False,False,False
28,1.74,33.08,2,1,0,0,9.36,971,0.1858974358974359,1,0,False,False,False,False,False,False,False,False,False,False,False
71,7.98,60.53,0,1,0,1,14.31,171,0.5576519916142558,0,0,True,False,True,False,False,False,False,False,False,False,True
62,7.07,8.06,1,1,1,0,13.88,657,0.5093659942363112,0,0,False,False,False,False,False,False,False,True,False,False,True
64,10.11,61.08,0,0,0,0,14.14,622,0.714992927864215,0,0,True,False,False,False,False,False,False,False,True,False,True
29,5.03,18.04,2,0,1,1,8.9,445,0.5651685393258427,1,0,True,False,False,False,False,True,False,False,False,False,False
71,9.13,72.28,1,0,1,0,13.84,54,0.6596820809248556,0,1,True,False,False,False,False,False,False,True,False,False,True
38,6.37,34.48,0,0,0,0,14.51,656,0.43900758097863546,0,0,True,False,False,False,True,False,False,False,False,False,True
71,10.85,37.75,1,0,0,0,18.33,123,0.5919258046917621,0,0,False,False,False,False,False,False,False,True,False,True,False
28,13.71,47.56,0,0,0,0,17.86,334,0.7676371780515119,0,0,False,False,False,False,False,False,False,False,False,True,False
56,15.17,84.23,0,1,0,0,14.62,214,1.0376196990424078,0,0,True,False,False,True,False,False,False,False,False,False,True
45,3.23,58.2,0,1,0,0,13.96,312,0.2313753581661891,0,0,False,True,False,False,True,False,False,False,False,False,True
22,7.64,79.69,1,1,0,0,8.56,715,0.8925233644859812,0,0,False,False,False,True,False,False,False,False,False,False,False
34,1.61,67.6,1,1,0,0,9.18,892,0.17538126361655776,0,0,False,False,False,False,False,True,False,False,False,False,False
73,4.96,54.85,0,1,0,1,18.09,714,0.2741846323935876,0,0,False,False,False,False,True,False,False,False,False,True,False
37,7.83,64.82,0,1,0,0,14.31,695,0.5471698113207547,0,0,True,False,False,False,False,False,True,False,False,False,True
58,7.8,59.86,1,1,1,0,13.54,1067,0.5760709010339734,0,0,False,False,False,False,False,False,True,False,False,False,True
63,4.8,48.18,0,0,0,1,17.43,919,0.27538726333907054,0,0,False,False,False,False,False,True,False,False,False,True,False
29,6.16,57.19,1,0,0,0,14.18,845,0.4344146685472497,0,0,False,True,False,False,False,False,False,False,False,False,True
23,5.91,28.59,0,0,1,1,8.41,370,0.7027348394768134,0,0,False,False,False,False,False,False,False,False,False,False,False
34,5.56,61.54,0,1,0,0,8.79,633,0.6325369738339022,0,0,False,False,False,False,False,False,False,True,False,False,False
68,13.83,51.05,1,0,0,0,8.54,763,1.6194379391100704,0,0,False,False,False,False,False,True,False,False,False,False,False
36,3.08,10.55,0,0,0,1,13.72,848,0.22448979591836735,0,0,True,False,False,True,False,False,False,False,False,False,True
43,8.67,51.94,0,1,0,0,14.15,936,0.612720848056537,0,0,True,False,False,False,False,False,False,False,True,False,True
65,15.91,42.6,0,0,0,0,18.4,569,0.8646739130434783,0,0,True,False,False,False,False,True,False,False,False,True,False
61,9.27,20.93,1,1,0,1,13.23,468,0.7006802721088434,0,0,True,False,False,False,False,False,False,True,False,False,True
61,7.77,77.72,0,0,0,0,9.18,1017,0.8464052287581699,0,0,True,False,False,False,False,False,False,False,False,False,False
69,12.1,22.07,2,0,0,0,8.52,695,1.42018779342723,1,0,False,False,False,False,False,False,False,False,True,False,False
49,5.43,16.41,1,1,1,1,13.31,413,0.4079639368895567,0,0,False,False,False,False,False,True,False,False,False,False,True
23,4.41,17.46,1,0,0,1,17.92,611,0.24609374999999997,0,0,False,True,False,False,False,False,False,True,False,True,False
72,9.15,54.95,0,1,1,1,9.34,189,0.9796573875802999,0,0,False,False,True,False,False,False,False,False,False,False,False
53,2.15,45.37,0,1,1,1,18.28,461,0.11761487964989058,0,0,False,False,False,True,False,False,False,False,False,True,False
55,25.3,55.5,1,0,0,0,9.29,644,2.723358449946179,0,0,False,False,True,False,False,False,False,False,False,False,False
28,10.31,78.73,0,0,0,0,9.2,517,1.1206521739130437,0,0,False,False,False,True,False,False,False,False,False,False,False
50,6.48,14.5,1,0,0,1,18.46,372,0.35102925243770317,0,0,False,False,False,False,False,False,False,False,True,True,False
41,14.14,82.88,1,0,1,0,9.45,138,1.4962962962962965,0,0,True,False,False,False,False,False,True,False,False,False,False
40,12.01,83.39,0,0,0,0,14.83,878,0.8098449089683075,0,0,True,False,False,True,False,False,False,False,False,False,True
32,3.07,57.56,0,0,0,1,8.4,330,0.36547619047619045,0,0,True,False,False,False,False,False,False,False,True,False,False
44,9.77,63.81,1,0,1,1,18.08,734,0.5403761061946903,0,0,False,False,False,False,False,False,False,True,False,True,False
28,10.08,27.3,0,0,0,1,18.79,298,0.5364555614688664,0,0,False,False,False,False,True,False,False,False,False,True,False
74,3.38,38.04,0,1,1,0,18.28,507,0.1849015317286652,0,0,False,False,True,False,False,False,False,False,False,True,False
68,6.49,44.07,0,0,0,1,9.13,205,0.7108433734939759,0,0,True,False,False,False,True,False,False,False,False,False,False
67,1.32,82.54,1,0,1,1,8.33,268,0.15846338535414167,0,0,False,False,True,False,False,False,False,False,False,False,False
34,2.13,40.52,1,0,0,0,13.19,922,0.16148597422289612,0,0,False,False,False,False,False,False,False,True,False,False,True
68,6.36,28.56,0,0,0,1,8.71,639,0.7301951779563719,0,0,True,False,True,False,False,False,False,False,False,False,False
70,7.89,72.54,1,1,0,0,14.42,888,0.5471567267683772,0,0,False,False,False,False,False,False,False,False,True,False,True
31,24.82,62.57,1,0,0,0,13.91,521,1.7843278217109992,0,0,False,False,False,False,True,False,False,False,False,False,True
44,1.19,46.06,0,0,1,1,8.71,128,0.13662456946039034,0,0,False,True,False,False,False,False,False,False,False,False,False
35,8.11,39.71,1,0,0,0,13.27,358,0.6111529766390355,0,0,False,False,False,False,True,False,False,False,False,False,True
45,5.75,13.64,2,1,0,1,18.04,474,0.3187361419068736,1,0,True,False,False,False,False,False,False,True,False,True,False
68,26.64,30.55,0,0,0,1,18.16,1027,1.4669603524229076,0,0,True,False,False,False,False,False,False,False,False,True,False
64,12.86,30.51,0,0,0,1,9.78,324,1.3149284253578732,0,0,True,False,False,False,True,False,False,False,False,False,False
64,11.87,59.27,0,0,0,1,8.64,471,1.3738425925925923,0,0,False,False,False,True,False,False,False,False,False,False,False
21,4.23,21.92,0,0,1,0,8.78,824,0.4817767653758543,0,0,True,False,False,False,False,True,False,False,False,False,False
24,8.95,54.79,0,1,1,0,8.42,920,1.0629453681710213,0,0,False,False,False,True,False,False,False,False,False,False,False
62,1.06,53.24,0,1,0,0,8.58,60,0.12354312354312355,0,1,False,False,False,False,False,False,False,True,False,False,False
52,5.98,7.36,0,1,0,0,18.35,467,0.32588555858310625,0,0,False,True,False,False,False,True,False,False,False,True,False
65,12.36,80.7,1,0,0,0,8.82,315,1.4013605442176869,0,0,True,False,False,False,False,False,True,False,False,False,False
26,22.02,15.32,0,0,0,0,9.93,320,2.217522658610272,0,0,False,False,False,False,False,False,False,False,True,False,False
25,6.04,34.88,0,0,0,1,8.53,397,0.7080890973036343,0,0,False,False,False,True,False,False,False,False,False,False,False
69,11.65,67.73,0,0,1,0,9.51,515,1.225026288117771,0,0,False,True,True,False,False,False,False,False,False,False,False
62,2.81,60.55,1,1,0,0,9.82,584,0.2861507128309572,0,0,True,False,False,False,False,True,False,False,False,False,False
34,2.92,78.94,0,0,1,1,14.04,197,0.20797720797720798,0,0,True,False,True,False,False,False,False,False,False,False,True
34,3.55,41.85,2,0,0,0,14.25,800,0.24912280701754386,1,0,False,False,True,False,False,False,False,False,False,False,True
66,8.73,43.57,2,0,0,0,9.21,107,0.9478827361563518,1,0,True,False,False,False,False,False,True,False,False,False,False
50,14.27,37.18,0,1,0,0,9.05,880,1.5767955801104971,0,0,True,False,False,False,False,False,False,False,True,False,False
49,4.56,29.2,1,0,1,1,13.52,921,0.33727810650887574,0,0,True,False,False,False,True,False,False,False,False,False,True
25,13.37,22.23,1,0,0,1,9.31,690,1.4360902255639096,0,0,False,False,False,False,False,True,False,False,False,False,False
36,8.09,60.92,1,0,0,1,9.03,618,0.8959025470653378,0,0,False,False,False,False,True,False,False,False,False,False,False
55,6.64,1.92,1,1,1,0,18.49,791,0.35911303407247164,0,0,True,False,False,True,False,False,False,False,False,True,False
20,8.26,31.09,0,1,0,1,14.66,594,0.56343792633015,0,0,True,False,False,False,False,False,False,False,True,False,True
22,0.98,32.04,1,0,0,0,13.51,841,0.07253886010362694,0,0,False,False,False,False,False,False,False,False,False,False,True
30,1.4,73.18,1,0,1,1,18.16,331,0.07709251101321585,0,0,False,False,False,False,False,False,False,False,True,True,False
64,8.92,4.48,1,0,1,0,14.78,322,0.6035182679296347,0,0,True,False,True,False,False,False,False,False,False,False,True
63,7.69,52.24,0,0,1,0,17.68,323,0.43495475113122173,0,0,True,False,False,False,True,False,False,False,False,True,False
48,5.75,2.31,1,0,0,1,18.09,138,0.31785516860143725,0,0,False,False,False,False,False,False,False,False,True,True,False
72,7.72,31.67,0,0,0,1,9.12,394,0.8464912280701755,0,0,False,True,False,False,True,False,False,False,False,False,False
33,4.01,53.29,1,1,0,1,18.38,629,0.21817192600652885,0,0,False,True,False,False,False,False,False,False,True,True,False
67,4.01,89.62,1,1,0,0,9.1,707,0.44065934065934065,0,0,False,False,False,False,False,False,False,True,False,False,False
49,14.91,41.96,0,1,1,0,9.1,122,1.6384615384615386,0,0,True,False,False,True,False,False,False,False,False,False,False
39,8.0,38.7,0,1,0,0,17.55,457,0.45584045584045585,0,0,False,False,False,False,False,True,False,False,False,True,False
46,6.97,14.91,0,0,1,1,18.39,667,0.3790103317020119,0,0,True,False,True,False,False,False,False,False,False,True,False
39,18.57,33.17,1,0,0,0,13.71,397,1.3544857768052516,0,0,False,False,False,False,False,False,False,False,True,False,True
60,10.92,56.56,0,1,0,0,9.44,134,1.1567796610169492,0,0,True,False,False,False,False,False,True,False,False,False,False
20,6.67,45.77,0,1,0,1,14.5,238,0.46,0,0,False,False,False,False,False,False,False,False,True,False,True
71,14.26,63.91,1,0,0,0,13.5,1041,1.0562962962962963,0,0,False,False,False,False,False,False,False,True,False,False,True
27,11.74,65.41,1,1,0,0,8.94,503,1.313199105145414,0,0,True,False,False,True,False,False,False,False,False,False,False
59,1.8,57.11,0,1,1,0,18.35,41,0.09809264305177111,0,1,False,False,False,False,False,False,True,False,False,True,False
38,0.93,47.61,0,0,1,0,8.4,495,0.11071428571428571,0,0,True,False,False,False,False,False,True,False,False,False,False
33,8.9,90.9,2,0,0,0,9.12,678,0.9758771929824562,1,0,True,False,False,True,False,False,False,False,False,False,False
29,4.2,34.1,0,0,0,0,8.5,904,0.49411764705882355,0,0,True,False,False,False,False,False,False,False,True,False,False
19,10.71,37.28,1,0,0,0,9.42,415,1.1369426751592357,0,0,True,False,False,False,False,False,False,True,False,False,False
58,12.1,47.14,0,0,0,1,14.5,913,0.8344827586206897,0,0,True,False,False,False,False,False,True,False,False,False,True
41,11.03,37.11,0,0,1,1,8.96,584,1.2310267857142856,0,0,False,False,False,False,False,True,False,False,False,False,False
52,7.37,38.32,0,0,0,0,13.94,1092,0.5286944045911047,0,0,True,False,True,False,False,False,False,False,False,False,True
73,5.32,13.26,1,0,0,1,8.24,683,0.6456310679611651,0,0,True,False,False,False,False,False,False,False,False,False,False
47,10.55,75.62,1,1,0,1,14.45,894,0.7301038062283738,0,0,True,False,True,False,False,False,False,False,False,False,True
74,10.37,47.58,2,0,0,0,14.19,1018,0.7307963354474982,1,0,False,False,False,False,True,False,False,False,False,False,True
47,10.62,83.63,0,0,1,0,9.21,382,1.1530944625407165,0,0,False,False,False,False,True,False,False,False,False,False,False
64,8.68,36.7,1,1,0,0,13.96,543,0.6217765042979942,0,0,False,False,False,False,False,False,False,True,False,False,True
52,19.36,20.58,0,1,0,0,14.07,833,1.3759772565742714,0,0,False,False,False,False,False,False,True,False,False,False,True
36,11.17,70.53,0,0,1,0,13.86,372,0.8059163059163059,0,0,False,False,True,False,False,False,False,False,False,False,True
67,14.36,40.02,1,1,1,0,13.46,365,1.0668647845468053,0,0,False,False,True,False,False,False,False,False,False,False,True
25,5.87,9.51,1,0,0,1,18.73,53,0.3134009610250934,0,1,False,False,False,False,False,False,False,False,False,True,False
43,10.24,40.05,1,0,1,0,17.64,914,0.5804988662131519,0,0,True,False,False,False,False,False,False,True,False,True,False
66,3.15,92.62,0,0,0,0,8.41,133,0.3745541022592152,0,0,False,False,False,False,False,True,False,False,False,False,False
57,1.16,54.32,1,1,0,0,14.39,603,0.08061153578874217,0,0,False,False,False,False,False,False,True,False,False,False,True
24,7.02,51.81,0,1,0,0,8.91,804,0.7878787878787878,0,0,False,False,False,False,False,False,False,True,False,False,False
47,7.19,84.2,0,1,0,0,8.72,916,0.8245412844036697,0,0,False,False,False,False,False,False,False,False,True,False,False
24,14.76,33.05,2,0,0,0,8.59,272,1.7182770663562281,1,0,False,False,True,False,False,False,False,False,False,False,False
20,7.63,82.31,0,0,0,0,18.36,371,0.4155773420479303,0,0,False,False,False,False,False,False,False,True,False,True,False
18,11.78,51.66,0,1,1,0,12.79,662,0.9210320562939797,0,0,True,False,False,False,False,False,False,True,False,False,True
53,13.5,75.95,1,1,0,0,9.26,894,1.4578833693304536,0,0,True,False,False,False,False,False,False,False,False,False,False
42,17.12,12.75,0,1,0,1,8.91,202,1.921436588103255,0,0,True,False,False,False,False,True,False,False,False,False,False
54,25.16,35.05,0,0,0,1,18.37,132,1.3696243875884593,0,0,False,False,False,False,False,False,False,False,True,True,False
18,4.55,58.25,1,0,1,0,9.43,189,0.48250265111346763,0,0,False,False,False,False,True,False,False,False,False,False,False
32,6.09,60.85,1,0,0,0,9.61,743,0.6337148803329865,0,0,False,False,True,False,False,False,False,False,False,False,False
54,10.94,8.62,0,0,0,1,18.81,586,0.58160552897395,0,0,False,False,False,False,False,False,False,False,False,True,False
30,2.59,55.93,0,0,0,0,13.3,605,0.19473684210526312,0,0,False,False,False,False,False,True,False,False,False,False,True
57,1.16,48.68,1,0,0,1,8.21,225,0.14129110840438489,0,0,False,False,False,False,False,True,False,False,False,False,False
25,8.86,55.34,0,1,0,0,14.04,1018,0.6310541310541311,0,0,False,False,False,False,False,False,False,True,False,False,True
22,2.29,42.83,1,0,0,1,18.25,963,0.12547945205479452,0,0,False,False,True,False,False,False,False,False,False,True,False
26,8.43,74.08,0,0,1,1,17.86,99,0.4720044792833147,0,0,False,False,False,True,False,False,False,False,False,True,False
18,7.27,78.43,1,0,0,0,7.94,872,0.915617128463476,0,0,True,False,False,False,True,False,False,False,False,False,False
53,27.6,49.81,2,0,0,0,8.91,276,3.0976430976430978,1,0,False,False,False,True,False,False,False,False,False,False,False
52,11.3,23.02,0,0,0,1,9.22,358,1.2255965292841648,0,0,True,False,False,True,False,False,False,False,False,False,False
19,3.05,14.81,2,1,0,1,13.56,187,0.2249262536873156,1,0,True,False,False,True,False,False,False,False,False,False,True
57,5.27,42.35,0,0,1,0,13.88,947,0.37968299711815556,0,0,False,False,False,False,False,True,False,False,False,False,True
40,10.42,38.18,0,1,0,0,8.7,727,1.1977011494252874,0,0,False,False,False,False,False,False,False,True,False,False,False
26,8.06,53.0,0,0,1,0,13.35,772,0.60374531835206,0,0,False,True,False,False,False,True,False,False,False,False,True
51,15.66,36.74,2,1,0,0,13.55,614,1.1557195571955718,1,0,True,False,False,False,False,False,False,False,True,False,True
63,19.96,17.66,0,0,0,1,14.06,84,1.4196301564722618,0,1,False,False,False,False,False,True,False,False,False,False,True
31,5.7,30.53,0,1,0,1,18.29,515,0.31164570803717884,0,0,True,False,True,False,False,False,False,False,False,True,False
21,4.15,41.45,1,1,0,1,13.95,439,0.29749103942652333,0,0,True,False,False,False,False,True,False,False,False,False,True
47,3.18,59.71,0,0,0,0,8.68,989,0.3663594470046083,0,0,True,False,False,False,False,True,False,False,False,False,False
48,18.82,58.86,0,0,0,0,14.0,934,1.3442857142857143,0,0,True,False,False,True,False,False,False,False,False,False,True
55,4.6,75.05,1,1,0,1,18.21,756,0.25260845689181766,0,0,True,False,False,False,False,False,False,False,False,True,False
28,12.65,82.64,0,0,1,1,8.77,1068,1.442417331812999,0,0,True,False,False,False,False,False,False,False,True,False,False
52,15.69,52.93,0,1,0,0,18.32,176,0.8564410480349345,0,0,True,False,False,False,True,False,False,False,False,True,False
25,4.23,71.72,0,1,0,0,8.81,1078,0.4801362088535755,0,0,False,False,False,False,True,False,False,False,False,False,False
20,2.18,3.46,0,0,0,1,9.2,362,0.23695652173913048,0,0,True,False,True,False,False,False,False,False,False,False,False
31,19.42,67.18,1,1,0,0,8.27,319,2.3482466747279327,0,0,False,False,False,False,True,False,False,False,False,False,False
30,5.39,62.84,0,0,0,0,18.7,599,0.28823529411764703,0,0,False,False,False,False,False,False,True,False,False,True,False
62,3.97,61.55,2,0,0,0,14.39,820,0.2758860319666435,1,0,False,False,False,False,False,False,False,False,False,False,True
49,12.88,64.86,1,1,0,0,8.75,938,1.4720000000000002,0,0,False,False,True,False,False,False,False,False,False,False,False
51,11.33,37.52,1,0,0,1,18.24,56,0.6211622807017544,0,1,False,False,False,False,False,True,False,False,False,True,False
62,23.99,4.94,0,1,0,0,14.26,955,1.6823281907433378,0,0,False,False,False,False,False,False,True,False,False,False,True
36,6.11,37.52,1,0,0,1,17.37,417,0.3517559009786989,0,0,True,False,False,False,True,False,False,False,False,True,False
55,24.0,29.97,0,0,0,0,9.18,279,2.6143790849673203,0,0,False,False,False,False,False,True,False,False,False,False,False
33,8.26,61.81,1,1,1,0,8.46,171,0.9763593380614656,0,0,False,False,True,False,False,False,False,False,False,False,False
19,9.38,50.88,0,0,0,0,14.08,296,0.6661931818181819,0,0,True,False,False,True,False,False,False,False,False,False,True
57,6.22,39.77,0,0,1,1,13.47,244,0.4617668893838158,0,0,True,False,False,False,False,False,True,False,False,False,True
34,2.62,29.66,0,0,1,0,13.18,518,0.19878603945371776,0,0,True,False,False,False,True,False,False,False,False,False,True
72,6.91,52.73,0,1,1,0,13.65,525,0.5062271062271062,0,0,False,False,False,False,False,False,False,True,False,False,True
51,4.88,58.27,0,1,0,0,13.73,509,0.35542607428987616,0,0,True,False,False,False,False,False,False,True,False,False,True
59,5.86,32.39,1,0,1,1,9.32,672,0.628755364806867,0,0,False,False,False,False,False,False,False,False,True,False,False
33,9.1,60.02,1,1,0,1,13.46,30,0.676077265973254,0,1,True,False,False,False,False,False,False,True,False,False,True
55,2.74,75.49,2,0,0,0,8.91,1062,0.30751964085297423,1,0,False,False,False,True,False,False,False,False,False,False,False
19,3.04,45.11,1,0,1,0,8.83,870,0.34428086070215175,0,0,True,False,False,False,False,False,True,False,False,False,False
19,2.88,59.92,1,1,0,0,9.55,409,0.3015706806282722,0,0,True,False,False,True,False,False,False,False,False,False,False
43,19.52,22.96,1,0,0,1,13.54,873,1.4416543574593796,0,0,False,False,False,False,False,False,False,False,False,False,True
30,0.84,76.91,0,0,0,0,18.13,331,0.04633204633204633,0,0,True,False,False,False,False,False,False,True,False,True,False
73,7.3,37.81,0,0,0,0,9.43,679,0.7741251325556734,0,0,True,False,True,False,False,False,False,False,False,False,False
64,11.71,32.96,1,1,0,0,8.85,838,1.3231638418079097,0,0,True,False,True,False,False,False,False,False,False,False,False
48,6.42,73.11,0,1,0,0,9.16,368,0.7008733624454149,0,0,False,False,True,False,False,False,False,False,False,False,False
51,5.85,50.37,0,0,1,0,17.75,1028,0.3295774647887324,0,0,False,False,False,False,False,False,False,True,False,True,False
56,4.21,89.92,0,1,0,0,14.07,695,0.2992181947405828,0,0,False,False,False,False,False,True,False,False,False,False,True
20,7.05,66.2,0,0,0,0,18.51,433,0.38087520259319285,0,0,False,False,False,True,False,False,False,False,False,True,False
25,7.85,80.34,0,1,0,0,18.56,276,0.4229525862068966,0,0,True,False,False,False,False,False,False,True,False,True,False
40,6.84,52.34,3,1,0,1,9.13,588,0.7491785323110624,1,0,False,False,False,False,False,False,False,False,True,False,False
31,8.19,39.17,1,1,0,0,8.71,807,0.9402985074626864,0,0,False,False,False,False,False,False,False,False,False,False,False
73,11.64,24.74,0,0,0,1,13.77,140,0.8453159041394336,0,0,True,False,False,False,False,True,False,False,False,False,True
72,12.91,60.55,1,0,0,0,8.96,1017,1.4408482142857142,0,0,True,False,False,False,False,False,False,False,False,False,False
44,11.33,79.5,0,0,1,0,9.67,842,1.171664943123061,0,0,True,False,False,False,False,True,False,False,False,False,False
71,15.09,64.34,1,1,0,0,8.86,959,1.7031602708803613,0,0,False,False,False,False,False,True,False,False,False,False,False
46,9.23,38.15,0,0,0,1,14.14,915,0.6527581329561528,0,0,True,False,False,False,True,False,False,False,False,False,True
56,6.93,78.2,1,0,0,0,14.79,938,0.46855983772819476,0,0,False,False,False,False,False,False,False,False,True,False,True
70,4.48,26.81,0,0,0,0,8.69,820,0.5155350978135789,0,0,True,False,False,False,False,False,True,False,False,False,False
56,6.89,72.18,1,0,0,0,14.32,321,0.481145251396648,0,0,True,False,True,False,False,False,False,False,False,False,True
18,4.5,66.56,0,0,0,0,8.79,204,0.5119453924914676,0,0,True,False,False,False,False,False,False,True,False,False,False
34,11.46,31.02,2,0,0,1,13.6,138,0.8426470588235295,1,0,True,False,False,False,True,False,False,False,False,False,True
58,8.24,82.3,0,0,0,0,13.94,991,0.5911047345767576,0,0,True,False,False,False,True,False,False,False,False,False,True
47,2.92,32.83,0,1,1,0,9.2,877,0.3173913043478261,0,0,True,False,False,False,False,True,False,False,False,False,False
70,11.59,13.69,1,0,0,0,13.41,1067,0.8642803877703207,0,0,True,False,False,False,False,False,False,True,False,False,True
30,5.37,57.34,0,0,1,0,14.45,722,0.3716262975778547,0,0,True,False,False,False,False,False,False,False,True,False,True
38,12.86,27.65,0,0,1,0,9.42,993,1.365180467091295,0,0,True,False,False,False,True,False,False,False,False,False,False
36,2.88,48.31,1,0,0,1,9.19,72,0.3133841131664853,0,1,False,True,False,False,False,False,False,False,False,False,False
70,7.82,77.06,1,0,0,0,17.74,490,0.4408117249154454,0,0,False,False,False,False,False,False,False,False,True,True,False
36,3.16,48.83,0,1,0,0,9.29,734,0.3401506996770722,0,0,False,False,False,False,False,False,False,True,False,False,False
74,11.08,79.6,1,0,0,0,14.39,1062,0.7699791521890201,0,0,True,False,False,False,False,True,False,False,False,False,True
42,9.93,27.48,1,0,0,1,17.8,178,0.5578651685393258,0,0,True,False,False,False,False,False,False,False,True,True,False
39,6.75,46.96,1,1,1,0,8.84,367,0.7635746606334842,0,0,True,False,False,False,False,True,False,False,False,False,False
48,8.77,65.61,0,1,0,0,8.82,1032,0.9943310657596371,0,0,False,False,False,False,False,False,False,False,False,False,False
34,6.0,26.7,2,0,0,0,17.77,253,0.3376477208778841,1,0,False,False,True,False,False,False,False,False,False,True,False
72,6.34,59.78,0,0,0,0,9.18,383,0.690631808278867,0,0,True,False,False,False,False,True,False,False,False,False,False
40,19.12,67.74,2,1,0,0,14.38,584,1.329624478442281,1,0,False,False,False,False,False,True,False,False,False,False,True
49,10.71,59.65,0,1,1,0,14.3,95,0.748951048951049,0,0,False,False,False,True,False,False,False,False,False,False,True
27,8.9,57.03,0,1,0,0,14.17,650,0.6280875088214538,0,0,True,False,False,False,False,False,False,True,False,False,True
27,4.72,60.61,2,0,0,1,17.71,113,0.2665160926030491,1,0,True,False,False,False,False,False,False,False,False,True,False
53,21.34,79.25,0,0,0,0,17.98,256,1.1868743047830923,0,0,False,False,False,False,False,False,False,True,False,True,False
25,7.85,35.15,0,0,0,0,14.49,921,0.5417529330572809,0,0,False,False,False,False,False,False,False,False,False,False,True
71,11.01,74.98,0,0,0,0,18.6,1042,0.5919354838709677,0,0,True,False,False,False,False,False,False,False,False,True,False
69,1.19,12.58,0,0,0,1,17.59,49,0.06765207504263786,0,1,True,False,False,False,True,False,False,False,False,True,False
37,6.37,36.57,1,1,0,1,18.04,1088,0.35310421286031046,0,0,False,False,False,False,True,False,False,False,False,True,False
49,26.98,83.22,0,0,0,0,14.87,784,1.8143913920645596,0,0,True,False,False,False,True,False,False,False,False,False,True
67,5.33,62.96,0,0,0,0,8.83,970,0.6036240090600227,0,0,False,False,True,False,False,False,False,False,False,False,False
31,0.7,33.53,2,0,0,1,14.17,299,0.049400141143260405,1,0,False,False,True,False,False,False,False,False,False,False,True
67,6.06,44.98,0,1,0,0,9.69,435,0.6253869969040248,0,0,True,False,False,False,False,False,False,False,False,False,False
45,16.83,79.72,0,1,0,0,9.3,333,1.8096774193548384,0,0,True,False,False,False,False,False,True,False,False,False,False
63,5.7,44.43,0,0,0,0,9.3,1038,0.6129032258064516,0,0,False,False,False,False,False,False,False,True,False,False,False
69,13.52,45.84,1,0,1,0,17.81,839,0.759124087591241,0,0,True,False,False,False,True,False,False,False,False,True,False
70,28.15,56.56,2,1,0,0,8.86,1082,3.1772009029345374,1,0,True,False,False,False,False,False,False,True,False,False,False
41,17.84,41.53,1,0,0,0,13.43,420,1.3283693224125093,0,0,False,False,False,False,False,True,False,False,False,False,True
32,9.23,90.34,0,1,0,0,14.46,938,0.6383125864453665,0,0,True,False,False,False,False,False,False,False,False,False,True
39,6.99,46.23,0,0,0,1,8.97,171,0.7792642140468227,0,0,True,False,False,False,False,False,False,False,True,False,False
47,8.49,14.49,0,0,0,0,13.87,675,0.61211247296323,0,0,True,False,False,False,False,False,False,False,False,False,True
21,6.88,67.82,1,0,0,0,14.26,838,0.48246844319775595,0,0,False,False,True,False,False,False,False,False,False,False,True
30,5.68,28.97,0,0,0,0,18.08,977,0.3141592920353982,0,0,True,False,False,False,False,False,True,False,False,True,False
40,9.28,38.63,0,0,1,0,8.54,274,1.0866510538641687,0,0,False,True,False,False,False,False,False,False,True,False,False
25,6.71,60.53,0,0,0,0,8.91,795,0.7530864197530864,0,0,False,False,False,False,False,False,False,True,False,False,False
35,4.89,68.73,3,0,1,1,14.59,905,0.3351610692254969,1,0,True,False,True,False,False,False,False,False,False,False,True
29,1.91,40.0,3,0,0,0,8.83,941,0.2163080407701019,1,0,True,False,False,False,True,False,False,False,False,False,False
72,3.43,26.41,2,1,0,0,8.86,1058,0.38713318284424386,1,0,True,False,False,False,False,False,False,False,True,False,False
48,8.04,76.74,0,0,0,0,8.3,949,0.9686746987951805,0,0,False,False,True,False,False,False,False,False,False,False,False
31,5.07,23.1,0,0,0,0,14.04,968,0.36111111111111116,0,0,False,False,False,False,False,False,False,True,False,False,True
51,5.09,18.35,0,1,1,0,9.06,478,0.5618101545253863,0,0,False,False,False,False,False,False,False,False,False,False,False
35,5.1,76.91,0,0,1,1,14.47,295,0.3524533517622667,0,0,True,False,False,False,False,False,False,True,False,False,True
73,4.59,36.53,0,0,0,1,18.18,279,0.2524752475247525,0,0,False,False,False,False,False,False,False,False,True,True,False
51,5.3,85.09,0,1,0,0,13.95,984,0.3799283154121864,0,0,True,False,False,True,False,False,False,False,False,False,True
28,5.6,63.11,2,1,0,1,9.4,572,0.5957446808510638,1,0,False,False,False,False,False,False,False,False,True,False,False
58,10.51,61.72,1,1,0,0,14.09,661,0.7459190915542938,0,0,False,False,False,False,False,False,False,False,False,False,True
29,2.77,42.52,0,0,0,0,9.05,936,0.3060773480662983,0,0,True,False,False,False,False,False,False,False,True,False,False
66,14.13,41.26,0,1,0,0,9.62,550,1.468814968814969,0,0,True,False,False,False,False,False,True,False,False,False,False
32,10.43,84.02,0,0,0,0,9.07,913,1.1499448732083792,0,0,False,False,False,False,True,False,False,False,False,False,False
74,9.48,33.64,1,0,0,0,8.98,763,1.0556792873051224,0,0,False,False,True,False,False,False,False,False,False,False,False
48,6.55,33.35,0,1,0,0,14.14,173,0.4632248939179632,0,0,True,False,False,False,False,False,False,False,False,False,True
66,1.7,56.79,1,0,0,1,17.75,973,0.09577464788732394,0,0,True,False,False,False,False,False,False,True,False,True,False
46,14.81,33.79,2,0,1,1,18.76,594,0.7894456289978677,1,0,False,False,False,False,False,False,False,True,False,True,False
43,7.86,56.82,1,0,1,0,8.68,99,0.9055299539170507,0,0,True,False,False,False,True,False,False,False,False,False,False
35,20.46,91.7,0,0,0,0,14.59,662,1.4023303632625086,0,0,True,False,False,False,False,False,False,False,True,False,True
49,5.71,73.52,1,1,0,0,9.28,918,0.615301724137931,0,0,True,False,False,False,False,False,False,False,True,False,False
39,1.69,94.08,0,1,0,0,14.18,830,0.11918194640338504,0,0,True,False,False,False,False,False,False,True,False,False,True
55,9.73,37.2,2,1,0,1,9.11,209,1.0680570801317235,1,0,False,False,False,False,True,False,False,False,False,False,False
34,8.95,14.65,2,0,0,0,18.16,622,0.49284140969162993,1,0,False,True,False,False,False,False,False,True,False,True,False
40,11.54,33.38,0,1,0,0,18.53,596,0.6227738801942795,0,0,False,False,False,False,False,False,False,False,True,True,False
41,10.93,90.02,0,0,0,0,8.93,720,1.2239641657334825,0,0,True,False,False,False,False,False,False,False,False,False,False
67,10.64,3.18,0,1,0,0,14.6,694,0.7287671232876712,0,0,False,False,True,False,False,False,False,False,False,False,True
25,13.42,84.34,0,0,0,0,13.73,435,0.9774217042971595,0,0,False,False,False,False,False,False,False,False,True,False,True
58,4.46,24.49,0,1,0,0,13.62,1015,0.3274596182085169,0,0,True,False,False,False,False,False,False,False,False,False,True
23,2.47,69.47,1,1,0,0,14.69,666,0.168141592920354,0,0,False,False,True,False,False,False,False,False,False,False,True
22,12.59,28.54,3,0,0,0,13.77,1090,0.9143064633260712,1,0,True,False,False,False,False,True,False,False,False,False,True
61,12.24,72.87,0,0,0,0,17.8,546,0.6876404494382022,0,0,False,True,False,False,False,False,True,False,False,True,False
74,4.75,54.29,2,0,1,0,13.85,879,0.34296028880866425,1,0,True,False,False,False,True,False,False,False,False,False,True
46,8.07,6.61,0,0,0,0,14.33,937,0.5631542219120725,0,0,False,False,False,False,False,False,False,False,False,False,True
45,17.64,14.82,0,1,1,1,17.83,345,0.9893438025799216,0,0,True,False,False,False,False,False,True,False,False,True,False
28,6.93,66.41,0,0,0,1,18.15,56,0.38181818181818183,0,1,True,False,False,False,False,False,False,False,True,True,False
74,2.4,49.55,2,0,0,0,8.05,84,0.29813664596273287,1,1,True,False,False,False,False,True,False,False,False,False,False
18,2.31,39.16,0,0,1,0,8.4,278,0.275,0,0,False,False,False,False,True,False,False,False,False,False,False
60,7.88,61.95,2,0,0,1,13.72,302,0.5743440233236151,1,0,False,False,False,False,False,False,False,False,False,False,True
36,12.15,18.11,0,1,0,0,17.75,220,0.6845070422535211,0,0,False,False,False,False,False,True,False,False,False,True,False
26,12.31,82.07,0,0,0,0,7.76,604,1.5863402061855671,0,0,False,False,False,True,False,False,False,False,False,False,False
44,9.56,77.63,2,0,1,1,13.85,886,0.6902527075812275,1,0,False,False,False,False,False,False,False,False,True,False,True
51,1.78,59.64,0,1,0,1,8.94,645,0.19910514541387025,0,0,True,False,False,False,True,False,False,False,False,False,False
61,1.94,33.47,0,1,0,0,14.59,1047,0.13296778615490062,0,0,True,False,False,True,False,False,False,False,False,False,True
21,10.41,71.24,0,0,0,0,17.9,702,0.581564245810056,0,0,False,False,False,False,True,False,False,False,False,True,False
53,6.44,25.08,3,1,1,1,13.16,712,0.4893617021276596,1,0,False,False,False,False,False,False,False,False,True,False,True
35,1.25,23.53,0,0,0,0,14.09,138,0.0887154009936125,0,0,False,False,False,False,False,False,False,False,True,False,True
32,6.4,87.23,0,1,1,0,18.2,681,0.3516483516483517,0,0,True,False,False,False,False,True,False,False,False,True,False
68,5.04,81.5,0,1,1,0,8.69,1010,0.5799769850402762,0,0,True,False,False,False,False,True,False,False,False,False,False
30,9.9,42.49,0,1,1,1,18.74,255,0.528281750266809,0,0,False,False,False,False,False,False,False,False,False,True,False
36,1.58,74.18,0,1,0,0,9.52,382,0.16596638655462187,0,0,False,False,False,False,True,False,False,False,False,False,False
66,4.92,77.66,1,1,0,1,13.69,174,0.3593864134404675,0,0,True,False,False,False,False,False,False,False,False,False,True
23,6.08,40.27,2,1,0,0,14.63,944,0.41558441558441556,1,0,False,False,False,False,False,True,False,False,False,False,True
65,8.91,44.22,0,1,0,0,14.45,302,0.6166089965397924,0,0,False,False,False,False,True,False,False,False,False,False,True
73,1.06,32.72,0,0,1,1,17.76,563,0.059684684684684686,0,0,True,False,False,False,False,False,False,False,False,True,False
29,3.68,48.19,0,1,0,0,18.05,489,0.20387811634349032,0,0,False,False,False,False,False,False,False,False,True,True,False
68,7.78,32.69,2,0,0,1,17.09,970,0.45523698069046226,1,0,False,False,False,False,False,False,False,False,True,True,False
54,7.9,72.73,1,0,0,0,9.09,1064,0.8690869086908691,0,0,False,False,False,True,False,False,False,False,False,False,False
34,12.92,76.72,1,1,0,0,9.14,210,1.4135667396061269,0,0,False,False,False,False,False,False,False,True,False,False,False
40,2.52,53.98,3,0,0,0,14.51,58,0.17367332873880084,1,1,False,False,False,False,False,True,False,False,False,False,True
43,7.73,48.11,1,1,0,1,18.05,561,0.42825484764542937,0,0,True,False,False,False,False,False,False,False,False,True,False
46,6.68,27.29,0,0,0,1,13.98,1058,0.47782546494992845,0,0,True,False,False,False,False,False,False,True,False,False,True
50,8.58,19.41,0,0,0,1,18.29,169,0.4691088026243849,0,0,True,False,False,False,False,False,False,True,False,True,False
44,10.51,12.46,0,0,0,0,18.13,1081,0.5797021511307225,0,0,True,False,False,False,False,False,True,False,False,True,False
42,10.89,70.95,0,1,0,0,14.06,127,0.7745376955903271,0,0,True,False,False,False,True,False,False,False,False,False,True
73,3.58,68.26,1,0,0,1,18.1,291,0.19779005524861878,0,0,True,False,True,False,False,False,False,False,False,True,False
72,10.02,62.58,0,0,0,1,17.89,48,0.5600894354387925,0,1,True,False,False,False,False,False,True,False,False,True,False
27,6.2,53.46,2,0,0,0,16.91,41,0.3666469544648137,1,1,True,False,False,False,False,True,False,False,False,True,False
64,7.21,51.78,0,1,0,0,14.14,566,0.5099009900990099,0,0,False,False,False,True,False,False,False,False,False,False,True
40,6.96,33.82,2,0,0,1,17.56,288,0.3963553530751709,1,0,True,False,False,False,True,False,False,False,False,True,False
38,10.13,76.63,0,0,1,0,8.39,53,1.2073897497020263,0,1,False,False,True,False,False,False,False,False,False,False,False
38,2.38,0.79,1,0,0,0,14.02,1061,0.16975748930099857,0,0,False,False,False,False,False,False,False,True,False,False,True
60,9.78,57.96,0,1,0,1,8.95,257,1.0927374301675978,0,0,True,False,False,True,False,False,False,False,False,False,False
30,13.57,47.69,0,1,0,0,8.85,405,1.5333333333333334,0,0,False,False,True,False,False,False,False,False,False,False,False
54,20.73,38.83,1,0,0,0,18.49,253,1.1211465657111954,0,0,False,False,False,False,False,False,False,False,True,True,False
50,6.09,29.35,0,0,0,0,15.01,765,0.4057295136575616,0,0,True,False,False,False,False,True,False,False,False,False,True
41,3.29,67.49,3,0,0,1,8.38,286,0.3926014319809069,1,0,True,False,False,True,False,False,False,False,False,False,False
61,1.57,15.92,1,0,0,0,9.07,544,0.1730981256890849,0,0,True,False,False,False,False,False,False,False,True,False,False
28,12.29,29.46,1,1,0,0,18.06,862,0.6805094130675526,0,0,True,False,False,False,False,False,False,False,False,True,False
34,7.7,37.05,1,0,1,1,18.27,730,0.421455938697318,0,0,True,False,False,True,False,False,False,False,False,True,False
21,3.5,70.38,3,0,0,0,9.22,940,0.3796095444685466,1,0,False,False,False,True,False,False,False,False,False,False,False
64,7.39,64.65,1,0,0,1,18.32,728,0.4033842794759825,0,0,False,False,False,False,True,False,False,False,False,True,False
42,9.19,15.86,0,0,0,1,9.23,467,0.9956663055254603,0,0,False,False,False,False,False,False,True,False,False,False,False
47,8.1,38.13,2,1,0,0,15.11,66,0.5360688285903376,1,1,True,False,False,False,False,True,False,False,False,False,True
26,27.44,16.44,1,0,0,0,14.76,135,1.859078590785908,0,0,True,False,False,False,False,False,False,True,False,False,True
38,9.78,71.51,0,0,0,1,17.21,644,0.568274259151656,0,0,True,False,False,False,False,True,False,False,False,True,False
37,7.46,88.06,1,0,0,1,17.81,261,0.4188658057271196,0,0,True,False,False,False,True,False,False,False,False,True,False
36,3.07,39.17,1,1,0,0,8.48,896,0.3620283018867924,0,0,True,False,False,True,False,False,False,False,False,False,False
36,22.61,94.25,0,0,1,0,14.66,1070,1.5422919508867667,0,0,False,False,False,False,False,False,False,True,False,False,True
29,2.99,39.12,1,0,0,0,9.14,989,0.32713347921225383,0,0,True,False,False,False,False,False,False,False,True,False,False
54,5.8,42.85,1,0,0,1,14.17,307,0.4093154551870148,0,0,False,False,False,False,False,True,False,False,False,False,True
59,7.31,20.98,1,1,0,1,14.13,154,0.5173389950460013,0,0,True,False,False,False,False,False,True,False,False,False,True
34,20.98,74.11,1,1,0,0,9.41,704,2.2295430393198723,0,0,False,True,False,False,False,False,True,False,False,False,False
54,3.84,45.6,0,1,0,1,13.29,744,0.2889390519187359,0,0,False,False,False,False,False,False,False,False,True,False,True
71,4.13,90.25,0,0,1,0,8.05,696,0.5130434782608695,0,0,False,False,True,False,False,False,False,False,False,False,False
65,4.93,16.21,2,1,0,1,14.35,942,0.3435540069686411,1,0,True,False,False,False,False,False,True,False,False,False,True
56,2.05,16.4,0,1,1,1,13.89,424,0.1475881929445644,0,0,False,False,True,False,False,False,False,False,False,False,True
45,14.82,76.53,0,0,1,0,13.9,802,1.0661870503597122,0,0,False,False,False,False,False,False,False,True,False,False,True
58,2.72,17.01,1,0,0,1,17.6,215,0.15454545454545454,0,0,False,False,False,False,False,False,True,False,False,True,False
52,6.02,90.06,2,0,0,1,8.44,495,0.7132701421800948,1,0,False,False,False,False,False,False,False,False,False,False,False
64,3.29,32.23,0,0,0,1,14.35,487,0.22926829268292684,0,0,False,False,False,True,False,False,False,False,False,False,True
65,7.37,3.76,1,1,1,0,13.72,1030,0.5371720116618076,0,0,True,False,False,False,False,False,False,False,True,False,True
35,2.34,20.03,0,0,0,0,8.74,103,0.2677345537757437,0,0,False,False,False,True,False,False,False,False,False,False,False
31,8.84,75.63,1,0,0,1,8.67,661,1.0196078431372548,0,0,False,False,False,True,False,False,False,False,False,False,False
52,8.56,27.62,0,1,0,0,17.26,1067,0.4959443800695249,0,0,True,False,False,False,False,True,False,False,False,True,False
61,3.17,30.15,0,1,0,0,14.0,869,0.22642857142857142,0,0,True,False,True,False,False,False,False,False,False,False,True
58,15.19,50.03,2,0,0,1,14.09,941,1.078069552874379,1,0,True,False,False,False,False,False,False,False,False,False,True
24,21.06,38.46,2,1,0,0,14.33,823,1.4696441032798324,1,0,False,False,False,False,False,False,False,True,False,False,True
58,9.59,41.31,0,1,1,1,17.76,78,0.5399774774774774,0,1,True,False,False,False,False,False,False,True,False,True,False
30,8.22,78.97,1,1,0,0,8.19,995,1.0036630036630039,0,0,True,False,False,False,False,False,True,False,False,False,False
35,1.76,60.03,1,1,0,1,18.36,388,0.09586056644880174,0,0,True,False,False,False,False,False,True,False,False,True,False
54,6.61,68.87,0,1,0,1,8.92,271,0.7410313901345292,0,0,False,False,False,False,False,False,False,False,False,False,False
30,8.49,54.47,0,1,0,1,13.26,85,0.6402714932126697,0,1,True,False,False,False,True,False,False,False,False,False,True
53,3.26,58.04,0,0,0,1,9.47,908,0.3442449841605068,0,0,False,False,False,False,True,False,False,False,False,False,False
48,1.14,33.96,0,0,0,1,17.08,284,0.06674473067915691,0,0,True,False,False,False,False,False,True,False,False,True,False
19,0.42,27.33,0,0,0,1,13.96,34,0.030085959885386815,0,1,False,False,False,False,True,False,False,False,False,False,True
33,1.61,12.24,1,0,1,1,13.33,358,0.1207801950487622,0,0,False,True,False,False,False,False,False,False,True,False,True
26,9.41,38.7,0,0,0,0,8.98,127,1.0478841870824054,0,0,True,False,False,False,False,False,False,False,False,False,False
26,3.8,29.34,0,0,0,1,13.72,1010,0.2769679300291545,0,0,True,False,False,False,False,False,False,False,True,False,True
55,16.16,45.07,2,0,0,0,8.76,1032,1.8447488584474887,1,0,False,False,False,False,True,False,False,False,False,False,False
28,4.07,25.72,3,0,0,1,13.6,812,0.299264705882353,1,0,True,False,False,False,False,False,True,False,False,False,True
71,4.15,67.68,0,1,0,0,17.99,606,0.2306837131739856,0,0,True,False,False,True,False,False,False,False,False,True,False
73,7.22,40.99,0,1,1,1,14.97,356,0.4822979291917167,0,0,False,False,False,True,False,False,False,False,False,False,True
39,2.45,76.53,2,1,0,1,9.18,272,0.266884531590414,1,0,False,True,False,False,False,False,False,False,True,False,False
50,2.96,57.79,1,1,0,1,18.08,396,0.16371681415929204,0,0,False,False,False,False,False,False,False,True,False,True,False
53,4.78,75.28,1,1,0,0,18.13,803,0.2636514065085494,0,0,True,False,False,False,False,True,False,False,False,True,False
62,9.66,28.93,1,1,0,0,14.43,753,0.6694386694386695,0,0,True,False,False,True,False,False,False,False,False,False,True
40,11.3,21.3,1,0,0,0,14.21,263,0.7952146375791695,0,0,True,False,False,True,False,False,False,False,False,False,True
62,7.2,32.95,1,0,0,1,18.17,681,0.39625756741882223,0,0,False,False,False,False,False,False,True,False,False,True,False
62,3.73,46.41,1,0,0,1,13.14,362,0.2838660578386606,0,0,False,False,False,False,False,False,False,False,False,False,True
51,4.64,25.43,0,0,0,1,14.01,524,0.33119200571020696,0,0,False,False,True,False,False,False,False,False,False,False,True
26,12.62,66.21,0,0,1,1,13.65,398,0.9245421245421245,0,0,True,False,True,False,False,False,False,False,False,False,True
41,39.5,11.8,0,1,0,0,9.3,124,4.247311827956989,0,0,False,False,False,False,False,False,True,False,False,False,False
25,20.63,48.03,0,0,0,0,17.91,936,1.1518704634282524,0,0,True,False,False,False,True,False,False,False,False,True,False
24,7.38,74.64,1,0,0,0,14.42,831,0.5117891816920943,0,0,True,False,False,True,False,False,False,False,False,False,True
53,13.0,41.02,0,1,0,0,13.54,237,0.9601181683899558,0,0,False,False,False,True,False,False,False,False,False,False,True
35,10.81,72.93,2,1,0,1,9.44,636,1.145127118644068,1,0,True,False,False,False,False,False,False,False,True,False,False
20,9.14,50.2,0,1,1,0,9.39,502,0.9733759318423855,0,0,False,False,False,False,False,False,False,False,True,False,False
45,7.27,75.47,2,1,1,0,14.29,1061,0.5087473757872638,1,0,False,False,False,False,False,False,True,False,False,False,True
23,11.85,78.69,0,0,1,0,14.13,165,0.8386411889596602,0,0,False,False,False,False,False,False,False,True,False,False,True
61,5.22,68.12,1,1,1,0,14.42,639,0.361997226074896,0,0,False,False,False,False,False,False,False,False,False,False,True
61,7.36,91.79,2,1,0,0,9.11,940,0.8079034028540066,1,0,False,False,False,False,True,False,False,False,False,False,False
38,21.27,75.24,0,0,0,0,9.3,290,2.287096774193548,0,0,False,False,False,True,False,False,False,False,False,False,False
45,14.97,75.85,0,0,0,1,14.13,487,1.059447983014862,0,0,True,False,False,False,False,False,False,True,False,False,True
57,10.35,77.35,0,1,0,0,13.86,261,0.7467532467532467,0,0,True,False,False,False,False,False,True,False,False,False,True
71,9.76,37.81,1,0,1,0,9.68,130,1.0082644628099173,0,0,False,False,False,False,False,False,True,False,False,False,False
71,17.7,42.9,1,0,0,0,9.17,176,1.93020719738277,0,0,False,False,False,True,False,False,False,False,False,False,False
18,11.5,57.75,0,1,0,0,17.89,746,0.6428172163219675,0,0,False,False,False,False,False,False,False,True,False,True,False
53,7.05,60.39,1,1,1,0,9.45,536,0.746031746031746,0,0,True,False,True,False,False,False,False,False,False,False,False
38,5.04,53.46,1,1,1,0,18.63,587,0.2705314009661836,0,0,True,False,False,False,False,False,True,False,False,True,False
60,15.2,44.31,1,0,0,0,8.26,133,1.8401937046004841,0,0,True,False,False,False,False,False,False,False,False,False,False
52,4.44,40.4,1,1,0,1,14.12,365,0.3144475920679887,0,0,False,False,False,False,False,True,False,False,False,False,True
30,7.32,40.89,1,1,0,1,8.78,475,0.8337129840546698,0,0,False,False,False,False,True,False,False,False,False,False,False
74,5.92,82.0,0,0,0,0,18.95,763,0.312401055408971,0,0,False,False,False,False,False,False,False,True,False,True,False
66,7.62,28.96,2,0,0,1,9.66,473,0.7888198757763976,1,0,True,False,True,False,False,False,False,False,False,False,False
71,8.96,10.71,1,1,0,1,8.51,147,1.0528789659224442,0,0,True,False,False,False,False,False,False,True,False,False,False
71,8.09,45.48,1,0,0,0,9.06,958,0.8929359823399557,0,0,False,False,True,False,False,False,False,False,False,False,False
27,2.11,20.49,1,0,0,0,17.69,752,0.11927642736009043,0,0,False,False,True,False,False,False,False,False,False,True,False
70,4.11,59.48,3,0,0,1,16.94,596,0.2426210153482881,1,0,True,False,False,False,False,False,False,False,False,True,False
61,3.88,35.89,1,1,1,1,8.41,117,0.4613555291319857,0,0,False,False,False,False,True,False,False,False,False,False,False
64,6.47,66.17,0,1,0,0,8.98,505,0.720489977728285,0,0,True,False,False,False,False,False,True,False,False,False,False
70,3.65,30.58,1,0,0,1,13.67,324,0.2670080468178493,0,0,False,False,True,False,False,False,False,False,False,False,True
27,12.18,87.43,1,0,1,0,18.11,749,0.6725565985643291,0,0,False,False,False,False,False,False,True,False,False,True,False
63,5.87,37.24,0,0,0,0,13.86,1024,0.4235209235209235,0,0,False,False,False,False,True,False,False,False,False,False,True
30,14.38,64.58,0,1,0,0,18.07,873,0.7957941339236304,0,0,False,False,False,False,False,False,True,False,False,True,False
54,2.66,13.2,0,1,1,0,9.23,715,0.28819068255687974,0,0,True,False,False,True,False,False,False,False,False,False,False
55,4.67,51.46,1,0,1,0,8.99,668,0.5194660734149055,0,0,False,False,False,False,False,False,False,False,False,False,False
41,4.87,62.4,2,0,0,0,9.48,990,0.5137130801687764,1,0,False,False,False,False,False,False,False,False,False,False,False
19,3.33,36.3,0,0,0,0,14.43,964,0.23076923076923078,0,0,False,False,False,False,False,False,False,False,True,False,True
39,3.3,45.96,0,0,0,0,13.83,919,0.23861171366594358,0,0,False,False,False,False,False,False,False,False,False,False,True
34,16.49,65.57,3,0,0,1,9.93,943,1.660624370594159,1,0,True,False,True,False,False,False,False,False,False,False,False
53,7.42,85.13,0,1,1,0,8.77,435,0.8460661345496009,0,0,False,False,False,False,True,False,False,False,False,False,False
31,7.5,48.98,1,0,0,1,13.65,148,0.5494505494505494,0,0,False,False,False,False,False,False,False,False,False,False,True
27,14.7,72.58,0,1,1,0,9.43,370,1.5588547189819724,0,0,True,False,False,False,False,False,False,True,False,False,False
52,19.08,65.34,0,1,0,0,8.61,342,2.21602787456446,0,0,False,False,False,False,True,False,False,False,False,False,False
42,22.11,3.53,1,1,1,0,18.06,192,1.2242524916943522,0,0,True,False,True,False,False,False,False,False,False,True,False
20,5.25,41.3,2,0,0,1,8.97,322,0.5852842809364548,1,0,True,False,False,False,True,False,False,False,False,False,False
64,3.99,16.11,0,0,1,0,9.22,719,0.43275488069414314,0,0,True,False,False,False,False,False,False,False,False,False,False
55,9.16,26.39,2,1,0,1,13.95,702,0.6566308243727599,1,0,False,False,False,False,False,False,False,True,False,False,True
34,3.34,38.25,0,0,0,0,18.14,428,0.18412348401323042,0,0,False,False,False,False,False,False,False,False,True,True,False
29,5.06,15.55,0,0,0,1,13.21,938,0.3830431491294473,0,0,False,False,True,False,False,False,False,False,False,False,True
71,11.0,31.13,0,0,0,0,8.87,516,1.2401352874859077,0,0,False,False,False,False,False,True,False,False,False,False,False
69,15.99,50.94,0,1,0,0,18.26,1077,0.8756845564074479,0,0,True,False,False,True,False,False,False,False,False,True,False
41,1.12,72.74,0,1,0,1,14.17,778,0.07904022582921666,0,0,True,False,True,False,False,False,False,False,False,False,True
46,2.3,5.66,0,0,0,1,8.43,269,0.27283511269276395,0,0,True,False,False,False,True,False,False,False,False,False,False
60,8.35,76.67,2,0,0,1,13.86,340,0.6024531024531025,1,0,False,False,False,False,False,True,False,False,False,False,True
42,9.57,22.01,1,0,1,1,14.04,350,0.6816239316239316,0,0,False,False,False,False,False,True,False,False,False,False,True
53,19.12,52.34,3,0,1,0,13.28,701,1.4397590361445785,1,0,True,False,False,False,False,False,True,False,False,False,True
43,10.9,39.73,1,1,1,0,18.24,601,0.5975877192982457,0,0,False,False,False,False,False,True,False,False,False,True,False
55,8.19,61.15,1,0,0,1,13.92,443,0.5883620689655172,0,0,False,False,False,False,False,False,True,False,False,False,True
18,6.24,43.29,2,0,0,1,17.82,431,0.3501683501683502,1,0,True,False,False,True,False,False,False,False,False,True,False
37,4.64,44.96,0,0,0,1,14.19,88,0.32699083861874556,0,1,False,False,False,False,False,True,False,False,False,False,True
72,4.13,78.02,1,1,0,0,8.33,82,0.49579831932773105,0,1,False,False,False,False,False,False,False,True,False,False,False
45,2.99,22.36,0,0,1,1,14.32,662,0.20879888268156427,0,0,False,False,False,False,False,False,False,False,True,False,True
33,6.73,17.3,2,0,0,0,9.12,315,0.7379385964912282,1,0,True,False,False,False,False,False,False,False,True,False,False
64,11.56,73.82,1,0,1,0,8.28,47,1.3961352657004833,0,1,False,False,False,False,False,True,False,False,False,False,False
34,6.38,15.52,0,1,0,1,13.95,1058,0.45734767025089607,0,0,False,False,False,False,True,False,False,False,False,False,True
57,14.65,34.75,0,0,0,0,14.23,189,1.0295151089248067,0,0,True,False,False,False,True,False,False,False,False,False,True
45,6.78,52.71,1,0,0,1,8.6,171,0.7883720930232558,0,0,False,False,False,False,False,False,True,False,False,False,False
29,5.06,84.89,0,1,0,1,13.65,426,0.37069597069597066,0,0,True,False,False,False,False,False,False,False,False,False,True
44,13.28,74.12,2,0,1,0,8.78,1071,1.5125284738041003,1,0,False,False,False,False,False,False,False,False,True,False,False
71,4.29,35.38,0,1,0,0,17.25,609,0.24869565217391304,0,0,False,False,False,False,False,False,False,False,False,True,False
70,5.49,75.88,0,0,0,0,8.84,563,0.6210407239819005,0,0,False,False,False,False,False,False,False,False,True,False,False
59,3.96,27.76,1,1,0,0,14.3,940,0.2769230769230769,0,0,True,False,False,False,False,False,False,False,False,False,True
64,4.96,53.93,2,1,0,0,14.2,490,0.34929577464788736,1,0,True,False,False,False,False,False,False,False,False,False,True
47,3.56,34.55,1,1,0,1,13.34,315,0.26686656671664166,0,0,True,False,False,False,False,False,False,False,True,False,True
58,13.09,65.33,1,0,0,0,8.48,1058,1.5436320754716981,0,0,True,False,False,True,False,False,False,False,False,False,False
51,20.33,68.67,0,0,0,0,14.85,158,1.369023569023569,0,0,True,False,False,False,False,False,False,True,False,False,True
54,9.76,50.56,0,1,0,1,17.78,985,0.5489313835770528,0,0,False,False,False,False,False,False,False,True,False,True,False
23,10.0,30.22,0,1,0,1,13.78,700,0.725689404934688,0,0,True,False,False,False,True,False,False,False,False,False,True
24,9.62,81.15,3,1,0,0,13.26,528,0.7254901960784313,1,0,False,False,False,False,False,False,False,False,False,False,True
49,11.61,98.29,1,1,0,0,14.06,305,0.8257467994310099,0,0,True,False,False,False,False,False,False,False,False,False,True
49,5.8,38.48,0,0,1,0,9.05,58,0.6408839779005524,0,1,False,False,False,True,False,False,False,False,False,False,False
70,3.52,75.6,0,0,0,0,8.92,1034,0.3946188340807175,0,0,False,False,False,False,False,False,False,False,False,False,False
42,9.58,62.54,0,0,0,1,18.26,679,0.524644030668127,0,0,False,False,False,True,False,False,False,False,False,True,False
50,8.46,50.62,0,0,1,1,17.92,60,0.4720982142857143,0,1,False,True,False,False,False,False,False,False,False,True,False
72,2.6,95.98,0,1,1,0,13.88,872,0.18731988472622477,0,0,True,False,False,False,False,False,False,False,False,False,True
24,9.77,83.5,1,0,1,0,13.99,365,0.6983559685489635,0,0,True,False,False,True,False,False,False,False,False,False,True
69,4.2,51.58,0,0,0,1,8.69,599,0.4833141542002302,0,0,True,False,False,False,False,False,True,False,False,False,False
74,10.45,62.71,0,1,1,0,9.62,342,1.0862785862785862,0,0,True,False,True,False,False,False,False,False,False,False,False
29,2.95,22.34,0,0,0,0,14.19,628,0.20789288231148698,0,0,False,False,False,False,False,False,False,False,False,False,True
33,5.52,34.84,0,1,0,0,18.55,894,0.2975741239892183,0,0,False,False,False,False,False,False,True,False,False,True,False
33,13.62,60.4,0,0,0,1,13.95,400,0.9763440860215054,0,0,False,False,False,False,False,False,False,True,False,False,True
60,4.39,48.27,1,0,0,0,8.54,834,0.5140515222482436,0,0,True,False,False,False,False,False,False,False,False,False,False
70,26.9,68.05,0,0,0,0,9.0,343,2.988888888888889,0,0,False,True,False,False,False,False,False,True,False,False,False
53,2.57,73.06,1,0,0,0,10.18,57,0.2524557956777996,0,1,False,False,False,False,True,False,False,False,False,False,False
30,1.28,25.69,2,1,0,1,14.18,995,0.09026798307475317,1,0,True,False,True,False,False,False,False,False,False,False,True
24,3.13,74.38,0,0,0,0,18.15,1059,0.17245179063360883,0,0,True,False,False,False,False,False,False,False,True,True,False
53,5.09,4.84,0,1,0,1,17.89,502,0.28451648965902737,0,0,False,False,True,False,False,False,False,False,False,True,False
64,18.67,45.87,0,0,1,0,18.02,1086,1.0360710321864597,0,0,False,True,False,False,False,False,False,False,False,True,False
68,2.53,65.5,0,1,0,1,13.48,118,0.1876854599406528,0,0,True,False,False,False,False,False,False,False,False,False,True
26,16.38,30.05,0,0,0,0,13.41,69,1.221476510067114,0,1,True,False,False,True,False,False,False,False,False,False,True
49,15.64,58.77,2,0,1,0,17.84,710,0.8766816143497759,1,0,False,False,True,False,False,False,False,False,False,True,False
28,8.66,47.11,0,0,1,1,13.41,404,0.6457867263236391,0,0,False,False,True,False,False,False,False,False,False,False,True
25,13.84,31.17,1,1,0,0,18.22,1027,0.7596048298572997,0,0,True,False,False,False,True,False,False,False,False,True,False
50,7.73,58.06,1,0,0,0,13.7,422,0.5642335766423359,0,0,False,False,False,False,False,True,False,False,False,False,True
40,19.08,47.7,1,0,0,0,9.0,1071,2.1199999999999997,0,0,False,False,False,False,False,False,False,True,False,False,False
42,7.8,30.63,0,0,0,0,13.86,161,0.5627705627705628,0,0,False,False,False,True,False,False,False,False,False,False,True
73,9.36,96.14,0,1,0,0,9.05,319,1.0342541436464088,0,0,False,False,False,False,False,False,False,False,True,False,False
25,3.18,36.99,3,0,0,1,8.41,835,0.37812128418549346,1,0,False,False,False,True,False,False,False,False,False,False,False
62,9.09,13.81,0,0,0,1,9.22,238,0.9859002169197396,0,0,True,False,False,False,False,True,False,False,False,False,False
39,8.57,72.07,0,1,0,1,17.29,356,0.49566223250433783,0,0,False,False,True,False,False,False,False,False,False,True,False
21,19.56,77.1,0,0,0,0,13.87,1021,1.4102379235760634,0,0,True,False,False,False,False,False,False,False,True,False,True
57,3.81,51.05,0,1,0,1,9.54,532,0.39937106918238996,0,0,False,False,True,False,False,False,False,False,False,False,False
20,14.44,9.46,0,0,0,0,9.67,308,1.4932781799379524,0,0,True,False,False,True,False,False,False,False,False,False,False
46,6.76,67.57,0,0,0,0,13.74,817,0.49199417758369723,0,0,False,False,False,False,False,False,False,True,False,False,True
58,2.37,15.65,0,0,0,1,13.87,1036,0.170872386445566,0,0,True,False,False,False,False,False,False,False,True,False,True
46,9.19,58.91,0,0,0,0,14.04,981,0.6545584045584045,0,0,False,False,False,False,False,True,False,False,False,False,True
51,7.85,63.04,1,1,0,1,14.17,306,0.5539872971065631,0,0,True,False,False,False,False,False,True,False,False,False,True
51,15.85,47.44,0,0,0,0,13.08,327,1.2117737003058104,0,0,False,False,False,False,False,False,False,True,False,False,True
45,12.26,33.76,0,1,0,0,8.49,462,1.4440518256772674,0,0,False,False,False,False,False,True,False,False,False,False,False
30,7.94,79.8,0,0,0,0,13.86,1039,0.572871572871573,0,0,False,False,False,False,False,False,False,False,True,False,True
32,9.61,12.29,0,0,0,0,9.11,346,1.0548847420417125,0,0,False,False,True,False,False,False,False,False,False,False,False
40,7.18,27.95,0,0,0,0,8.95,1074,0.8022346368715084,0,0,True,False,False,False,False,True,False,False,False,False,False
61,6.74,52.22,0,0,1,1,8.68,150,0.7764976958525346,0,0,False,False,True,False,False,False,False,False,False,False,False
43,11.06,88.4,0,0,1,0,14.45,682,0.7653979238754326,0,0,False,False,False,False,False,False,False,True,False,False,True
21,11.19,38.72,0,0,1,0,18.73,333,0.5974372664175119,0,0,False,False,False,False,False,False,False,True,False,True,False
43,5.56,49.81,0,0,0,1,13.52,965,0.41124260355029585,0,0,False,False,False,False,False,True,False,False,False,False,True
57,7.35,37.9,0,1,1,1,14.33,750,0.5129099790648988,0,0,False,False,True,False,False,False,False,False,False,False,True
26,16.59,79.55,2,1,0,1,14.33,525,1.1577110956036287,1,0,True,False,False,False,False,False,False,False,True,False,True
72,17.29,54.11,0,1,1,0,8.66,214,1.9965357967667434,0,0,False,False,False,False,False,True,False,False,False,False,False
22,4.51,88.19,0,0,1,0,9.11,917,0.4950603732162459,0,0,False,False,False,False,False,False,True,False,False,False,False
73,9.81,11.76,0,0,0,1,17.81,837,0.5508141493542954,0,0,False,False,False,True,False,False,False,False,False,True,False
49,15.34,47.38,0,0,0,0,9.26,361,1.65658747300216,0,0,False,False,False,False,True,False,False,False,False,False,False
37,8.42,26.52,0,0,0,0,13.79,742,0.6105873821609863,0,0,True,False,False,False,False,False,False,True,False,False,True
67,5.25,49.93,1,0,0,0,8.76,605,0.5993150684931507,0,0,True,False,True,False,False,False,False,False,False,False,False
28,11.56,6.87,1,0,1,0,17.97,379,0.6432943795214247,0,0,True,False,False,False,False,False,False,False,True,True,False
32,16.62,88.11,2,1,0,0,18.8,867,0.8840425531914894,1,0,True,False,False,False,False,False,False,True,False,True,False
49,5.84,32.45,1,0,0,1,8.54,349,0.68384074941452,0,0,False,False,False,False,False,False,False,False,True,False,False
45,4.23,70.04,0,1,0,0,14.28,566,0.29621848739495804,0,0,False,False,False,False,False,False,False,True,False,False,True
39,3.64,92.35,1,1,0,0,8.6,441,0.4232558139534884,0,0,True,False,True,False,False,False,False,False,False,False,False
58,0.66,35.8,1,1,1,0,14.44,935,0.045706371191135735,0,0,True,False,False,False,False,False,False,False,True,False,True
34,5.55,18.83,0,0,0,1,9.44,562,0.5879237288135594,0,0,False,False,True,False,False,False,False,False,False,False,False
43,8.53,52.15,3,1,0,0,8.99,531,0.9488320355951055,1,0,False,False,False,False,False,False,False,False,True,False,False
61,7.65,51.98,0,1,0,0,8.52,943,0.8978873239436621,0,0,False,False,False,False,False,False,False,True,False,False,False
24,7.81,80.5,3,1,0,1,17.68,1094,0.4417420814479638,1,0,False,False,False,False,True,False,False,False,False,True,False
59,3.26,67.4,1,0,0,0,18.17,556,0.17941662080352225,0,0,False,False,False,True,False,False,False,False,False,True,False
74,13.59,54.99,0,1,1,0,9.32,740,1.4581545064377681,0,0,True,False,False,True,False,False,False,False,False,False,False
43,2.8,18.05,0,1,1,0,14.41,779,0.1943095072866065,0,0,True,False,False,False,True,False,False,False,False,False,True
42,13.98,66.82,0,1,0,0,8.56,985,1.6331775700934579,0,0,True,False,False,True,False,False,False,False,False,False,False
27,5.18,35.03,0,0,0,0,9.2,141,0.5630434782608695,0,0,True,False,False,False,False,True,False,False,False,False,False
62,3.07,46.97,2,0,0,1,17.71,492,0.17334839073969507,1,0,False,False,False,False,False,False,True,False,False,True,False
36,14.84,95.0,1,0,0,1,9.14,81,1.62363238512035,0,1,False,False,False,False,False,False,True,False,False,False,False
28,1.01,37.8,0,0,0,1,13.92,284,0.07255747126436782,0,0,True,False,False,False,False,True,False,False,False,False,True
30,11.92,69.39,2,0,1,0,14.08,329,0.8465909090909091,1,0,False,False,False,False,False,True,False,False,False,False,True
70,9.46,52.37,3,0,1,1,8.75,987,1.0811428571428572,1,0,True,False,False,False,False,False,False,False,False,False,False
25,31.48,12.49,0,1,0,0,15.09,456,2.0861497680583168,0,0,False,False,True,False,False,False,False,False,False,False,True
57,3.71,35.84,0,0,0,0,18.64,1019,0.1990343347639485,0,0,False,False,False,False,False,False,False,False,True,True,False
21,6.33,47.77,0,0,0,0,14.63,336,0.4326725905673274,0,0,True,False,False,False,False,False,True,False,False,False,True
64,4.0,61.39,0,1,0,1,9.06,128,0.44150110375275936,0,0,True,False,False,False,False,False,False,True,False,False,False
48,1.25,26.73,1,0,0,1,18.12,150,0.06898454746136864,0,0,False,False,False,False,False,True,False,False,False,True,False
45,12.82,49.72,2,0,0,0,17.38,1083,0.7376294591484466,1,0,False,False,False,True,False,False,False,False,False,True,False
28,19.2,39.02,0,1,0,0,8.57,259,2.2403733955659275,0,0,True,False,False,False,True,False,False,False,False,False,False
60,20.28,41.99,2,0,0,0,9.04,680,2.2433628318584073,1,0,False,False,False,False,False,False,False,False,True,False,False
18,4.01,43.64,0,1,0,0,9.41,1084,0.4261424017003188,0,0,False,False,False,False,False,False,False,False,False,False,False
66,5.69,65.25,1,0,1,0,9.31,658,0.611170784103115,0,0,True,False,False,False,True,False,False,False,False,False,False
64,8.37,17.72,1,0,0,1,14.15,977,0.5915194346289752,0,0,True,False,False,True,False,False,False,False,False,False,True
69,4.91,46.69,0,0,0,0,9.24,546,0.5313852813852814,0,0,True,False,False,False,False,True,False,False,False,False,False
55,4.69,32.81,0,0,0,0,9.19,874,0.5103373231773668,0,0,False,False,False,False,False,False,False,False,True,False,False
41,9.69,55.95,0,1,0,0,8.47,862,1.1440377804014166,0,0,False,True,False,False,False,True,False,False,False,False,False
71,9.61,48.85,2,0,0,1,13.6,849,0.7066176470588235,1,0,False,False,False,False,False,False,True,False,False,False,True
74,7.47,11.84,0,1,0,0,14.15,840,0.5279151943462898,0,0,False,False,False,False,False,False,True,False,False,False,True
64,8.79,82.69,2,1,0,1,13.47,791,0.6525612472160356,1,0,False,False,True,False,False,False,False,False,False,False,True
48,4.43,18.64,1,0,0,1,8.58,348,0.5163170163170163,0,0,False,False,False,True,False,False,False,False,False,False,False
58,7.58,40.36,1,1,1,1,14.34,140,0.5285913528591353,0,0,False,False,False,False,False,False,False,False,False,False,True
63,4.8,44.05,0,1,1,0,9.57,836,0.5015673981191222,0,0,True,False,False,False,False,False,False,False,True,False,False
67,4.98,35.31,0,0,0,0,17.51,1070,0.2844089091947459,0,0,False,False,False,False,False,False,False,False,False,True,False
43,4.91,30.99,1,0,0,0,8.88,516,0.5529279279279279,0,0,False,False,False,False,False,False,False,True,False,False,False
66,11.46,60.2,0,0,0,0,9.0,840,1.2733333333333334,0,0,False,False,False,False,False,False,False,False,False,False,False
67,10.04,45.23,0,0,0,0,9.0,546,1.1155555555555554,0,0,True,False,False,False,False,True,False,False,False,False,False
22,12.72,30.99,0,1,0,0,9.32,864,1.3648068669527897,0,0,False,False,False,False,False,True,False,False,False,False,False
37,7.84,54.41,0,0,0,0,9.05,653,0.8662983425414363,0,0,False,False,False,False,False,False,True,False,False,False,False
69,6.91,37.7,0,0,0,1,14.47,1077,0.47753973738769867,0,0,True,False,True,False,False,False,False,False,False,False,True
58,2.15,21.43,0,0,0,1,17.41,585,0.12349224583572659,0,0,False,False,False,True,False,False,False,False,False,True,False
28,8.83,37.96,1,0,0,1,9.29,526,0.9504843918191604,0,0,True,False,False,False,False,True,False,False,False,False,False
73,9.82,28.12,1,0,0,0,13.65,917,0.7194139194139194,0,0,False,False,False,False,False,False,True,False,False,False,True
71,8.97,24.93,1,0,1,0,13.96,411,0.6425501432664756,0,0,False,False,False,False,True,False,False,False,False,False,True
50,6.36,46.58,0,0,0,1,8.87,245,0.717023675310034,0,0,False,False,False,False,False,False,True,False,False,False,False
67,2.33,62.6,2,1,0,1,9.57,785,0.24346917450365727,1,0,True,False,False,False,False,False,False,False,True,False,False
55,12.46,10.36,1,1,0,0,9.11,572,1.3677277716794733,0,0,True,False,False,True,False,False,False,False,False,False,False
44,10.28,56.68,0,0,0,0,17.75,945,0.5791549295774647,0,0,False,False,True,False,False,False,False,False,False,True,False
51,2.91,89.86,0,0,0,0,18.11,1064,0.16068470458310327,0,0,True,False,False,False,False,True,False,False,False,True,False
32,5.5,23.41,2,0,0,1,8.66,111,0.6351039260969977,1,0,False,False,False,False,False,False,False,False,True,False,False
49,8.43,79.81,0,0,1,0,8.63,1023,0.9768250289687137,0,0,True,False,False,False,False,False,False,True,False,False,False
38,4.79,25.84,0,0,0,1,14.1,195,0.3397163120567376,0,0,False,False,False,False,False,False,False,True,False,False,True
63,6.18,16.98,0,1,0,1,14.46,237,0.42738589211618255,0,0,False,False,False,False,False,False,True,False,False,False,True
22,5.39,86.38,0,0,0,0,13.82,53,0.3900144717800289,0,1,True,False,True,False,False,False,False,False,False,False,True
23,10.2,90.95,0,1,0,0,8.97,836,1.137123745819398,0,0,False,False,False,False,False,False,False,False,False,False,False
55,1.24,23.92,2,1,0,1,18.73,916,0.06620395088093967,1,0,False,False,True,False,False,False,False,False,False,True,False
39,11.19,85.03,0,1,1,0,14.02,720,0.7981455064194009,0,0,False,False,True,False,False,False,False,False,False,False,True
35,6.54,80.82,0,1,1,0,8.98,361,0.7282850779510022,0,0,True,False,True,False,False,False,False,False,False,False,False
31,16.85,47.79,1,1,0,0,14.16,1031,1.1899717514124295,0,0,False,False,False,False,False,False,True,False,False,False,True
27,2.27,95.86,0,0,0,0,8.24,270,0.27548543689320387,0,0,True,False,False,False,False,False,False,False,True,False,False
63,5.14,48.5,1,1,1,0,9.23,865,0.5568797399783315,0,0,True,False,False,False,False,False,True,False,False,False,False
30,7.25,54.03,3,1,1,0,14.06,210,0.515647226173542,1,0,True,False,False,False,False,False,False,False,False,False,True
48,1.69,61.98,0,0,0,0,9.52,119,0.17752100840336135,0,0,False,False,False,False,False,False,False,False,True,False,False
47,10.05,64.04,4,1,0,1,13.64,468,0.7368035190615836,1,0,True,False,False,False,False,False,False,False,False,False,True
20,6.54,44.09,0,1,0,0,8.88,572,0.7364864864864864,0,0,False,False,False,False,True,False,False,False,False,False,False
47,9.07,52.63,0,1,0,0,14.04,222,0.6460113960113961,0,0,True,False,False,False,True,False,False,False,False,False,True
23,8.34,96.72,2,0,0,0,9.06,517,0.9205298013245032,1,0,True,False,False,True,False,False,False,False,False,False,False
46,3.46,22.35,0,1,1,1,14.13,641,0.2448690728945506,0,0,False,False,False,False,False,True,False,False,False,False,True
25,2.37,2.89,0,0,1,1,8.88,984,0.2668918918918919,0,0,True,False,False,False,False,True,False,False,False,False,False
61,10.78,32.07,0,0,0,1,9.59,175,1.1240875912408759,0,0,False,False,False,False,False,False,False,False,True,False,False
62,4.49,59.85,0,0,0,0,14.12,1056,0.3179886685552408,0,0,True,False,False,False,False,False,True,False,False,False,True
60,19.98,51.4,3,0,0,0,13.76,356,1.4520348837209303,1,0,True,False,False,False,False,False,False,False,False,False,True
61,1.92,77.41,1,1,0,0,14.07,1017,0.13646055437100213,0,0,True,False,False,False,False,False,False,False,False,False,True
50,11.79,10.38,1,0,0,0,13.8,182,0.8543478260869564,0,0,True,False,False,False,False,True,False,False,False,False,True
34,15.38,69.49,0,1,0,0,17.38,431,0.8849252013808977,0,0,True,False,False,False,False,True,False,False,False,True,False
65,2.21,45.93,0,0,0,0,8.88,849,0.24887387387387386,0,0,False,False,False,False,False,False,False,True,False,False,False
28,13.33,6.2,1,0,0,1,13.65,517,0.9765567765567765,0,0,False,False,False,False,False,False,False,False,False,False,True
30,11.54,43.92,1,0,0,0,14.01,96,0.8236973590292648,0,0,False,False,False,False,False,False,True,False,False,False,True
67,8.38,22.32,0,1,0,0,13.76,118,0.6090116279069768,0,0,False,False,False,False,False,False,False,True,False,False,True
28,10.91,89.55,0,0,1,0,13.54,231,0.8057607090103398,0,0,False,False,False,False,False,False,True,False,False,False,True
48,3.48,60.82,1,0,1,1,18.4,457,0.18913043478260871,0,0,False,False,True,False,False,False,False,False,False,True,False
45,5.57,77.12,0,0,1,0,13.45,969,0.41412639405204466,0,0,True,False,False,False,False,False,False,False,False,False,True
61,12.84,59.88,1,1,0,1,17.93,368,0.7161182375906302,0,0,True,False,True,False,False,False,False,False,False,True,False
23,17.63,34.55,1,1,1,0,8.86,108,1.989841986455982,0,0,True,False,False,False,True,False,False,False,False,False,False
58,5.93,19.82,0,0,0,1,13.46,407,0.4405646359583952,0,0,True,False,False,False,True,False,False,False,False,False,True
33,10.96,75.65,0,0,0,1,8.67,194,1.2641291810841986,0,0,True,False,False,False,False,False,False,False,True,False,False
21,5.75,39.63,1,0,0,0,8.05,778,0.7142857142857142,0,0,False,False,False,False,False,False,False,False,False,False,False
52,3.97,32.31,0,1,0,0,13.68,966,0.29020467836257313,0,0,True,False,False,False,False,True,False,False,False,False,True
65,2.08,12.57,0,0,1,0,14.18,184,0.14668547249647393,0,0,False,True,False,False,False,False,False,True,False,False,True
73,6.67,41.0,0,1,0,0,8.79,1093,0.7588168373151309,0,0,True,False,True,False,False,False,False,False,False,False,False
43,4.1,63.59,1,0,1,1,9.29,198,0.4413347685683531,0,0,True,False,False,False,False,False,True,False,False,False,False
74,3.76,63.6,1,0,0,0,14.25,821,0.263859649122807,0,0,False,True,False,False,False,False,False,False,False,False,True
29,2.96,58.67,0,0,0,0,13.94,1032,0.21233859397417504,0,0,False,False,False,False,False,False,False,False,True,False,True
28,2.86,78.56,0,1,0,0,8.96,383,0.31919642857142855,0,0,True,False,False,False,False,False,True,False,False,False,False
54,13.36,45.11,0,1,0,0,9.17,357,1.4569247546346782,0,0,False,False,True,False,False,False,False,False,False,False,False
42,14.08,52.44,0,0,0,0,13.73,527,1.0254916241806264,0,0,False,False,False,False,False,False,False,False,False,False,True
35,1.01,68.31,1,0,0,1,13.82,374,0.07308248914616498,0,0,False,False,False,False,False,True,False,False,False,False,True
36,14.56,69.51,0,0,0,0,9.0,672,1.6177777777777778,0,0,True,False,True,False,False,False,False,False,False,False,False
40,3.88,62.21,0,1,0,0,8.5,818,0.45647058823529413,0,0,False,False,False,False,False,False,False,False,False,False,False
72,9.71,34.5,0,0,0,0,8.57,406,1.133022170361727,0,0,False,False,False,False,False,False,False,False,False,False,False
55,8.73,38.75,0,1,0,0,18.56,463,0.47036637931034486,0,0,True,False,True,False,False,False,False,False,False,True,False
71,13.6,1.81,0,1,1,0,14.34,530,0.9483960948396095,0,0,False,False,True,False,False,False,False,False,False,False,True
35,10.64,29.58,1,0,0,0,8.42,550,1.2636579572446556,0,0,True,False,False,False,False,False,True,False,False,False,False
43,3.9,73.0,0,1,0,0,18.3,591,0.21311475409836064,0,0,False,False,False,False,False,False,False,False,True,True,False
23,11.52,59.67,3,0,0,0,9.22,542,1.249457700650759,1,0,True,False,True,False,False,False,False,False,False,False,False
21,10.27,39.74,0,1,0,0,9.32,545,1.101931330472103,0,0,False,False,False,False,True,False,False,False,False,False,False
61,10.98,42.16,0,0,0,0,18.01,526,0.6096612992781788,0,0,False,False,False,True,False,False,False,False,False,True,False
68,13.97,52.54,0,0,0,0,18.25,631,0.7654794520547945,0,0,True,False,False,False,False,False,False,False,True,True,False
46,13.44,38.61,0,0,0,1,14.25,1044,0.9431578947368421,0,0,True,False,False,False,True,False,False,False,False,False,True
51,18.78,40.39,0,0,0,0,13.68,696,1.3728070175438598,0,0,False,False,False,False,False,False,True,False,False,False,True
34,2.41,31.42,1,0,1,1,9.4,394,0.25638297872340426,0,0,False,False,True,False,False,False,False,False,False,False,False
60,7.43,56.41,1,0,1,0,17.6,996,0.4221590909090909,0,0,True,False,False,False,False,False,False,False,True,True,False
60,4.69,27.39,1,0,0,0,13.57,393,0.34561532792925576,0,0,True,False,False,False,False,True,False,False,False,False,True
70,1.99,87.22,0,1,1,0,9.31,137,0.2137486573576799,0,0,False,False,True,False,False,False,False,False,False,False,False
33,9.27,47.67,0,0,0,0,14.44,1067,0.6419667590027701,0,0,False,False,False,False,False,False,False,False,False,False,True
19,8.21,26.57,0,0,0,0,18.64,1076,0.4404506437768241,0,0,True,False,True,False,False,False,False,False,False,True,False
51,13.06,49.62,1,0,0,1,17.82,652,0.7328843995510662,0,0,False,False,False,False,False,True,False,False,False,True,False
72,6.02,44.51,0,0,1,1,14.05,350,0.42846975088967965,0,0,False,False,False,False,False,False,False,False,True,False,True
25,14.81,43.52,0,0,0,1,14.19,539,1.04369274136716,0,0,True,False,True,False,False,False,False,False,False,False,True
30,2.3,42.32,0,0,0,0,8.54,701,0.2693208430913349,0,0,True,False,True,False,False,False,False,False,False,False,False
59,4.21,43.73,0,0,0,0,14.5,1094,0.2903448275862069,0,0,True,False,False,False,False,False,False,True,False,False,True
25,13.95,37.91,1,0,0,0,14.57,333,0.9574468085106382,0,0,False,False,False,False,False,False,False,True,False,False,True
47,2.32,46.09,1,0,1,1,9.32,998,0.24892703862660942,0,0,False,False,False,False,False,False,False,False,True,False,False
49,2.61,40.36,0,0,0,0,17.65,394,0.14787535410764874,0,0,False,False,False,False,False,False,False,False,True,True,False
53,6.88,24.64,0,0,0,1,17.51,767,0.39291833238149626,0,0,True,False,False,False,False,False,False,False,False,True,False
64,17.23,67.44,3,1,0,0,9.05,1018,1.903867403314917,1,0,True,False,False,False,False,False,False,False,False,False,False
47,8.4,58.75,1,0,0,1,17.89,1050,0.4695360536612633,0,0,False,False,False,True,False,False,False,False,False,True,False
18,4.72,46.44,1,0,0,0,13.44,181,0.35119047619047616,0,0,True,False,True,False,False,False,False,False,False,False,True
60,10.14,64.69,0,0,0,0,14.6,288,0.6945205479452056,0,0,False,False,False,False,True,False,False,False,False,False,True
56,8.84,72.92,1,0,0,0,18.78,736,0.47071352502662406,0,0,False,False,False,False,False,False,False,False,True,True,False
34,11.33,19.05,1,1,0,0,9.14,252,1.2396061269146608,0,0,True,False,False,False,False,True,False,False,False,False,False
37,0.43,25.13,2,1,0,1,14.21,259,0.030260380014074592,1,0,True,False,True,False,False,False,False,False,False,False,True
41,9.46,39.53,1,1,1,0,8.59,468,1.10128055878929,0,0,True,False,False,False,True,False,False,False,False,False,False
67,5.61,64.38,0,0,0,0,14.57,179,0.38503774879890185,0,0,True,False,False,False,False,False,False,True,False,False,True
39,9.18,40.16,0,1,0,0,14.5,939,0.6331034482758621,0,0,False,False,False,False,False,False,False,False,False,False,True
46,2.54,43.92,0,0,1,0,8.63,1007,0.2943221320973349,0,0,True,False,False,False,False,True,False,False,False,False,False
39,13.7,23.67,0,1,0,1,8.81,664,1.5550510783200906,0,0,True,False,False,False,False,False,False,False,True,False,False
61,10.41,38.45,0,1,0,0,8.67,428,1.2006920415224913,0,0,False,False,True,False,False,False,False,False,False,False,False
26,9.85,90.84,1,0,1,0,8.9,651,1.1067415730337078,0,0,True,False,False,False,False,False,False,True,False,False,False
54,11.75,50.46,1,0,0,0,9.07,172,1.2954796030871003,0,0,False,False,False,True,False,False,False,False,False,False,False
27,9.75,27.82,1,0,0,0,13.5,977,0.7222222222222222,0,0,True,False,False,False,False,False,True,False,False,False,True
53,6.68,10.35,0,1,0,0,17.5,83,0.3817142857142857,0,1,True,False,False,False,False,False,False,True,False,True,False
54,10.29,74.4,2,0,0,0,18.04,873,0.5703991130820399,1,0,True,False,True,False,False,False,False,False,False,True,False
45,19.61,40.81,0,0,1,0,18.64,967,1.052038626609442,0,0,True,False,False,True,False,False,False,False,False,True,False
45,11.31,60.87,0,0,0,1,18.08,581,0.6255530973451329,0,0,False,False,False,False,False,False,False,False,False,True,False
59,8.15,66.9,1,0,0,0,9.22,1080,0.8839479392624728,0,0,False,False,False,False,True,False,False,False,False,False,False
60,3.71,40.41,0,0,0,0,14.36,328,0.25835654596100277,0,0,True,False,False,False,False,True,False,False,False,False,True
38,5.74,52.56,0,1,0,1,13.9,721,0.4129496402877698,0,0,True,False,False,False,False,True,False,False,False,False,True
41,14.63,28.55,1,1,0,0,8.43,587,1.7354685646500594,0,0,True,False,False,False,False,False,True,False,False,False,False
59,7.0,86.15,0,0,0,0,14.22,474,0.4922644163150492,0,0,True,False,False,False,False,True,False,False,False,False,True
57,7.07,28.73,1,0,0,0,14.3,127,0.4944055944055944,0,0,True,False,False,False,False,False,True,False,False,False,True
19,10.93,67.99,0,0,1,0,17.82,87,0.6133557800224466,0,1,False,False,False,True,False,False,False,False,False,True,False
72,11.56,41.11,0,0,0,1,14.66,206,0.7885402455661664,0,0,False,False,False,False,False,False,False,False,False,False,True
25,7.1,35.36,0,0,0,0,17.58,748,0.40386803185437997,0,0,True,False,False,False,False,False,True,False,False,True,False
65,6.03,76.7,2,0,0,1,8.82,695,0.6836734693877551,1,0,False,False,False,False,False,False,False,False,True,False,False
44,0.72,31.79,0,0,0,1,9.21,1080,0.0781758957654723,0,0,False,False,True,False,False,False,False,False,False,False,False
39,5.76,77.89,2,0,1,0,17.42,352,0.33065442020665897,1,0,True,False,False,True,False,False,False,False,False,True,False
54,4.35,40.42,0,0,0,1,9.15,704,0.4754098360655737,0,0,False,False,False,False,False,True,False,False,False,False,False
44,8.24,59.86,0,0,1,0,9.72,875,0.8477366255144032,0,0,False,False,False,False,False,False,True,False,False,False,False
74,4.2,44.59,1,0,0,1,14.62,119,0.2872777017783858,0,0,True,False,False,False,False,False,False,True,False,False,True
46,3.07,35.43,1,0,0,1,18.18,160,0.16886688668866887,0,0,False,True,False,False,True,False,False,False,False,True,False
20,0.96,39.95,0,0,0,0,8.75,1082,0.10971428571428571,0,0,True,False,True,False,False,False,False,False,False,False,False
61,5.3,31.3,1,0,0,0,8.97,691,0.5908584169453734,0,0,True,False,False,False,False,False,False,False,False,False,False
30,9.43,52.02,0,1,1,0,14.15,87,0.6664310954063604,0,1,False,False,False,False,False,True,False,False,False,False,True
62,1.38,73.2,1,0,0,1,14.09,1023,0.09794180269694819,0,0,True,False,False,False,False,False,False,True,False,False,True
27,9.92,82.89,0,0,0,0,9.33,1078,1.0632368703108253,0,0,True,False,False,False,False,False,False,False,True,False,False
53,14.13,35.54,1,0,1,0,17.3,219,0.8167630057803469,0,0,True,False,False,False,False,False,True,False,False,True,False
26,25.38,40.68,1,0,1,0,13.77,988,1.8431372549019607,0,0,False,False,False,False,False,False,False,True,False,False,True
71,7.31,75.89,0,0,0,0,18.29,105,0.39967195188627663,0,0,False,False,True,False,False,False,False,False,False,True,False
73,6.94,46.23,2,0,1,1,9.23,400,0.7518959913326111,1,0,False,False,False,False,False,True,False,False,False,False,False
72,1.55,62.48,1,0,1,0,14.12,928,0.10977337110481587,0,0,False,False,False,False,False,False,False,True,False,False,True
44,15.25,45.05,0,0,0,0,18.44,880,0.8270065075921909,0,0,True,False,False,False,False,False,False,False,True,True,False
51,5.37,30.71,3,0,1,1,14.46,535,0.37136929460580914,1,0,True,False,False,False,True,False,False,False,False,False,True
68,6.35,96.4,1,1,1,0,8.48,212,0.7488207547169811,0,0,False,False,False,True,False,False,False,False,False,False,False
18,11.99,76.77,0,0,0,1,18.13,183,0.6613348041919471,0,0,False,False,False,False,False,False,True,False,False,True,False
49,7.6,45.88,1,0,0,0,14.42,932,0.5270457697642164,0,0,True,False,True,False,False,False,False,False,False,False,True
42,11.88,56.65,0,0,0,0,17.95,1076,0.6618384401114207,0,0,True,False,False,False,False,True,False,False,False,True,False
46,8.97,17.14,1,1,0,1,8.95,555,1.0022346368715085,0,0,False,False,False,True,False,False,False,False,False,False,False
24,17.19,35.94,2,0,0,0,14.22,635,1.2088607594936709,1,0,False,True,False,False,False,False,True,False,False,False,True
66,10.96,30.38,1,1,0,0,17.26,908,0.6349942062572421,0,0,False,False,False,False,False,False,True,False,False,True,False
20,3.65,43.62,0,0,0,1,13.88,368,0.26296829971181557,0,0,True,False,False,False,False,False,False,False,False,False,True
37,15.11,71.76,0,0,0,0,8.75,1094,1.7268571428571429,0,0,False,True,False,False,False,False,True,False,False,False,False
37,6.75,77.32,2,0,0,0,8.95,547,0.7541899441340782,1,0,False,False,False,False,False,False,False,True,False,False,False
70,7.54,20.85,1,0,0,0,9.64,436,0.7821576763485477,0,0,False,False,False,False,False,False,False,True,False,False,False
47,5.43,86.06,0,0,0,0,9.24,167,0.5876623376623377,0,0,False,False,False,True,False,False,False,False,False,False,False
52,1.01,63.6,1,1,0,0,13.21,370,0.07645722937168811,0,0,False,False,False,False,True,False,False,False,False,False,True
52,7.66,6.63,3,1,0,1,8.64,571,0.8865740740740741,1,0,False,False,False,False,False,False,False,False,True,False,False
66,9.71,39.88,0,0,0,1,8.12,254,1.1958128078817736,0,0,False,False,False,False,False,True,False,False,False,False,False
56,22.27,27.96,1,1,0,1,8.91,290,2.499438832772166,0,0,False,False,False,True,False,False,False,False,False,False,False
44,8.0,73.33,0,0,0,0,14.02,726,0.5706134094151213,0,0,False,False,False,False,False,True,False,False,False,False,True
43,7.77,18.86,1,0,0,1,14.09,840,0.5514549325762952,0,0,True,False,False,True,False,False,False,False,False,False,True
31,8.66,85.78,1,1,0,0,13.73,502,0.6307356154406409,0,0,False,False,True,False,False,False,False,False,False,False,True
34,8.4,64.16,0,0,0,1,17.57,106,0.47808764940239046,0,0,False,False,False,False,False,False,False,True,False,True,False
35,7.98,71.02,2,0,0,1,8.73,291,0.9140893470790378,1,0,False,True,False,False,False,False,True,False,False,False,False
62,9.34,63.88,0,0,0,1,14.09,1055,0.6628814762242725,0,0,True,False,False,False,False,False,False,False,True,False,True
69,5.48,46.19,1,0,0,1,8.9,46,0.6157303370786517,0,1,False,False,False,True,False,False,False,False,False,False,False
46,7.53,87.34,0,0,0,0,8.96,373,0.8404017857142857,0,0,True,False,True,False,False,False,False,False,False,False,False
37,26.8,25.47,0,0,1,0,14.41,1065,1.8598195697432338,0,0,False,False,False,False,False,True,False,False,False,False,True
70,18.28,39.43,1,0,0,0,18.12,969,1.0088300220750552,0,0,False,False,True,False,False,False,False,False,False,True,False
44,2.01,83.51,2,0,1,0,9.1,723,0.22087912087912087,1,0,True,False,True,False,False,False,False,False,False,False,False
35,24.77,57.74,0,1,0,0,9.29,875,2.6663078579117334,0,0,False,False,False,False,False,True,False,False,False,False,False
21,23.21,16.53,0,1,0,0,14.23,1060,1.6310611384399156,0,0,True,False,True,False,False,False,False,False,False,False,True
18,16.37,63.61,0,1,0,0,14.27,275,1.1471618780658726,0,0,True,False,False,False,True,False,False,False,False,False,True
67,4.96,67.26,0,1,0,0,13.93,1015,0.3560660445082556,0,0,False,False,True,False,False,False,False,False,False,False,True
18,3.01,55.15,0,0,0,1,13.87,203,0.21701514059120403,0,0,True,False,False,False,False,False,False,False,True,False,True
43,17.11,70.31,0,1,0,0,18.0,875,0.9505555555555555,0,0,True,False,False,True,False,False,False,False,False,True,False
62,4.16,42.26,0,0,0,0,8.65,722,0.48092485549132946,0,0,True,False,False,False,False,False,False,True,False,False,False
37,6.78,25.74,2,0,0,0,8.8,1038,0.7704545454545454,1,0,True,False,False,False,False,False,False,False,True,False,False
69,7.79,62.05,0,0,0,1,8.81,310,0.8842224744608399,0,0,False,False,False,False,False,False,True,False,False,False,False
40,3.38,82.42,0,0,0,0,13.76,1019,0.24563953488372092,0,0,False,False,False,False,False,False,False,False,False,False,True
27,12.7,19.42,0,1,0,0,8.75,266,1.4514285714285713,0,0,False,False,False,False,True,False,False,False,False,False,False
28,5.98,7.51,0,0,0,1,18.33,186,0.3262411347517731,0,0,True,False,False,False,True,False,False,False,False,True,False
58,0.29,64.45,1,0,1,0,14.5,1052,0.019999999999999997,0,0,True,False,False,False,False,False,True,False,False,False,True
58,5.24,39.45,0,0,0,0,9.29,367,0.5640473627556513,0,0,True,False,False,False,False,True,False,False,False,False,False
22,2.76,52.81,2,0,0,1,8.83,366,0.31257078142695355,1,0,False,False,False,False,False,False,False,False,True,False,False
18,6.83,4.71,0,0,0,1,14.11,800,0.484053862508859,0,0,False,False,False,False,False,False,False,False,True,False,True
34,27.89,64.93,0,0,1,0,8.82,524,3.1621315192743764,0,0,False,False,False,False,False,False,True,False,False,False,False
39,13.68,65.1,2,1,0,1,17.72,576,0.7720090293453725,1,0,False,False,False,False,False,True,False,False,False,True,False
51,14.15,73.39,2,1,0,0,14.02,190,1.0092724679029959,1,0,False,False,False,False,False,False,False,False,False,False,True
73,7.24,53.45,0,0,0,0,9.23,634,0.7843986998916577,0,0,False,False,True,False,False,False,False,False,False,False,False
62,8.51,10.47,2,0,0,1,14.32,416,0.5942737430167597,1,0,False,False,False,False,False,True,False,False,False,False,True
58,5.94,32.26,0,0,0,0,8.25,1017,0.7200000000000001,0,0,True,False,False,True,False,False,False,False,False,False,False
46,1.92,25.86,0,0,0,1,13.88,263,0.13832853025936598,0,0,True,False,True,False,False,False,False,False,False,False,True
21,2.76,86.48,0,0,0,0,9.22,740,0.299349240780911,0,0,False,False,False,True,False,False,False,False,False,False,False
22,1.75,50.92,1,1,0,0,13.66,488,0.1281112737920937,0,0,False,False,False,False,False,False,False,True,False,False,True
28,4.37,26.91,0,0,0,1,14.07,442,0.31058990760483296,0,0,False,True,False,False,False,False,False,False,True,False,True
73,7.95,87.05,1,0,0,0,14.76,1071,0.5386178861788619,0,0,True,False,False,False,False,False,False,False,True,False,True
68,6.85,60.43,0,0,0,1,13.97,101,0.49033643521832493,0,0,True,False,False,False,False,False,True,False,False,False,True
38,11.62,52.09,4,1,0,0,8.57,407,1.3558926487747958,1,0,False,True,False,False,False,False,True,False,False,False,False
52,11.94,29.18,2,0,0,0,13.93,711,0.8571428571428571,1,0,False,False,True,False,False,False,False,False,False,False,True
29,4.7,48.04,1,1,0,0,14.51,863,0.32391454169538253,0,0,True,False,False,False,False,True,False,False,False,False,True
43,13.98,48.89,0,1,0,0,14.0,180,0.9985714285714286,0,0,False,False,False,False,False,False,False,False,True,False,True
68,4.86,78.72,2,1,0,1,17.62,749,0.2758229284903519,1,0,True,False,False,False,False,False,False,False,True,True,False
36,21.12,44.51,2,0,0,0,9.1,159,2.320879120879121,1,0,True,False,False,False,True,False,False,False,False,False,False
62,7.46,35.17,1,0,0,0,14.5,435,0.5144827586206897,0,0,False,False,False,True,False,False,False,False,False,False,True
24,9.91,27.2,0,0,0,0,13.87,1086,0.7144917087238645,0,0,False,False,False,False,False,False,False,True,False,False,True
64,6.67,60.77,1,0,0,0,13.89,565,0.4802015838732901,0,0,True,False,False,False,False,False,False,True,False,False,True
72,2.57,85.78,1,1,1,0,13.76,226,0.1867732558139535,0,0,True,False,False,True,False,False,False,False,False,False,True
24,2.26,56.34,0,1,0,0,9.62,946,0.2349272349272349,0,0,False,False,True,False,False,False,False,False,False,False,False
43,17.72,28.09,0,0,0,0,13.83,1099,1.2812725958062183,0,0,True,False,False,False,False,False,False,False,False,False,True
57,11.66,66.77,0,0,0,1,8.81,303,1.3234960272417706,0,0,False,False,False,False,False,True,False,False,False,False,False
22,4.55,91.12,0,1,0,0,14.11,162,0.32246633593196317,0,0,False,False,False,False,False,False,False,False,True,False,True
38,13.6,73.39,0,0,1,1,14.05,293,0.9679715302491102,0,0,True,False,False,False,True,False,False,False,False,False,True
31,8.46,87.87,0,1,0,0,9.1,396,0.9296703296703298,0,0,False,False,False,False,False,True,False,False,False,False,False
21,5.8,30.37,0,0,0,0,13.93,854,0.416367552045944,0,0,False,False,False,False,False,False,False,False,True,False,True
40,17.29,38.32,0,1,0,0,8.84,34,1.9558823529411764,0,1,True,False,False,False,False,False,True,False,False,False,False
59,6.54,92.75,0,0,1,1,13.53,298,0.48337028824833705,0,0,True,False,False,False,False,True,False,False,False,False,True
37,17.06,48.92,0,0,0,0,13.37,880,1.2759910246821242,0,0,True,False,True,False,False,False,False,False,False,False,True
32,10.46,63.87,0,1,1,0,14.07,762,0.7434257285003554,0,0,False,False,False,False,False,True,False,False,False,False,True
67,9.62,50.85,0,1,0,0,18.07,98,0.5323741007194244,0,0,False,False,False,False,False,False,False,False,False,True,False
69,0.8,33.95,0,0,1,0,13.85,829,0.05776173285198556,0,0,True,False,False,False,False,True,False,False,False,False,True
62,13.62,67.21,1,1,0,0,9.15,387,1.4885245901639343,0,0,True,False,False,False,False,True,False,False,False,False,False
46,10.69,22.62,1,1,0,1,17.27,354,0.6189924724956571,0,0,True,False,False,False,False,True,False,False,False,True,False
25,3.15,67.57,0,0,0,0,8.84,780,0.3563348416289593,0,0,False,False,False,False,False,False,False,True,False,False,False
58,8.22,34.34,0,0,1,1,14.09,285,0.5833924769339958,0,0,True,False,False,False,False,False,False,False,True,False,True
65,5.58,41.83,1,0,0,1,18.5,448,0.30162162162162165,0,0,False,False,False,False,False,False,False,False,False,True,False
36,12.11,87.02,1,1,0,0,14.01,240,0.8643825838686652,0,0,True,False,False,True,False,False,False,False,False,False,True
65,13.04,38.14,1,0,0,0,9.18,940,1.420479302832244,0,0,False,False,True,False,False,False,False,False,False,False,False
56,7.5,17.08,0,1,0,0,8.12,613,0.9236453201970444,0,0,False,False,False,True,False,False,False,False,False,False,False
63,6.81,5.36,2,0,0,0,8.57,606,0.79463243873979,1,0,False,False,False,False,False,False,False,True,False,False,False
45,3.59,24.14,0,0,0,1,8.86,195,0.4051918735891648,0,0,True,False,False,False,False,False,False,False,True,False,False
63,9.89,74.61,1,0,0,1,9.15,243,1.0808743169398907,0,0,False,False,False,False,True,False,False,False,False,False,False
74,5.53,55.01,1,1,0,1,13.31,558,0.4154770848985725,0,0,True,False,True,False,False,False,False,False,False,False,True
44,0.82,46.47,0,0,0,1,8.81,32,0.0930760499432463,0,1,True,False,False,False,False,False,False,False,True,False,False
21,3.17,45.75,0,0,1,0,17.57,924,0.18042117245304495,0,0,False,False,False,False,False,False,False,True,False,True,False
32,3.76,64.83,0,0,0,0,18.21,925,0.20647995606809444,0,0,False,False,False,False,False,False,False,True,False,True,False
52,8.77,34.36,2,0,1,1,18.07,81,0.4853348090758162,1,1,True,False,False,False,True,False,False,False,False,True,False
54,8.25,84.33,1,1,0,0,8.7,466,0.9482758620689656,0,0,True,False,True,False,False,False,False,False,False,False,False
18,5.83,68.38,1,0,1,1,13.66,1051,0.4267935578330893,0,0,False,False,True,False,False,False,False,False,False,False,True
20,20.47,68.15,0,0,0,0,8.69,123,2.3555811277330263,0,0,False,False,False,False,False,False,False,False,False,False,False
64,16.04,25.11,0,0,1,0,9.13,616,1.7568455640744796,0,0,True,False,False,False,False,False,False,False,True,False,False
41,12.73,67.57,0,0,1,0,13.84,632,0.9197976878612717,0,0,False,False,False,False,False,False,False,False,False,False,True
44,7.73,64.53,0,0,0,0,17.84,115,0.43329596412556054,0,0,True,False,False,False,False,False,False,True,False,True,False
57,11.24,65.61,0,1,0,0,8.8,547,1.2772727272727271,0,0,False,False,False,True,False,False,False,False,False,False,False
53,4.49,48.47,0,0,0,0,9.84,771,0.45630081300813014,0,0,False,False,False,False,False,False,False,True,False,False,False
51,8.26,89.26,0,1,0,0,8.84,459,0.9343891402714932,0,0,True,False,False,False,False,True,False,False,False,False,False
46,7.65,68.52,0,0,0,1,13.75,892,0.5563636363636364,0,0,False,False,False,False,True,False,False,False,False,False,True
41,0.99,58.71,1,1,1,0,17.23,858,0.057457922228670924,0,0,False,False,False,False,True,False,False,False,False,True,False
41,14.56,30.21,1,1,0,1,8.83,72,1.6489241223103057,0,1,False,False,False,True,False,False,False,False,False,False,False
59,4.83,26.85,1,1,0,0,9.31,433,0.518796992481203,0,0,False,False,False,True,False,False,False,False,False,False,False
21,8.37,19.24,3,1,0,0,17.93,198,0.46681539319576126,1,0,False,False,True,False,False,False,False,False,False,True,False
20,4.72,28.28,0,0,1,1,9.46,232,0.49894291754756864,0,0,True,False,False,True,False,False,False,False,False,False,False
51,9.28,35.74,0,0,0,0,13.93,735,0.6661880832735104,0,0,True,False,False,False,False,False,False,False,False,False,True
74,4.31,63.85,0,1,0,0,8.8,572,0.4897727272727272,0,0,True,False,False,False,False,False,False,True,False,False,False
66,13.35,30.34,0,1,0,1,14.68,131,0.909400544959128,0,0,False,True,False,False,False,True,False,False,False,False,True
40,4.07,45.59,1,1,1,0,13.07,375,0.3114001530221882,0,0,False,False,False,False,False,False,False,False,True,False,True
70,4.66,17.28,1,0,0,1,14.36,632,0.32451253481894154,0,0,False,False,False,False,False,True,False,False,False,False,True
73,10.03,29.94,0,0,0,1,8.83,471,1.1359003397508494,0,0,True,False,False,False,False,False,True,False,False,False,False
69,10.32,51.88,0,0,0,0,8.16,279,1.2647058823529411,0,0,False,False,False,False,False,False,False,False,True,False,False
40,8.2,46.34,0,0,0,0,10.02,907,0.8183632734530938,0,0,False,False,False,False,True,False,False,False,False,False,False
62,3.73,52.55,0,0,1,1,13.67,700,0.2728602779809802,0,0,False,False,False,False,False,False,False,False,True,False,True
22,5.17,5.45,1,1,0,1,17.6,277,0.29374999999999996,0,0,True,False,False,True,False,False,False,False,False,True,False
48,7.79,4.2,0,0,0,1,18.18,681,0.4284928492849285,0,0,True,False,False,False,False,False,False,True,False,True,False
70,15.36,27.98,3,0,1,1,8.9,930,1.7258426966292133,1,0,False,False,False,False,False,False,False,False,False,False,False
58,3.61,48.06,2,1,1,1,17.39,120,0.20759056929269692,1,0,False,False,False,True,False,False,False,False,False,True,False
74,8.29,41.88,1,1,0,0,9.32,597,0.8894849785407725,0,0,True,False,False,True,False,False,False,False,False,False,False
74,6.33,32.95,0,0,1,0,13.72,577,0.4613702623906705,0,0,False,False,False,False,False,True,False,False,False,False,True
71,4.03,63.08,1,0,1,0,15.11,109,0.2667107875579087,0,0,True,False,True,False,False,False,False,False,False,False,True
23,5.63,65.49,0,0,1,0,8.39,963,0.67103694874851,0,0,False,False,False,False,False,False,False,False,False,False,False
54,7.45,52.17,0,1,0,1,9.66,1010,0.7712215320910973,0,0,False,False,False,False,False,False,True,False,False,False,False
74,3.52,32.88,0,1,0,0,9.17,899,0.38386041439476554,0,0,True,False,True,False,False,False,False,False,False,False,False
27,6.77,54.33,0,1,0,1,14.4,198,0.47013888888888883,0,0,False,False,False,False,False,False,True,False,False,False,True
57,27.8,12.85,0,0,1,0,14.44,653,1.925207756232687,0,0,True,False,False,False,False,False,True,False,False,False,True
24,1.59,72.66,2,0,0,1,14.05,408,0.11316725978647686,1,0,True,False,False,False,False,False,False,True,False,False,True
56,13.76,75.69,3,0,0,0,17.88,223,0.7695749440715884,1,0,False,False,False,False,False,False,False,True,False,True,False
55,7.88,69.48,1,0,0,0,14.22,293,0.5541490857946554,0,0,True,False,False,True,False,False,False,False,False,False,True
38,5.38,90.22,0,1,1,0,14.46,550,0.3720608575380359,0,0,True,False,False,False,True,False,False,False,False,False,True
37,6.49,27.76,2,1,0,1,13.81,948,0.4699493120926865,1,0,True,False,False,False,True,False,False,False,False,False,True
20,6.15,6.69,0,1,0,0,9.32,508,0.6598712446351932,0,0,True,False,False,False,False,False,True,False,False,False,False
68,5.43,30.2,2,1,0,1,8.9,603,0.6101123595505618,1,0,True,False,False,False,False,False,False,False,False,False,False
39,11.99,16.73,1,0,0,1,13.79,872,0.8694706308919508,0,0,True,False,False,False,True,False,False,False,False,False,True
64,27.27,31.62,0,0,0,0,14.36,925,1.899025069637883,0,0,False,False,False,False,False,False,False,True,False,False,True
21,1.23,91.67,1,0,0,1,18.29,546,0.06724986331328595,0,0,True,False,False,False,True,False,False,False,False,True,False
45,4.16,26.55,0,1,1,0,8.54,1053,0.4871194379391101,0,0,False,False,False,False,False,False,True,False,False,False,False
29,6.28,55.21,0,0,0,1,9.15,925,0.6863387978142077,0,0,True,False,False,False,False,True,False,False,False,False,False
55,11.18,28.15,0,0,0,0,8.85,494,1.263276836158192,0,0,True,False,True,False,False,False,False,False,False,False,False
68,4.56,50.93,3,0,0,0,8.36,642,0.5454545454545454,1,0,True,False,False,False,False,False,False,False,False,False,False
53,3.76,43.15,0,0,0,1,14.41,634,0.26092990978487157,0,0,False,False,False,False,False,False,False,False,False,False,True
64,4.79,28.93,0,0,0,0,19.17,650,0.2498695878977569,0,0,False,False,False,False,False,False,False,False,True,True,False
58,3.53,51.65,0,1,0,0,13.73,1029,0.25710123816460306,0,0,False,False,False,True,False,False,False,False,False,False,True
22,2.64,64.09,0,1,0,1,14.15,584,0.18657243816254418,0,0,True,False,False,False,True,False,False,False,False,False,True
30,9.84,59.41,1,1,0,1,13.73,165,0.716678805535324,0,0,False,False,False,True,False,False,False,False,False,False,True
40,7.83,13.36,0,0,0,1,9.95,359,0.7869346733668342,0,0,True,False,False,True,False,False,False,False,False,False,False
67,9.62,60.47,1,0,0,0,17.45,984,0.5512893982808023,0,0,True,False,False,False,False,False,False,False,False,True,False
47,28.35,33.66,0,0,1,0,13.72,424,2.066326530612245,0,0,False,False,False,False,False,True,False,False,False,False,True
54,11.63,26.86,0,1,0,1,8.82,185,1.31859410430839,0,0,True,False,False,False,False,True,False,False,False,False,False
42,13.1,62.67,1,1,0,0,14.29,1092,0.9167249825052485,0,0,False,True,False,False,False,False,False,True,False,False,True
65,7.59,39.39,1,0,1,1,14.06,899,0.5398293029871977,0,0,True,False,True,False,False,False,False,False,False,False,True
44,28.82,66.24,1,0,0,0,8.75,567,3.2937142857142856,0,0,False,True,False,False,False,False,False,True,False,False,False
68,11.7,11.29,2,1,0,1,8.69,1099,1.3463751438434983,1,0,False,False,False,False,True,False,False,False,False,False,False
31,15.07,31.79,1,1,0,0,8.38,697,1.7983293556085918,0,0,False,False,False,False,False,False,True,False,False,False,False
74,5.54,61.83,1,0,0,0,9.0,273,0.6155555555555555,0,0,True,False,False,False,False,True,False,False,False,False,False
65,4.07,31.82,0,0,0,0,8.84,576,0.46040723981900455,0,0,True,False,False,False,False,True,False,False,False,False,False
64,18.78,85.32,0,1,1,0,13.73,479,1.3678077203204662,0,0,False,False,False,False,False,False,False,False,True,False,True
71,2.08,31.63,1,0,1,1,14.74,307,0.14111261872455902,0,0,True,False,False,False,False,False,False,False,True,False,True
53,14.38,34.96,2,1,0,0,13.81,783,1.0412744388124549,1,0,False,False,False,False,False,True,False,False,False,False,True
56,13.82,58.47,0,0,1,0,18.87,435,0.7323794382617912,0,0,False,True,True,False,False,False,False,False,False,True,False
33,5.46,42.71,1,1,0,1,14.04,800,0.3888888888888889,0,0,True,False,False,False,False,False,False,False,False,False,True
73,6.79,78.57,2,0,0,1,13.5,1099,0.502962962962963,1,0,False,False,False,False,False,False,False,False,False,False,True
39,8.82,81.67,0,1,1,1,18.08,778,0.4878318584070797,0,0,False,False,False,False,False,True,False,False,False,True,False
38,4.4,41.49,2,0,0,0,14.26,801,0.30855539971949514,1,0,True,False,False,False,False,False,False,False,False,False,True
71,5.47,28.83,1,0,0,1,8.76,267,0.6244292237442922,0,0,True,False,False,False,False,False,False,False,True,False,False
38,3.8,74.27,1,0,0,1,9.28,230,0.40948275862068967,0,0,True,False,False,False,False,False,True,False,False,False,False
25,10.03,76.95,1,1,0,0,13.35,775,0.7513108614232209,0,0,True,False,False,False,False,False,False,False,False,False,True
66,4.65,48.21,1,0,0,0,13.74,261,0.3384279475982533,0,0,False,False,False,True,False,False,False,False,False,False,True
33,6.83,55.05,0,0,0,1,18.27,753,0.3738368910782704,0,0,True,False,False,False,False,False,False,True,False,True,False
72,6.64,20.1,0,1,0,0,14.51,754,0.4576154376292212,0,0,False,True,False,False,False,True,False,False,False,False,True
48,5.19,48.58,0,0,0,0,17.94,116,0.28929765886287623,0,0,True,False,False,False,False,False,False,False,False,True,False
59,13.16,38.39,1,0,0,0,9.0,732,1.4622222222222223,0,0,False,False,False,True,False,False,False,False,False,False,False
27,8.2,49.07,0,0,0,0,14.26,849,0.5750350631136044,0,0,False,False,False,False,False,False,True,False,False,False,True
49,4.88,46.56,0,1,0,1,18.13,83,0.26916712630998346,0,1,True,False,False,False,False,True,False,False,False,True,False
51,4.42,20.79,2,0,0,1,9.14,1095,0.4835886214442013,1,0,True,False,False,True,False,False,False,False,False,False,False
26,10.01,66.74,1,0,0,0,9.15,771,1.0939890710382514,0,0,False,False,True,False,False,False,False,False,False,False,False
34,2.02,65.51,1,0,0,1,8.93,723,0.22620380739081747,0,0,False,False,True,False,False,False,False,False,False,False,False
28,5.84,50.26,1,0,0,1,14.02,465,0.4165477888730385,0,0,True,False,False,True,False,False,False,False,False,False,True
49,3.64,41.02,0,1,1,0,9.56,623,0.3807531380753138,0,0,True,False,False,False,False,False,False,False,True,False,False
27,11.78,7.63,0,1,0,1,13.76,471,0.8561046511627907,0,0,True,False,False,False,False,False,True,False,False,False,True
39,3.02,53.68,2,0,1,0,9.21,196,0.3279044516829533,1,0,True,False,False,True,False,False,False,False,False,False,False
74,14.57,30.98,0,1,0,0,13.54,595,1.0760709010339735,0,0,False,False,False,False,False,False,False,True,False,False,True
34,18.75,31.94,1,0,1,1,17.84,102,1.0510089686098654,0,0,False,False,False,False,False,False,True,False,False,True,False
21,9.41,26.59,1,0,0,0,8.37,754,1.1242532855436083,0,0,True,False,False,False,False,False,False,True,False,False,False
65,3.92,32.29,1,0,0,0,8.82,977,0.4444444444444444,0,0,False,True,False,False,False,False,False,True,False,False,False
69,19.99,80.63,0,0,0,1,13.28,299,1.5052710843373494,0,0,True,False,False,False,False,False,True,False,False,False,True
64,29.02,20.46,0,1,0,0,13.97,248,2.0773085182534,0,0,False,False,False,False,False,True,False,False,False,False,True
42,6.89,25.29,0,0,0,1,9.44,576,0.7298728813559322,0,0,True,False,False,False,True,False,False,False,False,False,False
38,5.2,13.28,1,0,1,0,13.68,337,0.3801169590643275,0,0,True,False,False,False,False,False,True,False,False,False,True
54,7.03,21.73,0,0,0,1,18.76,450,0.3747334754797441,0,0,True,False,False,True,False,False,False,False,False,True,False
55,19.53,75.68,1,0,0,0,8.69,878,2.2474108170310703,0,0,True,False,False,False,False,True,False,False,False,False,False
66,11.5,81.08,1,1,1,0,9.02,915,1.2749445676274944,0,0,False,False,False,False,False,False,False,True,False,False,False
18,10.66,81.46,0,0,0,0,14.23,491,0.7491215741391426,0,0,False,False,False,False,False,True,False,False,False,False,True
42,25.19,29.5,1,0,0,0,14.16,614,1.7789548022598871,0,0,True,False,False,False,False,True,False,False,False,False,True
68,4.77,65.21,0,1,0,0,9.02,945,0.5288248337028825,0,0,False,False,False,False,False,False,False,False,False,False,False
53,11.41,6.68,0,1,1,0,13.69,67,0.83345507669832,0,1,True,False,False,True,False,False,False,False,False,False,True
34,13.46,39.89,1,0,0,0,17.52,455,0.7682648401826485,0,0,False,False,True,False,False,False,False,False,False,True,False
58,21.21,4.3,1,0,0,0,8.48,463,2.501179245283019,0,0,True,False,True,False,False,False,False,False,False,False,False
41,2.66,93.27,0,0,0,0,14.14,1084,0.18811881188118812,0,0,True,False,False,True,False,False,False,False,False,False,True
19,24.39,43.85,0,0,0,0,9.27,234,2.6310679611650487,0,0,True,False,False,True,False,False,False,False,False,False,False
57,11.02,84.38,1,0,1,0,13.98,734,0.7882689556509298,0,0,False,False,False,False,False,False,False,False,True,False,True
32,18.34,61.79,0,1,0,0,14.23,771,1.2888264230498945,0,0,False,False,True,False,False,False,False,False,False,False,True
49,3.21,82.94,0,0,0,0,13.71,69,0.23413566739606126,0,1,True,False,False,False,True,False,False,False,False,False,True
56,0.91,58.64,1,0,0,0,14.07,870,0.06467661691542288,0,0,True,False,False,False,False,False,False,True,False,False,True
23,14.06,51.22,0,1,0,0,8.96,935,1.5691964285714284,0,0,True,False,False,False,False,False,True,False,False,False,False
18,4.62,50.62,2,0,0,0,14.11,197,0.3274273564847626,1,0,False,False,False,False,False,False,True,False,False,False,True
64,10.7,69.46,1,0,0,0,14.78,671,0.7239512855209743,0,0,False,False,False,False,True,False,False,False,False,False,True
40,6.6,40.67,1,0,0,0,9.61,716,0.6867845993756504,0,0,True,False,True,False,False,False,False,False,False,False,False
56,21.16,42.76,0,0,0,0,18.56,629,1.1400862068965518,0,0,True,False,False,False,False,False,False,True,False,True,False
74,9.88,57.53,0,1,0,0,8.9,131,1.1101123595505618,0,0,False,False,True,False,False,False,False,False,False,False,False
34,6.25,66.67,0,1,0,0,13.41,789,0.46607009694258017,0,0,True,False,False,False,False,True,False,False,False,False,True
51,2.95,67.08,0,1,0,1,9.16,747,0.3220524017467249,0,0,True,False,False,False,False,False,False,False,True,False,False
58,5.57,78.93,0,1,0,0,14.14,118,0.3939179632248939,0,0,True,False,True,False,False,False,False,False,False,False,True
46,16.67,20.47,0,1,1,0,8.94,374,1.8646532438478751,0,0,True,False,False,False,False,False,False,False,True,False,False
26,11.24,75.98,0,0,0,0,8.84,829,1.2714932126696834,0,0,False,False,False,True,False,False,False,False,False,False,False
30,1.46,69.24,1,0,0,0,8.36,637,0.17464114832535885,0,0,False,False,False,True,False,False,False,False,False,False,False
23,1.41,62.7,3,1,1,0,13.96,188,0.10100286532951289,1,0,True,False,False,False,False,False,True,False,False,False,True
23,7.77,80.38,0,0,0,0,13.68,565,0.5679824561403508,0,0,False,False,False,False,False,False,False,True,False,False,True
37,27.75,35.82,0,0,0,0,13.8,192,2.010869565217391,0,0,True,False,False,False,False,False,False,False,False,False,True
69,14.21,70.8,0,0,0,0,17.41,315,0.8161975875933372,0,0,False,False,False,False,False,True,False,False,False,True,False
70,0.8,22.34,0,0,0,1,17.91,894,0.0446677833612507,0,0,False,False,False,False,False,False,False,False,True,True,False
20,5.06,72.0,0,1,1,0,13.95,84,0.36272401433691753,0,1,False,False,True,False,False,False,False,False,False,False,True
34,9.17,54.52,2,1,0,1,14.06,605,0.6522048364153628,1,0,True,False,False,True,False,False,False,False,False,False,True
66,17.17,46.5,2,0,0,1,8.3,62,2.068674698795181,1,1,True,False,False,False,False,True,False,False,False,False,False
29,14.73,43.32,1,0,0,1,18.08,587,0.814712389380531,0,0,True,False,True,False,False,False,False,False,False,True,False
65,1.7,4.1,1,1,1,0,17.7,760,0.096045197740113,0,0,False,False,False,False,False,True,False,False,False,True,False
64,7.69,75.91,1,0,0,0,8.62,1022,0.8921113689095129,0,0,True,False,False,False,False,False,True,False,False,False,False
62,17.5,87.24,1,1,0,0,14.6,830,1.1986301369863015,0,0,False,False,False,False,True,False,False,False,False,False,True
72,1.1,81.82,1,1,1,1,18.55,225,0.05929919137466307,0,0,False,True,False,False,False,True,False,False,False,True,False
18,5.91,81.95,2,0,0,1,9.29,477,0.636167922497309,1,0,False,False,False,True,False,False,False,False,False,False,False
34,5.42,35.55,1,0,0,1,8.89,954,0.6096737907761529,0,0,False,False,False,False,False,False,False,False,False,False,False
20,4.63,77.86,2,0,1,0,9.57,121,0.48380355276907,1,0,True,False,False,False,True,False,False,False,False,False,False
43,2.64,55.79,1,0,0,1,9.35,637,0.28235294117647064,0,0,True,False,False,True,False,False,False,False,False,False,False
32,9.38,46.88,0,0,1,1,9.28,315,1.0107758620689657,0,0,True,False,True,False,False,False,False,False,False,False,False
53,13.11,65.44,0,1,1,0,8.95,903,1.464804469273743,0,0,False,False,False,True,False,False,False,False,False,False,False
49,4.73,75.11,1,0,0,1,9.29,131,0.5091496232508074,0,0,True,False,False,False,True,False,False,False,False,False,False
49,5.51,64.72,0,1,1,0,18.08,169,0.3047566371681416,0,0,False,False,False,False,False,True,False,False,False,True,False
21,7.48,69.6,1,0,1,0,8.51,864,0.8789659224441834,0,0,True,False,False,False,False,False,False,False,False,False,False
35,2.12,54.69,1,0,1,1,14.6,295,0.1452054794520548,0,0,True,False,False,False,False,False,False,False,False,False,True
66,15.2,54.87,1,0,0,0,8.94,602,1.7002237136465324,0,0,False,False,False,False,False,False,False,True,False,False,False
36,5.04,34.3,0,1,0,0,8.63,564,0.5840092699884125,0,0,True,False,False,True,False,False,False,False,False,False,False
60,10.58,48.92,2,1,0,0,18.37,552,0.5759390310288514,1,0,True,False,False,False,True,False,False,False,False,True,False
69,5.97,42.39,0,0,0,1,18.06,45,0.33056478405315615,0,1,False,False,False,False,False,False,False,True,False,True,False
52,10.73,73.86,0,0,0,0,13.63,590,0.7872340425531915,0,0,True,False,True,False,False,False,False,False,False,False,True
57,4.48,34.44,2,0,0,0,14.02,907,0.31954350927246794,1,0,True,False,True,False,False,False,False,False,False,False,True
31,14.36,67.92,0,0,0,0,14.8,365,0.9702702702702701,0,0,True,False,True,False,False,False,False,False,False,False,True
50,20.5,76.47,0,0,0,0,9.46,939,2.1670190274841437,0,0,False,False,False,False,False,False,True,False,False,False,False
31,2.2,63.19,1,0,0,0,9.3,199,0.23655913978494625,0,0,False,True,False,False,True,False,False,False,False,False,False
51,1.75,46.88,1,1,0,0,14.04,942,0.12464387464387465,0,0,False,False,False,False,False,False,False,False,True,False,True
72,8.89,17.97,0,1,0,0,16.81,148,0.5288518738845925,0,0,True,False,False,False,False,False,False,False,False,True,False
21,9.19,57.56,1,0,0,0,9.52,1095,0.9653361344537815,0,0,True,False,False,False,False,False,False,False,True,False,False
41,2.63,30.92,0,1,0,0,14.61,1042,0.18001368925393565,0,0,True,False,True,False,False,False,False,False,False,False,True
46,7.27,23.9,1,0,0,0,8.32,39,0.8737980769230769,0,1,False,True,False,False,False,True,False,False,False,False,False
36,13.67,80.09,2,1,0,0,8.95,459,1.5273743016759778,1,0,True,False,False,True,False,False,False,False,False,False,False
23,1.95,21.1,0,0,0,1,13.6,78,0.14338235294117646,0,1,True,False,False,False,False,True,False,False,False,False,True
74,17.76,14.95,0,1,0,0,9.62,236,1.8461538461538465,0,0,False,False,False,False,True,False,False,False,False,False,False
50,12.25,17.76,0,1,0,1,18.62,543,0.6578947368421052,0,0,False,True,False,False,False,True,False,False,False,True,False
66,1.57,39.85,1,0,1,1,12.94,66,0.12132921174652242,0,1,True,False,False,False,False,False,False,True,False,False,True
57,10.62,41.21,2,0,0,0,9.82,247,1.0814663951120163,1,0,True,False,False,True,False,False,False,False,False,False,False
36,8.78,56.04,0,0,0,0,13.83,209,0.6348517715112074,0,0,True,False,False,True,False,False,False,False,False,False,True
70,15.68,61.04,1,0,1,1,13.23,159,1.1851851851851851,0,0,True,False,False,False,False,False,False,False,True,False,True
18,2.02,8.12,0,0,0,1,9.04,640,0.22345132743362833,0,0,False,False,False,False,False,True,False,False,False,False,False
22,7.94,41.25,1,0,0,1,14.08,688,0.5639204545454546,0,0,False,False,True,False,False,False,False,False,False,False,True
44,10.9,17.14,1,1,0,0,13.78,388,0.79100145137881,0,0,False,False,False,False,False,False,False,False,True,False,True
33,12.08,52.84,1,0,1,0,9.41,656,1.283740701381509,0,0,True,False,False,False,False,False,False,False,True,False,False
23,6.02,30.19,0,0,1,1,17.81,1057,0.33801235261089274,0,0,True,False,False,False,False,False,False,False,False,True,False
57,5.07,56.01,0,0,1,0,8.48,535,0.597877358490566,0,0,True,False,False,False,False,False,False,False,True,False,False
30,12.28,43.69,0,0,0,0,9.75,847,1.2594871794871794,0,0,True,False,True,False,False,False,False,False,False,False,False
65,9.92,59.3,0,0,0,0,13.76,823,0.7209302325581396,0,0,False,False,False,False,False,False,False,False,False,False,True
52,11.6,59.98,2,0,0,0,9.24,868,1.2554112554112553,1,0,True,False,False,True,False,False,False,False,False,False,False
36,19.97,27.34,0,0,0,0,13.97,652,1.429491768074445,0,0,True,False,True,False,False,False,False,False,False,False,True
29,3.23,41.21,0,0,1,1,14.25,658,0.22666666666666666,0,0,True,False,False,False,False,False,True,False,False,False,True
33,8.31,1.83,0,0,1,0,8.81,126,0.9432463110102157,0,0,True,False,False,True,False,False,False,False,False,False,False
60,11.7,32.12,0,0,0,0,18.24,848,0.6414473684210527,0,0,True,False,False,True,False,False,False,False,False,True,False
27,9.77,45.68,1,0,0,1,14.03,628,0.6963649322879544,0,0,False,False,False,False,False,True,False,False,False,False,True
42,7.36,42.82,0,0,0,0,14.37,963,0.512178148921364,0,0,True,False,False,False,False,False,True,False,False,False,True
37,7.12,40.27,1,0,0,1,9.26,458,0.7688984881209504,0,0,False,False,False,False,False,True,False,False,False,False,False
48,9.05,58.5,1,1,0,0,8.38,572,1.0799522673031026,0,0,True,False,False,False,False,False,True,False,False,False,False
21,5.06,56.53,0,0,1,1,13.91,396,0.36376707404744785,0,0,True,False,False,False,False,False,False,False,True,False,True
61,4.04,52.88,2,1,0,0,17.74,1098,0.2277339346110485,1,0,False,False,False,False,True,False,False,False,False,True,False
40,4.13,32.21,0,0,0,0,9.84,81,0.41971544715447157,0,1,True,False,True,False,False,False,False,False,False,False,False
19,5.96,43.13,0,0,0,1,14.94,593,0.3989290495314592,0,0,False,False,False,False,False,False,True,False,False,False,True
73,16.67,31.01,1,0,0,1,13.8,528,1.2079710144927538,0,0,True,False,False,True,False,False,False,False,False,False,True
39,9.78,39.49,1,0,0,0,9.04,1006,1.081858407079646,0,0,False,False,False,True,False,False,False,False,False,False,False
68,6.86,63.56,2,1,0,1,13.88,352,0.4942363112391931,1,0,False,False,False,False,True,False,False,False,False,False,True
74,5.48,63.87,1,0,0,0,9.06,585,0.6048565121412803,0,0,False,False,False,False,False,False,True,False,False,False,False
54,14.64,32.42,0,1,0,0,9.02,248,1.6230598669623062,0,0,False,False,False,True,False,False,False,False,False,False,False
25,4.11,29.94,1,0,0,1,9.27,563,0.4433656957928803,0,0,False,False,False,False,False,True,False,False,False,False,False
24,4.69,87.77,0,0,0,0,9.16,671,0.5120087336244542,0,0,True,False,False,False,False,False,True,False,False,False,False
31,6.98,14.22,1,0,1,0,9.56,548,0.7301255230125523,0,0,False,False,False,False,True,False,False,False,False,False,False
73,9.41,62.05,3,0,0,1,18.56,73,0.5070043103448276,1,1,False,False,False,False,False,False,True,False,False,True,False
72,12.95,16.33,1,0,0,1,13.51,94,0.9585492227979274,0,0,True,False,False,False,False,False,False,False,True,False,True
20,17.69,35.77,1,1,0,0,9.19,275,1.924918389553863,0,0,True,False,False,False,False,False,False,False,True,False,False
67,5.61,54.88,1,1,0,1,13.88,1016,0.404178674351585,0,0,False,False,False,False,False,False,False,False,False,False,True
33,14.03,70.93,0,1,1,0,13.75,187,1.0203636363636364,0,0,False,False,False,False,False,False,False,False,True,False,True
72,24.14,39.56,1,0,0,0,9.51,967,2.538380651945321,0,0,True,False,False,False,False,False,False,True,False,False,False
36,5.42,85.98,0,1,0,0,9.17,1078,0.5910577971646674,0,0,False,False,False,False,False,False,False,False,False,False,False
68,26.53,72.33,1,0,0,0,8.63,854,3.074159907300116,0,0,True,False,False,False,False,False,True,False,False,False,False
35,3.03,55.85,0,0,0,0,8.6,189,0.3523255813953488,0,0,True,False,False,False,False,False,False,True,False,False,False
69,8.09,15.27,1,0,0,1,18.37,847,0.44039194338595533,0,0,False,False,True,False,False,False,False,False,False,True,False
33,10.49,74.5,0,0,1,0,13.87,1034,0.756308579668349,0,0,True,False,False,False,True,False,False,False,False,False,True
25,4.85,84.09,1,0,0,1,18.36,104,0.26416122004357295,0,0,False,False,True,False,False,False,False,False,False,True,False
50,6.18,83.49,0,1,0,0,13.82,167,0.447178002894356,0,0,True,False,False,False,False,False,False,True,False,False,True
66,4.91,48.99,0,1,0,0,9.5,508,0.5168421052631579,0,0,True,False,False,True,False,False,False,False,False,False,False
29,4.9,77.1,1,0,1,0,18.23,582,0.26878771256171147,0,0,True,False,False,False,False,False,False,False,True,True,False
70,9.84,57.78,0,1,0,1,9.18,416,1.0718954248366013,0,0,False,False,False,False,False,True,False,False,False,False,False
28,3.65,35.63,0,0,0,1,9.09,501,0.40154015401540155,0,0,True,False,False,False,False,False,True,False,False,False,False
22,5.03,61.53,0,0,0,1,13.48,338,0.37314540059347184,0,0,True,False,False,False,False,False,False,False,False,False,True
44,1.91,41.38,0,0,0,1,8.62,916,0.22157772621809746,0,0,True,False,False,True,False,False,False,False,False,False,False
29,14.81,73.23,0,0,0,0,9.17,730,1.6150490730643403,0,0,True,False,False,False,False,True,False,False,False,False,False
34,19.69,27.84,1,0,0,0,14.14,1029,1.3925035360678926,0,0,True,False,False,True,False,False,False,False,False,False,True
23,4.67,34.81,0,1,0,0,17.6,981,0.26534090909090907,0,0,True,False,False,False,False,True,False,False,False,True,False
50,14.37,11.06,1,0,0,0,8.99,815,1.5984427141268074,0,0,False,False,False,False,False,False,True,False,False,False,False
22,9.24,62.32,0,0,0,0,9.19,334,1.0054406964091405,0,0,True,False,False,False,False,False,False,False,True,False,False
74,3.15,73.04,0,0,0,1,13.91,131,0.22645578720345075,0,0,False,False,False,False,False,False,True,False,False,False,True
45,12.6,30.17,0,1,0,1,14.05,804,0.8967971530249109,0,0,False,False,False,False,True,False,False,False,False,False,True
31,1.38,39.58,1,0,0,1,8.59,601,0.16065192083818391,0,0,True,False,False,False,False,True,False,False,False,False,False
22,7.94,56.1,1,0,0,1,17.82,177,0.44556677890011226,0,0,True,False,False,False,True,False,False,False,False,True,False
71,7.11,84.43,0,0,0,0,14.06,626,0.5056899004267426,0,0,False,False,False,True,False,False,False,False,False,False,True
73,11.03,45.5,1,0,1,1,14.02,1007,0.7867332382310984,0,0,False,False,False,False,True,False,False,False,False,False,True
50,6.09,86.95,0,0,1,0,17.51,528,0.3478012564249,0,0,True,False,True,False,False,False,False,False,False,True,False
67,9.84,53.76,0,1,0,0,17.56,184,0.5603644646924829,0,0,False,False,False,True,False,False,False,False,False,True,False
65,16.72,50.84,0,0,0,0,8.62,259,1.939675174013921,0,0,True,False,False,False,False,False,False,False,True,False,False
58,6.5,61.29,0,0,0,1,8.93,187,0.7278835386338186,0,0,True,False,False,False,True,False,False,False,False,False,False
36,2.85,12.32,1,1,0,1,14.09,952,0.20227111426543648,0,0,True,False,False,False,False,False,False,True,False,False,True
39,4.87,32.44,1,1,0,1,18.05,597,0.2698060941828255,0,0,False,False,False,False,True,False,False,False,False,True,False
22,8.66,46.65,2,1,1,0,13.89,328,0.6234701223902087,1,0,False,False,False,False,False,False,False,False,False,False,True
19,11.84,45.22,0,0,1,0,13.7,795,0.8642335766423358,0,0,False,False,True,False,False,False,False,False,False,False,True
47,8.4,56.35,0,0,0,0,13.6,594,0.6176470588235294,0,0,True,False,False,False,False,False,False,True,False,False,True
64,3.66,19.88,2,0,0,1,9.23,496,0.39653304442036835,1,0,False,False,False,False,False,True,False,False,False,False,False
56,3.65,76.83,1,1,0,1,18.34,515,0.1990185387131952,0,0,True,False,False,False,False,False,False,False,True,True,False
21,5.72,21.78,2,0,0,0,14.5,473,0.39448275862068966,1,0,False,False,False,False,False,False,False,False,True,False,True
50,23.29,64.82,0,0,1,0,18.02,934,1.2924528301886793,0,0,True,False,False,False,False,False,False,False,False,True,False
30,3.33,18.75,1,0,0,1,14.23,892,0.23401264933239635,0,0,True,False,False,False,False,True,False,False,False,False,True
37,7.45,42.08,0,0,0,0,18.44,955,0.40401301518438176,0,0,True,False,False,False,True,False,False,False,False,True,False
71,13.7,86.59,1,0,0,0,7.85,321,1.7452229299363058,0,0,False,False,False,False,False,False,False,True,False,False,False
24,15.11,63.7,0,1,0,0,14.17,781,1.0663373323923782,0,0,True,False,False,False,False,False,False,False,False,False,True
32,9.38,45.6,1,0,0,0,18.03,904,0.5202440377149196,0,0,True,False,False,False,False,False,False,True,False,True,False
40,10.05,22.56,0,0,0,0,14.04,692,0.7158119658119659,0,0,True,False,False,False,True,False,False,False,False,False,True
31,11.15,10.51,0,1,0,0,13.73,949,0.8120903131828113,0,0,False,True,False,False,False,True,False,False,False,False,True
40,7.4,62.01,0,1,1,0,9.19,938,0.8052230685527748,0,0,False,False,False,False,True,False,False,False,False,False,False
36,3.74,52.04,0,0,0,0,13.99,153,0.2673338098641887,0,0,False,False,False,False,False,False,True,False,False,False,True
71,10.11,78.68,1,0,0,0,18.15,97,0.5570247933884298,0,0,True,False,False,False,False,False,True,False,False,True,False
46,5.0,7.52,1,0,0,0,9.11,504,0.5488474204171241,0,0,True,False,False,False,True,False,False,False,False,False,False
73,2.6,5.13,0,0,0,1,13.99,387,0.18584703359542531,0,0,False,False,True,False,False,False,False,False,False,False,True
37,15.16,53.16,1,0,1,1,14.65,550,1.0348122866894198,0,0,True,False,False,False,False,False,False,False,False,False,True
46,3.82,58.02,0,1,0,0,8.55,862,0.4467836257309941,0,0,True,False,False,False,False,False,True,False,False,False,False
41,4.67,68.81,0,0,0,0,8.45,653,0.5526627218934912,0,0,True,False,False,True,False,False,False,False,False,False,False
35,8.71,12.52,1,1,1,1,13.7,456,0.6357664233576643,0,0,False,False,False,False,True,False,False,False,False,False,True
27,1.73,17.77,1,0,0,1,9.1,1038,0.19010989010989013,0,0,True,False,False,True,False,False,False,False,False,False,False
58,5.74,86.59,1,0,1,0,18.29,472,0.3138326954620011,0,0,False,False,False,True,False,False,False,False,False,True,False
74,17.27,14.62,1,1,1,0,13.51,630,1.2783123612139156,0,0,False,False,False,False,False,False,False,True,False,False,True
25,5.63,42.4,0,0,1,0,9.37,791,0.6008537886872999,0,0,True,False,False,False,False,False,False,False,False,False,False
43,3.7,54.24,0,0,0,1,8.72,984,0.4243119266055046,0,0,True,False,False,False,False,True,False,False,False,False,False
46,2.52,62.47,1,0,0,1,14.0,516,0.18,0,0,False,True,False,False,False,False,True,False,False,False,True
27,7.04,68.89,1,1,1,0,14.68,768,0.4795640326975477,0,0,False,False,False,False,False,True,False,False,False,False,True
34,3.52,67.85,0,0,1,0,8.78,677,0.40091116173120733,0,0,False,False,True,False,False,False,False,False,False,False,False
19,15.91,26.36,1,0,0,0,14.17,925,1.1227946365561046,0,0,False,False,False,False,False,False,False,False,False,False,True
23,1.66,49.27,0,1,0,1,17.78,34,0.09336332958380202,0,1,True,False,False,False,False,False,False,False,False,True,False
22,21.23,17.05,0,1,0,0,9.21,661,2.305103148751357,0,0,False,False,False,False,False,False,False,False,True,False,False
45,8.92,62.1,2,0,1,0,9.44,906,0.9449152542372882,1,0,True,False,False,False,False,False,False,True,False,False,False
58,1.22,21.56,0,0,0,1,18.42,1015,0.06623235613463625,0,0,False,False,True,False,False,False,False,False,False,True,False
22,4.24,10.85,2,0,0,1,9.35,55,0.453475935828877,1,1,False,False,False,True,False,False,False,False,False,False,False
35,14.39,38.92,0,1,1,0,18.88,191,0.7621822033898306,0,0,False,False,True,False,False,False,False,False,False,True,False
43,6.75,43.71,0,1,0,0,9.13,774,0.7393209200438116,0,0,False,False,False,False,False,True,False,False,False,False,False
37,7.66,34.24,0,0,0,0,9.3,562,0.8236559139784946,0,0,False,False,True,False,False,False,False,False,False,False,False
58,3.06,69.62,1,0,0,0,9.46,912,0.32346723044397463,0,0,True,False,False,False,False,False,False,True,False,False,False
66,6.78,48.59,1,0,0,0,8.75,439,0.7748571428571429,0,0,False,False,True,False,False,False,False,False,False,False,False
44,3.22,18.4,0,1,0,0,8.74,884,0.368421052631579,0,0,True,False,False,False,False,False,False,False,True,False,False
66,5.89,54.16,0,0,1,0,8.53,930,0.690504103165299,0,0,False,False,False,False,False,False,True,False,False,False,False
29,14.61,59.45,0,0,0,0,8.88,38,1.64527027027027,0,1,True,False,False,False,False,False,False,True,False,False,False
24,4.1,13.35,0,1,0,0,9.22,79,0.4446854663774403,0,1,True,False,True,False,False,False,False,False,False,False,False
20,5.81,41.75,0,1,0,1,14.05,471,0.4135231316725978,0,0,False,False,False,False,True,False,False,False,False,False,True
27,3.8,77.46,0,0,0,1,18.46,65,0.20585048754062837,0,1,False,True,False,False,False,False,True,False,False,True,False
51,13.26,43.67,0,0,1,0,18.22,147,0.7277716794731065,0,0,True,False,False,False,False,True,False,False,False,True,False
42,5.69,55.19,1,1,0,0,12.85,731,0.4428015564202335,0,0,False,False,False,True,False,False,False,False,False,False,True
52,7.69,55.94,0,0,1,1,17.88,783,0.43008948545861303,0,0,False,False,False,False,False,False,False,False,False,True,False
33,8.23,56.96,1,0,0,1,9.74,259,0.8449691991786448,0,0,False,False,False,False,False,False,False,True,False,False,False
19,10.42,65.04,0,1,0,0,7.92,589,1.3156565656565657,0,0,True,False,False,False,True,False,False,False,False,False,False
41,15.12,45.24,1,1,1,0,8.56,237,1.7663551401869158,0,0,False,False,False,False,False,False,False,False,False,False,False
27,4.64,27.71,0,0,1,0,13.75,268,0.33745454545454545,0,0,False,False,False,False,True,False,False,False,False,False,True
55,7.74,82.04,1,0,1,0,18.25,896,0.4241095890410959,0,0,True,False,True,False,False,False,False,False,False,True,False
39,1.65,19.96,1,0,0,1,14.72,77,0.11209239130434781,0,1,False,False,False,True,False,False,False,False,False,False,True
43,7.12,76.48,1,1,0,0,9.49,786,0.750263435194942,0,0,False,False,False,False,False,False,False,True,False,False,False
60,12.81,79.94,1,1,0,0,13.81,546,0.9275887038377987,0,0,False,False,False,True,False,False,False,False,False,False,True
72,8.52,90.54,1,0,0,0,8.81,234,0.967082860385925,0,0,True,False,False,True,False,False,False,False,False,False,False
56,7.11,75.12,1,0,0,1,13.63,119,0.5216434336023478,0,0,True,False,False,False,False,True,False,False,False,False,True
44,3.78,17.07,1,1,0,1,14.29,529,0.26452064380685797,0,0,False,False,True,False,False,False,False,False,False,False,True
46,10.51,22.12,0,1,0,0,8.66,1073,1.2136258660508084,0,0,True,False,False,False,False,False,False,False,False,False,False
64,5.2,29.08,0,0,1,0,8.66,36,0.6004618937644342,0,1,False,False,False,False,False,True,False,False,False,False,False
55,3.92,79.58,1,0,0,1,14.44,351,0.27146814404432135,0,0,True,False,False,True,False,False,False,False,False,False,True
37,6.32,8.74,0,0,1,0,14.5,297,0.43586206896551727,0,0,True,False,False,False,False,False,False,False,True,False,True
44,7.23,24.18,1,0,0,1,8.97,325,0.8060200668896321,0,0,True,False,False,False,True,False,False,False,False,False,False
58,7.81,40.2,0,0,0,0,14.23,599,0.5488404778636683,0,0,False,False,False,False,False,False,False,False,True,False,True
71,1.33,29.49,1,0,0,1,17.84,293,0.07455156950672646,0,0,True,False,False,False,False,False,False,False,False,True,False
37,3.92,33.52,0,0,0,1,8.43,119,0.465005931198102,0,0,False,False,True,False,False,False,False,False,False,False,False
61,13.99,50.12,0,1,0,0,8.43,882,1.6595492289442468,0,0,False,False,False,False,False,True,False,False,False,False,False
36,14.69,9.89,1,0,0,0,14.03,517,1.0470420527441198,0,0,False,False,False,False,False,True,False,False,False,False,True
37,7.28,74.29,2,0,0,0,13.87,430,0.5248738284066331,1,0,False,False,False,False,False,True,False,False,False,False,True
52,16.51,6.23,0,1,0,0,9.07,386,1.820286659316428,0,0,True,False,False,False,False,False,True,False,False,False,False
64,8.55,49.47,0,0,0,0,9.08,784,0.9416299559471366,0,0,True,False,False,False,True,False,False,False,False,False,False
19,8.66,32.41,1,0,1,1,8.78,528,0.9863325740318908,0,0,True,False,False,False,False,False,True,False,False,False,False
47,5.99,92.05,0,0,1,0,13.63,863,0.43947175348495965,0,0,False,False,False,False,False,False,False,True,False,False,True
70,6.97,28.35,0,1,0,0,9.47,464,0.7360084477296726,0,0,False,False,False,False,True,False,False,False,False,False,False
51,3.81,19.11,1,1,0,1,14.24,148,0.2675561797752809,0,0,True,False,False,False,False,False,False,False,True,False,True
39,11.07,48.51,1,1,0,0,17.71,1052,0.6250705815923208,0,0,True,False,False,False,False,False,True,False,False,True,False
20,5.97,33.05,0,1,1,0,17.85,377,0.334453781512605,0,0,False,False,False,False,False,False,False,False,False,True,False
23,12.6,47.77,2,0,0,0,13.55,568,0.9298892988929889,1,0,True,False,False,False,False,False,False,True,False,False,True
32,10.82,27.55,0,0,0,0,14.62,559,0.7400820793433653,0,0,False,False,False,False,True,False,False,False,False,False,True
44,13.17,15.75,0,0,0,1,18.84,332,0.6990445859872612,0,0,True,False,False,False,False,True,False,False,False,True,False
27,11.81,80.07,1,1,0,0,18.62,231,0.6342642320085929,0,0,False,True,False,False,False,False,False,False,False,True,False
26,11.02,58.91,0,0,1,0,17.15,185,0.6425655976676385,0,0,True,False,False,True,False,False,False,False,False,True,False
50,8.27,36.41,0,0,0,1,8.52,43,0.9706572769953051,0,1,True,False,False,False,False,False,False,True,False,False,False
49,8.05,42.87,0,0,1,1,9.3,1073,0.8655913978494624,0,0,True,False,False,False,False,False,False,False,True,False,False
65,4.88,74.78,0,0,0,0,18.62,785,0.26208378088077333,0,0,True,False,False,False,False,True,False,False,False,True,False
23,4.46,88.33,3,0,0,0,17.62,918,0.2531214528944381,1,0,True,False,False,False,False,False,False,False,False,True,False
58,10.24,71.88,0,0,1,0,13.85,474,0.7393501805054152,0,0,True,False,False,False,True,False,False,False,False,False,True
53,6.34,67.79,0,0,0,1,17.65,151,0.3592067988668555,0,0,False,False,False,False,False,False,False,True,False,True,False
19,8.78,9.17,1,1,1,1,13.37,213,0.6566940912490651,0,0,True,False,True,False,False,False,False,False,False,False,True
46,7.36,26.19,1,0,1,0,13.75,700,0.5352727272727273,0,0,False,False,False,True,False,False,False,False,False,False,True
21,8.01,36.81,0,0,1,1,8.82,78,0.9081632653061223,0,1,True,False,False,False,True,False,False,False,False,False,False
18,15.6,45.3,0,0,0,0,14.54,210,1.0729023383768914,0,0,False,False,False,False,True,False,False,False,False,False,True
36,11.81,35.75,1,0,0,0,14.14,170,0.8352192362093352,0,0,False,False,False,False,False,True,False,False,False,False,True
43,11.44,60.93,0,0,0,1,17.93,559,0.6380368098159509,0,0,True,False,False,False,True,False,False,False,False,True,False
42,13.16,41.63,0,0,0,0,14.55,613,0.90446735395189,0,0,True,False,False,False,False,True,False,False,False,False,True
27,9.99,65.2,0,1,0,0,18.35,500,0.5444141689373296,0,0,True,False,False,False,True,False,False,False,False,True,False
70,3.09,47.47,0,0,0,1,17.83,172,0.17330342120022435,0,0,True,False,True,False,False,False,False,False,False,True,False
32,10.28,93.13,0,0,0,0,9.29,736,1.1065662002152852,0,0,False,False,False,False,False,False,False,False,False,False,False
39,9.35,30.27,1,0,0,1,8.12,323,1.1514778325123154,0,0,False,False,False,False,False,False,False,False,False,False,False
68,2.06,17.08,1,1,0,1,14.5,451,0.14206896551724138,0,0,False,False,False,False,False,False,False,False,False,False,True
65,12.0,12.76,0,0,0,0,9.1,593,1.3186813186813187,0,0,False,False,False,False,False,False,False,False,True,False,False
38,5.97,65.25,0,1,0,0,13.86,446,0.43073593073593075,0,0,False,True,True,False,False,False,False,False,False,False,True
73,8.65,46.02,0,1,0,0,8.88,690,0.9740990990990991,0,0,False,False,True,False,False,False,False,False,False,False,False
39,8.17,72.63,1,1,0,0,8.3,942,0.9843373493975903,0,0,False,False,False,True,False,False,False,False,False,False,False
53,6.87,83.05,0,0,0,1,8.84,88,0.7771493212669683,0,1,False,False,False,False,False,False,False,True,False,False,False
51,6.56,98.33,0,0,0,0,9.35,1045,0.7016042780748662,0,0,True,False,False,False,False,False,True,False,False,False,False
47,2.77,86.37,0,0,1,1,8.94,287,0.3098434004474273,0,0,True,False,False,False,False,False,False,False,False,False,False
42,6.47,79.93,1,1,0,0,18.21,822,0.35529928610653483,0,0,False,False,False,False,False,False,True,False,False,True,False
62,3.49,77.91,2,1,0,0,8.93,560,0.39081746920492727,1,0,True,False,False,False,False,False,False,True,False,False,False
45,3.82,48.54,0,0,0,1,18.37,195,0.2079477408818726,0,0,True,False,True,False,False,False,False,False,False,True,False
18,6.84,63.4,0,1,1,0,17.24,1078,0.39675174013921116,0,0,True,False,False,False,False,False,False,True,False,True,False
66,5.51,72.54,0,0,0,1,17.22,33,0.3199767711962834,0,1,True,False,False,False,True,False,False,False,False,True,False
62,7.46,36.03,0,0,0,1,13.99,32,0.5332380271622588,0,1,False,False,False,False,False,False,False,True,False,False,True
21,3.15,35.93,1,0,1,1,14.18,447,0.22214386459802538,0,0,True,False,False,False,False,False,False,True,False,False,True
24,21.47,58.41,0,0,0,0,8.94,391,2.401565995525727,0,0,False,False,False,False,False,True,False,False,False,False,False
66,2.8,48.0,0,1,0,1,9.22,935,0.30368763557483724,0,0,False,False,False,False,True,False,False,False,False,False,False
26,8.86,74.81,1,1,1,0,18.11,398,0.48923246824958583,0,0,True,False,False,False,False,True,False,False,False,True,False
53,6.46,29.57,1,1,0,0,7.97,568,0.8105395232120451,0,0,False,False,False,False,False,False,True,False,False,False,False
36,5.5,72.92,1,1,0,0,18.13,909,0.3033645890788748,0,0,False,False,False,True,False,False,False,False,False,True,False
18,7.62,53.74,0,1,0,0,12.97,375,0.5875096376252891,0,0,True,False,False,False,True,False,False,False,False,False,True
27,16.89,10.09,1,0,0,0,13.7,760,1.2328467153284672,0,0,True,False,False,True,False,False,False,False,False,False,True
53,18.25,36.01,1,0,0,0,9.11,926,2.003293084522503,0,0,True,False,False,False,False,False,False,False,True,False,False
26,4.01,79.25,1,0,0,0,13.98,1097,0.2868383404864091,0,0,False,False,False,False,False,False,False,True,False,False,True
62,5.34,26.96,1,0,0,0,13.52,753,0.39497041420118345,0,0,False,False,False,True,False,False,False,False,False,False,True
63,11.25,39.15,2,0,0,1,13.94,593,0.8070301291248206,1,0,True,False,False,False,False,False,False,True,False,False,True
59,10.4,35.08,0,1,0,1,13.36,231,0.7784431137724551,0,0,True,False,False,False,False,True,False,False,False,False,True
49,3.2,31.36,1,0,0,0,8.78,350,0.36446469248291574,0,0,True,False,False,False,False,False,True,False,False,False,False
49,10.16,21.96,0,0,0,0,9.49,493,1.0706006322444679,0,0,False,False,False,False,False,True,False,False,False,False,False
23,24.92,55.1,0,0,0,0,9.36,1064,2.6623931623931627,0,0,True,False,True,False,False,False,False,False,False,False,False
65,3.54,61.16,0,0,0,0,9.3,662,0.38064516129032255,0,0,False,False,False,False,True,False,False,False,False,False,False
55,5.31,37.05,2,0,0,0,8.29,362,0.6405307599517491,1,0,True,False,True,False,False,False,False,False,False,False,False
34,5.43,78.21,0,1,1,0,9.11,44,0.5960482985729967,0,1,False,False,False,False,False,False,False,False,True,False,False
27,4.62,53.93,0,0,0,0,13.79,259,0.3350253807106599,0,0,False,False,False,False,True,False,False,False,False,False,True
67,5.14,82.73,0,1,0,0,14.48,40,0.3549723756906077,0,1,False,False,False,False,False,False,False,False,True,False,True
44,5.48,87.35,1,0,1,0,8.91,571,0.6150392817059485,0,0,True,False,False,False,False,False,False,False,True,False,False
71,6.53,34.59,0,1,0,1,15.03,551,0.4344644045242848,0,0,False,False,False,False,False,False,False,False,True,False,True
67,4.71,80.73,0,0,0,1,14.4,796,0.32708333333333334,0,0,True,False,False,False,False,False,False,False,False,False,True
52,12.91,27.01,1,0,1,0,14.14,670,0.913012729844413,0,0,True,False,False,False,True,False,False,False,False,False,True
69,7.0,15.68,0,0,1,0,14.26,599,0.4908835904628331,0,0,False,False,False,True,False,False,False,False,False,False,True
38,10.32,29.39,2,0,0,0,8.9,434,1.1595505617977528,1,0,False,False,False,False,True,False,False,False,False,False,False
42,4.45,54.63,2,0,1,1,8.87,736,0.5016910935738444,1,0,False,False,False,False,False,False,False,False,False,False,False
45,8.23,67.68,2,0,1,0,8.79,958,0.9362912400455063,1,0,True,False,False,False,False,False,True,False,False,False,False
64,13.24,67.17,1,0,0,0,8.32,622,1.5913461538461537,0,0,False,False,False,True,False,False,False,False,False,False,False
32,10.55,48.95,0,1,1,0,13.89,215,0.7595392368610512,0,0,False,False,False,False,False,False,False,False,False,False,True
21,13.17,71.51,1,1,0,0,18.32,924,0.718886462882096,0,0,False,False,False,True,False,False,False,False,False,True,False
46,29.1,19.05,0,0,0,0,8.82,108,3.2993197278911564,0,0,False,False,False,False,False,False,False,True,False,False,False
26,16.08,43.77,0,0,0,0,13.89,174,1.1576673866090712,0,0,False,False,True,False,False,False,False,False,False,False,True
44,16.17,30.07,1,1,0,1,18.12,43,0.892384105960265,0,1,True,False,True,False,False,False,False,False,False,True,False
43,2.4,23.82,0,1,0,1,9.82,31,0.24439918533604887,0,1,False,False,False,False,False,False,False,False,True,False,False
36,3.0,39.36,0,0,0,1,18.09,545,0.16583747927031509,0,0,False,False,False,False,True,False,False,False,False,True,False
73,4.53,50.88,1,0,0,0,9.22,785,0.4913232104121475,0,0,False,True,False,False,True,False,False,False,False,False,False
45,3.03,53.02,2,1,0,1,17.94,95,0.16889632107023408,1,0,True,False,False,False,False,False,False,False,True,True,False
34,25.39,24.68,1,1,1,1,8.12,275,3.1268472906403946,0,0,True,False,False,False,False,False,False,True,False,False,False
60,1.82,60.01,2,0,0,0,9.63,601,0.18899273104880582,1,0,True,False,True,False,False,False,False,False,False,False,False
74,3.64,32.99,0,1,0,0,14.44,465,0.25207756232686984,0,0,False,False,False,False,False,False,False,False,False,False,True
58,12.68,87.96,0,1,0,0,18.17,382,0.697853604843148,0,0,False,False,False,False,False,False,True,False,False,True,False
59,2.11,32.0,0,0,1,0,9.11,708,0.23161361141602635,0,0,True,False,False,True,False,False,False,False,False,False,False
67,15.12,19.8,2,1,1,0,13.92,412,1.086206896551724,1,0,False,False,False,True,False,False,False,False,False,False,True
37,1.31,83.21,1,1,0,0,14.41,499,0.09090909090909091,0,0,False,False,False,True,False,False,False,False,False,False,True
62,14.33,61.9,0,0,0,0,8.42,103,1.7019002375296912,0,0,False,False,False,True,False,False,False,False,False,False,False
57,18.43,48.78,0,1,0,0,14.2,55,1.297887323943662,0,1,True,False,False,False,False,True,False,False,False,False,True
56,6.09,96.68,2,0,0,0,14.1,864,0.4319148936170213,1,0,False,False,False,False,False,False,False,True,False,False,True
66,17.46,37.98,0,0,0,0,9.22,657,1.8937093275488068,0,0,True,False,False,True,False,False,False,False,False,False,False
70,15.1,57.4,1,0,0,0,14.06,803,1.0739687055476528,0,0,False,False,False,False,True,False,False,False,False,False,True
40,13.68,73.13,0,0,0,0,18.36,1038,0.7450980392156863,0,0,True,False,False,False,False,True,False,False,False,True,False
64,13.48,60.86,2,0,0,0,14.26,295,0.9453015427769986,1,0,True,False,False,False,False,False,False,False,True,False,True
49,6.76,93.2,0,0,0,0,18.19,579,0.37163276525563493,0,0,False,False,True,False,False,False,False,False,False,True,False
69,18.29,23.44,0,0,0,0,9.53,106,1.919202518363064,0,0,True,False,False,False,False,True,False,False,False,False,False
64,25.29,37.72,0,0,1,0,8.87,1043,2.851183765501691,0,0,True,False,False,False,False,False,False,False,True,False,False
50,2.88,61.43,2,1,0,0,18.29,476,0.15746309458720611,1,0,False,False,False,False,True,False,False,False,False,True,False
74,4.44,87.22,0,0,0,0,17.77,535,0.24985931344963425,0,0,False,False,False,True,False,False,False,False,False,True,False
63,6.6,45.65,1,0,0,0,8.8,1025,0.7499999999999999,0,0,False,False,False,False,False,False,False,False,True,False,False
22,11.51,26.43,0,0,1,0,9.31,899,1.2363050483351234,0,0,True,False,False,False,False,False,False,False,False,False,False
60,11.58,39.76,1,0,0,1,18.01,328,0.642976124375347,0,0,True,False,False,False,False,True,False,False,False,True,False
65,5.8,19.44,1,0,0,0,9.39,763,0.617678381256656,0,0,True,False,False,False,False,True,False,False,False,False,False
51,13.86,71.85,0,1,0,0,9.07,186,1.528114663726571,0,0,True,False,False,True,False,False,False,False,False,False,False
57,8.39,67.68,0,0,0,0,14.17,371,0.5920959774170784,0,0,False,False,True,False,False,False,False,False,False,False,True
28,13.48,52.41,0,0,0,0,17.71,1003,0.7611518915866742,0,0,True,False,False,False,False,False,False,False,True,True,False
67,9.99,79.07,0,1,0,0,14.0,923,0.7135714285714286,0,0,True,False,True,False,False,False,False,False,False,False,True
20,4.17,93.07,1,1,0,0,14.13,1088,0.2951167728237792,0,0,True,False,False,False,False,True,False,False,False,False,True
50,8.1,57.32,1,0,0,1,9.04,946,0.8960176991150443,0,0,True,False,False,False,False,False,False,False,True,False,False
28,3.27,32.78,0,0,0,0,14.57,1081,0.2244337680164722,0,0,False,False,False,False,False,False,False,False,True,False,True
33,3.39,88.02,0,0,0,0,9.09,343,0.37293729372937295,0,0,False,False,True,False,False,False,False,False,False,False,False
35,5.16,70.46,0,1,0,0,18.4,504,0.2804347826086957,0,0,True,False,False,False,False,False,False,False,False,True,False
47,18.67,89.14,0,1,0,0,13.75,626,1.357818181818182,0,0,True,False,False,False,False,False,False,False,True,False,True
65,7.17,22.82,0,1,0,1,13.71,665,0.5229759299781181,0,0,True,False,False,False,False,False,False,False,False,False,True
72,5.51,65.83,0,0,1,0,18.1,474,0.3044198895027624,0,0,False,False,False,False,False,False,False,True,False,True,False
27,11.79,74.97,0,1,0,0,8.96,446,1.315848214285714,0,0,False,False,False,False,False,False,True,False,False,False,False
35,2.62,25.86,1,0,0,0,17.87,468,0.14661443760492446,0,0,True,False,False,False,False,False,False,True,False,True,False
55,9.26,31.05,1,0,0,1,9.92,194,0.9334677419354839,0,0,False,False,False,False,False,False,True,False,False,False,False
36,15.51,76.16,0,0,0,0,9.34,449,1.6605995717344755,0,0,False,False,False,False,False,False,False,True,False,False,False
53,8.4,66.78,1,0,0,0,8.87,1017,0.947012401352875,0,0,False,False,False,False,False,False,True,False,False,False,False
30,16.94,61.34,2,0,0,0,17.88,511,0.947427293064877,1,0,False,False,False,False,False,False,False,False,True,True,False
73,6.63,16.04,1,0,0,0,17.23,546,0.3847939640162507,0,0,True,False,True,False,False,False,False,False,False,True,False
63,2.79,67.59,1,0,0,0,8.86,111,0.31489841986455985,0,0,True,False,True,False,False,False,False,False,False,False,False
20,9.61,63.75,0,0,0,0,8.6,148,1.1174418604651162,0,0,True,False,False,True,False,False,False,False,False,False,False
27,13.78,37.23,0,1,0,1,17.96,57,0.7672605790645879,0,1,False,False,False,False,True,False,False,False,False,True,False
55,9.87,36.17,2,0,0,0,8.77,810,1.1254275940706955,1,0,False,True,False,True,False,False,False,False,False,False,False
18,10.13,35.74,1,1,1,1,13.9,527,0.7287769784172662,0,0,True,False,False,False,False,False,True,False,False,False,True
72,7.26,75.86,0,1,0,0,14.02,566,0.5178316690442225,0,0,True,False,False,False,True,False,False,False,False,False,True
73,1.35,43.58,1,0,1,1,17.76,548,0.07601351351351351,0,0,True,False,False,False,False,False,False,False,False,True,False
44,7.98,41.44,1,0,0,1,13.98,223,0.5708154506437768,0,0,True,False,False,False,False,False,False,False,False,False,True
63,9.0,16.48,0,1,0,0,14.49,621,0.6211180124223602,0,0,True,False,False,False,True,False,False,False,False,False,True
25,10.59,79.48,0,0,1,0,18.39,471,0.5758564437194127,0,0,False,False,False,False,False,False,True,False,False,True,False
68,8.06,65.03,1,1,0,0,9.02,1089,0.8935698447893571,0,0,True,False,True,False,False,False,False,False,False,False,False
63,3.04,77.05,0,0,0,0,9.58,287,0.3173277661795407,0,0,True,False,False,False,False,False,True,False,False,False,False
59,14.67,55.38,0,0,0,0,9.26,142,1.5842332613390928,0,0,False,False,False,False,False,False,False,False,False,False,False
34,9.46,74.02,0,0,0,0,17.58,43,0.5381114903299204,0,1,True,False,False,False,False,False,False,False,True,True,False
26,4.81,62.84,1,0,0,0,14.31,940,0.33612858141160024,0,0,True,False,False,False,True,False,False,False,False,False,True
23,13.83,66.65,1,0,0,0,9.06,169,1.5264900662251655,0,0,True,False,False,False,True,False,False,False,False,False,False
60,2.48,50.55,0,1,0,0,14.43,726,0.17186417186417186,0,0,False,False,False,False,False,False,False,False,False,False,True
42,6.8,24.56,0,1,1,0,13.22,899,0.5143721633888048,0,0,False,False,False,False,False,False,True,False,False,False,True
56,10.71,37.72,1,1,0,1,19.4,218,0.5520618556701031,0,0,True,False,False,False,True,False,False,False,False,True,False
66,14.65,67.81,1,1,0,0,8.59,111,1.7054714784633296,0,0,False,False,True,False,False,False,False,False,False,False,False
45,6.41,57.61,0,0,1,0,14.12,987,0.4539660056657224,0,0,True,False,False,False,True,False,False,False,False,False,True
50,9.83,65.57,0,0,0,0,13.43,927,0.7319434102755026,0,0,False,False,False,False,False,False,True,False,False,False,True
71,7.5,32.41,1,0,0,0,8.71,996,0.8610792192881744,0,0,False,False,False,False,False,False,False,False,False,False,False
54,9.43,36.99,0,1,0,1,18.3,410,0.5153005464480874,0,0,False,False,True,False,False,False,False,False,False,True,False
26,14.07,29.68,0,1,0,0,8.83,751,1.593431483578709,0,0,True,False,True,False,False,False,False,False,False,False,False
35,0.53,89.02,0,0,0,0,13.51,358,0.039230199851961516,0,0,False,True,False,False,True,False,False,False,False,False,True
73,9.36,68.49,0,1,0,1,13.6,101,0.6882352941176471,0,0,False,True,False,False,False,False,True,False,False,False,True
38,5.63,58.24,0,1,1,0,14.27,162,0.3945339873861247,0,0,False,False,False,False,True,False,False,False,False,False,True
19,13.11,8.08,2,0,1,0,8.86,599,1.479683972911964,1,0,False,False,False,False,False,True,False,False,False,False,False
60,7.11,43.44,0,0,1,0,18.89,490,0.3763896241397565,0,0,True,False,False,False,False,False,False,False,True,True,False
55,6.1,68.87,0,0,0,0,8.92,154,0.6838565022421524,0,0,True,False,False,True,False,False,False,False,False,False,False
57,9.59,40.01,2,0,0,1,13.59,1064,0.7056659308314938,1,0,True,False,False,False,False,False,False,False,False,False,True
53,3.27,80.11,0,0,0,1,14.18,970,0.2306064880112835,0,0,True,False,False,False,False,True,False,False,False,False,True
67,1.83,50.52,1,1,0,1,17.3,56,0.10578034682080925,0,1,False,False,False,True,False,False,False,False,False,True,False
60,9.58,73.31,1,1,0,0,14.11,236,0.6789510985116939,0,0,False,False,False,False,False,False,False,False,True,False,True
54,3.36,56.7,0,1,0,0,9.04,341,0.37168141592920356,0,0,False,False,True,False,False,False,False,False,False,False,False
32,3.36,65.29,1,0,0,1,17.7,411,0.18983050847457628,0,0,True,False,False,False,True,False,False,False,False,True,False
45,10.57,69.79,0,0,0,0,9.11,325,1.1602634467618003,0,0,True,False,False,False,False,False,False,False,True,False,False
35,14.86,66.01,0,1,1,0,9.57,431,1.5527690700104493,0,0,False,False,False,False,False,False,False,True,False,False,False
51,6.55,47.16,0,1,1,0,18.21,151,0.35969247666117515,0,0,True,False,False,False,False,False,False,False,True,True,False
39,15.92,39.43,1,0,0,0,14.89,780,1.0691739422431161,0,0,True,False,False,False,True,False,False,False,False,False,True
28,3.72,61.0,0,1,0,0,8.59,135,0.43306169965075675,0,0,False,True,False,True,False,False,False,False,False,False,False
74,10.71,28.37,1,0,0,0,13.56,820,0.7898230088495576,0,0,False,False,False,False,True,False,False,False,False,False,True
30,5.24,80.93,2,0,0,0,8.88,1089,0.5900900900900901,1,0,True,False,False,False,False,False,False,False,False,False,False
21,0.86,53.49,1,1,0,0,9.02,101,0.09534368070953438,0,0,False,False,False,False,False,False,False,False,True,False,False
39,5.22,68.4,0,0,0,0,8.35,597,0.6251497005988024,0,0,False,False,False,False,True,False,False,False,False,False,False
24,3.33,30.54,0,1,0,1,14.12,105,0.23583569405099153,0,0,False,False,False,False,True,False,False,False,False,False,True
60,10.9,54.65,0,0,0,0,14.69,751,0.7420013614703881,0,0,False,False,False,False,False,True,False,False,False,False,True
71,8.43,7.54,0,0,0,0,13.16,1039,0.6405775075987842,0,0,True,False,False,False,False,False,False,False,False,False,True
41,13.95,17.14,1,1,0,1,9.57,257,1.457680250783699,0,0,False,False,False,False,False,True,False,False,False,False,False
21,2.79,80.79,1,1,0,1,13.75,482,0.2029090909090909,0,0,True,False,False,False,False,False,False,False,False,False,True
45,11.25,24.48,1,0,0,0,13.52,795,0.8321005917159764,0,0,True,False,False,False,False,False,False,False,False,False,True
32,10.15,38.7,1,1,0,1,14.2,516,0.7147887323943662,0,0,False,False,False,True,False,False,False,False,False,False,True
18,5.34,65.32,0,1,0,0,17.6,697,0.30340909090909085,0,0,False,False,False,False,False,True,False,False,False,True,False
72,0.55,34.96,0,1,0,0,14.5,859,0.03793103448275863,0,0,False,False,False,False,False,False,False,False,False,False,True
20,3.83,64.68,0,1,0,0,14.37,820,0.2665274878218511,0,0,False,False,False,False,False,False,False,True,False,False,True
31,6.82,48.6,1,0,0,1,17.88,1000,0.38143176733780765,0,0,False,False,False,True,False,False,False,False,False,True,False
55,6.46,65.2,0,0,0,0,13.66,519,0.47291361639824303,0,0,False,False,True,False,False,False,False,False,False,False,True
67,8.53,36.59,0,0,0,0,14.32,405,0.5956703910614525,0,0,False,False,False,False,True,False,False,False,False,False,True
74,19.78,89.12,0,0,0,1,14.22,260,1.3909985935302391,0,0,True,False,False,False,False,False,True,False,False,False,True
18,1.07,14.58,0,1,0,1,9.11,731,0.11745334796926456,0,0,True,False,False,False,False,False,False,False,False,False,False
55,3.98,61.45,0,0,0,1,13.83,504,0.28778018799710775,0,0,True,False,True,False,False,False,False,False,False,False,True
55,3.25,46.92,0,0,0,1,13.99,255,0.23230879199428162,0,0,True,False,False,False,False,False,False,False,False,False,True
38,2.23,51.34,0,0,1,0,9.36,172,0.23824786324786326,0,0,False,False,False,True,False,False,False,False,False,False,False
65,9.29,17.43,1,1,0,0,9.1,737,1.0208791208791208,0,0,False,False,False,True,False,False,False,False,False,False,False
46,7.74,29.79,1,0,0,0,18.59,83,0.41635287789133946,0,1,False,True,True,False,False,False,False,False,False,True,False
22,16.6,21.8,1,0,0,0,13.93,225,1.1916726489590812,0,0,False,False,False,False,False,False,True,False,False,False,True
66,8.04,85.02,0,0,0,0,8.17,874,0.9840881272949815,0,0,False,False,False,True,False,False,False,False,False,False,False
27,7.04,67.18,0,0,0,0,8.8,327,0.7999999999999999,0,0,True,False,False,False,False,False,False,False,True,False,False
45,1.42,41.91,1,1,0,0,14.2,566,0.1,0,0,True,False,False,False,False,False,False,True,False,False,True
38,17.11,43.73,0,0,1,1,9.83,608,1.7405900305188198,0,0,True,False,False,False,True,False,False,False,False,False,False
67,3.23,79.32,0,0,0,0,9.34,529,0.34582441113490364,0,0,False,False,False,False,False,False,False,False,True,False,False
24,5.64,90.48,0,0,0,0,13.28,653,0.4246987951807229,0,0,True,False,False,False,False,True,False,False,False,False,True
20,3.75,56.1,2,0,0,1,14.57,870,0.2573781743308167,1,0,False,False,False,False,False,False,True,False,False,False,True
62,7.01,70.44,0,0,0,0,8.79,235,0.7974971558589307,0,0,False,False,False,False,False,False,False,True,False,False,False
64,6.06,35.12,1,1,1,0,8.7,909,0.6965517241379311,0,0,True,False,False,False,False,False,False,True,False,False,False
37,0.48,55.56,2,0,0,0,13.42,437,0.03576751117734724,1,0,True,False,False,False,False,False,False,True,False,False,True
36,15.98,92.27,2,0,1,0,8.91,308,1.7934904601571269,1,0,False,False,False,False,False,False,True,False,False,False,False
52,4.83,78.34,1,0,1,0,8.62,706,0.5603248259860789,0,0,True,False,False,False,False,False,False,False,False,False,False
21,3.93,37.62,0,0,0,0,9.38,970,0.41897654584221744,0,0,False,False,False,False,False,False,False,False,False,False,False
22,9.56,39.92,0,0,0,0,8.77,300,1.0900798175598634,0,0,False,False,False,True,False,False,False,False,False,False,False
18,5.69,66.25,0,0,0,1,8.53,470,0.6670574443141853,0,0,False,False,False,False,False,True,False,False,False,False,False
21,9.75,47.39,0,0,0,1,18.28,156,0.5333698030634573,0,0,False,False,False,False,False,False,False,False,False,True,False
29,3.58,79.24,0,0,1,1,8.6,516,0.4162790697674419,0,0,False,False,False,True,False,False,False,False,False,False,False
44,15.92,36.01,1,1,0,0,8.85,577,1.7988700564971751,0,0,False,True,False,False,False,False,False,False,True,False,False
73,10.46,58.81,1,0,0,0,9.53,1015,1.0975865687303255,0,0,True,False,False,True,False,False,False,False,False,False,False
59,5.06,23.7,1,1,0,0,13.56,966,0.3731563421828908,0,0,False,False,False,False,True,False,False,False,False,False,True
40,8.99,82.36,0,0,0,0,18.22,801,0.4934138309549946,0,0,True,False,False,True,False,False,False,False,False,True,False
42,11.08,61.32,1,0,0,0,13.62,48,0.8135095447870779,0,1,True,False,False,False,False,False,False,True,False,False,True
38,17.08,28.12,2,1,0,0,17.81,454,0.9590117911285794,1,0,True,False,False,False,False,True,False,False,False,True,False
69,6.73,41.88,1,1,1,0,8.94,965,0.7527964205816555,0,0,False,False,False,False,False,True,False,False,False,False,False
41,1.32,56.6,0,0,0,1,17.4,87,0.07586206896551725,0,1,True,False,False,False,False,False,False,True,False,True,False
42,6.09,22.64,2,0,1,1,8.61,452,0.7073170731707318,1,0,True,False,False,False,False,False,False,False,True,False,False
62,12.15,78.2,0,0,1,0,9.15,873,1.3278688524590163,0,0,False,True,False,True,False,False,False,False,False,False,False
72,14.69,70.31,2,0,0,0,8.01,95,1.8339575530586767,1,0,False,False,False,False,False,False,False,False,False,False,False
63,7.67,39.48,0,1,0,0,9.72,844,0.7890946502057613,0,0,False,False,False,True,False,False,False,False,False,False,False
49,9.1,24.31,0,0,0,1,13.36,931,0.6811377245508982,0,0,False,False,False,False,False,False,False,True,False,False,True
72,11.5,94.3,0,1,0,0,14.2,466,0.8098591549295775,0,0,False,True,False,False,False,False,False,True,False,False,True
49,4.16,74.45,2,0,0,1,14.27,819,0.29152067274001403,1,0,False,False,False,False,False,False,True,False,False,False,True
22,38.48,53.09,0,1,0,0,9.05,264,4.251933701657458,0,0,True,False,True,False,False,False,False,False,False,False,False
53,12.09,44.02,1,0,0,0,14.2,704,0.8514084507042254,0,0,False,False,False,False,False,True,False,False,False,False,True
63,12.96,32.39,0,1,0,1,9.82,127,1.319755600814664,0,0,False,False,False,False,False,False,False,False,True,False,False
59,13.59,52.87,0,1,0,0,13.59,1062,1.0,0,0,True,False,False,True,False,False,False,False,False,False,True
66,8.07,52.63,3,0,0,0,8.88,956,0.9087837837837838,1,0,True,False,False,False,False,False,False,False,True,False,False
59,7.58,38.79,2,1,0,0,8.97,790,0.8450390189520623,1,0,True,False,False,False,False,False,False,False,False,False,False
56,17.39,51.32,1,0,0,0,13.86,456,1.2546897546897549,0,0,False,False,False,False,False,False,False,False,True,False,True
33,4.19,56.11,0,0,0,1,18.09,256,0.23161967938087344,0,0,True,False,False,False,False,False,False,False,False,True,False
50,12.54,44.08,1,0,0,1,14.0,46,0.8957142857142857,0,1,False,True,False,True,False,False,False,False,False,False,True
66,5.14,79.41,0,0,0,0,9.74,592,0.5277207392197125,0,0,False,False,False,False,False,False,True,False,False,False,False
38,11.6,74.87,0,0,0,0,9.08,257,1.277533039647577,0,0,False,False,False,True,False,False,False,False,False,False,False
26,3.23,68.28,0,0,0,1,9.34,735,0.34582441113490364,0,0,False,False,False,False,False,False,True,False,False,False,False
23,5.05,79.94,2,1,0,0,14.11,698,0.35790219702338766,1,0,True,False,False,False,True,False,False,False,False,False,True
68,3.45,35.58,0,0,1,0,13.46,283,0.2563150074294205,0,0,True,False,False,False,False,False,False,False,False,False,True
62,2.59,34.84,0,0,0,1,8.97,147,0.28874024526198433,0,0,True,False,False,False,False,True,False,False,False,False,False
52,5.4,58.66,1,0,0,1,8.72,79,0.6192660550458715,0,1,False,False,False,False,False,False,True,False,False,False,False
56,0.78,50.49,1,0,0,1,13.48,572,0.057863501483679525,0,0,True,False,False,True,False,False,False,False,False,False,True
39,4.25,19.22,0,0,1,0,9.21,356,0.46145494028230183,0,0,True,False,False,False,False,False,False,False,False,False,False
58,14.73,37.4,0,0,0,0,8.76,973,1.6815068493150687,0,0,True,False,False,False,False,True,False,False,False,False,False
71,5.61,47.58,0,1,0,1,13.44,631,0.4174107142857143,0,0,False,False,False,True,False,False,False,False,False,False,True
22,13.67,79.63,1,1,0,0,8.39,131,1.6293206197854588,0,0,True,False,False,False,False,True,False,False,False,False,False
59,19.34,60.29,2,0,1,0,17.25,417,1.1211594202898552,1,0,False,False,False,True,False,False,False,False,False,True,False
40,2.0,32.86,1,0,0,1,13.99,678,0.14295925661186562,0,0,True,False,False,False,False,False,False,False,True,False,True
34,9.54,68.22,0,0,0,0,9.14,368,1.0437636761487963,0,0,False,False,False,False,True,False,False,False,False,False,False
29,9.49,68.32,0,1,1,0,8.75,213,1.0845714285714285,0,0,True,False,True,False,False,False,False,False,False,False,False
40,6.98,66.39,0,1,1,1,8.48,85,0.8231132075471698,0,1,False,False,False,False,False,False,False,True,False,False,False
33,15.6,79.05,0,1,0,0,14.14,1008,1.1032531824611032,0,0,False,False,False,False,False,False,False,True,False,False,True
20,14.4,60.96,0,1,0,1,18.01,601,0.7995558023320377,0,0,True,False,False,False,True,False,False,False,False,True,False
47,3.85,39.76,0,0,1,1,8.7,746,0.442528735632184,0,0,False,False,False,False,False,False,False,False,False,False,False
74,4.96,27.99,1,1,0,0,17.53,1037,0.2829435253850542,0,0,False,False,False,False,False,False,False,False,False,True,False
39,4.41,82.33,1,0,1,0,14.28,245,0.3088235294117647,0,0,False,False,False,False,False,False,False,False,False,False,True
26,5.01,74.46,0,0,0,0,18.36,973,0.272875816993464,0,0,False,False,True,False,False,False,False,False,False,True,False
46,5.55,38.12,0,0,0,0,13.88,343,0.3998559077809798,0,0,True,False,False,False,False,True,False,False,False,False,True
64,2.96,61.43,0,0,0,1,14.45,262,0.20484429065743945,0,0,False,False,False,False,False,False,False,True,False,False,True
54,19.8,50.33,0,0,0,0,14.0,774,1.4142857142857144,0,0,False,True,False,False,True,False,False,False,False,False,True
40,12.8,63.29,1,0,0,0,18.87,604,0.6783253842077371,0,0,False,False,False,False,False,False,False,False,False,True,False
30,2.09,50.92,1,0,0,0,9.36,917,0.2232905982905983,0,0,False,False,False,False,False,False,True,False,False,False,False
49,16.82,14.97,2,1,0,1,17.57,276,0.9573136027319294,1,0,True,False,False,False,False,False,False,False,True,True,False
63,8.74,8.84,0,1,0,0,14.09,471,0.6202980837473385,0,0,False,False,True,False,False,False,False,False,False,False,True
69,6.56,36.86,2,0,0,1,13.34,164,0.4917541229385307,1,0,False,False,False,True,False,False,False,False,False,False,True
64,4.41,20.98,2,1,0,0,18.45,1045,0.23902439024390246,1,0,True,False,False,False,False,False,False,False,False,True,False
65,6.95,16.48,0,0,0,1,18.46,1055,0.37648970747562294,0,0,False,False,False,False,False,False,False,True,False,True,False
40,17.97,40.44,2,1,1,0,14.89,190,1.206850235057085,1,0,False,False,False,False,False,False,False,False,True,False,True
62,5.17,71.04,0,1,0,0,9.2,169,0.5619565217391305,0,0,True,False,False,False,True,False,False,False,False,False,False
34,11.0,48.44,2,0,0,1,18.62,333,0.5907626208378087,1,0,True,False,False,False,False,False,False,False,False,True,False
72,9.57,36.0,1,0,0,1,14.23,154,0.6725228390723823,0,0,False,False,False,False,False,False,False,True,False,False,True
57,3.76,27.96,3,1,0,0,14.8,966,0.254054054054054,1,0,True,False,False,False,False,False,False,False,True,False,True
38,10.53,4.33,1,0,0,1,18.06,436,0.5830564784053156,0,0,True,False,False,False,False,False,True,False,False,True,False
19,8.97,67.65,2,0,0,0,8.93,193,1.0044792833146698,1,0,True,False,True,False,False,False,False,False,False,False,False
54,0.78,61.91,0,1,0,1,8.46,891,0.09219858156028368,0,0,True,False,False,False,True,False,False,False,False,False,False
23,8.1,65.53,0,0,0,0,13.81,269,0.5865314989138305,0,0,False,False,False,True,False,False,False,False,False,False,True
61,14.24,78.29,1,1,0,0,9.02,178,1.5787139689578715,0,0,True,False,False,False,False,False,False,True,False,False,False
35,5.37,36.03,0,0,0,0,14.09,613,0.3811213626685593,0,0,False,False,False,False,False,True,False,False,False,False,True
47,4.85,4.18,0,0,1,0,8.94,534,0.5425055928411633,0,0,False,False,False,False,False,False,True,False,False,False,False
39,8.72,57.94,1,1,0,0,9.08,554,0.960352422907489,0,0,False,False,True,False,False,False,False,False,False,False,False
71,3.32,65.06,0,0,0,1,13.64,804,0.24340175953079177,0,0,True,False,True,False,False,False,False,False,False,False,True
50,6.16,71.84,2,0,0,0,14.76,1077,0.4173441734417344,1,0,False,False,False,False,False,True,False,False,False,False,True
47,14.63,76.14,0,0,1,0,8.98,730,1.6291759465478841,0,0,True,False,False,True,False,False,False,False,False,False,False
34,25.31,57.25,2,0,0,0,8.75,1047,2.8925714285714283,1,0,True,False,False,False,False,False,True,False,False,False,False
60,7.1,60.09,0,0,1,0,13.72,79,0.5174927113702623,0,1,False,False,False,False,False,False,False,True,False,False,True
49,12.99,72.42,0,0,1,0,13.89,987,0.9352051835853131,0,0,False,False,True,False,False,False,False,False,False,False,True
59,13.99,43.57,2,0,1,0,18.12,724,0.772075055187638,1,0,False,False,False,False,True,False,False,False,False,True,False
68,2.23,18.39,2,0,0,1,9.64,55,0.2313278008298755,1,1,False,True,False,False,False,False,False,False,True,False,False
31,1.74,78.03,1,0,0,1,14.03,679,0.1240199572344975,0,0,False,False,False,False,True,False,False,False,False,False,True
27,6.86,67.43,0,1,1,0,9.3,40,0.7376344086021506,0,1,False,False,False,True,False,False,False,False,False,False,False
64,6.42,8.54,1,0,1,1,9.0,837,0.7133333333333334,0,0,False,False,False,False,False,False,False,False,False,False,False
68,2.89,22.11,0,0,0,1,18.51,40,0.15613182063749323,0,1,True,False,False,True,False,False,False,False,False,True,False
53,9.78,26.61,0,1,0,1,8.42,801,1.1615201900237528,0,0,True,False,True,False,False,False,False,False,False,False,False
51,4.09,30.7,0,0,0,1,8.96,799,0.45647321428571425,0,0,False,False,False,False,False,False,False,False,True,False,False
26,2.07,30.11,0,1,0,0,9.01,1002,0.2297447280799112,0,0,False,False,False,False,False,False,True,False,False,False,False
59,18.81,53.89,0,0,0,0,18.58,436,1.0123789020452099,0,0,True,False,False,False,False,False,False,False,True,True,False
45,7.9,78.5,1,0,0,1,13.89,1098,0.5687544996400288,0,0,True,False,False,True,False,False,False,False,False,False,True
28,12.28,44.04,0,0,0,0,13.47,871,0.9116555308092056,0,0,True,False,False,False,False,False,False,False,True,False,True
31,4.42,2.72,0,0,1,1,13.77,746,0.32098765432098764,0,0,False,False,False,False,False,True,False,False,False,False,True
56,1.13,20.14,1,0,0,1,8.98,388,0.12583518930957682,0,0,False,False,False,False,False,False,False,False,True,False,False
72,4.26,65.8,1,0,1,0,18.79,583,0.22671633847791378,0,0,False,False,True,False,False,False,False,False,False,True,False
64,15.68,9.18,0,1,1,0,9.3,314,1.6860215053763439,0,0,False,False,False,False,False,True,False,False,False,False,False
71,11.04,47.08,0,0,0,0,13.95,429,0.7913978494623656,0,0,False,False,False,True,False,False,False,False,False,False,True
36,14.94,90.5,1,0,1,1,13.88,417,1.0763688760806915,0,0,True,False,False,True,False,False,False,False,False,False,True
71,3.18,26.99,0,1,1,0,8.78,813,0.3621867881548975,0,0,True,False,False,True,False,False,False,False,False,False,False
32,16.36,59.59,1,0,0,0,9.15,454,1.7879781420765026,0,0,True,False,False,False,False,True,False,False,False,False,False
45,11.61,67.44,1,1,0,0,13.58,1059,0.8549337260677466,0,0,False,False,False,False,False,False,False,False,False,False,True
41,1.78,59.02,0,1,1,1,8.98,470,0.19821826280623608,0,0,True,False,False,False,False,False,False,False,False,False,False
25,11.9,10.21,1,0,0,1,8.18,385,1.4547677261613692,0,0,False,False,False,False,False,True,False,False,False,False,False
60,6.11,28.33,1,0,0,0,8.37,948,0.7299880525686978,0,0,False,False,False,False,False,True,False,False,False,False,False
26,9.45,56.16,0,0,0,0,13.32,794,0.7094594594594594,0,0,True,False,False,True,False,False,False,False,False,False,True
64,5.29,54.58,0,0,0,1,18.37,583,0.2879695155144257,0,0,False,False,False,True,False,False,False,False,False,True,False
50,3.57,53.83,0,0,0,0,18.32,297,0.19486899563318777,0,0,False,False,False,True,False,False,False,False,False,True,False
50,6.91,49.35,2,1,0,1,13.97,1021,0.4946313528990694,1,0,True,False,False,False,False,False,False,True,False,False,True
36,8.61,45.1,0,1,1,1,13.99,93,0.6154395997140815,0,0,True,False,False,False,False,False,False,False,False,False,True
20,4.36,52.47,0,1,0,1,9.03,471,0.4828349944629015,0,0,False,False,True,False,False,False,False,False,False,False,False
27,55.31,23.85,0,1,0,0,8.55,570,6.469005847953216,0,0,True,False,False,False,False,False,False,True,False,False,False
57,2.28,68.75,2,0,0,1,17.73,499,0.12859560067681894,1,0,True,False,False,False,False,False,True,False,False,True,False
64,14.03,60.04,0,0,1,0,14.41,907,0.9736294240111033,0,0,False,False,False,False,False,False,True,False,False,False,True
59,0.56,71.88,3,0,0,1,14.58,741,0.038408779149519894,1,0,False,False,False,False,False,False,True,False,False,False,True
18,7.17,97.71,0,0,0,0,13.64,42,0.5256598240469208,0,1,False,False,False,False,False,False,True,False,False,False,True
46,2.15,79.32,1,0,0,1,17.67,251,0.121675155631013,0,0,False,False,False,False,False,False,True,False,False,True,False
67,10.09,53.63,0,1,0,0,18.2,910,0.5543956043956044,0,0,False,False,False,False,True,False,False,False,False,True,False
51,4.84,35.16,0,0,1,1,9.28,868,0.521551724137931,0,0,True,False,False,False,False,True,False,False,False,False,False
68,0.8,85.61,0,0,0,0,8.89,781,0.08998875140607424,0,0,False,False,True,False,False,False,False,False,False,False,False
30,5.97,73.43,0,0,0,0,14.61,299,0.4086242299794661,0,0,True,False,False,False,False,False,False,True,False,False,True
71,4.22,88.76,1,0,0,1,8.98,761,0.4699331848552338,0,0,True,False,False,False,False,False,True,False,False,False,False
18,5.41,65.68,0,0,0,0,17.2,873,0.31453488372093025,0,0,False,False,False,False,True,False,False,False,False,True,False
51,5.75,56.74,1,0,0,1,9.62,645,0.5977130977130978,0,0,False,False,False,True,False,False,False,False,False,False,False
46,3.75,49.6,0,0,0,0,14.25,94,0.2631578947368421,0,0,True,False,False,True,False,False,False,False,False,False,True
65,12.95,12.43,1,1,0,0,14.74,1091,0.8785617367706919,0,0,False,False,False,False,False,False,False,False,False,False,True
64,29.48,32.71,1,0,0,1,13.83,57,2.131597975415763,0,1,False,False,False,False,True,False,False,False,False,False,True
30,8.17,19.94,1,0,0,1,8.49,266,0.9623085983510011,0,0,False,False,False,False,True,False,False,False,False,False,False
65,10.31,66.52,2,1,0,0,18.02,413,0.572142064372919,1,0,True,False,True,False,False,False,False,False,False,True,False
66,3.91,27.49,1,0,0,1,9.03,355,0.4330011074197121,0,0,False,False,False,False,False,False,True,False,False,False,False
70,18.2,60.6,1,1,1,0,13.68,114,1.3304093567251463,0,0,True,False,False,False,True,False,False,False,False,False,True
46,3.15,40.43,0,1,1,0,13.09,778,0.24064171122994651,0,0,True,False,False,False,False,True,False,False,False,False,True
56,6.54,92.93,1,0,0,0,8.71,275,0.7508610792192881,0,0,False,False,False,False,True,False,False,False,False,False,False
41,7.9,54.83,2,0,0,1,18.69,417,0.42268592830390583,1,0,False,False,False,False,False,False,True,False,False,True,False
43,16.37,61.06,2,1,1,0,14.23,958,1.1503865073787773,1,0,False,False,True,False,False,False,False,False,False,False,True
34,0.88,16.13,1,0,0,1,14.09,295,0.06245564229950319,0,0,False,False,False,False,True,False,False,False,False,False,True
24,3.68,81.95,0,0,0,0,13.37,790,0.27524308152580407,0,0,True,False,False,False,False,False,False,True,False,False,True
30,10.03,10.99,0,0,0,1,14.23,833,0.7048489107519325,0,0,False,False,False,False,False,False,False,False,True,False,True
22,7.68,39.34,1,1,0,1,8.5,257,0.9035294117647058,0,0,True,False,False,True,False,False,False,False,False,False,False
43,9.44,49.87,0,1,0,0,14.71,269,0.6417403127124405,0,0,False,False,False,False,False,False,False,False,False,False,True
66,2.79,83.28,0,1,0,1,14.19,417,0.19661733615221988,0,0,True,False,False,False,False,False,False,False,True,False,True
20,7.03,38.19,1,1,0,1,8.8,407,0.7988636363636363,0,0,False,True,False,False,False,False,False,False,True,False,False
24,5.39,54.04,2,1,0,1,14.37,241,0.3750869867780097,1,0,False,False,True,False,False,False,False,False,False,False,True
66,12.79,48.25,0,0,0,0,13.42,824,0.9530551415797317,0,0,False,False,False,True,False,False,False,False,False,False,True
56,4.47,73.91,0,0,1,0,14.39,705,0.310632383599722,0,0,False,False,False,False,True,False,False,False,False,False,True
70,3.29,33.26,0,1,0,1,9.13,678,0.3603504928806133,0,0,False,False,False,False,False,False,False,False,True,False,False
18,5.96,47.36,1,1,0,1,9.13,200,0.6527929901423877,0,0,True,False,False,False,False,False,False,False,True,False,False
66,14.44,60.82,0,0,0,0,9.3,838,1.5526881720430106,0,0,True,False,False,True,False,False,False,False,False,False,False
34,2.38,73.97,1,1,1,1,13.98,133,0.17024320457796852,0,0,False,False,False,False,False,False,False,False,False,False,True
60,10.21,7.57,0,0,1,0,18.33,401,0.5570103655210039,0,0,True,False,False,False,False,False,True,False,False,True,False
42,5.33,73.36,2,0,0,1,8.92,158,0.5975336322869955,1,0,False,False,False,False,False,True,False,False,False,False,False
20,1.83,51.88,0,0,1,1,9.73,249,0.1880781089414183,0,0,True,False,False,False,False,True,False,False,False,False,False
32,0.68,20.21,0,0,1,0,13.74,501,0.049490538573508006,0,0,True,False,False,True,False,False,False,False,False,False,True
46,15.2,24.89,1,1,0,0,8.57,1017,1.7736289381563592,0,0,False,False,False,False,True,False,False,False,False,False,False
70,10.62,30.78,2,0,1,1,8.69,637,1.2220943613348676,1,0,False,True,False,False,True,False,False,False,False,False,False
60,3.43,70.09,0,0,1,1,13.6,123,0.25220588235294117,0,0,False,False,False,False,False,False,False,False,False,False,True
49,6.52,50.59,0,0,1,0,13.8,1074,0.472463768115942,0,0,False,False,False,False,False,False,True,False,False,False,True
43,22.66,40.17,0,0,0,0,14.19,135,1.5968992248062017,0,0,False,False,False,True,False,False,False,False,False,False,True
33,4.27,47.88,1,1,0,1,13.55,641,0.31512915129151287,0,0,True,False,False,False,True,False,False,False,False,False,True
42,25.59,32.74,2,0,0,0,8.91,878,2.872053872053872,1,0,True,False,False,False,False,True,False,False,False,False,False
71,20.29,56.01,2,0,1,0,18.5,977,1.0967567567567567,1,0,False,False,False,False,False,True,False,False,False,True,False
45,15.1,49.42,1,1,0,0,8.7,883,1.7356321839080462,0,0,False,False,False,False,False,False,False,True,False,False,False
26,7.09,42.75,0,0,1,0,8.57,458,0.8273045507584597,0,0,False,False,False,False,False,False,False,False,False,False,False
73,8.38,43.68,0,1,0,0,8.77,1091,0.9555302166476626,0,0,False,True,True,False,False,False,False,False,False,False,False
73,19.32,61.1,1,0,1,0,8.78,331,2.200455580865604,0,0,True,False,False,False,False,False,True,False,False,False,False
18,10.18,41.57,0,1,0,0,9.46,668,1.0761099365750528,0,0,True,False,False,False,False,False,False,False,False,False,False
46,9.08,79.48,0,0,1,1,15.03,100,0.6041250831669993,0,0,False,False,False,False,False,False,False,False,True,False,True
74,6.38,92.38,0,0,0,1,13.6,675,0.46911764705882353,0,0,True,False,False,True,False,False,False,False,False,False,True
39,6.62,34.32,1,0,1,0,9.2,554,0.7195652173913044,0,0,True,False,False,False,True,False,False,False,False,False,False
33,1.13,79.82,1,0,0,1,14.02,203,0.08059914407988587,0,0,True,False,False,False,False,False,False,True,False,False,True
58,0.96,21.5,1,0,1,0,13.78,119,0.06966618287373004,0,0,True,False,False,False,False,True,False,False,False,False,True
68,8.36,55.23,1,0,0,0,9.14,397,0.9146608315098467,0,0,False,False,False,False,False,False,False,True,False,False,False
61,10.16,71.31,0,0,1,0,9.25,830,1.0983783783783785,0,0,False,False,True,False,False,False,False,False,False,False,False
68,3.68,24.41,0,0,0,1,8.83,348,0.41676104190260477,0,0,False,False,False,True,False,False,False,False,False,False,False
71,5.94,58.63,1,0,1,1,8.42,853,0.7054631828978623,0,0,False,False,False,False,False,False,False,False,False,False,False
58,6.75,13.02,1,0,0,1,13.77,580,0.4901960784313726,0,0,True,False,False,False,False,False,False,True,False,False,True
24,7.38,44.44,3,1,0,0,8.8,89,0.8386363636363635,1,1,False,False,False,False,False,False,False,False,False,False,False
31,5.83,61.26,0,0,0,0,8.58,156,0.6794871794871795,0,0,True,False,False,True,False,False,False,False,False,False,False
46,5.16,59.85,2,0,0,0,9.53,112,0.5414480587618049,1,0,True,False,False,False,True,False,False,False,False,False,False
36,3.76,29.65,0,1,0,0,18.06,975,0.2081949058693245,0,0,True,False,False,False,True,False,False,False,False,True,False
36,7.43,52.45,0,0,0,1,8.95,615,0.8301675977653632,0,0,False,False,False,False,False,True,False,False,False,False,False
19,13.85,54.28,0,0,1,1,13.88,676,0.9978386167146973,0,0,False,False,False,False,False,False,False,True,False,False,True
58,4.77,51.56,0,0,0,0,9.15,919,0.521311475409836,0,0,False,False,False,False,True,False,False,False,False,False,False
62,16.12,35.06,1,0,0,1,14.65,603,1.1003412969283277,0,0,False,False,False,True,False,False,False,False,False,False,True
32,7.84,28.88,0,0,0,1,17.71,542,0.4426877470355731,0,0,True,False,False,False,False,False,False,False,False,True,False
20,7.94,50.71,0,1,0,1,13.89,94,0.5716342692584593,0,0,False,False,False,False,False,True,False,False,False,False,True
28,10.03,74.55,0,0,0,1,18.52,212,0.5415766738660907,0,0,False,False,False,False,True,False,False,False,False,True,False
70,4.21,55.17,1,0,0,0,13.93,864,0.3022254127781766,0,0,True,False,False,True,False,False,False,False,False,False,True
63,12.99,88.8,1,0,0,1,14.31,83,0.9077568134171907,0,1,True,False,False,True,False,False,False,False,False,False,True
47,3.92,30.79,0,0,0,0,14.11,265,0.27781715095676823,0,0,False,False,False,False,False,True,False,False,False,False,True
74,5.97,27.98,1,0,0,1,9.3,918,0.6419354838709677,0,0,False,False,False,False,False,False,False,False,True,False,False
57,4.45,64.5,0,0,0,0,13.32,641,0.3340840840840841,0,0,False,False,False,False,False,False,False,False,False,False,True
35,2.53,49.45,0,1,0,0,17.46,988,0.14490263459335623,0,0,False,False,False,True,False,False,False,False,False,True,False
68,4.79,46.84,1,0,0,0,9.43,467,0.5079533404029692,0,0,False,True,False,False,False,True,False,False,False,False,False
65,8.17,38.41,1,0,0,0,17.53,1033,0.46605818596691384,0,0,True,False,False,False,False,False,True,False,False,True,False
19,10.75,36.58,1,0,0,0,13.59,723,0.7910228108903605,0,0,True,False,False,True,False,False,False,False,False,False,True
49,6.74,59.48,0,0,0,0,13.48,992,0.5,0,0,True,False,False,False,True,False,False,False,False,False,True
25,2.67,45.92,1,0,1,0,12.8,553,0.20859375,0,0,True,False,False,False,True,False,False,False,False,False,True
39,19.47,69.56,0,0,0,0,17.97,433,1.0834724540901504,0,0,False,False,False,False,False,False,False,False,False,True,False
23,18.13,51.88,0,1,1,0,8.95,372,2.0256983240223465,0,0,False,False,False,True,False,False,False,False,False,False,False
29,6.34,63.19,2,0,0,0,8.75,829,0.7245714285714285,1,0,False,False,True,False,False,False,False,False,False,False,False
64,6.25,87.1,0,1,0,0,15.14,243,0.4128137384412153,0,0,True,False,False,False,False,False,True,False,False,False,True
74,11.98,27.54,1,0,0,0,17.77,1053,0.6741699493528419,0,0,False,False,False,False,False,True,False,False,False,True,False
57,10.9,83.95,0,0,0,1,13.85,351,0.7870036101083033,0,0,True,False,False,False,False,False,True,False,False,False,True
53,5.58,48.06,3,1,0,0,9.34,813,0.5974304068522485,1,0,True,False,False,False,False,True,False,False,False,False,False
32,1.93,23.52,0,0,0,1,9.19,885,0.2100108813928183,0,0,False,False,False,True,False,False,False,False,False,False,False
45,11.01,27.42,0,1,0,0,18.09,209,0.6086235489220564,0,0,False,False,False,False,False,False,True,False,False,True,False
69,4.97,54.37,0,0,1,0,9.07,409,0.547960308710033,0,0,True,False,False,False,False,False,False,True,False,False,False
74,14.9,78.66,0,1,0,1,14.47,962,1.0297166551485832,0,0,True,False,False,False,False,False,False,False,True,False,True
66,4.17,58.8,1,0,0,0,8.84,479,0.47171945701357465,0,0,False,False,False,False,False,False,False,False,True,False,False
62,5.55,50.48,0,0,0,1,9.06,160,0.6125827814569536,0,0,True,False,True,False,False,False,False,False,False,False,False
35,8.75,13.55,3,1,0,0,9.14,933,0.9573304157549234,1,0,True,False,False,False,False,False,True,False,False,False,False
19,1.15,35.7,0,1,1,0,8.38,359,0.13723150357995226,0,0,False,False,False,False,False,False,True,False,False,False,False
30,16.01,69.69,1,0,1,0,13.96,666,1.1468481375358166,0,0,True,False,False,False,True,False,False,False,False,False,True
62,17.02,51.16,0,1,0,0,8.97,82,1.8974358974358974,0,1,True,False,False,False,False,True,False,False,False,False,False
71,4.85,74.91,1,0,1,0,8.94,497,0.5425055928411633,0,0,False,False,False,False,False,False,False,False,False,False,False
32,13.15,11.0,0,1,0,1,13.53,669,0.9719142645971915,0,0,False,True,False,False,False,False,False,True,False,False,True
37,13.45,66.63,0,0,0,0,17.33,442,0.7761107905366417,0,0,False,True,False,False,False,False,False,True,False,True,False
46,7.23,59.23,0,0,1,1,14.07,1067,0.513859275053305,0,0,True,False,False,True,False,False,False,False,False,False,True
59,26.01,52.11,1,0,1,0,8.49,525,3.0636042402826855,0,0,True,False,True,False,False,False,False,False,False,False,False
46,2.77,28.22,1,0,0,1,8.95,397,0.3094972067039106,0,0,True,False,False,False,False,False,False,False,True,False,False
20,14.6,88.19,1,0,1,0,14.4,568,1.0138888888888888,0,0,True,False,False,True,False,False,False,False,False,False,True
36,4.08,55.01,1,1,0,0,18.58,666,0.2195909580193757,0,0,False,False,False,False,False,False,True,False,False,True,False
20,3.15,41.21,1,0,0,0,8.85,544,0.3559322033898305,0,0,False,False,False,False,False,False,False,False,False,False,False
71,9.68,52.32,0,0,0,0,9.29,510,1.0419806243272336,0,0,False,False,True,False,False,False,False,False,False,False,False
31,4.21,49.67,1,1,0,0,13.81,443,0.30485155684286747,0,0,True,False,False,False,False,True,False,False,False,False,True
57,13.22,76.06,0,1,0,0,13.38,257,0.9880418535127056,0,0,True,False,False,False,False,False,False,True,False,False,True
72,12.73,30.44,1,1,0,0,14.05,166,0.9060498220640569,0,0,False,False,False,False,False,False,False,True,False,False,True
21,6.82,49.38,1,1,0,1,9.16,820,0.7445414847161572,0,0,True,False,False,False,False,False,False,True,False,False,False
69,3.59,67.41,2,1,0,0,9.06,864,0.3962472406181015,1,0,False,False,False,False,False,False,True,False,False,False,False
28,8.26,65.97,0,0,1,0,8.71,501,0.9483352468427094,0,0,False,False,False,False,False,False,True,False,False,False,False
48,3.89,50.38,0,1,0,0,9.89,547,0.39332659251769464,0,0,False,False,False,False,False,False,True,False,False,False,False
60,5.33,52.6,1,0,1,0,18.2,334,0.29285714285714287,0,0,True,False,False,False,True,False,False,False,False,True,False
49,10.86,37.79,0,0,0,0,9.57,684,1.134796238244514,0,0,False,False,False,False,False,False,False,False,True,False,False
44,10.58,26.01,1,1,0,0,13.98,210,0.7567954220314735,0,0,True,False,False,False,False,True,False,False,False,False,True
47,2.79,64.11,1,1,0,1,14.07,59,0.19829424307036247,0,1,True,False,False,False,False,False,False,True,False,False,True
60,6.58,89.84,0,1,0,0,9.47,1001,0.6948257655755016,0,0,False,False,False,False,False,False,False,True,False,False,False
19,8.6,5.4,0,0,0,0,17.99,794,0.47804335742078935,0,0,True,False,False,True,False,False,False,False,False,True,False
66,7.99,43.9,1,0,1,1,13.63,69,0.5862068965517241,0,1,False,False,False,False,True,False,False,False,False,False,True
26,3.95,33.98,1,0,1,1,18.17,216,0.21739130434782608,0,0,False,False,False,False,False,False,False,True,False,True,False
45,6.01,55.39,1,0,1,0,8.96,348,0.6707589285714285,0,0,False,False,False,False,False,True,False,False,False,False,False
48,16.4,7.47,1,0,1,1,9.17,761,1.788440567066521,0,0,False,False,False,False,False,False,False,True,False,False,False
51,7.49,88.27,0,0,0,0,8.8,921,0.8511363636363636,0,0,True,False,False,False,False,False,True,False,False,False,False
73,14.51,29.51,0,0,0,0,8.84,353,1.6414027149321266,0,0,False,True,False,False,False,False,True,False,False,False,False
32,7.65,64.5,0,0,1,0,14.42,972,0.5305131761442441,0,0,False,False,False,False,False,False,False,False,True,False,True
65,17.44,49.49,1,0,0,0,18.35,1096,0.9504087193460491,0,0,False,False,False,False,False,True,False,False,False,True,False
42,12.82,63.05,3,1,0,0,8.28,685,1.5483091787439616,1,0,True,False,False,False,False,True,False,False,False,False,False
53,18.43,68.58,0,0,0,0,18.02,203,1.0227524972253053,0,0,False,False,False,False,False,False,False,True,False,True,False
25,6.97,30.02,0,0,0,0,14.78,714,0.47158322056833557,0,0,True,False,True,False,False,False,False,False,False,False,True
26,3.71,77.6,1,1,1,1,14.17,1094,0.2618207480592802,0,0,False,False,False,False,False,False,False,True,False,False,True
54,3.64,93.69,0,1,0,0,9.37,438,0.38847385272145146,0,0,True,False,False,False,False,False,False,True,False,False,False
65,17.23,29.28,0,0,0,0,9.04,209,1.9059734513274338,0,0,False,False,False,False,False,False,False,False,True,False,False
62,17.98,62.72,0,1,0,0,17.35,883,1.0363112391930835,0,0,True,False,True,False,False,False,False,False,False,True,False
56,10.17,64.18,0,1,0,1,8.79,66,1.1569965870307168,0,1,True,False,False,True,False,False,False,False,False,False,False
49,6.0,53.85,2,0,0,1,13.15,435,0.45627376425855515,1,0,True,False,False,False,False,False,False,True,False,False,True
69,19.49,60.24,2,0,0,0,14.25,568,1.367719298245614,1,0,True,False,False,False,False,False,False,False,False,False,True
34,1.35,37.64,1,0,0,1,17.98,405,0.07508342602892103,0,0,True,False,False,False,False,False,False,False,False,True,False
52,13.12,5.84,0,0,0,1,14.33,285,0.9155617585484996,0,0,False,False,False,False,False,True,False,False,False,False,True
54,10.13,21.59,0,0,0,1,9.3,307,1.089247311827957,0,0,False,False,False,False,False,True,False,False,False,False,False
36,6.59,77.23,0,0,1,0,14.34,278,0.4595536959553696,0,0,False,False,True,False,False,False,False,False,False,False,True
61,4.51,50.68,0,0,0,0,9.33,722,0.4833869239013933,0,0,False,False,False,False,False,False,False,False,False,False,False
46,8.31,55.24,1,1,0,0,13.22,1070,0.6285930408472012,0,0,True,False,False,False,False,False,True,False,False,False,True
24,6.77,75.42,0,0,1,0,8.94,154,0.7572706935123042,0,0,True,False,False,False,False,False,True,False,False,False,False
45,8.74,78.42,0,0,1,0,13.58,241,0.6435935198821797,0,0,True,False,True,False,False,False,False,False,False,False,True
26,2.66,52.86,0,0,0,0,8.98,501,0.2962138084632517,0,0,False,False,False,True,False,False,False,False,False,False,False
45,26.19,65.99,1,0,0,0,18.44,778,1.420281995661605,0,0,False,False,False,False,False,False,False,True,False,True,False
23,17.54,40.09,0,0,0,0,14.26,529,1.2300140252454417,0,0,True,False,False,False,False,True,False,False,False,False,True
46,5.06,76.29,0,0,1,1,17.98,840,0.28142380422691876,0,0,True,False,True,False,False,False,False,False,False,True,False
34,8.34,22.78,3,1,0,0,9.32,918,0.8948497854077253,1,0,False,False,False,False,False,False,False,False,False,False,False
33,17.32,68.2,0,0,0,0,14.14,204,1.2248939179632248,0,0,False,False,True,False,False,False,False,False,False,False,True
40,7.22,79.38,0,0,0,0,9.12,346,0.7916666666666667,0,0,False,False,False,False,False,False,False,False,False,False,False
48,9.69,56.15,0,1,0,0,13.84,1030,0.7001445086705202,0,0,False,False,False,False,False,True,False,False,False,False,True
20,12.53,15.9,0,0,0,0,17.43,853,0.7188755020080321,0,0,False,False,False,False,False,False,True,False,False,True,False
38,14.46,92.92,1,0,0,0,18.33,899,0.7888707037643209,0,0,True,False,True,False,False,False,False,False,False,True,False
43,5.76,43.47,0,1,1,0,9.91,960,0.5812310797174571,0,0,True,False,False,False,False,True,False,False,False,False,False
53,5.74,0.62,1,0,0,1,17.88,916,0.32102908277404923,0,0,False,False,False,False,False,True,False,False,False,True,False
59,7.88,42.62,0,1,0,1,14.12,298,0.5580736543909348,0,0,False,False,False,False,True,False,False,False,False,False,True
54,22.71,69.39,1,0,0,0,17.89,499,1.2694242593627725,0,0,False,False,False,True,False,False,False,False,False,True,False
70,9.2,38.66,0,1,1,0,14.68,253,0.6267029972752043,0,0,True,False,False,False,False,False,False,False,False,False,True
39,6.01,70.81,0,1,0,0,18.48,1004,0.3252164502164502,0,0,True,False,False,False,True,False,False,False,False,True,False
59,2.48,64.96,0,0,0,1,18.35,936,0.13514986376021798,0,0,True,False,False,False,False,False,True,False,False,True,False
29,10.78,97.08,0,0,1,0,9.29,859,1.1603875134553283,0,0,True,False,False,False,False,True,False,False,False,False,False
59,6.86,78.32,1,0,1,0,9.07,267,0.7563395810363837,0,0,True,False,False,False,False,True,False,False,False,False,False
30,8.81,33.37,1,1,0,0,8.76,104,1.0057077625570776,0,0,False,False,False,False,False,False,False,True,False,False,False
28,7.28,44.86,0,0,0,0,14.35,529,0.5073170731707317,0,0,False,False,False,False,False,False,False,False,False,False,True
71,14.58,35.88,0,0,1,1,17.65,297,0.8260623229461757,0,0,True,False,False,True,False,False,False,False,False,True,False
33,16.65,80.6,1,0,0,0,13.85,1016,1.2021660649819494,0,0,False,False,False,True,False,False,False,False,False,False,True
25,9.59,32.92,0,0,0,0,14.18,752,0.6763046544428774,0,0,True,False,False,False,False,False,False,True,False,False,True
57,8.44,42.93,1,1,0,0,8.19,219,1.0305250305250304,0,0,False,False,False,False,False,False,True,False,False,False,False
74,0.87,61.32,1,0,0,0,9.41,1025,0.0924548352816153,0,0,True,False,False,False,False,False,False,True,False,False,False
57,6.94,42.29,0,1,1,0,9.39,595,0.739084132055378,0,0,True,False,False,False,False,True,False,False,False,False,False
62,5.4,41.22,0,1,0,0,14.09,1022,0.38325053229240597,0,0,False,False,False,False,False,False,False,False,False,False,True
19,4.19,69.64,0,1,0,0,9.11,765,0.45993413830955,0,0,True,False,False,False,False,False,False,False,True,False,False
47,15.56,33.96,0,0,0,0,8.59,185,1.811408614668219,0,0,True,False,False,False,False,False,False,False,False,False,False
47,13.15,25.77,2,0,1,1,14.25,702,0.9228070175438596,1,0,True,False,False,False,False,False,False,False,False,False,True
29,15.32,10.03,0,0,0,1,8.7,98,1.7609195402298852,0,0,True,False,False,False,True,False,False,False,False,False,False
27,0.43,82.81,0,1,1,0,8.53,402,0.05041031652989449,0,0,True,False,False,False,False,False,False,False,True,False,False
61,3.58,60.38,0,0,0,0,9.25,84,0.387027027027027,0,1,False,False,False,False,False,False,False,False,True,False,False
28,12.48,29.72,1,1,0,0,18.03,114,0.692179700499168,0,0,False,False,False,False,False,False,False,False,True,True,False
32,3.94,46.05,0,0,0,1,9.74,970,0.40451745379876797,0,0,False,False,False,False,False,False,False,False,False,False,False
33,16.64,42.27,0,0,0,0,18.35,870,0.9068119891008174,0,0,True,False,False,False,False,False,True,False,False,True,False
34,8.67,36.4,2,0,0,0,8.67,621,1.0,1,0,True,False,False,False,False,False,False,False,True,False,False
43,26.9,41.91,1,0,0,0,18.06,761,1.4894795127353266,0,0,True,False,True,False,False,False,False,False,False,True,False
19,11.1,24.24,0,1,0,0,14.17,651,0.7833450952717007,0,0,True,False,False,False,False,False,False,True,False,False,True
67,9.98,63.39,0,1,0,0,17.91,1038,0.5572305974316025,0,0,False,False,False,False,False,False,True,False,False,True,False
29,7.1,64.33,2,1,0,1,17.8,346,0.398876404494382,1,0,True,False,True,False,False,False,False,False,False,True,False
68,7.36,81.24,1,0,0,0,13.41,654,0.5488441461595824,0,0,False,False,False,False,False,False,False,False,False,False,True
43,3.46,57.08,0,1,1,1,18.59,281,0.18612157073695534,0,0,True,False,False,False,False,False,False,False,False,True,False
40,2.93,31.72,1,0,0,1,14.18,181,0.2066290550070522,0,0,True,False,True,False,False,False,False,False,False,False,True
35,21.9,58.27,2,1,0,0,13.3,939,1.6466165413533833,1,0,True,False,False,False,True,False,False,False,False,False,True
49,10.58,14.84,1,1,0,0,14.8,895,0.7148648648648649,0,0,True,False,False,False,True,False,False,False,False,False,True
66,9.35,70.82,2,1,1,0,18.33,629,0.5100927441352974,1,0,True,False,True,False,False,False,False,False,False,True,False
55,6.41,48.06,0,1,0,1,18.61,1036,0.3444384739387426,0,0,True,False,False,True,False,False,False,False,False,True,False
74,9.26,51.44,0,0,0,0,10.03,1000,0.9232303090727817,0,0,True,False,False,False,True,False,False,False,False,False,False
64,13.75,34.23,1,0,0,0,14.1,1034,0.975177304964539,0,0,False,False,False,False,False,False,False,True,False,False,True
20,7.01,44.04,0,0,0,1,18.13,332,0.38665195808052955,0,0,False,False,False,False,False,False,False,True,False,True,False
55,10.15,24.11,1,0,0,0,12.96,1056,0.783179012345679,0,0,True,False,False,True,False,False,False,False,False,False,True
20,19.9,31.84,0,0,0,0,18.05,429,1.1024930747922437,0,0,True,False,False,False,False,False,False,False,False,True,False
47,6.28,81.42,0,1,0,1,8.81,97,0.7128263337116912,0,0,False,False,False,False,True,False,False,False,False,False,False
18,10.0,58.01,1,0,0,0,8.73,183,1.145475372279496,0,0,False,True,False,True,False,False,False,False,False,False,False
47,14.57,64.49,0,1,0,0,13.46,1044,1.0824665676077265,0,0,False,False,False,False,False,False,False,False,True,False,True
62,5.86,37.94,0,0,0,1,9.23,211,0.6348862405200434,0,0,True,False,False,True,False,False,False,False,False,False,False
49,2.99,56.85,0,1,1,1,8.7,554,0.3436781609195403,0,0,False,False,True,False,False,False,False,False,False,False,False
45,12.21,45.84,1,0,1,0,14.37,218,0.849686847599165,0,0,False,False,False,False,False,False,False,True,False,False,True
38,8.12,75.61,1,0,0,0,8.47,49,0.958677685950413,0,1,True,False,False,True,False,False,False,False,False,False,False
63,2.69,30.73,0,0,1,0,8.25,880,0.32606060606060605,0,0,False,False,False,False,False,True,False,False,False,False,False
30,6.18,41.08,0,1,1,0,9.69,927,0.6377708978328174,0,0,True,False,False,False,True,False,False,False,False,False,False
44,4.99,39.12,0,1,0,0,14.5,39,0.34413793103448276,0,1,False,True,False,False,False,True,False,False,False,False,True
53,4.11,28.21,0,0,1,1,8.58,729,0.47902097902097907,0,0,False,False,False,False,True,False,False,False,False,False,False
24,14.59,82.33,0,1,1,0,8.74,684,1.6693363844393592,0,0,False,False,False,True,False,False,False,False,False,False,False
39,4.82,11.11,0,0,0,0,14.01,270,0.34403997144896503,0,0,False,False,False,True,False,False,False,False,False,False,True
27,20.33,61.38,0,0,1,0,9.34,181,2.1766595289079227,0,0,True,False,False,False,False,False,False,True,False,False,False
56,8.11,45.14,2,0,0,1,18.31,813,0.4429273620972146,1,0,False,False,False,False,False,False,False,True,False,True,False
70,3.22,37.61,0,1,1,0,8.86,217,0.363431151241535,0,0,False,False,False,True,False,False,False,False,False,False,False
32,9.93,41.25,2,0,0,1,17.97,493,0.5525876460767947,1,0,False,False,False,False,False,False,False,False,True,True,False
32,18.4,78.49,3,0,1,0,14.12,751,1.3031161473087818,1,0,False,False,False,False,True,False,False,False,False,False,True
21,4.47,54.24,0,0,0,1,17.47,929,0.25586720091585574,0,0,False,False,False,True,False,False,False,False,False,True,False
49,11.33,42.78,2,1,1,0,8.88,735,1.2759009009009008,1,0,False,True,False,False,True,False,False,False,False,False,False
40,6.15,57.44,1,0,1,0,9.06,910,0.6788079470198676,0,0,False,False,False,False,False,False,True,False,False,False,False
72,1.72,87.76,0,1,0,1,18.0,444,0.09555555555555556,0,0,False,False,False,False,False,False,False,False,False,True,False
23,2.14,65.19,1,0,1,1,9.81,607,0.218144750254842,0,0,True,False,False,False,False,False,False,False,True,False,False
41,13.67,42.61,0,0,0,1,13.96,339,0.9792263610315186,0,0,False,False,False,False,False,False,False,True,False,False,True
37,16.2,71.36,0,1,0,0,8.35,1055,1.9401197604790419,0,0,True,False,False,False,False,True,False,False,False,False,False
54,2.77,13.34,2,1,1,0,14.06,346,0.19701280227596016,1,0,True,False,False,False,False,False,False,True,False,False,True
37,6.79,18.62,0,1,0,0,17.79,1049,0.38167509836987074,0,0,True,False,True,False,False,False,False,False,False,True,False
29,11.69,17.89,1,0,0,0,18.07,397,0.6469286109573879,0,0,False,False,False,False,False,False,False,False,False,True,False
50,28.06,78.33,1,0,0,0,8.34,584,3.3645083932853717,0,0,False,False,False,False,False,False,False,True,False,False,False
45,14.12,53.5,0,1,0,0,9.18,634,1.5381263616557734,0,0,False,False,False,False,True,False,False,False,False,False,False
25,21.35,81.07,0,0,0,0,18.3,965,1.1666666666666667,0,0,True,False,False,False,False,False,False,True,False,True,False
18,9.86,13.74,1,0,0,1,18.04,509,0.5465631929046563,0,0,False,False,False,True,False,False,False,False,False,True,False
54,1.66,21.33,1,0,1,0,8.6,1010,0.1930232558139535,0,0,False,False,False,False,True,False,False,False,False,False,False
39,1.52,35.88,1,0,0,1,14.16,969,0.10734463276836158,0,0,True,False,False,False,True,False,False,False,False,False,True
23,7.06,57.99,1,0,0,0,8.78,43,0.8041002277904328,0,1,True,False,False,False,False,False,False,False,True,False,False
38,11.43,42.45,1,1,1,0,18.15,57,0.6297520661157026,0,1,True,False,False,False,False,False,False,True,False,True,False
49,4.65,45.16,0,0,0,0,9.05,171,0.5138121546961326,0,0,False,False,False,False,False,False,False,False,True,False,False
52,2.94,80.64,2,0,0,1,13.18,619,0.22306525037936267,1,0,False,False,False,False,False,True,False,False,False,False,True
32,10.46,91.23,0,0,1,0,14.47,502,0.7228749136143746,0,0,True,False,False,False,False,True,False,False,False,False,True
22,19.77,34.22,1,0,1,1,18.31,346,1.0797378481703988,0,0,False,True,False,False,False,False,False,False,False,True,False
73,19.01,65.51,2,1,0,0,18.65,474,1.0193029490616623,1,0,True,False,False,False,True,False,False,False,False,True,False
63,6.59,40.41,0,0,1,0,8.36,325,0.7882775119617226,0,0,True,False,False,True,False,False,False,False,False,False,False
67,0.8,71.17,0,0,0,1,13.27,433,0.06028636021100227,0,0,True,False,False,True,False,False,False,False,False,False,True
65,5.73,17.23,3,0,0,1,17.96,781,0.3190423162583519,1,0,True,False,False,False,False,True,False,False,False,True,False
23,17.66,42.4,2,1,0,0,13.52,292,1.3062130177514792,1,0,True,False,False,False,False,False,False,False,False,False,True
42,4.74,54.01,0,0,0,1,13.87,876,0.341744772891132,0,0,True,False,False,False,False,False,False,True,False,False,True
73,3.85,23.47,1,0,0,1,13.86,406,0.2777777777777778,0,0,False,False,False,False,False,False,False,False,False,False,True
63,9.0,71.76,0,0,0,0,8.96,614,1.0044642857142856,0,0,True,False,False,False,False,False,False,False,False,False,False
73,11.75,69.65,1,0,1,0,13.5,828,0.8703703703703703,0,0,False,False,False,False,False,False,False,True,False,False,True
57,10.97,6.45,3,1,0,0,8.7,500,1.2609195402298852,1,0,False,False,False,False,False,False,False,False,True,False,False
46,8.02,41.31,1,1,0,0,13.98,761,0.5736766809728182,0,0,True,False,False,False,False,False,False,False,True,False,True
24,1.31,49.57,1,0,0,1,17.59,1001,0.07447413303013076,0,0,False,False,False,False,True,False,False,False,False,True,False
57,17.85,62.26,0,1,0,0,9.17,76,1.9465648854961835,0,1,True,False,False,True,False,False,False,False,False,False,False
30,4.71,18.85,1,1,0,0,14.91,976,0.3158953722334004,0,0,False,False,False,False,True,False,False,False,False,False,True
55,6.37,43.41,0,1,0,0,8.67,53,0.734717416378316,0,1,False,False,False,False,False,False,False,True,False,False,False
35,4.3,23.56,0,0,0,0,9.02,860,0.47671840354767187,0,0,True,False,False,False,False,False,False,True,False,False,False
19,8.49,35.6,1,0,0,1,17.73,432,0.47884940778341795,0,0,False,False,False,False,False,False,True,False,False,True,False
25,5.28,84.12,2,0,0,0,13.57,1077,0.38909358879882094,1,0,False,False,False,False,False,False,True,False,False,False,True
28,8.49,42.7,0,0,0,0,9.03,312,0.9401993355481728,0,0,False,False,True,False,False,False,False,False,False,False,False
50,14.06,73.09,0,0,0,0,14.34,122,0.9804741980474199,0,0,False,False,False,True,False,False,False,False,False,False,True
71,5.07,51.76,0,0,0,1,14.52,715,0.34917355371900827,0,0,True,False,False,False,False,True,False,False,False,False,True
55,2.06,38.35,0,0,0,1,8.66,339,0.23787528868360278,0,0,False,False,False,False,True,False,False,False,False,False,False
65,5.73,39.8,0,1,0,0,14.14,917,0.40523338048090524,0,0,True,False,False,False,False,False,False,False,False,False,True
44,5.71,47.99,2,0,0,1,9.86,36,0.579107505070994,1,1,True,False,False,False,False,True,False,False,False,False,False
37,5.79,57.1,0,1,1,0,13.93,1096,0.41564967695620963,0,0,True,False,True,False,False,False,False,False,False,False,True
29,2.87,50.24,1,1,0,0,9.95,817,0.2884422110552764,0,0,True,False,False,False,False,True,False,False,False,False,False
60,9.81,62.51,1,0,0,1,8.63,72,1.1367323290845885,0,1,False,False,False,True,False,False,False,False,False,False,False
48,7.13,83.44,0,1,0,0,8.22,754,0.8673965936739658,0,0,False,False,False,True,False,False,False,False,False,False,False
44,4.68,67.97,0,0,0,0,9.67,230,0.483971044467425,0,0,False,False,False,True,False,False,False,False,False,False,False
49,2.35,54.74,0,1,0,1,18.13,924,0.12961941533370105,0,0,True,False,True,False,False,False,False,False,False,True,False
27,9.21,63.54,0,0,0,0,8.84,696,1.0418552036199096,0,0,False,False,False,False,False,False,False,False,True,False,False
20,6.46,63.68,0,1,1,1,9.53,577,0.6778593913955929,0,0,False,False,False,False,False,False,False,False,False,False,False
62,18.65,32.72,1,0,0,0,18.53,255,1.0064759848893685,0,0,True,False,False,True,False,False,False,False,False,True,False
44,0.57,81.59,1,1,0,0,14.26,662,0.03997194950911641,0,0,True,False,False,False,False,False,False,False,True,False,True
52,13.44,82.93,0,1,0,0,8.57,975,1.5682613768961493,0,0,False,False,False,True,False,False,False,False,False,False,False
48,16.08,40.65,1,1,1,0,17.75,223,0.9059154929577464,0,0,False,False,False,False,False,False,True,False,False,True,False
32,9.53,72.82,0,0,1,0,9.1,567,1.0472527472527473,0,0,False,False,True,False,False,False,False,False,False,False,False
33,6.58,18.22,1,1,0,1,14.72,510,0.44701086956521735,0,0,False,False,False,False,False,True,False,False,False,False,True
30,11.87,49.54,0,0,0,0,9.1,459,1.3043956043956044,0,0,False,False,False,False,False,False,True,False,False,False,False
66,8.06,53.56,0,1,0,0,13.81,974,0.5836350470673425,0,0,True,False,False,False,False,False,False,False,False,False,True
52,10.82,62.99,0,0,0,0,14.55,940,0.7436426116838488,0,0,False,False,False,True,False,False,False,False,False,False,True
69,2.43,71.96,1,0,0,0,8.56,607,0.2838785046728972,0,0,True,False,False,False,False,False,False,False,False,False,False
28,5.34,33.89,1,0,0,0,13.68,140,0.39035087719298245,0,0,False,False,False,False,True,False,False,False,False,False,True
38,6.99,3.79,1,0,0,1,13.79,241,0.5068890500362582,0,0,False,False,False,True,False,False,False,False,False,False,True
68,8.15,49.35,0,0,0,0,14.48,880,0.5628453038674033,0,0,False,False,False,False,False,False,False,True,False,False,True
71,2.42,47.88,0,1,0,1,17.02,907,0.14218566392479437,0,0,False,True,False,False,False,False,False,False,True,True,False
28,4.1,30.83,1,0,1,0,13.92,1016,0.29454022988505746,0,0,True,False,False,False,True,False,False,False,False,False,True
47,1.47,27.65,1,0,0,1,13.93,1025,0.10552763819095477,0,0,False,False,False,False,False,True,False,False,False,False,True
65,5.65,82.33,0,0,0,0,14.33,600,0.3942777390090719,0,0,False,False,False,False,True,False,False,False,False,False,True
70,9.2,62.2,0,0,0,0,13.49,1083,0.681986656782802,0,0,False,True,False,False,False,True,False,False,False,False,True
52,13.55,31.11,1,0,0,1,8.77,695,1.5450399087799318,0,0,False,False,False,False,False,False,False,False,True,False,False
39,15.62,23.73,0,1,0,1,13.92,379,1.122126436781609,0,0,True,False,False,False,False,False,False,False,True,False,True
55,19.73,54.49,0,0,0,0,12.81,959,1.5402029664324746,0,0,False,False,False,False,False,False,False,False,False,False,True
48,11.09,69.58,0,0,0,1,18.48,710,0.600108225108225,0,0,False,False,False,False,False,False,False,False,False,True,False
31,19.58,40.06,1,0,1,0,14.34,280,1.3654114365411436,0,0,True,False,True,False,False,False,False,False,False,False,True
41,10.05,23.09,1,0,1,1,8.67,348,1.1591695501730104,0,0,False,False,False,False,False,False,True,False,False,False,False
67,11.72,31.8,1,0,0,0,14.1,914,0.8312056737588653,0,0,False,False,False,False,False,False,False,False,False,False,True
66,5.02,38.48,0,0,1,1,18.3,218,0.2743169398907104,0,0,False,False,False,False,True,False,False,False,False,True,False
49,12.98,82.95,0,0,0,0,18.4,754,0.7054347826086957,0,0,True,False,True,False,False,False,False,False,False,True,False
53,5.68,68.47,0,1,0,0,18.4,1076,0.30869565217391304,0,0,False,False,False,False,False,True,False,False,False,True,False
49,7.79,72.89,1,0,0,0,18.27,108,0.42638204707170224,0,0,False,False,True,False,False,False,False,False,False,True,False
72,8.04,92.31,0,0,0,0,9.43,575,0.8525980911983032,0,0,False,False,False,False,True,False,False,False,False,False,False
32,7.94,41.1,2,0,0,0,14.22,953,0.5583684950773559,1,0,True,False,False,False,False,False,False,False,False,False,True
60,3.55,67.41,1,1,0,0,13.46,648,0.26374442793462105,0,0,True,False,False,True,False,False,False,False,False,False,True
52,4.78,3.92,0,0,1,1,9.07,334,0.5270121278941565,0,0,False,False,False,False,False,True,False,False,False,False,False
20,8.82,33.72,0,1,0,0,8.86,228,0.9954853273137698,0,0,False,False,False,False,True,False,False,False,False,False,False
33,4.94,20.44,1,0,0,1,18.04,583,0.2738359201773836,0,0,True,False,False,False,False,False,False,True,False,True,False
22,4.27,65.68,0,0,0,1,13.41,1077,0.3184190902311707,0,0,True,False,False,False,False,False,False,False,False,False,True
38,5.07,46.52,0,0,0,1,16.9,212,0.30000000000000004,0,0,True,False,False,False,False,False,True,False,False,True,False
27,12.29,49.11,4,1,1,1,18.74,636,0.6558164354322306,1,0,False,False,False,False,False,True,False,False,False,True,False
36,7.66,21.34,0,0,0,0,9.14,112,0.838074398249453,0,0,True,False,False,False,True,False,False,False,False,False,False
42,7.81,48.63,0,1,1,1,18.36,122,0.4253812636165577,0,0,True,False,False,False,False,False,False,False,False,True,False
21,8.22,64.8,0,0,0,1,9.58,646,0.8580375782881002,0,0,True,False,False,False,False,False,False,False,True,False,False
46,11.96,66.98,4,0,0,0,13.66,602,0.8755490483162519,1,0,False,False,False,False,False,False,False,True,False,False,True
36,2.81,68.01,1,1,0,1,9.11,610,0.30845225027442374,0,0,True,False,False,False,False,True,False,False,False,False,False
60,9.09,59.3,0,0,1,0,8.96,1030,1.0145089285714284,0,0,True,False,False,False,False,True,False,False,False,False,False
19,0.59,33.06,2,0,0,1,18.21,803,0.032399780340472265,1,0,False,False,False,False,False,False,True,False,False,True,False
27,4.93,19.51,0,1,0,0,8.36,882,0.5897129186602871,0,0,True,False,False,False,False,False,False,False,False,False,False
60,6.64,21.93,1,1,0,1,14.17,680,0.4685956245589273,0,0,True,False,False,False,False,False,False,False,True,False,True
42,9.74,56.27,0,0,0,1,9.08,821,1.0726872246696035,0,0,False,False,False,False,False,False,False,False,False,False,False
37,7.49,18.53,0,1,0,0,8.87,505,0.8444193912063135,0,0,True,False,False,False,False,False,False,False,True,False,False
65,3.69,43.37,0,0,0,1,8.28,533,0.4456521739130435,0,0,False,False,False,False,False,False,True,False,False,False,False
36,15.19,42.44,0,0,0,1,14.55,260,1.0439862542955325,0,0,True,False,False,False,False,False,False,True,False,False,True
40,11.98,76.34,0,0,1,0,8.87,907,1.3506200676437432,0,0,False,False,False,False,False,True,False,False,False,False,False
41,13.78,73.35,1,0,0,1,8.54,1072,1.6135831381733021,0,0,True,False,False,False,False,False,False,False,True,False,False
28,1.67,6.3,1,0,0,1,13.43,719,0.12434847356664185,0,0,False,False,True,False,False,False,False,False,False,False,True
63,22.43,48.16,0,0,0,0,9.34,238,2.4014989293361886,0,0,True,False,False,False,False,False,True,False,False,False,False
51,4.63,47.78,0,0,0,1,13.71,160,0.33770970094821295,0,0,True,False,False,False,False,False,True,False,False,False,True
72,5.17,25.46,0,0,0,1,17.56,772,0.29441913439635536,0,0,False,False,False,False,True,False,False,False,False,True,False
45,5.37,31.2,0,0,0,0,8.89,413,0.6040494938132733,0,0,False,True,False,False,False,False,False,True,False,False,False
22,11.94,60.68,1,0,0,0,14.15,391,0.8438162544169611,0,0,True,False,True,False,False,False,False,False,False,False,True
22,8.36,66.6,1,0,1,0,14.73,790,0.5675492192803802,0,0,False,False,True,False,False,False,False,False,False,False,True
68,2.71,14.89,0,0,1,1,13.48,972,0.2010385756676558,0,0,True,False,False,False,True,False,False,False,False,False,True
38,2.38,56.76,1,0,1,0,14.27,677,0.16678346180798878,0,0,False,False,False,False,False,False,False,False,True,False,True
29,4.72,38.22,0,1,0,0,18.45,384,0.25582655826558265,0,0,True,False,False,False,False,False,False,False,True,True,False
67,9.85,76.38,2,0,0,0,9.44,129,1.0434322033898304,1,0,False,False,False,True,False,False,False,False,False,False,False
21,5.76,11.34,0,0,0,0,18.33,760,0.3142389525368249,0,0,True,False,False,True,False,False,False,False,False,True,False
71,19.79,30.72,0,0,0,0,18.08,330,1.094579646017699,0,0,True,False,True,False,False,False,False,False,False,True,False
66,2.14,49.59,2,0,0,1,19.04,638,0.1123949579831933,1,0,True,False,False,False,False,False,False,True,False,True,False
59,17.58,91.67,0,1,1,0,14.2,911,1.2380281690140844,0,0,True,False,False,False,False,False,False,False,True,False,True
37,4.63,40.81,1,1,0,1,18.32,232,0.2527292576419214,0,0,False,False,False,False,False,False,True,False,False,True,False
55,16.06,77.64,0,0,1,0,9.47,1074,1.6958817317845827,0,0,False,True,False,False,False,False,False,False,False,False,False
42,13.8,56.17,0,0,0,0,13.96,141,0.9885386819484241,0,0,False,False,False,False,True,False,False,False,False,False,True
31,6.25,54.56,0,0,1,1,8.78,410,0.7118451025056948,0,0,True,False,False,False,False,False,False,True,False,False,False
28,3.68,54.67,1,0,0,0,17.72,784,0.20767494356659144,0,0,True,False,False,False,False,False,False,False,True,True,False
49,15.02,35.63,0,0,0,0,13.92,983,1.0790229885057472,0,0,False,False,False,False,False,False,False,False,False,False,True
28,4.77,24.6,0,0,0,0,8.95,825,0.5329608938547487,0,0,False,True,True,False,False,False,False,False,False,False,False
35,6.33,35.34,0,0,0,1,17.57,366,0.36027319294251564,0,0,True,False,False,False,True,False,False,False,False,True,False
44,18.41,61.48,0,1,0,0,13.61,251,1.3526818515797208,0,0,False,False,False,False,False,False,False,False,True,False,True
72,1.85,20.14,1,1,0,1,14.67,1041,0.12610770279481937,0,0,False,True,True,False,False,False,False,False,False,False,True
71,4.0,81.15,0,0,0,0,9.61,789,0.41623309053069724,0,0,False,False,False,False,False,False,False,False,True,False,False
35,7.34,6.26,1,0,0,1,18.84,718,0.3895966029723991,0,0,True,False,False,False,True,False,False,False,False,True,False
73,7.54,55.32,0,0,0,0,14.31,147,0.5269042627533194,0,0,True,False,False,False,False,False,True,False,False,False,True
40,5.12,93.61,0,0,0,1,14.05,203,0.3644128113879003,0,0,False,False,False,False,False,True,False,False,False,False,True
28,10.38,22.43,1,0,0,1,14.19,348,0.7315010570824525,0,0,False,False,False,False,False,False,True,False,False,False,True
38,26.39,56.88,0,0,0,0,13.61,470,1.9390154298310067,0,0,True,False,False,False,False,True,False,False,False,False,True
61,14.23,64.4,1,1,0,0,13.55,444,1.0501845018450184,0,0,True,False,False,False,False,False,False,False,False,False,True
22,5.03,26.43,0,1,1,0,8.83,1057,0.5696489241223103,0,0,False,False,True,False,False,False,False,False,False,False,False
40,15.01,62.02,0,0,0,0,9.1,979,1.6494505494505496,0,0,True,False,False,False,False,True,False,False,False,False,False
58,9.08,41.99,2,0,1,0,13.52,112,0.6715976331360947,1,0,True,False,False,False,False,False,True,False,False,False,True
42,3.48,2.92,0,0,1,0,17.8,1018,0.19550561797752808,0,0,False,False,False,False,True,False,False,False,False,True,False
58,2.41,25.99,0,1,0,1,13.86,522,0.1738816738816739,0,0,False,False,True,False,False,False,False,False,False,False,True
71,2.5,13.93,0,0,0,1,9.27,35,0.2696871628910464,0,1,False,False,False,False,False,False,False,False,True,False,False
27,3.56,25.21,0,0,0,1,8.87,734,0.40135287485907556,0,0,True,False,False,False,False,True,False,False,False,False,False
39,15.43,54.48,1,0,1,0,13.96,376,1.1053008595988538,0,0,False,False,False,True,False,False,False,False,False,False,True
36,1.84,87.4,0,1,0,1,17.93,563,0.10262130507529281,0,0,False,False,False,False,False,True,False,False,False,True,False
18,7.95,22.93,0,0,1,0,8.9,686,0.8932584269662921,0,0,True,False,False,False,False,False,False,True,False,False,False
24,7.97,58.22,0,1,1,0,14.13,984,0.5640481245576786,0,0,False,False,False,False,False,True,False,False,False,False,True
21,10.09,25.51,0,1,1,0,8.86,480,1.1388261851015802,0,0,True,False,False,False,False,True,False,False,False,False,False
18,9.45,41.31,0,0,0,0,8.83,1055,1.0702151755379388,0,0,True,False,False,False,False,False,False,False,True,False,False
32,23.33,57.21,1,1,0,0,8.87,947,2.6302142051860202,0,0,True,False,False,False,True,False,False,False,False,False,False
57,8.84,29.58,1,1,0,0,17.49,983,0.505431675242996,0,0,True,False,False,False,False,False,False,False,False,True,False
29,3.97,96.55,1,0,1,0,18.36,243,0.21623093681917213,0,0,True,False,True,False,False,False,False,False,False,True,False
39,19.94,55.37,0,0,0,0,9.03,929,2.2081949058693247,0,0,False,False,False,False,False,False,False,False,True,False,False
39,6.81,36.32,0,0,1,0,13.73,402,0.4959941733430444,0,0,True,False,True,False,False,False,False,False,False,False,True
67,6.81,63.09,0,1,1,0,8.63,682,0.7891077636152953,0,0,False,True,False,True,False,False,False,False,False,False,False
64,15.04,27.25,0,1,0,0,13.53,536,1.1116038433111604,0,0,False,False,False,False,False,False,True,False,False,False,True
34,1.87,93.56,1,1,0,0,14.65,1012,0.12764505119453926,0,0,True,False,False,False,False,False,False,True,False,False,True
46,6.93,30.26,0,0,1,1,9.3,605,0.7451612903225806,0,0,True,False,False,True,False,False,False,False,False,False,False
63,6.35,38.55,0,1,0,0,8.77,362,0.7240592930444698,0,0,False,False,False,False,True,False,False,False,False,False,False
31,3.37,79.5,0,0,0,0,18.3,241,0.18415300546448088,0,0,False,False,False,False,False,False,False,False,True,True,False
67,4.72,97.78,0,1,0,1,14.59,318,0.32350925291295407,0,0,True,False,False,False,False,False,False,True,False,False,True
37,9.18,11.27,2,0,0,1,9.04,639,1.0154867256637168,1,0,True,False,False,False,False,True,False,False,False,False,False
67,9.05,44.05,0,0,0,1,13.61,195,0.6649522409992653,0,0,False,False,False,False,True,False,False,False,False,False,True
65,10.67,9.84,2,1,0,1,18.05,155,0.5911357340720221,1,0,True,False,False,True,False,False,False,False,False,True,False
50,5.19,84.71,0,1,0,0,13.78,1085,0.3766328011611031,0,0,False,False,False,False,True,False,False,False,False,False,True
72,3.07,41.52,0,1,0,1,14.08,303,0.2180397727272727,0,0,False,False,False,False,False,False,False,False,False,False,True
60,6.58,69.05,1,0,0,0,14.14,1074,0.4653465346534653,0,0,True,False,False,True,False,False,False,False,False,False,True
32,11.05,65.95,2,1,0,0,13.22,644,0.8358547655068079,1,0,True,False,False,True,False,False,False,False,False,False,True
29,23.29,15.9,0,0,0,0,13.52,305,1.7226331360946745,0,0,True,False,False,False,False,False,True,False,False,False,True
57,8.46,77.97,0,0,0,1,18.33,1060,0.4615384615384616,0,0,False,False,False,False,False,False,False,False,False,True,False
71,18.43,86.0,1,1,0,0,9.22,1045,1.9989154013015182,0,0,True,False,False,False,False,False,False,False,False,False,False
37,7.24,44.3,0,0,0,1,13.69,126,0.5288531775018261,0,0,True,False,True,False,False,False,False,False,False,False,True
47,9.53,57.04,0,0,0,1,8.46,306,1.1264775413711583,0,0,False,False,True,False,False,False,False,False,False,False,False
55,12.28,79.08,2,0,0,0,8.83,829,1.390713476783692,1,0,True,False,False,False,False,True,False,False,False,False,False
20,20.06,13.95,1,1,0,1,13.32,361,1.5060060060060059,0,0,False,False,False,False,False,False,False,True,False,False,True
45,4.03,45.37,2,0,0,1,18.59,234,0.2167832167832168,1,0,False,False,False,False,False,False,True,False,False,True,False
73,8.86,74.29,0,1,1,0,9.51,132,0.9316508937960042,0,0,True,False,False,True,False,False,False,False,False,False,False
43,15.47,53.57,1,0,0,0,18.21,1033,0.8495332235035694,0,0,False,False,False,False,True,False,False,False,False,True,False
47,1.98,83.4,2,0,1,0,9.29,984,0.21313240043057052,1,0,False,False,False,False,False,True,False,False,False,False,False
30,19.92,53.37,0,1,0,0,8.88,389,2.2432432432432434,0,0,True,False,False,False,False,False,True,False,False,False,False
30,7.32,79.54,1,0,0,0,8.45,68,0.8662721893491125,0,1,True,False,False,False,False,False,True,False,False,False,False
19,7.49,40.93,1,1,0,1,13.16,336,0.5691489361702128,0,0,True,False,False,True,False,False,False,False,False,False,True
54,15.8,37.19,2,0,1,0,14.38,913,1.0987482614742698,1,0,False,False,False,True,False,False,False,False,False,False,True
66,17.22,59.08,1,0,0,1,14.67,549,1.1738241308793456,0,0,True,False,False,False,False,False,False,True,False,False,True
55,12.84,57.53,0,1,0,0,14.16,907,0.9067796610169492,0,0,False,True,True,False,False,False,False,False,False,False,True
19,4.64,80.83,1,0,1,1,14.28,75,0.32492997198879553,0,1,False,False,False,True,False,False,False,False,False,False,True
53,1.39,81.85,0,0,0,0,14.02,223,0.09914407988587731,0,0,True,False,False,False,False,False,True,False,False,False,True
71,10.36,97.81,0,0,0,0,8.96,278,1.1562499999999998,0,0,False,False,False,False,False,False,True,False,False,False,False
43,5.22,15.97,0,0,0,0,18.39,1042,0.2838499184339315,0,0,True,False,False,False,False,False,True,False,False,True,False
28,6.17,63.73,1,0,0,0,13.67,236,0.451353328456474,0,0,False,False,False,False,False,False,False,False,True,False,True
25,25.37,23.46,0,0,0,0,8.93,144,2.8409854423292273,0,0,False,False,False,False,False,False,True,False,False,False,False
61,5.25,74.74,0,0,0,0,8.85,268,0.5932203389830508,0,0,True,False,False,False,False,False,True,False,False,False,False
57,5.05,52.25,0,1,0,0,13.41,595,0.37658463832960476,0,0,True,False,False,True,False,False,False,False,False,False,True
60,10.63,44.99,0,0,0,0,8.77,765,1.2120866590649944,0,0,False,False,False,False,True,False,False,False,False,False,False
39,21.51,41.03,0,0,0,0,13.31,537,1.6160781367392938,0,0,False,False,False,False,False,False,False,False,False,False,True
37,12.06,32.46,0,0,0,0,9.12,184,1.3223684210526316,0,0,False,False,False,False,False,False,False,False,True,False,False
25,10.46,68.78,1,0,0,0,13.94,490,0.7503586800573889,0,0,True,False,False,False,False,False,True,False,False,False,True
46,3.86,72.99,0,0,1,0,8.21,820,0.47015834348355656,0,0,True,False,False,False,False,False,False,False,False,False,False
57,10.81,47.92,1,0,0,1,18.37,683,0.5884594447468698,0,0,True,False,False,False,False,False,True,False,False,True,False
43,1.81,39.66,0,0,0,1,17.85,346,0.10140056022408964,0,0,False,False,False,False,False,False,False,True,False,True,False
47,5.24,23.77,1,1,0,1,18.68,480,0.28051391862955033,0,0,True,False,False,True,False,False,False,False,False,True,False
34,12.57,45.0,0,0,1,0,9.58,606,1.312108559498956,0,0,True,False,False,True,False,False,False,False,False,False,False
37,1.0,74.19,0,0,0,1,17.75,525,0.056338028169014086,0,0,False,False,False,False,False,False,False,True,False,True,False
69,3.47,16.31,1,0,1,1,13.99,391,0.24803431022158687,0,0,False,False,False,False,False,False,False,False,False,False,True
72,9.54,46.02,1,0,0,0,13.75,486,0.6938181818181818,0,0,True,False,False,True,False,False,False,False,False,False,True
33,25.3,74.69,0,0,0,0,8.25,158,3.066666666666667,0,0,True,False,False,False,False,False,False,False,True,False,False
63,7.93,89.56,3,0,0,0,14.2,1092,0.5584507042253521,1,0,False,False,False,False,True,False,False,False,False,False,True
60,14.4,67.07,0,1,0,0,17.98,841,0.8008898776418243,0,0,True,False,False,False,False,False,False,False,True,True,False
24,25.0,7.58,2,0,1,0,8.85,902,2.824858757062147,1,0,True,False,False,False,False,False,False,False,True,False,False
33,10.25,42.04,0,0,0,0,8.93,379,1.1478163493840985,0,0,True,False,False,False,False,False,False,True,False,False,False
62,18.59,43.18,0,0,1,0,8.86,674,2.098194130925508,0,0,False,False,False,False,False,False,False,True,False,False,False
64,30.74,13.97,0,0,0,1,8.65,481,3.5537572254335257,0,0,False,False,False,False,True,False,False,False,False,False,False
73,1.28,31.13,0,0,0,1,14.2,138,0.09014084507042254,0,0,True,False,False,False,False,True,False,False,False,False,True
65,6.9,27.33,0,0,0,1,18.53,606,0.372369131138694,0,0,True,False,False,False,False,True,False,False,False,True,False
44,6.89,63.15,0,0,0,1,9.02,270,0.7638580931263859,0,0,False,False,False,False,False,True,False,False,False,False,False
70,5.62,39.3,2,0,0,0,13.57,620,0.41414885777450255,1,0,False,True,False,False,False,False,True,False,False,False,True
40,1.61,45.02,2,0,0,1,13.5,607,0.11925925925925927,1,0,False,False,False,False,True,False,False,False,False,False,True
41,2.71,43.72,0,0,1,0,9.72,354,0.2788065843621399,0,0,False,True,False,False,False,False,True,False,False,False,False
26,3.68,37.33,1,1,0,0,13.65,400,0.2695970695970696,0,0,False,False,False,False,False,False,False,False,False,False,True
52,21.87,67.74,1,1,0,0,8.95,134,2.443575418994414,0,0,False,False,False,False,False,False,False,False,False,False,False
68,5.47,36.7,1,0,0,1,13.7,127,0.39927007299270073,0,0,True,False,True,False,False,False,False,False,False,False,True
37,5.8,54.02,0,1,0,1,9.1,125,0.6373626373626373,0,0,True,False,False,False,False,True,False,False,False,False,False
54,8.96,54.11,1,0,0,1,14.27,75,0.6278906797477226,0,1,True,False,False,False,False,False,False,True,False,False,True
59,17.1,55.46,0,1,1,0,8.9,919,1.9213483146067416,0,0,False,False,True,False,False,False,False,False,False,False,False
34,5.59,54.83,1,0,0,1,17.95,60,0.31142061281337047,0,1,False,False,True,False,False,False,False,False,False,True,False
64,23.11,77.44,2,0,0,0,17.48,437,1.3220823798627002,1,0,False,False,False,False,False,False,False,True,False,True,False
48,1.68,41.82,1,0,0,1,8.62,745,0.1948955916473318,0,0,True,False,False,True,False,False,False,False,False,False,False
72,6.84,55.98,0,0,0,0,14.32,673,0.47765363128491617,0,0,True,False,True,False,False,False,False,False,False,False,True
74,3.93,48.8,2,0,1,1,8.35,727,0.4706586826347306,1,0,True,False,False,True,False,False,False,False,False,False,False
25,10.64,28.78,1,1,0,0,14.34,1002,0.7419804741980475,0,0,True,False,False,False,False,True,False,False,False,False,True
32,1.96,62.56,3,0,0,0,8.43,730,0.232502965599051,1,0,False,False,False,False,False,False,False,False,True,False,False
48,10.9,67.93,0,0,0,0,14.5,905,0.7517241379310345,0,0,False,False,False,True,False,False,False,False,False,False,True
70,6.34,84.37,1,1,0,0,9.26,935,0.6846652267818575,0,0,True,False,False,False,False,False,True,False,False,False,False
47,20.77,73.83,0,0,0,0,9.27,838,2.240560949298813,0,0,True,False,False,False,False,True,False,False,False,False,False
63,14.65,40.78,2,0,0,0,8.99,628,1.6295884315906564,1,0,False,False,False,True,False,False,False,False,False,False,False
37,13.39,26.8,1,1,0,1,8.93,996,1.4994400895856663,0,0,True,False,False,False,True,False,False,False,False,False,False
56,9.07,34.12,3,1,0,1,14.0,662,0.6478571428571429,1,0,False,False,False,False,False,False,False,True,False,False,True
70,4.83,64.24,1,0,0,0,8.6,164,0.5616279069767443,0,0,True,False,False,False,False,False,False,False,True,False,False
72,3.87,46.24,0,1,0,1,17.89,357,0.21632196757965344,0,0,True,False,False,False,False,False,False,False,False,True,False
29,5.35,38.83,0,0,0,0,13.44,228,0.39806547619047616,0,0,True,False,False,False,True,False,False,False,False,False,True
66,6.15,52.38,0,1,1,0,8.97,712,0.68561872909699,0,0,True,False,False,False,True,False,False,False,False,False,False
34,5.35,37.4,1,1,0,0,13.77,153,0.38852578068264343,0,0,False,False,False,True,False,False,False,False,False,False,True
59,5.37,48.12,1,1,0,0,14.31,783,0.3752620545073375,0,0,True,False,False,False,True,False,False,False,False,False,True
47,5.24,14.27,0,1,0,1,14.13,411,0.3708421797593772,0,0,True,False,True,False,False,False,False,False,False,False,True
46,6.92,63.14,1,0,1,0,13.91,600,0.4974838245866283,0,0,True,False,True,False,False,False,False,False,False,False,True
36,7.55,78.77,1,0,0,0,9.23,1094,0.817984832069339,0,0,True,False,True,False,False,False,False,False,False,False,False
63,12.67,62.96,0,1,0,0,9.09,827,1.3938393839383938,0,0,True,False,False,False,False,True,False,False,False,False,False
28,3.66,52.19,0,1,0,0,14.07,920,0.2601279317697228,0,0,False,False,False,True,False,False,False,False,False,False,True
51,5.48,69.57,0,0,0,1,17.97,205,0.3049526989426823,0,0,False,False,True,False,False,False,False,False,False,True,False
67,7.67,57.36,2,1,0,0,18.18,409,0.4218921892189219,1,0,False,False,False,False,False,False,False,False,True,True,False
24,3.64,41.44,2,0,1,1,8.76,194,0.4155251141552512,1,0,True,False,True,False,False,False,False,False,False,False,False
61,1.63,43.17,2,0,0,1,14.29,793,0.11406578026592022,1,0,True,False,False,True,False,False,False,False,False,False,True
51,13.18,47.0,1,0,0,0,18.27,644,0.7214012041598249,0,0,True,False,False,False,False,False,False,True,False,True,False
37,7.92,24.9,1,0,0,1,9.24,202,0.8571428571428571,0,0,True,False,False,False,True,False,False,False,False,False,False
67,4.99,81.27,1,0,1,0,14.12,792,0.3533994334277621,0,0,False,False,False,False,False,False,False,False,True,False,True
55,12.05,53.16,1,0,0,0,14.13,648,0.8527954706298655,0,0,False,False,False,True,False,False,False,False,False,False,True
41,10.85,72.43,1,0,0,0,14.26,694,0.7608695652173912,0,0,False,False,False,False,False,False,False,False,False,False,True
27,10.15,33.73,1,1,1,0,14.41,888,0.7043719639139486,0,0,True,False,True,False,False,False,False,False,False,False,True
49,18.61,78.21,1,0,1,0,17.88,585,1.04082774049217,0,0,True,False,False,False,False,False,False,False,False,True,False
69,4.72,51.9,0,1,1,0,8.65,666,0.545664739884393,0,0,False,False,False,False,True,False,False,False,False,False,False
32,5.27,19.41,1,1,0,0,13.83,244,0.381055676066522,0,0,True,False,False,False,False,False,False,False,True,False,True
54,6.82,96.04,1,1,1,0,8.37,173,0.8148148148148149,0,0,False,False,False,False,True,False,False,False,False,False,False
37,12.65,74.58,1,0,0,0,14.07,648,0.8990760483297797,0,0,False,False,False,False,False,False,False,False,False,False,True
20,1.12,69.12,0,0,0,0,18.29,1037,0.061235647895024614,0,0,False,False,False,False,False,True,False,False,False,True,False
54,13.18,88.46,2,0,0,0,13.89,383,0.9488840892728582,1,0,False,False,False,False,False,False,False,False,True,False,True
74,6.12,43.5,0,1,1,1,8.79,310,0.6962457337883959,0,0,True,False,False,False,False,False,True,False,False,False,False
57,4.33,58.52,1,1,1,0,13.85,866,0.31263537906137184,0,0,True,False,False,False,False,True,False,False,False,False,True
25,20.75,52.99,1,0,1,0,9.4,419,2.207446808510638,0,0,True,False,False,False,False,False,False,False,True,False,False
57,7.34,26.73,2,1,0,0,9.45,294,0.7767195767195768,1,0,False,False,True,False,False,False,False,False,False,False,False
61,17.62,44.82,0,0,0,1,14.78,35,1.192151556156969,0,1,True,False,False,True,False,False,False,False,False,False,True
73,1.68,26.02,1,1,0,0,13.51,942,0.12435233160621761,0,0,False,False,False,False,False,False,False,False,False,False,True
40,0.93,43.79,1,0,0,1,13.76,197,0.06758720930232559,0,0,False,False,False,False,True,False,False,False,False,False,True
57,5.83,23.79,3,1,1,0,14.18,384,0.41114245416078987,1,0,False,False,False,True,False,False,False,False,False,False,True
28,9.91,30.95,1,1,0,1,9.1,202,1.0890109890109891,0,0,True,False,False,False,True,False,False,False,False,False,False
63,12.83,47.6,0,1,0,0,9.78,879,1.3118609406952966,0,0,True,False,False,False,True,False,False,False,False,False,False
25,7.91,29.47,0,0,0,0,14.33,148,0.5519888346127007,0,0,False,False,False,False,False,False,False,True,False,False,True
46,3.42,45.24,0,0,0,1,17.95,203,0.1905292479108635,0,0,False,False,False,False,False,False,False,True,False,True,False
47,3.91,23.35,0,0,0,1,17.51,988,0.2233009708737864,0,0,False,False,True,False,False,False,False,False,False,True,False
73,7.48,88.16,1,0,0,0,13.9,158,0.5381294964028777,0,0,True,False,False,False,False,False,True,False,False,False,True
27,1.26,72.99,0,1,1,0,8.84,216,0.1425339366515837,0,0,False,False,False,True,False,False,False,False,False,False,False
56,16.51,77.74,2,0,0,0,14.6,922,1.1308219178082193,1,0,False,False,False,False,False,False,False,True,False,False,True
45,8.78,39.25,1,0,0,0,13.66,627,0.6427525622254758,0,0,True,False,False,False,False,False,False,False,True,False,True
66,0.95,23.9,0,0,1,0,9.1,239,0.1043956043956044,0,0,False,False,False,False,False,True,False,False,False,False,False
53,8.03,55.92,2,0,0,0,13.59,1038,0.5908756438557763,1,0,False,False,False,False,False,False,False,False,False,False,True
30,4.43,31.22,0,0,0,1,17.96,779,0.24665924276169263,0,0,True,False,True,False,False,False,False,False,False,True,False
49,15.5,23.28,2,0,1,0,13.74,561,1.1280931586608443,1,0,True,False,False,False,False,True,False,False,False,False,True
53,10.74,27.55,1,0,0,0,8.99,981,1.1946607341490545,0,0,False,False,False,False,False,False,True,False,False,False,False
54,10.43,36.66,0,1,0,0,13.61,589,0.766348273328435,0,0,True,False,False,False,False,True,False,False,False,False,True
43,11.13,39.32,2,1,1,0,8.27,257,1.3458282950423217,1,0,False,False,False,True,False,False,False,False,False,False,False
39,6.95,48.93,0,0,0,0,8.48,595,0.8195754716981132,0,0,False,False,False,False,False,False,False,False,True,False,False
21,12.42,17.92,1,0,0,0,18.02,643,0.6892341842397336,0,0,False,False,False,False,True,False,False,False,False,True,False
48,3.81,87.67,1,0,1,0,9.54,118,0.39937106918238996,0,0,False,False,False,False,False,False,False,True,False,False,False
35,15.69,36.09,0,0,0,0,9.32,844,1.6834763948497853,0,0,True,False,False,False,False,False,False,False,True,False,False
55,13.42,34.71,0,1,1,0,13.75,279,0.976,0,0,True,False,False,False,False,False,True,False,False,False,True
41,3.11,67.49,2,1,0,1,18.17,254,0.17116125481563013,1,0,False,False,True,False,False,False,False,False,False,True,False
73,18.59,70.3,0,0,0,0,14.0,932,1.3278571428571428,0,0,True,False,False,False,False,True,False,False,False,False,True
40,1.81,12.0,0,0,0,0,9.51,1000,0.19032597266035753,0,0,False,False,False,False,False,False,False,False,True,False,False
39,4.59,19.92,0,1,0,0,13.98,702,0.3283261802575107,0,0,False,False,False,True,False,False,False,False,False,False,True
19,7.91,68.83,0,0,1,0,14.01,197,0.5645967166309779,0,0,True,False,True,False,False,False,False,False,False,False,True
48,3.09,37.86,1,0,1,0,13.8,139,0.22391304347826085,0,0,True,False,False,False,True,False,False,False,False,False,True
72,3.76,26.78,0,0,1,1,14.63,326,0.2570061517429938,0,0,False,False,False,False,False,False,True,False,False,False,True
28,4.79,36.18,0,0,0,1,8.92,272,0.5369955156950673,0,0,False,False,False,False,False,False,True,False,False,False,False
45,8.0,73.65,0,1,0,0,17.64,238,0.4535147392290249,0,0,True,False,False,False,False,True,False,False,False,True,False
63,19.17,86.96,0,0,0,0,14.03,1057,1.3663578047042055,0,0,False,False,False,False,False,False,False,True,False,False,True
49,7.06,56.35,0,1,0,0,9.13,290,0.773274917853231,0,0,False,False,False,False,False,False,False,False,False,False,False
22,1.83,17.94,0,0,1,1,13.93,409,0.1313711414213927,0,0,False,True,False,False,False,False,True,False,False,False,True
55,14.67,43.29,0,0,0,1,9.31,125,1.5757250268528462,0,0,True,False,False,True,False,False,False,False,False,False,False
27,10.05,19.5,1,0,0,0,14.37,798,0.6993736951983299,0,0,True,False,False,False,False,False,False,False,True,False,True
57,3.99,70.21,0,0,0,1,8.81,858,0.452894438138479,0,0,False,False,False,True,False,False,False,False,False,False,False
63,4.11,37.88,0,0,0,0,8.84,955,0.46493212669683265,0,0,False,False,False,False,False,False,False,False,True,False,False
41,9.81,62.01,1,0,0,0,14.23,649,0.6893886156008433,0,0,True,False,False,False,False,False,False,False,True,False,True
52,8.88,83.02,0,1,0,0,17.94,289,0.49498327759197325,0,0,False,False,False,False,True,False,False,False,False,True,False
61,10.79,46.6,0,0,0,0,8.82,860,1.2233560090702946,0,0,False,False,False,False,False,False,True,False,False,False,False
65,10.09,26.54,0,0,0,0,13.96,579,0.7227793696275071,0,0,True,False,False,False,False,False,True,False,False,False,True
40,0.18,87.77,0,0,0,1,14.17,729,0.01270289343683839,0,0,False,False,False,False,False,False,False,False,True,False,True
34,4.03,12.96,0,1,1,0,14.16,738,0.2846045197740113,0,0,False,False,False,False,False,True,False,False,False,False,True
18,8.69,5.19,1,1,0,0,8.77,1061,0.9908779931584949,0,0,True,False,False,True,False,False,False,False,False,False,False
72,12.12,46.14,0,0,1,1,14.01,592,0.8650963597430407,0,0,True,False,False,False,False,False,False,True,False,False,True
48,13.74,42.6,0,0,1,0,8.95,402,1.535195530726257,0,0,False,False,False,False,False,True,False,False,False,False,False
48,6.89,65.77,0,0,0,1,18.52,251,0.3720302375809935,0,0,True,False,False,False,False,False,False,True,False,True,False
59,7.95,10.95,0,0,0,0,14.38,560,0.5528511821974965,0,0,True,False,False,False,False,False,True,False,False,False,True
74,5.4,84.36,3,0,0,0,18.33,379,0.29459901800327337,1,0,False,False,False,False,False,True,False,False,False,True,False
72,5.73,68.98,1,1,1,0,8.98,60,0.6380846325167038,0,1,False,False,False,True,False,False,False,False,False,False,False
59,6.34,64.55,0,0,0,1,18.5,51,0.3427027027027027,0,1,False,False,False,False,False,False,True,False,False,True,False
70,9.02,54.14,1,0,1,0,8.43,783,1.0699881376037959,0,0,False,False,True,False,False,False,False,False,False,False,False
73,9.04,52.05,0,0,0,0,14.65,243,0.6170648464163822,0,0,True,False,False,False,False,False,True,False,False,False,True
51,9.98,53.63,0,1,0,0,9.51,741,1.0494216614090432,0,0,True,False,False,False,False,True,False,False,False,False,False
26,2.19,32.21,1,0,0,1,14.09,169,0.15542938254080907,0,0,True,False,False,True,False,False,False,False,False,False,True
39,3.35,59.64,1,0,0,0,8.63,994,0.388180764774044,0,0,True,False,False,False,False,False,False,False,True,False,False
30,4.35,47.23,0,1,0,0,8.58,438,0.506993006993007,0,0,False,False,False,False,False,False,False,False,False,False,False
42,6.75,21.8,0,0,0,0,13.7,467,0.4927007299270073,0,0,False,False,False,False,True,False,False,False,False,False,True
65,4.99,42.5,0,0,0,1,14.05,826,0.3551601423487544,0,0,False,False,False,True,False,False,False,False,False,False,True
35,16.34,93.74,3,0,0,0,13.67,42,1.1953182150694952,1,1,True,False,False,False,False,False,True,False,False,False,True
68,8.28,13.04,0,1,0,0,9.42,530,0.8789808917197451,0,0,True,False,False,False,False,False,True,False,False,False,False
29,8.83,12.68,1,1,0,1,9.66,1079,0.9140786749482401,0,0,False,False,False,False,False,False,False,False,True,False,False
57,3.1,77.25,0,0,0,0,17.54,563,0.17673888255416192,0,0,True,False,False,True,False,False,False,False,False,True,False
34,15.13,76.56,0,0,0,0,14.34,890,1.0550906555090656,0,0,True,False,True,False,False,False,False,False,False,False,True
32,11.44,29.27,0,0,1,0,8.65,105,1.3225433526011559,0,0,False,False,False,False,False,False,False,False,False,False,False
59,8.76,9.63,1,0,0,0,14.4,395,0.6083333333333333,0,0,True,False,False,True,False,False,False,False,False,False,True
32,5.47,83.39,0,0,0,1,18.11,870,0.30204307012700166,0,0,True,False,False,False,False,False,True,False,False,True,False
32,3.72,66.86,1,1,0,1,17.98,916,0.20689655172413793,0,0,False,False,False,False,False,False,False,True,False,True,False
72,5.9,71.83,2,1,1,0,9.42,528,0.6263269639065818,1,0,True,False,False,False,False,False,False,True,False,False,False
56,14.89,53.6,1,0,1,0,17.72,728,0.8402934537246051,0,0,False,False,False,False,False,False,False,True,False,True,False
30,2.35,92.22,0,0,0,0,9.25,709,0.25405405405405407,0,0,True,False,False,False,True,False,False,False,False,False,False
34,9.86,76.04,0,0,0,0,14.24,232,0.6924157303370786,0,0,True,False,False,False,True,False,False,False,False,False,True
49,5.98,66.42,1,0,1,0,9.13,475,0.6549835706462213,0,0,True,False,False,True,False,False,False,False,False,False,False
26,3.74,30.9,2,1,0,1,13.85,547,0.2700361010830325,1,0,False,False,False,False,False,False,False,False,False,False,True
57,17.14,57.73,0,0,0,0,13.34,161,1.2848575712143928,0,0,False,False,False,False,False,False,True,False,False,False,True
37,2.78,87.27,1,0,0,0,12.94,120,0.21483771251931993,0,0,False,True,False,False,False,False,True,False,False,False,True
43,3.38,45.97,0,0,0,1,13.82,501,0.24457308248914617,0,0,False,False,False,False,False,False,True,False,False,False,True
44,2.46,51.82,0,0,0,0,14.67,531,0.16768916155419222,0,0,False,False,False,False,True,False,False,False,False,False,True
38,3.99,46.38,1,1,0,0,14.21,790,0.28078817733990147,0,0,True,False,False,False,False,False,False,False,False,False,True
35,7.25,82.64,1,0,0,0,9.0,416,0.8055555555555556,0,0,True,False,False,False,False,False,True,False,False,False,False
30,3.23,13.2,0,0,0,1,8.6,1060,0.3755813953488372,0,0,True,False,False,False,False,False,False,False,True,False,False
33,4.05,31.7,0,0,0,0,14.11,627,0.2870304748405386,0,0,True,False,True,False,False,False,False,False,False,False,True
26,8.72,25.78,1,0,0,1,18.22,937,0.47859495060373225,0,0,True,False,False,False,False,True,False,False,False,True,False
29,24.13,59.66,0,1,0,0,14.29,896,1.688593421973408,0,0,True,False,False,True,False,False,False,False,False,False,True
61,10.39,36.13,0,0,0,0,8.79,686,1.1820250284414109,0,0,True,False,False,True,False,False,False,False,False,False,False
55,6.43,62.58,1,1,0,1,14.15,371,0.45441696113074204,0,0,True,False,False,False,False,False,False,True,False,False,True
36,3.16,74.39,1,0,1,0,9.2,1054,0.34347826086956523,0,0,True,False,False,False,False,False,False,True,False,False,False
24,14.57,93.18,1,1,0,0,18.53,493,0.7862924986508365,0,0,False,False,False,True,False,False,False,False,False,True,False
74,7.35,26.11,0,1,0,0,8.89,491,0.826771653543307,0,0,False,False,False,False,False,False,False,False,True,False,False
52,2.23,81.97,0,1,0,0,14.13,848,0.15782024062278838,0,0,True,False,False,False,False,False,True,False,False,False,True
65,11.03,79.73,1,1,0,0,14.25,503,0.7740350877192982,0,0,True,False,False,False,False,False,False,False,False,False,True
35,9.35,69.52,0,0,0,0,17.85,917,0.5238095238095237,0,0,True,False,False,False,False,False,False,False,False,True,False
33,6.07,48.78,1,1,0,0,8.48,968,0.7158018867924528,0,0,False,False,False,False,True,False,False,False,False,False,False
72,5.61,44.62,1,1,1,1,9.35,397,0.6000000000000001,0,0,True,False,False,False,False,False,True,False,False,False,False
56,4.76,59.45,0,0,0,0,14.25,1077,0.33403508771929824,0,0,False,False,False,False,False,False,False,False,False,False,True
21,22.31,38.29,0,0,1,0,13.91,752,1.603882099209202,0,0,True,False,False,False,False,False,True,False,False,False,True
42,4.27,22.99,0,1,0,0,9.07,322,0.4707828004410143,0,0,True,False,False,False,False,False,False,True,False,False,False
49,23.8,42.17,1,0,1,0,14.32,597,1.6620111731843576,0,0,True,False,False,False,False,True,False,False,False,False,True
57,10.24,54.32,0,1,0,0,13.98,903,0.7324749642346209,0,0,True,False,False,False,False,True,False,False,False,False,True
30,9.53,75.21,1,1,1,0,18.23,990,0.5227646736149204,0,0,False,False,False,False,False,True,False,False,False,True,False
62,10.16,61.46,0,0,1,0,8.72,618,1.165137614678899,0,0,False,False,False,False,False,False,False,True,False,False,False
34,10.65,53.13,0,1,1,0,9.05,289,1.1767955801104972,0,0,False,False,False,False,True,False,False,False,False,False,False
66,4.62,74.82,0,1,0,0,14.01,937,0.3297644539614561,0,0,False,False,False,False,False,True,False,False,False,False,True
54,12.9,40.56,2,0,0,1,14.39,213,0.896455872133426,1,0,False,False,False,False,False,False,False,True,False,False,True
23,18.45,43.84,0,0,1,0,13.53,176,1.3636363636363638,0,0,False,False,False,False,False,False,True,False,False,False,True
36,7.91,27.52,0,0,0,0,14.12,621,0.5601983002832862,0,0,True,False,False,False,False,True,False,False,False,False,True
30,10.71,76.09,0,0,0,0,9.02,1047,1.1873614190687363,0,0,True,False,False,False,False,False,False,False,True,False,False
74,9.13,34.46,1,1,1,1,9.66,469,0.9451345755693582,0,0,True,False,False,False,True,False,False,False,False,False,False
43,7.09,28.71,1,0,0,1,8.58,258,0.8263403263403263,0,0,False,False,False,False,False,False,False,False,True,False,False
31,6.33,44.19,1,0,1,1,18.09,761,0.34991708126036486,0,0,True,False,False,True,False,False,False,False,False,True,False
48,8.01,58.5,0,1,0,0,13.54,976,0.5915805022156573,0,0,False,False,False,False,False,False,True,False,False,False,True
71,18.35,15.65,2,1,0,0,8.79,769,2.0875995449374294,1,0,True,False,False,False,True,False,False,False,False,False,False
21,1.42,47.98,2,1,0,1,9.45,407,0.15026455026455027,1,0,False,False,False,False,False,False,False,False,True,False,False
56,17.67,15.54,1,0,0,1,17.9,983,0.987150837988827,0,0,True,False,False,False,True,False,False,False,False,True,False
25,1.09,36.91,2,0,0,0,18.75,629,0.058133333333333335,1,0,True,False,False,False,False,False,True,False,False,True,False
42,5.51,49.5,0,0,0,1,18.27,52,0.30158730158730157,0,1,False,False,False,True,False,False,False,False,False,True,False
30,10.61,82.54,1,1,0,0,9.04,322,1.1736725663716814,0,0,True,False,False,False,False,False,False,False,False,False,False
49,13.83,48.11,1,0,0,1,13.9,505,0.9949640287769784,0,0,False,True,False,False,False,True,False,False,False,False,True
55,7.48,59.78,0,0,1,0,8.83,981,0.8471121177802945,0,0,True,False,False,True,False,False,False,False,False,False,False
55,15.89,41.22,0,0,0,0,9.34,480,1.701284796573876,0,0,True,False,False,False,True,False,False,False,False,False,False
73,11.9,73.38,2,1,0,0,8.47,927,1.4049586776859504,1,0,False,False,False,False,False,True,False,False,False,False,False
45,4.16,30.88,0,0,0,1,9.23,314,0.4507042253521127,0,0,False,False,False,True,False,False,False,False,False,False,False
70,16.08,74.14,0,0,0,1,14.48,619,1.1104972375690607,0,0,True,False,False,False,False,True,False,False,False,False,True
47,11.72,65.96,0,1,0,1,17.35,151,0.6755043227665706,0,0,False,False,False,False,False,False,False,False,False,True,False
20,8.74,30.53,1,0,0,0,8.86,540,0.9864559819413093,0,0,False,False,False,False,False,False,True,False,False,False,False
45,1.99,9.35,0,0,0,1,17.76,31,0.11204954954954954,0,1,False,False,False,False,True,False,False,False,False,True,False
20,3.82,33.14,0,0,0,0,9.17,921,0.4165757906215921,0,0,True,False,False,False,True,False,False,False,False,False,False
62,12.38,55.72,1,0,0,0,13.3,828,0.9308270676691729,0,0,True,False,False,False,False,False,False,False,False,False,True
71,12.18,32.22,0,1,1,0,8.72,658,1.3967889908256879,0,0,False,False,False,False,False,False,False,True,False,False,False
51,11.96,37.0,0,0,0,0,13.59,490,0.8800588668138337,0,0,False,False,False,False,False,False,False,False,False,False,True
33,5.93,89.85,1,1,0,0,8.55,981,0.6935672514619882,0,0,False,False,False,False,False,False,False,False,False,False,False
39,9.56,90.36,1,1,0,0,13.78,1001,0.6937590711175617,0,0,True,False,False,False,False,False,False,False,False,False,True
49,3.59,40.46,0,0,1,0,14.25,1011,0.2519298245614035,0,0,True,False,False,False,False,False,True,False,False,False,True
55,0.87,12.54,0,0,0,1,17.71,843,0.04912478825522303,0,0,False,False,False,True,False,False,False,False,False,True,False
25,8.38,71.82,1,1,0,0,8.54,83,0.9812646370023421,0,1,True,False,True,False,False,False,False,False,False,False,False
72,5.22,14.91,1,0,0,0,14.28,138,0.36554621848739494,0,0,True,False,False,False,False,False,False,False,False,False,True
25,5.02,73.52,0,0,0,1,14.79,309,0.33941852603110206,0,0,True,False,False,False,True,False,False,False,False,False,True
74,0.57,47.31,0,0,0,1,18.26,869,0.031215772179627597,0,0,False,False,False,False,False,False,False,False,True,True,False
23,7.41,89.1,0,0,0,0,13.94,866,0.5315638450502153,0,0,True,False,False,False,False,False,False,True,False,False,True
31,8.56,77.6,0,1,0,0,18.14,1081,0.4718853362734289,0,0,False,False,False,False,False,False,False,False,False,True,False
49,7.96,63.11,0,0,0,1,13.52,233,0.5887573964497042,0,0,False,False,False,False,False,False,False,False,False,False,True
52,5.47,30.06,0,1,0,0,14.26,574,0.38359046283309955,0,0,False,False,False,False,False,False,False,True,False,False,True
27,3.15,49.04,0,0,0,0,9.31,338,0.3383458646616541,0,0,True,False,False,False,False,False,False,False,False,False,False
20,12.04,61.12,0,0,0,0,14.09,557,0.8545067423704754,0,0,True,False,False,False,True,False,False,False,False,False,True
29,7.17,90.55,0,1,0,0,14.16,1038,0.5063559322033898,0,0,False,False,True,False,False,False,False,False,False,False,True
66,15.59,78.6,0,0,0,0,9.0,646,1.732222222222222,0,0,False,False,False,False,False,False,False,False,False,False,False
48,3.0,68.69,0,0,0,0,9.06,60,0.3311258278145695,0,1,False,False,False,False,False,False,False,True,False,False,False
46,20.56,43.77,0,0,0,0,17.94,129,1.1460423634336676,0,0,False,False,False,False,False,False,False,False,False,True,False
22,2.37,85.94,0,0,0,0,14.39,696,0.1646977067407922,0,0,False,False,False,False,False,False,True,False,False,False,True
69,7.58,49.59,0,0,0,0,8.88,833,0.8536036036036035,0,0,False,False,False,False,True,False,False,False,False,False,False
42,8.29,87.77,1,1,0,1,14.17,524,0.5850388143966125,0,0,True,False,False,False,True,False,False,False,False,False,True
58,10.69,58.28,0,0,0,0,9.23,500,1.1581798483206933,0,0,True,False,True,False,False,False,False,False,False,False,False
48,6.32,87.17,1,0,0,0,13.78,771,0.4586357039187228,0,0,False,False,False,True,False,False,False,False,False,False,True
38,20.64,56.53,2,0,0,0,13.78,763,1.497822931785196,1,0,True,False,False,False,False,False,True,False,False,False,True
37,2.93,22.62,1,0,0,0,10.03,1027,0.29212362911266204,0,0,False,False,False,False,False,False,True,False,False,False,False
56,1.48,71.92,0,0,0,1,13.87,360,0.10670511896178804,0,0,True,False,True,False,False,False,False,False,False,False,True
39,2.61,42.9,0,1,1,0,9.28,281,0.28125,0,0,False,False,False,False,False,True,False,False,False,False,False
21,2.09,36.79,0,1,0,0,18.23,1054,0.11464618760285243,0,0,True,False,False,False,False,True,False,False,False,True,False
30,10.35,47.64,0,1,0,0,17.97,547,0.5759599332220368,0,0,True,False,False,True,False,False,False,False,False,True,False
62,14.19,68.89,0,1,1,1,9.37,102,1.5144076840981857,0,0,False,True,False,False,False,False,False,False,True,False,False
59,6.92,33.63,1,0,0,1,17.55,185,0.3943019943019943,0,0,True,False,False,True,False,False,False,False,False,True,False
67,32.59,37.38,0,1,0,0,14.07,752,2.3162757640369582,0,0,True,False,False,False,False,True,False,False,False,False,True
66,11.0,69.62,0,0,0,0,13.49,98,0.815418828762046,0,0,True,False,False,True,False,False,False,False,False,False,True
37,4.88,42.69,1,1,0,0,8.81,500,0.5539160045402951,0,0,False,False,False,False,False,False,False,False,False,False,False
69,3.17,49.54,0,0,0,1,14.31,521,0.22152341020265548,0,0,False,False,False,False,False,False,True,False,False,False,True
30,7.98,46.2,0,0,0,0,18.05,329,0.4421052631578947,0,0,False,False,False,True,False,False,False,False,False,True,False
34,5.36,19.81,2,0,0,0,8.94,947,0.5995525727069352,1,0,True,False,False,False,False,False,False,False,True,False,False
71,7.2,51.94,1,0,0,0,8.67,742,0.8304498269896194,0,0,False,False,False,False,False,False,False,False,True,False,False
53,3.37,40.45,0,0,0,0,9.21,780,0.36590662323561346,0,0,True,False,False,False,True,False,False,False,False,False,False
50,16.32,84.6,0,0,0,0,13.88,436,1.175792507204611,0,0,False,False,False,False,False,False,False,False,False,False,True
18,7.08,7.77,0,0,0,1,18.16,968,0.3898678414096916,0,0,False,False,False,False,True,False,False,False,False,True,False
32,8.74,58.37,1,0,0,0,14.33,609,0.6099092812281927,0,0,False,False,False,False,False,False,False,True,False,False,True
30,8.61,78.29,0,0,1,0,8.67,611,0.9930795847750864,0,0,False,False,False,False,False,True,False,False,False,False,False
34,18.09,60.56,0,0,0,0,14.44,828,1.252770083102493,0,0,False,False,False,False,True,False,False,False,False,False,True
41,5.81,43.42,0,0,0,0,9.15,558,0.6349726775956284,0,0,False,False,False,False,False,False,True,False,False,False,False
25,3.94,77.53,0,0,1,0,9.59,166,0.410844629822732,0,0,True,False,False,False,False,False,True,False,False,False,False
67,10.37,66.65,2,0,0,0,13.71,248,0.7563822027716994,1,0,False,False,False,False,False,False,False,False,False,False,True
44,6.02,78.49,1,0,0,0,9.39,547,0.6411075612353567,0,0,True,False,False,False,False,False,False,False,True,False,False
62,2.72,63.5,0,0,0,1,19.11,161,0.14233385661957093,0,0,True,False,False,False,False,False,True,False,False,True,False
40,9.42,11.35,1,1,0,0,14.28,1071,0.6596638655462185,0,0,True,False,False,False,False,True,False,False,False,False,True
63,6.86,37.68,0,0,0,1,18.08,589,0.379424778761062,0,0,True,False,False,False,True,False,False,False,False,True,False
25,5.36,68.78,0,1,1,0,18.29,957,0.2930563149261892,0,0,True,False,False,False,False,True,False,False,False,True,False
25,21.5,76.9,1,0,0,0,18.85,361,1.1405835543766578,0,0,False,False,False,True,False,False,False,False,False,True,False
43,12.15,9.75,0,0,1,1,8.27,348,1.4691656590084645,0,0,True,False,False,False,True,False,False,False,False,False,False
64,12.24,73.04,0,1,0,0,17.21,1009,0.7112144102266124,0,0,True,False,False,False,False,False,False,False,False,True,False
30,1.32,21.47,2,0,0,1,13.96,1063,0.09455587392550144,1,0,False,False,False,True,False,False,False,False,False,False,True
56,1.13,73.78,1,1,0,1,14.06,196,0.08036984352773825,0,0,True,False,False,False,False,True,False,False,False,False,True
54,2.89,74.1,3,0,1,1,9.09,176,0.31793179317931797,1,0,False,False,False,False,True,False,False,False,False,False,False
66,10.6,50.39,1,0,0,0,9.29,968,1.141011840688913,0,0,False,False,False,False,False,True,False,False,False,False,False
45,20.45,56.88,0,0,0,0,18.03,474,1.134220743205768,0,0,False,False,True,False,False,False,False,False,False,True,False
42,5.91,30.83,3,1,0,1,8.98,99,0.6581291759465479,1,0,False,False,False,False,False,False,False,False,False,False,False
33,8.63,36.56,0,1,0,0,8.91,862,0.9685746352413019,0,0,True,False,False,False,False,False,False,False,False,False,False
72,6.45,49.76,1,1,0,1,8.44,948,0.764218009478673,0,0,True,False,False,False,False,False,True,False,False,False,False
19,3.97,50.03,0,0,0,0,18.2,645,0.21813186813186816,0,0,True,False,False,False,False,False,False,False,False,True,False
71,2.28,78.19,1,1,0,1,14.33,348,0.15910676901605023,0,0,False,False,False,False,False,False,False,True,False,False,True
35,6.84,81.31,0,0,0,1,18.22,65,0.3754116355653129,0,1,True,False,False,False,False,False,True,False,False,True,False
34,1.52,26.26,1,0,1,1,8.97,284,0.16945373467112596,0,0,True,False,False,False,False,False,True,False,False,False,False
47,4.67,65.74,0,0,1,0,8.78,991,0.5318906605922552,0,0,True,False,False,True,False,False,False,False,False,False,False
56,15.84,79.19,1,0,1,0,14.04,364,1.1282051282051282,0,0,False,False,False,True,False,False,False,False,False,False,True
30,12.1,27.71,0,0,1,0,14.3,1073,0.846153846153846,0,0,True,False,False,False,False,True,False,False,False,False,True
49,7.46,35.77,1,1,0,1,8.9,327,0.8382022471910112,0,0,False,True,True,False,False,False,False,False,False,False,False
67,26.99,6.81,0,0,1,0,8.62,1074,3.1310904872389793,0,0,True,False,False,False,False,False,True,False,False,False,False
46,4.54,49.16,1,1,0,0,9.0,507,0.5044444444444445,0,0,True,False,False,True,False,False,False,False,False,False,False
63,0.19,17.8,0,1,0,0,9.65,501,0.019689119170984454,0,0,True,False,False,False,False,False,False,False,True,False,False
47,8.78,73.23,0,0,0,0,14.36,991,0.6114206128133705,0,0,False,False,False,False,True,False,False,False,False,False,True
35,10.16,45.58,0,0,0,0,8.68,499,1.1705069124423964,0,0,False,False,False,False,True,False,False,False,False,False,False
30,9.95,89.15,2,0,1,0,9.47,796,1.0506863780359028,1,0,True,False,False,False,False,False,False,False,False,False,False
60,2.03,38.54,1,0,0,1,8.57,619,0.23687281213535585,0,0,True,False,False,False,False,True,False,False,False,False,False
38,8.04,39.35,2,1,0,0,9.46,821,0.8498942917547567,1,0,False,False,True,False,False,False,False,False,False,False,False
47,8.92,21.88,0,0,0,0,17.83,415,0.5002804262478968,0,0,True,False,False,False,True,False,False,False,False,True,False
38,10.7,39.27,1,0,0,0,9.0,971,1.1888888888888889,0,0,True,False,False,False,False,False,False,False,True,False,False
65,20.26,31.99,0,0,0,0,8.57,475,2.3640606767794634,0,0,True,False,True,False,False,False,False,False,False,False,False
72,3.2,32.24,0,0,1,1,14.6,128,0.21917808219178084,0,0,True,False,False,False,False,False,False,True,False,False,True
34,8.88,21.86,0,0,1,1,13.69,684,0.6486486486486487,0,0,True,False,False,False,True,False,False,False,False,False,True
57,5.12,64.87,0,1,0,0,13.68,1056,0.37426900584795325,0,0,True,False,False,False,False,False,True,False,False,False,True
36,6.23,56.21,0,0,1,0,8.79,963,0.708759954493743,0,0,True,False,False,False,False,False,False,False,True,False,False
69,8.04,41.58,0,0,0,1,13.84,846,0.5809248554913294,0,0,False,False,False,False,False,True,False,False,False,False,True
32,2.77,77.43,0,1,0,0,14.24,690,0.19452247191011235,0,0,True,False,False,False,False,True,False,False,False,False,True
26,9.09,69.93,1,1,1,0,8.68,261,1.0472350230414746,0,0,False,False,False,False,False,False,False,False,True,False,False
69,1.51,60.12,4,1,0,1,9.06,629,0.16666666666666666,1,0,True,False,False,False,True,False,False,False,False,False,False
27,4.42,46.52,0,0,1,1,14.38,949,0.3073713490959666,0,0,False,False,False,True,False,False,False,False,False,False,True
61,10.04,89.42,1,1,1,0,14.6,389,0.6876712328767123,0,0,True,False,False,True,False,False,False,False,False,False,True
48,17.09,12.32,1,0,0,0,18.09,901,0.9447208402432283,0,0,False,False,False,False,False,False,False,False,False,True,False
70,6.54,70.28,1,0,0,0,13.71,585,0.4770240700218818,0,0,True,False,False,False,False,False,False,True,False,False,True
40,13.09,32.61,0,0,0,0,14.02,279,0.9336661911554922,0,0,False,False,False,False,False,False,True,False,False,False,True
69,1.94,53.75,0,0,0,0,8.09,625,0.23980222496909764,0,0,True,False,False,False,False,False,False,True,False,False,False
47,17.1,57.57,0,1,0,0,17.86,168,0.9574468085106385,0,0,True,False,False,False,False,False,False,True,False,True,False
50,8.07,65.35,0,1,0,0,13.42,1019,0.6013412816691506,0,0,False,False,False,False,True,False,False,False,False,False,True
74,5.63,88.41,0,1,1,0,13.65,939,0.41245421245421243,0,0,False,False,False,False,False,False,True,False,False,False,True
69,8.36,48.95,2,1,0,0,8.81,41,0.948921679909194,1,1,True,False,False,False,True,False,False,False,False,False,False
26,5.83,64.46,0,1,0,0,9.49,1009,0.6143308746048473,0,0,False,False,False,False,True,False,False,False,False,False,False
71,3.37,45.5,0,0,0,1,14.03,302,0.24019957234497508,0,0,True,False,False,False,False,False,False,False,False,False,True
64,18.45,69.73,1,0,0,0,8.74,517,2.1109839816933635,0,0,True,False,False,False,False,False,False,False,True,False,False
18,6.06,50.99,0,1,0,0,8.48,1078,0.7146226415094339,0,0,False,True,False,False,False,True,False,False,False,False,False
61,9.06,75.76,1,1,0,0,8.76,567,1.034246575342466,0,0,True,False,False,False,False,False,False,False,False,False,False
52,5.22,52.39,1,0,0,0,9.07,1014,0.5755237045203969,0,0,False,False,False,False,False,True,False,False,False,False,False
28,11.79,83.53,0,1,0,0,13.97,617,0.8439513242662848,0,0,True,False,False,False,False,False,False,False,False,False,True
51,10.1,48.76,0,1,0,0,14.25,817,0.7087719298245614,0,0,False,False,False,False,True,False,False,False,False,False,True
33,6.06,58.71,0,1,0,0,9.21,950,0.6579804560260585,0,0,False,False,False,False,False,False,False,False,False,False,False
26,23.58,30.64,2,0,0,0,13.24,1063,1.780966767371601,1,0,False,True,False,False,False,True,False,False,False,False,True
49,15.54,46.25,0,0,1,1,18.08,272,0.8595132743362832,0,0,False,False,False,False,False,False,False,False,False,True,False
32,10.32,68.4,1,1,0,0,18.77,827,0.5498135322322856,0,0,True,False,True,False,False,False,False,False,False,True,False
29,8.12,63.54,1,1,0,1,14.82,286,0.5479082321187584,0,0,False,False,False,False,False,False,True,False,False,False,True
50,8.95,26.26,1,0,0,1,14.16,339,0.6320621468926553,0,0,True,False,False,False,False,False,False,False,True,False,True
62,9.06,79.65,0,1,0,0,8.62,545,1.0510440835266823,0,0,False,False,False,False,False,True,False,False,False,False,False
31,2.17,60.26,1,0,0,1,14.09,1083,0.1540099361249113,0,0,False,False,False,False,False,False,True,False,False,False,True
74,15.91,49.85,2,0,0,0,14.58,665,1.0912208504801097,1,0,False,False,False,False,False,False,False,False,True,False,True
74,11.44,40.63,0,1,0,0,14.65,826,0.7808873720136518,0,0,False,False,False,True,False,False,False,False,False,False,True
25,7.36,65.37,0,0,1,0,8.5,69,0.8658823529411765,0,1,True,False,True,False,False,False,False,False,False,False,False
25,14.79,72.63,0,0,1,0,13.65,1079,1.0835164835164834,0,0,False,False,False,False,True,False,False,False,False,False,True
44,16.01,48.94,0,0,0,0,18.02,610,0.8884572697003331,0,0,True,False,False,True,False,False,False,False,False,True,False
29,1.98,56.38,0,1,0,1,18.25,30,0.10849315068493151,0,1,False,False,False,False,False,True,False,False,False,True,False
18,9.1,97.38,0,1,1,0,13.91,108,0.6542056074766355,0,0,True,False,False,True,False,False,False,False,False,False,True
60,16.63,51.41,0,0,0,0,8.94,649,1.8601789709172258,0,0,False,False,False,False,False,False,False,False,True,False,False
57,10.9,44.59,0,0,0,1,8.88,530,1.2274774774774775,0,0,True,False,False,False,False,False,False,False,True,False,False
59,12.97,25.59,1,0,0,0,18.05,1007,0.7185595567867036,0,0,False,False,False,False,False,False,False,False,True,True,False
68,12.76,66.45,0,0,1,0,9.14,515,1.396061269146608,0,0,True,False,True,False,False,False,False,False,False,False,False
28,9.5,63.44,3,0,0,1,13.86,507,0.6854256854256855,1,0,False,False,False,True,False,False,False,False,False,False,True
56,13.6,43.42,1,0,0,0,13.96,362,0.9742120343839541,0,0,True,False,False,False,False,False,True,False,False,False,True
60,18.93,44.2,0,0,0,1,13.97,59,1.3550465282748747,0,1,False,False,True,False,False,False,False,False,False,False,True
48,6.95,56.01,1,0,0,1,13.95,756,0.49820788530465954,0,0,True,False,False,False,False,False,False,False,True,False,True
34,5.21,61.49,1,1,0,1,17.78,202,0.29302587176602923,0,0,False,False,False,False,False,False,False,False,False,True,False
50,7.42,52.42,2,0,0,1,9.07,821,0.8180815876515987,1,0,True,False,False,False,False,False,False,False,True,False,False
49,2.84,52.89,0,1,0,0,13.64,497,0.20821114369501464,0,0,False,False,False,False,False,False,False,False,False,False,True
46,10.99,43.48,0,1,0,0,17.74,752,0.6195039458850057,0,0,True,False,False,False,True,False,False,False,False,True,False
38,9.87,61.58,1,0,1,0,17.32,426,0.5698614318706697,0,0,False,False,True,False,False,False,False,False,False,True,False
38,18.17,70.81,1,0,1,1,13.77,154,1.3195352214960059,0,0,True,False,False,False,False,False,False,False,False,False,True
57,5.36,85.45,0,1,0,0,14.03,725,0.38203848895224524,0,0,True,False,True,False,False,False,False,False,False,False,True
40,13.31,48.44,2,1,0,0,18.22,556,0.7305159165751922,1,0,False,False,False,False,False,False,False,True,False,True,False
73,18.9,51.83,2,0,1,0,14.08,1056,1.3423295454545454,1,0,True,False,False,False,False,False,True,False,False,False,True
23,20.01,89.47,0,1,0,0,14.67,565,1.3640081799591004,0,0,True,False,False,False,False,False,False,True,False,False,True
39,10.33,10.5,1,0,0,0,9.36,630,1.1036324786324787,0,0,False,False,False,False,False,False,False,False,False,False,False
67,6.29,25.76,1,0,0,0,9.3,1017,0.6763440860215053,0,0,False,True,False,False,False,False,False,True,False,False,False
55,6.4,28.28,1,0,0,1,13.71,635,0.4668125455871627,0,0,False,False,False,True,False,False,False,False,False,False,True
54,4.78,61.35,1,1,0,0,13.9,729,0.34388489208633094,0,0,True,False,False,False,False,True,False,False,False,False,True
62,12.47,40.16,0,0,0,0,13.46,168,0.9264487369985142,0,0,True,False,False,False,False,False,True,False,False,False,True
68,5.15,86.99,0,0,0,0,9.4,39,0.5478723404255319,0,1,False,False,False,False,False,False,False,False,False,False,False
71,3.97,53.99,0,1,0,1,18.38,159,0.21599564744287272,0,0,True,False,False,False,True,False,False,False,False,True,False
25,1.03,37.98,0,0,0,1,14.08,430,0.07315340909090909,0,0,False,False,False,True,False,False,False,False,False,False,True
58,13.16,67.6,0,1,0,0,14.1,671,0.9333333333333333,0,0,True,False,False,False,True,False,False,False,False,False,True
66,11.58,41.93,0,1,0,0,18.47,466,0.6269626421223606,0,0,False,True,False,False,False,False,True,False,False,True,False
52,7.93,54.09,0,0,1,0,8.94,87,0.8870246085011186,0,1,False,False,False,False,False,False,True,False,False,False,False
68,4.92,64.37,1,1,1,0,13.6,729,0.36176470588235293,0,0,False,False,False,False,False,False,False,False,False,False,True
28,5.12,82.74,0,1,0,0,14.19,437,0.3608174770965469,0,0,True,False,True,False,False,False,False,False,False,False,True
41,9.45,77.72,1,1,0,1,14.66,429,0.6446111869031378,0,0,False,False,False,False,False,True,False,False,False,False,True
66,6.4,37.28,1,0,0,1,13.5,385,0.4740740740740741,0,0,True,False,False,False,False,False,False,False,False,False,True
38,8.25,30.99,0,0,1,0,8.56,128,0.9637850467289719,0,0,False,False,False,True,False,False,False,False,False,False,False
68,22.23,65.57,1,0,1,0,14.42,547,1.5416088765603329,0,0,False,False,True,False,False,False,False,False,False,False,True
19,4.81,91.74,2,1,0,0,9.57,137,0.502612330198537,1,0,True,False,True,False,False,False,False,False,False,False,False
57,6.47,27.95,2,1,1,1,9.21,181,0.7024972855591747,1,0,True,False,True,False,False,False,False,False,False,False,False
36,10.47,6.9,1,0,0,1,18.04,935,0.5803769401330378,0,0,False,False,False,False,False,False,False,False,False,True,False
56,10.92,14.03,1,0,0,0,13.86,879,0.787878787878788,0,0,True,False,False,False,False,False,False,False,True,False,True
45,9.0,28.25,0,0,0,0,18.26,778,0.492880613362541,0,0,False,False,False,False,False,False,False,False,True,True,False
34,23.04,64.34,1,1,0,0,14.08,56,1.6363636363636362,0,1,True,False,False,False,True,False,False,False,False,False,True
23,2.3,76.07,0,0,0,0,13.94,148,0.1649928263988522,0,0,True,False,False,False,False,False,False,False,True,False,True
36,8.89,78.32,0,0,0,0,17.87,752,0.4974818130945719,0,0,False,False,False,False,False,False,False,False,True,True,False
73,13.56,62.97,2,0,0,0,17.91,129,0.7571189279731994,1,0,False,False,True,False,False,False,False,False,False,True,False
55,7.06,18.56,0,1,0,0,9.32,32,0.7575107296137339,0,1,True,False,True,False,False,False,False,False,False,False,False
45,3.04,14.04,0,1,0,1,17.9,835,0.1698324022346369,0,0,False,False,False,False,False,False,True,False,False,True,False
19,11.49,29.34,0,0,0,0,9.25,333,1.2421621621621621,0,0,False,False,True,False,False,False,False,False,False,False,False
55,6.69,9.85,0,1,0,1,9.6,206,0.696875,0,0,False,False,False,False,False,False,False,False,False,False,False
72,9.09,64.69,0,0,0,0,14.07,113,0.6460554371002132,0,0,True,False,False,False,False,False,True,False,False,False,True
54,24.11,77.11,1,1,0,0,18.75,292,1.2858666666666667,0,0,True,False,False,False,False,True,False,False,False,True,False
68,11.83,29.33,2,0,0,1,17.98,487,0.6579532814238043,1,0,False,False,False,False,False,False,True,False,False,True,False
69,2.04,42.92,0,0,0,0,8.19,438,0.24908424908424912,0,0,False,False,False,True,False,False,False,False,False,False,False
21,7.67,27.93,2,0,0,1,14.52,235,0.528236914600551,1,0,True,False,False,False,False,False,False,False,True,False,True
39,1.63,18.37,1,0,0,1,17.75,849,0.09183098591549295,0,0,False,False,False,True,False,False,False,False,False,True,False
43,21.91,44.88,1,1,1,0,8.92,1044,2.4562780269058297,0,0,True,False,True,False,False,False,False,False,False,False,False
66,27.6,32.52,0,0,0,0,13.49,831,2.0459599703484064,0,0,True,False,False,False,False,False,False,False,True,False,True
60,1.69,59.35,0,0,0,0,13.75,924,0.1229090909090909,0,0,False,False,True,False,False,False,False,False,False,False,True
53,12.06,17.0,0,0,0,0,8.8,902,1.3704545454545454,0,0,False,False,False,False,False,False,False,False,True,False,False
30,13.9,47.53,1,0,1,1,13.77,417,1.009440813362382,0,0,True,False,False,False,False,True,False,False,False,False,True
69,4.41,32.1,0,1,0,0,9.17,923,0.48091603053435117,0,0,False,False,False,False,False,False,False,False,True,False,False
49,7.71,39.53,1,0,0,1,9.0,796,0.8566666666666667,0,0,False,False,False,False,False,False,False,False,True,False,False
34,16.36,68.75,0,0,0,0,9.82,1061,1.665987780040733,0,0,False,False,False,False,False,False,False,False,False,False,False
58,4.3,76.57,1,1,0,0,13.77,479,0.31227305737109656,0,0,False,False,False,False,False,True,False,False,False,False,True
53,5.86,41.46,1,1,1,0,13.92,371,0.4209770114942529,0,0,True,False,False,True,False,False,False,False,False,False,True
72,0.91,43.46,0,0,0,0,14.62,889,0.06224350205198359,0,0,True,False,False,False,True,False,False,False,False,False,True
63,28.7,60.53,1,0,0,0,13.23,150,2.1693121693121693,0,0,True,False,False,False,False,True,False,False,False,False,True
36,1.02,81.77,2,0,0,1,9.13,331,0.1117196056955093,1,0,False,False,False,False,False,False,False,False,True,False,False
52,7.44,64.26,0,0,0,0,18.09,990,0.41127694859038144,0,0,False,False,False,False,False,False,False,True,False,True,False
63,3.58,35.26,1,0,0,0,13.95,913,0.25663082437275986,0,0,True,False,False,False,False,False,False,True,False,False,True
57,5.22,38.72,0,0,0,0,8.61,910,0.6062717770034843,0,0,True,False,False,False,False,False,False,True,False,False,False
73,5.52,14.07,1,0,0,1,9.44,263,0.5847457627118644,0,0,True,False,False,False,False,False,False,False,False,False,False
45,11.13,35.67,2,0,1,1,8.54,95,1.3032786885245904,1,0,True,False,False,False,False,False,True,False,False,False,False
18,11.64,63.13,0,0,0,1,17.65,259,0.6594900849858358,0,0,False,False,False,True,False,False,False,False,False,True,False
59,5.72,67.5,0,1,0,0,13.59,951,0.42089771891096395,0,0,False,False,False,False,False,False,False,False,True,False,True
35,7.23,17.79,1,1,0,1,13.61,80,0.5312270389419544,0,1,True,False,False,False,False,True,False,False,False,False,True
65,1.66,67.58,0,0,0,0,9.44,688,0.17584745762711865,0,0,False,False,False,False,False,False,False,True,False,False,False
57,7.52,42.53,1,1,0,1,14.65,416,0.5133105802047782,0,0,False,False,False,False,False,False,False,False,False,False,True
50,11.28,49.26,0,0,1,0,18.06,1091,0.6245847176079734,0,0,False,False,False,False,False,False,True,False,False,True,False
29,5.51,14.22,2,1,0,0,8.52,782,0.6467136150234741,1,0,True,False,False,True,False,False,False,False,False,False,False
25,25.82,48.35,2,0,0,0,13.43,522,1.9225614296351452,1,0,True,False,False,False,False,False,False,True,False,False,True
41,13.26,57.97,0,0,0,1,18.28,70,0.7253829321663019,0,1,True,False,True,False,False,False,False,False,False,True,False
33,0.55,2.03,2,1,0,0,13.67,975,0.04023408924652524,1,0,False,False,False,False,True,False,False,False,False,False,True
67,11.48,48.48,0,1,0,0,8.3,115,1.3831325301204818,0,0,False,False,False,False,False,False,False,False,True,False,False
21,19.6,67.94,1,0,1,0,8.58,325,2.2843822843822847,0,0,False,False,False,False,True,False,False,False,False,False,False
55,9.02,45.19,0,1,0,0,9.14,1074,0.9868708971553609,0,0,True,False,False,False,True,False,False,False,False,False,False
61,16.4,83.05,1,1,1,0,17.12,454,0.9579439252336447,0,0,True,False,True,False,False,False,False,False,False,True,False
44,4.92,74.1,0,0,0,0,13.94,218,0.35294117647058826,0,0,True,False,True,False,False,False,False,False,False,False,True
26,7.79,28.54,0,0,0,1,18.85,190,0.413262599469496,0,0,False,True,True,False,False,False,False,False,False,True,False
64,6.32,40.17,1,0,0,1,9.09,742,0.6952695269526953,0,0,True,False,False,False,False,False,True,False,False,False,False
33,23.37,78.9,1,1,0,0,14.07,410,1.6609808102345416,0,0,True,False,False,False,False,False,False,True,False,False,True
73,8.53,44.88,0,0,0,1,8.33,273,1.0240096038415365,0,0,False,True,False,False,False,True,False,False,False,False,False
29,11.72,53.29,0,0,1,0,9.35,212,1.2534759358288772,0,0,False,False,False,False,False,False,False,False,True,False,False
48,19.08,79.11,0,0,0,0,9.97,573,1.9137412236710127,0,0,False,False,True,False,False,False,False,False,False,False,False
41,11.54,76.41,0,0,1,0,8.72,808,1.3233944954128438,0,0,True,False,False,False,False,False,False,False,False,False,False
72,12.84,85.27,0,0,0,0,18.24,977,0.7039473684210527,0,0,False,False,False,True,False,False,False,False,False,True,False
31,10.21,80.18,1,0,0,0,9.25,122,1.1037837837837838,0,0,True,False,False,False,False,False,False,False,True,False,False
62,1.01,67.31,0,0,0,0,13.65,397,0.073992673992674,0,0,False,False,False,True,False,False,False,False,False,False,True
42,7.16,69.32,0,0,0,1,17.22,188,0.41579558652729387,0,0,True,False,False,False,False,True,False,False,False,True,False
51,7.44,34.12,2,0,0,1,17.83,427,0.4172742568704431,1,0,True,False,False,False,False,False,False,False,True,True,False
20,20.23,82.42,0,1,1,0,9.59,467,2.1094890510948905,0,0,False,False,False,False,False,False,False,False,True,False,False
41,9.47,33.69,0,0,0,0,17.81,402,0.531723750701853,0,0,False,False,True,False,False,False,False,False,False,True,False
71,16.38,42.74,1,1,0,1,9.21,335,1.7785016286644948,0,0,False,False,True,False,False,False,False,False,False,False,False
59,20.03,50.5,1,0,1,1,14.45,1014,1.3861591695501732,0,0,True,False,False,False,False,False,False,True,False,False,True
26,0.87,38.89,1,1,0,1,17.08,1011,0.05093676814988291,0,0,True,False,False,False,False,True,False,False,False,True,False
43,15.28,21.95,1,0,0,1,13.35,358,1.144569288389513,0,0,False,False,True,False,False,False,False,False,False,False,True
37,12.72,59.45,1,0,0,0,18.3,372,0.6950819672131148,0,0,False,False,True,False,False,False,False,False,False,True,False
57,14.96,67.02,2,0,0,0,17.19,753,0.8702734147760326,1,0,False,True,False,False,False,False,False,False,True,True,False
27,7.39,52.78,1,0,1,0,8.28,187,0.8925120772946861,0,0,False,False,False,False,False,False,False,True,False,False,False
36,6.94,53.58,0,0,0,0,14.19,379,0.48907681465821007,0,0,False,False,False,False,True,False,False,False,False,False,True
20,4.34,21.29,0,1,0,0,8.86,755,0.489841986455982,0,0,False,False,True,False,False,False,False,False,False,False,False
41,2.12,15.59,0,0,0,0,14.29,394,0.1483554933519944,0,0,True,False,False,False,False,False,False,False,False,False,True
22,2.86,59.89,0,0,1,0,8.92,44,0.32062780269058294,0,1,True,False,True,False,False,False,False,False,False,False,False
20,3.4,11.96,1,1,0,1,8.66,182,0.3926096997690531,0,0,True,False,False,False,True,False,False,False,False,False,False
44,15.51,65.81,2,0,1,0,17.84,561,0.8693946188340808,1,0,True,False,False,False,False,False,False,False,True,True,False
33,0.82,51.47,0,0,0,1,18.32,996,0.04475982532751091,0,0,False,False,False,False,False,True,False,False,False,True,False
66,7.22,90.08,0,0,0,0,14.45,884,0.4996539792387543,0,0,False,False,False,False,False,False,False,True,False,False,True
32,4.56,68.62,2,1,0,1,13.71,498,0.33260393873085337,1,0,False,False,False,False,False,False,False,False,True,False,True
52,6.5,47.05,0,1,0,0,13.73,908,0.47341587764020393,0,0,True,False,False,False,False,True,False,False,False,False,True
29,8.34,28.47,0,1,1,0,13.95,625,0.5978494623655914,0,0,True,False,False,False,False,False,True,False,False,False,True
58,14.1,93.44,1,0,0,0,17.86,396,0.7894736842105263,0,0,True,False,True,False,False,False,False,False,False,True,False
70,20.72,26.6,1,0,0,0,9.31,670,2.225563909774436,0,0,False,False,False,False,False,True,False,False,False,False,False
61,10.86,66.47,0,1,0,0,14.04,891,0.7735042735042735,0,0,True,False,False,False,False,False,False,False,False,False,True
43,14.94,45.03,1,1,0,0,17.87,923,0.8360380526021264,0,0,False,False,False,False,False,True,False,False,False,True,False
64,25.62,29.06,0,0,0,0,18.46,1069,1.3878656554712894,0,0,True,False,False,False,False,False,True,False,False,True,False
51,6.8,83.51,1,0,1,1,13.33,618,0.5101275318829708,0,0,True,False,True,False,False,False,False,False,False,False,True
40,1.29,36.04,0,0,0,1,9.08,121,0.1420704845814978,0,0,False,False,False,False,False,False,True,False,False,False,False
48,13.6,89.8,0,1,0,0,18.25,487,0.7452054794520547,0,0,False,False,False,False,True,False,False,False,False,True,False
67,0.74,35.75,0,0,1,1,13.24,416,0.055891238670694864,0,0,True,False,True,False,False,False,False,False,False,False,True
37,13.35,15.74,3,0,1,0,13.79,400,0.9680928208846991,1,0,False,False,False,False,False,False,False,False,False,False,True
29,5.48,54.74,1,1,0,0,13.95,213,0.39283154121863806,0,0,False,True,True,False,False,False,False,False,False,False,True
40,5.09,29.97,0,0,0,0,8.24,801,0.6177184466019418,0,0,False,True,False,False,False,False,True,False,False,False,False
21,2.95,63.91,2,0,0,0,9.58,234,0.30793319415448855,1,0,False,False,False,True,False,False,False,False,False,False,False
40,8.5,66.72,0,0,1,1,14.64,983,0.5806010928961748,0,0,False,False,False,False,False,False,False,True,False,False,True
65,3.67,35.3,1,0,0,1,8.92,201,0.41143497757847536,0,0,True,False,False,False,False,False,True,False,False,False,False
72,4.26,54.77,0,0,0,0,8.73,854,0.4879725085910652,0,0,False,False,True,False,False,False,False,False,False,False,False
65,2.91,60.5,0,0,1,1,13.35,251,0.21797752808988766,0,0,True,False,False,True,False,False,False,False,False,False,True
18,7.68,50.63,0,1,0,0,13.94,644,0.5509325681492109,0,0,False,True,True,False,False,False,False,False,False,False,True
71,8.61,32.47,1,0,0,0,9.0,196,0.9566666666666666,0,0,True,False,False,False,False,True,False,False,False,False,False
42,6.83,56.03,1,1,0,1,9.52,171,0.717436974789916,0,0,True,False,False,True,False,False,False,False,False,False,False
19,12.75,17.73,0,0,1,0,18.69,154,0.682182985553772,0,0,False,False,False,False,False,False,False,True,False,True,False
47,11.27,56.61,0,0,0,1,8.85,119,1.2734463276836159,0,0,True,False,False,False,False,False,False,False,True,False,False
20,3.83,55.5,0,0,0,1,8.85,340,0.43276836158192095,0,0,True,False,False,False,False,False,False,True,False,False,False
38,20.79,39.03,0,0,0,0,8.32,981,2.4987980769230766,0,0,False,False,False,False,False,False,False,False,True,False,False
42,14.0,25.01,0,0,0,0,17.6,245,0.7954545454545454,0,0,False,False,False,False,False,False,False,False,False,True,False
37,9.42,66.13,0,1,0,0,13.94,912,0.6757532281205165,0,0,False,False,True,False,False,False,False,False,False,False,True
66,8.34,81.14,1,1,0,0,8.77,790,0.95096921322691,0,0,True,False,False,False,False,True,False,False,False,False,False
69,4.08,6.92,1,1,0,0,9.22,125,0.4425162689804772,0,0,False,False,False,True,False,False,False,False,False,False,False
39,2.99,9.33,0,0,0,1,14.49,739,0.20634920634920637,0,0,True,False,False,False,True,False,False,False,False,False,True
38,4.24,56.58,0,0,0,0,13.8,178,0.3072463768115942,0,0,True,False,False,False,True,False,False,False,False,False,True
50,14.38,15.24,1,0,1,0,14.55,957,0.9883161512027492,0,0,False,False,False,False,False,False,True,False,False,False,True
69,11.67,24.95,1,1,0,0,9.54,744,1.2232704402515724,0,0,False,False,False,False,False,False,False,True,False,False,False
55,15.9,52.91,0,0,0,0,8.76,912,1.815068493150685,0,0,False,False,False,True,False,False,False,False,False,False,False
32,9.93,75.24,0,1,0,0,13.88,387,0.7154178674351584,0,0,False,False,False,False,False,False,False,True,False,False,True
63,5.15,61.97,0,1,0,0,13.94,617,0.3694404591104735,0,0,True,False,False,True,False,False,False,False,False,False,True
69,3.6,67.55,0,0,1,0,9.57,345,0.3761755485893417,0,0,False,False,False,False,True,False,False,False,False,False,False
32,0.28,74.53,1,0,0,0,14.26,914,0.019635343618513327,0,0,True,False,False,False,False,False,False,False,True,False,True
63,3.01,61.41,1,0,1,0,9.14,1089,0.3293216630196936,0,0,False,False,False,False,False,False,False,True,False,False,False
42,11.22,60.91,1,1,0,1,14.76,479,0.7601626016260163,0,0,False,False,False,False,False,False,False,False,True,False,True
38,2.05,56.28,0,1,0,0,14.36,874,0.1427576601671309,0,0,False,False,False,False,False,False,False,False,True,False,True
41,10.72,21.16,0,0,0,0,18.91,119,0.5668958223162348,0,0,False,False,False,False,False,False,False,False,True,True,False
74,4.72,43.72,0,0,0,1,13.86,570,0.34054834054834054,0,0,False,False,False,False,False,False,False,False,True,False,True
22,10.12,17.66,0,0,0,1,13.7,205,0.7386861313868613,0,0,False,False,False,False,False,True,False,False,False,False,True
23,4.15,67.36,1,0,1,0,8.46,677,0.4905437352245863,0,0,True,False,False,False,False,False,True,False,False,False,False
66,2.16,56.18,0,1,0,0,9.0,930,0.24000000000000002,0,0,True,False,False,False,False,False,True,False,False,False,False
60,23.19,72.32,0,0,0,0,9.4,716,2.467021276595745,0,0,False,False,False,False,False,True,False,False,False,False,False
65,8.59,55.99,0,1,0,0,8.82,423,0.973922902494331,0,0,False,False,False,False,True,False,False,False,False,False,False
61,5.41,47.34,1,0,0,0,8.86,533,0.6106094808126411,0,0,True,False,False,True,False,False,False,False,False,False,False
64,5.48,48.26,1,0,1,1,18.26,985,0.30010952902519167,0,0,True,False,False,False,False,False,True,False,False,True,False
40,3.05,61.48,2,0,0,1,13.08,1079,0.23318042813455656,1,0,True,False,False,True,False,False,False,False,False,False,True
21,4.65,89.45,2,0,0,0,8.53,129,0.5451348182883939,1,0,False,False,False,False,False,False,False,False,False,False,False
44,4.85,43.75,1,0,0,0,9.85,454,0.49238578680203043,0,0,True,False,False,False,False,True,False,False,False,False,False
35,3.18,22.2,1,1,1,0,8.35,1083,0.38083832335329343,0,0,True,False,False,False,False,False,False,True,False,False,False
38,9.96,5.39,2,0,0,0,9.8,935,1.0163265306122449,1,0,False,False,False,False,False,False,False,False,False,False,False
45,17.09,46.86,1,0,1,0,8.94,525,1.9116331096196868,0,0,False,False,False,False,False,True,False,False,False,False,False
52,1.8,65.9,1,0,0,0,14.44,680,0.12465373961218837,0,0,True,False,False,False,False,False,True,False,False,False,True
39,4.03,18.62,0,1,0,1,17.96,1027,0.22438752783964366,0,0,True,False,False,False,False,False,False,True,False,True,False
57,17.02,69.29,1,1,1,0,13.44,169,1.2663690476190477,0,0,False,False,False,True,False,False,False,False,False,False,True
40,13.03,48.84,0,0,1,1,14.2,349,0.9176056338028169,0,0,True,False,False,False,False,False,False,True,False,False,True
20,3.12,29.56,1,1,0,1,17.53,398,0.1779806046776954,0,0,False,True,False,True,False,False,False,False,False,True,False
57,9.64,38.88,2,1,0,0,8.8,326,1.0954545454545455,1,0,False,False,False,False,False,False,False,False,True,False,False
67,31.29,20.53,0,0,0,0,8.47,825,3.6942148760330573,0,0,True,False,False,False,True,False,False,False,False,False,False
27,13.38,57.21,1,0,0,0,13.05,530,1.025287356321839,0,0,False,False,False,False,False,False,False,False,True,False,True
42,6.33,72.61,1,0,0,0,13.43,288,0.47133283693224126,0,0,True,False,False,False,False,True,False,False,False,False,True
69,5.03,5.14,1,0,0,0,14.31,47,0.35150244584206847,0,1,True,False,False,False,False,False,False,False,True,False,True
66,11.57,15.34,1,0,0,1,9.16,139,1.2631004366812226,0,0,False,False,False,False,False,False,False,False,False,False,False
25,17.52,49.38,1,0,0,1,17.94,360,0.9765886287625417,0,0,False,False,False,True,False,False,False,False,False,True,False
72,9.46,56.13,1,1,0,0,8.87,975,1.0665163472378807,0,0,True,False,False,True,False,False,False,False,False,False,False
28,7.89,72.74,1,0,0,1,14.37,297,0.5490605427974948,0,0,True,False,False,False,False,False,True,False,False,False,True
22,5.57,52.28,0,0,0,1,18.43,464,0.3022246337493218,0,0,True,False,False,True,False,False,False,False,False,True,False
62,10.35,76.74,0,0,0,0,8.59,479,1.2048894062863795,0,0,True,False,False,False,False,False,False,False,False,False,False
70,11.23,80.43,0,0,0,1,18.24,326,0.6156798245614036,0,0,False,False,False,False,False,False,True,False,False,True,False
72,1.72,41.12,0,1,1,0,14.96,748,0.11497326203208555,0,0,True,False,False,False,False,False,False,False,False,False,True
54,5.45,58.11,2,0,0,0,17.75,1050,0.3070422535211268,1,0,False,True,False,False,False,False,False,True,False,True,False
73,6.17,44.12,0,1,0,1,9.7,213,0.6360824742268042,0,0,True,False,False,False,False,False,True,False,False,False,False
62,12.22,44.0,2,0,1,0,18.11,441,0.6747653230259526,1,0,False,False,False,True,False,False,False,False,False,True,False
55,4.01,51.82,0,1,0,0,9.78,349,0.4100204498977505,0,0,False,False,False,False,False,False,True,False,False,False,False
46,11.09,38.56,1,0,0,0,14.57,770,0.761153054221002,0,0,False,False,False,False,False,False,False,False,False,False,True
22,3.85,42.83,1,0,0,1,14.43,834,0.26680526680526684,0,0,True,False,True,False,False,False,False,False,False,False,True
26,5.66,58.39,0,0,0,0,8.99,446,0.6295884315906563,0,0,True,False,False,False,False,False,False,True,False,False,False
65,5.57,82.22,0,0,0,0,9.08,911,0.6134361233480177,0,0,True,False,False,False,False,True,False,False,False,False,False
19,6.88,20.78,0,1,0,1,8.77,820,0.7844925883694414,0,0,False,True,False,True,False,False,False,False,False,False,False
18,5.08,65.64,1,0,0,1,8.47,119,0.5997638724911452,0,0,False,False,False,False,False,False,False,True,False,False,False
57,1.38,31.12,1,0,0,0,8.15,788,0.1693251533742331,0,0,False,False,False,True,False,False,False,False,False,False,False
68,9.06,61.27,0,0,0,1,9.44,603,0.9597457627118645,0,0,False,False,False,False,False,True,False,False,False,False,False
47,1.9,82.03,0,1,0,0,8.69,992,0.2186421173762946,0,0,True,False,True,False,False,False,False,False,False,False,False
28,3.19,56.36,1,0,0,1,14.2,965,0.22464788732394367,0,0,False,False,False,False,False,False,False,False,False,False,True
45,6.35,48.41,1,0,0,0,13.93,1081,0.4558506819813352,0,0,False,True,False,False,False,False,False,False,False,False,True
61,6.5,64.45,1,0,1,0,18.2,455,0.35714285714285715,0,0,True,False,False,False,False,False,False,True,False,True,False
29,8.15,55.4,0,1,0,1,14.1,912,0.5780141843971631,0,0,True,False,False,False,False,False,False,False,False,False,True
56,8.11,31.51,2,0,0,0,8.45,815,0.9597633136094674,1,0,False,False,False,False,True,False,False,False,False,False,False
43,11.48,54.3,0,0,0,1,13.38,564,0.8579970104633782,0,0,True,False,False,False,True,False,False,False,False,False,True
30,2.78,7.56,0,1,1,0,13.29,314,0.2091798344620015,0,0,True,False,False,True,False,False,False,False,False,False,True
25,18.89,29.06,0,0,1,0,9.1,651,2.075824175824176,0,0,False,False,False,False,False,True,False,False,False,False,False
71,5.15,67.73,1,0,1,1,14.82,533,0.3475033738191633,0,0,False,False,True,False,False,False,False,False,False,False,True
45,10.94,33.74,1,0,0,0,13.67,75,0.8002926115581566,0,1,True,False,False,True,False,False,False,False,False,False,True
47,6.77,44.47,0,0,1,1,18.53,566,0.36535348084187796,0,0,True,False,False,False,False,False,True,False,False,True,False
26,33.15,42.07,0,0,0,0,13.33,91,2.4868717179294824,0,0,False,False,False,True,False,False,False,False,False,False,True
56,7.34,29.53,0,0,0,1,13.34,365,0.5502248875562219,0,0,False,False,False,False,True,False,False,False,False,False,True
48,11.83,33.07,0,0,0,1,8.76,240,1.3504566210045663,0,0,True,False,False,True,False,False,False,False,False,False,False
38,3.86,37.55,0,0,1,1,13.9,429,0.2776978417266187,0,0,False,False,False,False,False,True,False,False,False,False,True
73,7.95,64.72,1,0,0,0,9.43,738,0.8430540827147402,0,0,False,False,False,True,False,False,False,False,False,False,False
64,10.11,46.01,2,1,0,1,13.94,376,0.7252510760401721,1,0,False,False,False,False,False,False,False,False,False,False,True
51,6.12,52.18,0,0,0,0,13.55,406,0.45166051660516604,0,0,True,False,True,False,False,False,False,False,False,False,True
72,7.25,69.07,0,0,0,0,17.9,850,0.4050279329608939,0,0,True,False,False,False,False,True,False,False,False,True,False
48,17.42,35.56,0,0,0,0,9.41,948,1.8512221041445271,0,0,False,False,False,False,False,True,False,False,False,False,False
69,14.12,24.34,1,0,0,0,8.67,73,1.6286043829296424,0,1,True,False,False,False,True,False,False,False,False,False,False
42,6.16,78.2,1,1,1,0,14.05,829,0.4384341637010676,0,0,False,False,False,False,False,False,False,False,True,False,True
29,10.59,25.65,0,1,0,1,13.76,816,0.7696220930232558,0,0,True,False,True,False,False,False,False,False,False,False,True
18,4.27,65.74,0,0,0,0,8.88,762,0.4808558558558558,0,0,True,False,False,False,False,False,False,True,False,False,False
72,2.81,63.58,0,1,0,0,9.18,997,0.30610021786492375,0,0,True,False,False,False,False,True,False,False,False,False,False
39,9.27,62.77,0,0,0,0,8.81,681,1.0522133938706015,0,0,True,False,False,False,True,False,False,False,False,False,False
57,14.68,37.16,0,1,1,0,13.15,551,1.1163498098859315,0,0,False,False,False,False,False,False,False,True,False,False,True
54,17.07,68.01,1,0,1,1,17.86,140,0.9557670772676372,0,0,True,False,True,False,False,False,False,False,False,True,False
64,11.16,74.85,1,0,1,0,8.75,637,1.2754285714285714,0,0,False,False,False,False,True,False,False,False,False,False,False
18,4.36,66.81,1,0,1,1,17.94,925,0.24303232998885174,0,0,False,False,False,False,False,False,False,True,False,True,False
18,18.23,30.2,0,1,1,0,14.0,553,1.3021428571428573,0,0,True,False,False,True,False,False,False,False,False,False,True
74,8.72,48.36,0,0,0,0,9.84,175,0.8861788617886179,0,0,False,False,False,False,False,False,True,False,False,False,False
59,11.61,86.78,0,0,0,0,13.9,293,0.8352517985611511,0,0,True,False,False,False,False,True,False,False,False,False,True
71,9.52,31.98,0,0,0,0,14.28,497,0.6666666666666666,0,0,False,False,False,False,False,False,True,False,False,False,True
59,14.0,72.75,2,1,0,0,8.83,901,1.5855039637599093,1,0,False,False,False,False,False,False,False,False,True,False,False
38,7.75,36.85,0,1,1,0,14.17,988,0.5469301340860974,0,0,True,False,False,False,False,False,False,False,False,False,True
32,24.53,61.18,0,0,0,0,13.89,708,1.7660187185025198,0,0,True,False,True,False,False,False,False,False,False,False,True
34,23.35,34.33,0,1,0,0,8.79,787,2.6564277588168377,0,0,False,False,False,False,False,False,False,False,False,False,False
39,2.9,86.2,1,0,1,0,9.24,948,0.31385281385281383,0,0,False,False,False,False,False,False,False,False,False,False,False
55,10.7,39.76,0,0,0,0,9.12,604,1.1732456140350878,0,0,True,False,False,False,False,False,False,True,False,False,False
52,13.75,37.65,0,0,0,1,14.58,735,0.9430727023319616,0,0,False,False,False,False,False,False,False,False,True,False,True
62,19.66,70.2,0,1,0,0,8.84,863,2.223981900452489,0,0,True,False,True,False,False,False,False,False,False,False,False
33,15.18,72.33,1,1,1,0,13.84,843,1.096820809248555,0,0,False,False,False,False,False,False,True,False,False,False,True
25,5.54,36.57,0,0,0,0,13.69,428,0.40467494521548575,0,0,True,False,False,False,False,False,False,False,False,False,True
64,7.12,19.85,1,0,0,1,13.9,631,0.5122302158273381,0,0,False,False,False,False,False,False,False,True,False,False,True
34,3.73,59.04,0,0,0,0,14.1,357,0.2645390070921986,0,0,True,False,False,False,False,False,False,False,False,False,True
34,9.02,40.63,1,0,0,0,9.04,424,0.9977876106194691,0,0,False,False,False,False,True,False,False,False,False,False,False
71,0.77,58.16,0,1,1,1,18.4,577,0.04184782608695652,0,0,False,False,False,False,False,False,True,False,False,True,False
43,11.37,25.41,2,1,0,0,13.89,1071,0.8185745140388768,1,0,False,False,False,False,False,False,False,False,False,False,True
30,13.28,75.15,1,0,0,0,13.53,948,0.9815225424981523,0,0,False,False,False,False,True,False,False,False,False,False,True
34,11.22,11.36,1,0,0,1,13.67,106,0.8207754206291149,0,0,False,False,False,False,True,False,False,False,False,False,True
55,3.37,88.71,0,1,0,0,13.55,1047,0.24870848708487084,0,0,False,False,False,False,False,False,False,True,False,False,True
34,7.32,24.38,1,1,1,0,8.74,158,0.8375286041189931,0,0,False,False,False,False,False,False,False,True,False,False,False
65,9.69,33.48,0,0,0,0,14.3,548,0.6776223776223775,0,0,False,False,False,False,True,False,False,False,False,False,True
31,8.45,89.88,0,0,0,0,8.56,333,0.9871495327102803,0,0,False,False,False,False,False,False,False,False,True,False,False
62,7.3,28.45,0,0,1,0,17.86,754,0.4087346024636058,0,0,False,False,False,False,False,False,False,False,False,True,False
23,4.97,37.63,0,0,1,1,14.38,941,0.3456189151599443,0,0,True,False,False,False,True,False,False,False,False,False,True
52,7.04,75.38,2,1,0,0,8.53,845,0.8253223915592028,1,0,False,False,False,False,True,False,False,False,False,False,False
63,7.16,70.45,1,1,0,0,14.11,1003,0.5074415308291992,0,0,True,False,False,False,False,False,False,True,False,False,True
31,2.14,43.38,0,1,0,1,8.87,848,0.24126268320180386,0,0,False,False,False,False,False,False,False,False,False,False,False
64,12.17,32.19,0,0,1,0,9.06,392,1.3432671081677703,0,0,False,False,True,False,False,False,False,False,False,False,False
25,9.91,69.19,1,0,0,0,13.86,1084,0.7150072150072151,0,0,False,True,False,False,False,False,True,False,False,False,True
32,12.87,18.64,0,0,1,1,13.49,838,0.9540400296515937,0,0,True,False,False,False,False,False,False,True,False,False,True
71,7.07,80.69,1,1,0,0,17.26,1067,0.40961761297798377,0,0,True,False,False,False,False,False,False,False,False,True,False
44,3.32,21.88,0,1,0,1,17.96,599,0.18485523385300667,0,0,False,False,False,False,False,False,False,False,False,True,False
30,8.97,76.93,2,1,0,1,8.91,999,1.0067340067340067,1,0,True,False,False,True,False,False,False,False,False,False,False
66,20.81,49.86,0,1,0,0,13.9,382,1.4971223021582734,0,0,True,False,False,False,False,True,False,False,False,False,True
48,11.24,10.68,1,0,0,0,18.22,639,0.6169045005488475,0,0,False,False,False,False,False,False,False,False,True,True,False
70,6.01,50.66,0,0,0,1,9.13,497,0.6582694414019714,0,0,False,False,False,False,False,False,True,False,False,False,False
73,5.94,14.9,0,0,0,1,13.46,953,0.4413075780089153,0,0,True,False,False,False,False,False,False,True,False,False,True
52,11.92,61.25,1,1,0,1,18.53,417,0.64328116567728,0,0,False,False,False,False,False,False,False,True,False,True,False
23,6.54,38.02,1,1,0,0,13.95,788,0.4688172043010753,0,0,True,False,True,False,False,False,False,False,False,False,True
22,8.1,7.99,1,1,0,0,8.3,471,0.9759036144578312,0,0,False,False,False,False,False,True,False,False,False,False,False
39,11.84,22.8,1,1,0,0,17.97,545,0.6588759042849194,0,0,True,False,False,False,False,True,False,False,False,True,False
66,4.25,56.58,1,0,0,0,17.22,872,0.24680603948896634,0,0,False,False,False,False,False,False,False,False,True,True,False
40,13.4,20.11,0,0,1,1,13.87,74,0.9661139149242971,0,1,True,False,False,True,False,False,False,False,False,False,True
42,5.2,4.51,0,0,0,0,10.03,752,0.518444666001994,0,0,False,False,False,True,False,False,False,False,False,False,False
51,8.04,50.12,0,1,0,0,14.62,785,0.5499316005471956,0,0,True,False,False,False,False,True,False,False,False,False,True
43,3.67,33.51,0,1,0,1,8.94,232,0.41051454138702465,0,0,False,False,False,False,False,False,False,False,True,False,False
64,17.67,67.07,0,0,0,0,9.83,568,1.7975584944048832,0,0,True,False,False,True,False,False,False,False,False,False,False
22,4.41,38.13,0,0,0,0,14.27,415,0.3090399439383322,0,0,True,False,False,False,False,False,False,False,False,False,True
43,8.62,29.17,1,0,0,1,18.16,659,0.47466960352422904,0,0,False,False,False,False,False,False,False,False,False,True,False
37,8.04,44.2,0,1,1,1,18.13,997,0.4434638720353006,0,0,False,False,False,False,False,False,False,True,False,True,False
23,11.73,70.8,0,1,0,0,14.86,767,0.7893674293405115,0,0,True,False,False,True,False,False,False,False,False,False,True
23,16.02,35.52,0,0,0,0,14.53,389,1.1025464556090847,0,0,True,False,True,False,False,False,False,False,False,False,True
67,13.48,34.06,0,1,0,0,8.87,1012,1.519729425028185,0,0,True,False,False,False,False,False,False,True,False,False,False
35,1.91,78.04,0,0,1,0,18.78,234,0.10170394036208731,0,0,True,False,False,False,False,True,False,False,False,True,False
21,18.43,71.8,0,1,0,0,14.03,1020,1.3136136849607982,0,0,True,False,False,False,True,False,False,False,False,False,True
34,5.96,50.61,2,0,0,1,18.35,395,0.32479564032697544,1,0,True,False,False,False,False,False,False,False,False,True,False
74,6.52,53.1,1,1,0,1,14.56,282,0.44780219780219777,0,0,False,False,False,False,True,False,False,False,False,False,True
31,3.6,76.81,1,0,0,1,13.52,107,0.26627218934911245,0,0,False,False,False,False,False,True,False,False,False,False,True
31,13.88,79.45,0,1,0,0,17.88,798,0.7762863534675616,0,0,True,False,False,True,False,False,False,False,False,True,False
30,10.79,50.08,2,1,0,0,9.71,661,1.1112255406797114,1,0,False,True,True,False,False,False,False,False,False,False,False
24,6.62,80.83,0,1,0,0,8.59,1016,0.770663562281723,0,0,False,False,False,False,False,False,False,True,False,False,False
61,13.37,52.25,1,0,0,1,9.31,446,1.4360902255639096,0,0,True,False,False,False,False,False,False,False,False,False,False
72,5.02,4.82,2,0,0,1,18.36,1088,0.27342047930283225,1,0,True,False,True,False,False,False,False,False,False,True,False
32,4.81,71.07,0,1,0,0,13.45,341,0.3576208178438662,0,0,False,False,False,False,False,False,False,True,False,False,True
36,3.63,73.54,1,0,1,0,13.04,226,0.27837423312883436,0,0,True,False,False,False,False,False,False,True,False,False,True
60,6.86,56.86,0,0,0,0,8.85,1026,0.7751412429378531,0,0,True,False,False,False,True,False,False,False,False,False,False
64,9.21,68.52,0,0,0,1,14.23,289,0.6472241742796908,0,0,False,False,False,False,False,False,True,False,False,False,True
61,10.53,12.15,1,0,0,0,13.47,625,0.7817371937639197,0,0,False,False,False,False,False,True,False,False,False,False,True
52,13.51,42.92,0,0,0,0,9.01,563,1.4994450610432852,0,0,True,False,False,False,False,False,False,False,True,False,False
34,10.47,32.32,0,0,0,1,18.58,53,0.5635091496232509,0,1,False,False,False,False,False,False,False,False,False,True,False
52,3.27,44.16,1,0,0,0,9.38,972,0.34861407249466947,0,0,False,False,False,False,False,False,False,False,True,False,False
36,12.82,58.58,0,0,0,0,9.98,952,1.2845691382765532,0,0,False,False,False,True,False,False,False,False,False,False,False
37,3.25,68.26,2,1,0,0,8.54,708,0.3805620608899298,1,0,False,False,True,False,False,False,False,False,False,False,False
53,10.08,81.58,2,0,0,0,9.72,139,1.037037037037037,1,0,True,False,False,True,False,False,False,False,False,False,False
52,1.72,58.26,0,0,0,1,13.63,119,0.12619222303741745,0,0,False,False,False,True,False,False,False,False,False,False,True
49,8.48,63.54,0,1,0,0,8.15,66,1.0404907975460123,0,1,True,False,False,False,False,False,False,False,True,False,False
65,16.91,40.64,0,0,0,0,18.13,851,0.9327082184225042,0,0,True,False,False,False,True,False,False,False,False,True,False
61,8.86,31.62,1,0,0,0,8.85,1022,1.001129943502825,0,0,True,False,False,False,False,False,True,False,False,False,False
57,3.29,20.93,0,0,0,1,14.29,601,0.2302309307207838,0,0,True,False,False,False,False,False,False,False,False,False,True
41,4.39,28.79,1,1,0,1,14.34,613,0.30613668061366806,0,0,True,False,False,False,False,True,False,False,False,False,True
34,4.85,82.57,0,0,0,1,14.05,336,0.3451957295373665,0,0,True,False,False,False,False,False,False,True,False,False,True
24,11.8,72.72,0,0,0,0,8.94,91,1.3199105145413872,0,0,True,False,False,False,False,False,False,True,False,False,False
60,6.0,81.31,0,0,0,1,18.03,334,0.33277870216306155,0,0,False,False,False,False,False,True,False,False,False,True,False
67,7.07,54.17,1,1,0,0,14.57,208,0.4852436513383665,0,0,True,False,False,False,True,False,False,False,False,False,True
18,9.23,41.44,0,1,0,0,9.12,569,1.012061403508772,0,0,False,False,False,False,False,False,False,False,False,False,False
52,2.97,33.11,0,0,0,1,13.99,961,0.21229449606862044,0,0,True,False,False,False,False,False,False,False,True,False,True
49,4.39,46.57,1,0,1,0,13.59,961,0.3230316409124356,0,0,True,False,False,False,False,True,False,False,False,False,True
53,4.58,41.64,0,1,0,0,18.03,874,0.2540210759844703,0,0,True,False,False,False,False,False,False,True,False,True,False
30,11.98,50.78,0,1,0,0,9.01,1089,1.3296337402885683,0,0,True,False,False,False,False,False,False,False,True,False,False
23,12.68,49.73,0,1,0,0,8.61,779,1.472706155632985,0,0,False,False,False,False,True,False,False,False,False,False,False
31,3.35,57.57,0,0,0,0,8.54,1083,0.3922716627634661,0,0,True,False,False,False,False,False,False,True,False,False,False
54,2.24,27.96,0,0,0,0,9.1,768,0.2461538461538462,0,0,False,True,True,False,False,False,False,False,False,False,False
65,2.62,74.92,3,0,1,1,14.06,826,0.18634423897581792,1,0,False,True,False,False,False,False,True,False,False,False,True
32,11.75,52.19,2,0,0,0,14.66,776,0.8015006821282401,1,0,True,False,False,False,False,False,False,False,True,False,True
64,3.74,73.41,0,0,1,0,8.85,656,0.4225988700564972,0,0,False,False,False,False,False,True,False,False,False,False,False
21,4.9,36.65,0,0,0,1,9.04,482,0.5420353982300886,0,0,True,False,False,False,False,False,False,False,False,False,False
57,6.25,66.85,0,1,1,0,8.55,860,0.7309941520467835,0,0,False,False,False,False,False,False,False,False,True,False,False
33,10.16,44.28,1,1,0,0,12.95,787,0.7845559845559846,0,0,False,False,False,False,False,False,False,False,True,False,True
45,9.56,50.18,0,0,0,0,17.42,890,0.5487944890929966,0,0,True,False,False,False,False,False,False,False,True,True,False
33,7.0,20.72,0,1,0,0,9.53,848,0.7345225603357818,0,0,True,False,False,False,False,True,False,False,False,False,False
21,10.89,62.79,0,0,0,0,9.78,1090,1.1134969325153377,0,0,True,False,False,False,True,False,False,False,False,False,False
62,7.97,82.35,2,0,0,0,14.2,410,0.5612676056338028,1,0,True,False,False,False,True,False,False,False,False,False,True
43,9.88,62.05,0,0,0,0,18.1,678,0.5458563535911602,0,0,False,False,False,False,False,False,False,False,False,True,False
45,5.75,16.98,0,0,0,0,14.57,275,0.394646533973919,0,0,True,False,False,False,True,False,False,False,False,False,True
49,3.66,90.81,0,1,0,0,8.66,280,0.42263279445727486,0,0,True,False,False,False,False,True,False,False,False,False,False
62,15.72,45.91,0,1,1,0,8.55,594,1.8385964912280701,0,0,True,False,False,False,False,False,False,False,False,False,False
19,7.38,26.41,1,0,0,0,14.19,938,0.5200845665961945,0,0,False,False,False,True,False,False,False,False,False,False,True
48,2.86,18.5,0,0,0,1,14.22,850,0.2011251758087201,0,0,True,False,False,False,False,False,False,False,False,False,True
20,13.58,65.61,0,0,0,0,9.01,744,1.507214206437292,0,0,False,False,False,False,True,False,False,False,False,False,False
71,24.84,56.5,0,0,0,0,8.89,501,2.794150731158605,0,0,False,False,False,True,False,False,False,False,False,False,False
25,3.93,26.09,0,0,0,1,13.83,151,0.2841648590021692,0,0,False,False,False,False,False,False,False,True,False,False,True
41,16.51,90.25,0,0,0,0,9.09,810,1.8162816281628165,0,0,False,False,False,False,True,False,False,False,False,False,False
32,11.71,76.07,0,0,0,0,13.72,777,0.8534985422740525,0,0,True,False,False,False,False,False,False,True,False,False,True
60,4.13,38.07,0,0,0,1,9.91,150,0.4167507568113017,0,0,True,False,True,False,False,False,False,False,False,False,False
48,1.38,89.58,2,0,0,1,14.23,168,0.09697821503865073,1,0,False,False,False,False,True,False,False,False,False,False,True
26,4.04,19.26,1,0,0,0,8.5,116,0.4752941176470588,0,0,False,False,True,False,False,False,False,False,False,False,False
56,5.71,28.37,0,1,0,0,17.61,159,0.3242475865985236,0,0,False,False,False,False,True,False,False,False,False,True,False
62,17.69,42.29,1,1,0,0,8.74,281,2.0240274599542336,0,0,True,False,True,False,False,False,False,False,False,False,False
19,12.28,90.59,1,0,0,0,9.86,816,1.2454361054766734,0,0,True,False,False,False,False,False,True,False,False,False,False
25,4.03,68.17,0,1,1,0,17.55,76,0.22962962962962963,0,1,False,True,True,False,False,False,False,False,False,True,False
24,18.43,68.78,0,0,0,0,18.33,530,1.005455537370431,0,0,True,False,False,False,False,False,False,True,False,True,False
73,39.06,76.22,1,1,0,0,8.93,454,4.374020156774916,0,0,True,False,False,False,False,False,False,False,True,False,False
61,8.79,58.89,0,0,0,1,17.89,994,0.4913359418669647,0,0,True,False,False,False,False,False,False,False,False,True,False
68,14.08,91.3,0,1,0,0,9.31,760,1.5123523093447904,0,0,False,True,True,False,False,False,False,False,False,False,False
56,5.48,48.35,0,0,0,1,14.06,140,0.38975817923186346,0,0,True,False,False,False,False,False,False,False,True,False,True
59,3.57,29.26,0,0,0,0,8.94,1092,0.39932885906040266,0,0,True,False,False,False,False,True,False,False,False,False,False
74,6.13,21.71,0,1,0,1,8.3,164,0.7385542168674698,0,0,False,False,False,False,False,False,True,False,False,False,False
33,4.61,95.71,2,0,0,1,13.69,639,0.3367421475529584,1,0,True,False,False,False,False,False,True,False,False,False,True
52,18.14,83.37,2,1,0,0,13.99,1087,1.296640457469621,1,0,False,False,False,True,False,False,False,False,False,False,True
47,6.83,56.71,0,0,0,0,14.23,1016,0.4799718903724526,0,0,False,False,False,False,False,True,False,False,False,False,True
27,5.9,17.69,1,0,0,1,13.98,457,0.4220314735336195,0,0,True,False,False,False,False,True,False,False,False,False,True
55,6.73,16.33,0,0,0,1,17.72,228,0.3797968397291197,0,0,False,False,False,True,False,False,False,False,False,True,False
35,9.72,56.54,0,1,1,0,8.87,589,1.095828635851184,0,0,False,False,False,False,False,True,False,False,False,False,False
67,6.59,53.39,0,0,1,0,9.85,288,0.6690355329949239,0,0,True,False,False,False,False,False,False,True,False,False,False
22,1.31,86.4,0,0,0,0,13.17,754,0.09946848899012908,0,0,True,False,False,False,False,True,False,False,False,False,True
70,5.19,27.01,0,0,0,0,8.86,703,0.5857787810383748,0,0,False,False,False,False,False,False,False,True,False,False,False
46,5.2,41.86,0,0,1,1,14.49,166,0.3588681849551415,0,0,True,False,False,True,False,False,False,False,False,False,True
56,6.34,52.11,0,0,0,0,13.92,945,0.45545977011494254,0,0,False,False,True,False,False,False,False,False,False,False,True
51,11.94,40.76,1,0,0,0,8.68,965,1.3755760368663594,0,0,False,False,False,True,False,False,False,False,False,False,False
60,8.64,58.45,1,0,1,1,18.29,410,0.47238928376161843,0,0,True,False,False,False,True,False,False,False,False,True,False
62,3.62,22.94,2,1,0,0,9.38,267,0.38592750533049036,1,0,False,False,False,False,False,True,False,False,False,False,False
40,13.08,52.47,2,0,0,0,9.45,717,1.3841269841269843,1,0,True,False,False,False,False,True,False,False,False,False,False
22,5.56,34.3,0,0,0,0,9.21,487,0.6036916395222583,0,0,False,False,False,False,False,False,True,False,False,False,False
47,8.31,48.94,0,0,0,0,9.44,111,0.8802966101694917,0,0,True,False,False,True,False,False,False,False,False,False,False
23,11.24,33.33,0,0,0,0,9.23,624,1.2177681473456121,0,0,False,False,False,True,False,False,False,False,False,False,False
73,3.66,67.32,1,0,0,0,13.65,683,0.2681318681318681,0,0,False,False,False,False,False,False,False,False,True,False,True
63,12.1,1.63,1,0,1,1,13.96,432,0.8667621776504297,0,0,False,False,False,False,True,False,False,False,False,False,True
61,8.63,55.97,0,1,1,0,18.02,851,0.4789123196448391,0,0,False,False,False,False,False,False,True,False,False,True,False
21,13.49,55.47,1,1,0,0,9.4,217,1.4351063829787234,0,0,False,False,True,False,False,False,False,False,False,False,False
46,3.41,33.92,0,0,1,1,8.78,522,0.3883826879271071,0,0,True,False,False,False,False,True,False,False,False,False,False
40,4.44,55.38,1,1,0,1,18.22,284,0.2436882546652031,0,0,False,False,False,False,False,False,True,False,False,True,False
23,5.65,33.89,0,0,0,0,9.55,454,0.5916230366492147,0,0,False,False,False,False,False,False,False,True,False,False,False
49,2.45,73.2,1,0,1,0,17.44,514,0.1404816513761468,0,0,False,False,False,False,False,False,False,False,True,True,False
59,7.2,76.86,0,0,0,0,17.27,465,0.41690793283149974,0,0,False,False,False,False,False,False,False,False,True,True,False
35,3.56,56.68,0,0,0,1,18.3,209,0.19453551912568307,0,0,True,False,False,False,False,False,False,True,False,True,False
32,2.35,23.9,1,0,0,0,8.94,930,0.26286353467561524,0,0,True,False,False,True,False,False,False,False,False,False,False
57,11.7,18.75,0,1,0,0,9.59,673,1.2200208550573513,0,0,True,False,False,False,False,True,False,False,False,False,False
49,33.34,54.43,1,1,0,0,15.24,168,2.187664041994751,0,0,False,False,False,False,False,True,False,False,False,False,True
26,9.11,73.4,0,0,0,0,14.55,816,0.6261168384879724,0,0,True,False,False,False,True,False,False,False,False,False,True
54,6.64,67.42,0,1,0,0,8.45,131,0.7857988165680474,0,0,False,False,False,False,False,False,False,True,False,False,False
27,4.59,27.12,0,1,1,0,14.79,497,0.3103448275862069,0,0,True,False,False,False,False,True,False,False,False,False,True
37,7.77,63.06,0,1,1,0,9.27,312,0.8381877022653722,0,0,True,False,False,False,False,False,False,False,True,False,False
23,16.24,48.33,1,0,0,0,14.28,1082,1.1372549019607843,0,0,True,False,False,False,False,True,False,False,False,False,True
65,7.79,47.66,1,1,0,1,17.48,47,0.44565217391304346,0,1,True,False,True,False,False,False,False,False,False,True,False
73,5.33,35.4,1,0,0,0,8.8,785,0.6056818181818181,0,0,False,False,False,False,False,True,False,False,False,False,False
20,7.64,95.91,0,0,0,0,9.04,716,0.845132743362832,0,0,True,False,False,False,True,False,False,False,False,False,False
59,5.12,67.24,1,0,0,0,8.98,630,0.5701559020044543,0,0,True,False,False,False,False,False,False,False,False,False,False
28,10.67,72.06,0,1,1,0,9.09,1073,1.1738173817381738,0,0,True,False,False,False,False,False,True,False,False,False,False
60,2.37,28.26,0,0,0,1,8.81,462,0.2690124858115778,0,0,False,False,False,False,False,False,False,False,False,False,False
34,5.39,13.16,0,1,0,1,9.47,1071,0.5691657866948256,0,0,False,False,True,False,False,False,False,False,False,False,False
49,6.38,37.34,0,0,0,0,9.59,405,0.6652763295099061,0,0,True,False,False,False,False,False,False,False,False,False,False
21,12.09,21.64,0,1,0,1,17.54,1040,0.6892816419612315,0,0,False,False,False,False,False,True,False,False,False,True,False
21,6.66,57.36,1,1,1,0,17.66,745,0.37712344280860705,0,0,True,False,False,False,True,False,False,False,False,True,False
34,1.21,60.03,0,0,0,0,13.24,1053,0.09138972809667674,0,0,True,False,False,False,False,False,False,False,True,False,True
58,16.11,86.4,1,1,0,0,7.95,766,2.0264150943396224,0,0,False,False,False,False,False,False,False,False,True,False,False
36,3.9,18.21,0,0,0,0,8.61,250,0.4529616724738676,0,0,True,False,True,False,False,False,False,False,False,False,False
22,2.81,90.03,0,0,0,0,14.39,1079,0.19527449617790132,0,0,False,False,False,False,False,False,False,False,False,False,True
49,4.28,55.43,1,0,0,0,13.73,283,0.31172614712308816,0,0,True,False,False,True,False,False,False,False,False,False,True
39,10.0,19.11,0,0,0,1,18.23,765,0.5485463521667581,0,0,False,False,False,True,False,False,False,False,False,True,False
73,14.12,94.04,0,0,0,0,9.25,855,1.5264864864864864,0,0,True,False,False,False,True,False,False,False,False,False,False
23,29.38,31.71,1,0,0,0,14.0,59,2.0985714285714283,0,1,False,False,False,False,False,False,True,False,False,False,True
52,4.41,89.74,1,0,1,0,13.83,816,0.3188720173535792,0,0,False,False,False,False,False,True,False,False,False,False,True
39,3.56,38.77,0,0,0,1,18.06,39,0.19712070874861573,0,1,True,False,False,False,False,False,False,False,False,True,False
18,4.22,11.56,1,0,0,1,13.35,459,0.3161048689138577,0,0,False,False,False,True,False,False,False,False,False,False,True
37,13.04,61.42,1,1,0,0,14.5,727,0.8993103448275861,0,0,True,False,False,True,False,False,False,False,False,False,True
39,15.55,5.97,0,0,0,1,13.78,153,1.12844702467344,0,0,False,False,False,False,False,False,False,False,False,False,True
65,14.15,4.89,0,0,1,1,18.72,80,0.7558760683760685,0,1,True,False,False,False,False,False,True,False,False,True,False
72,18.65,46.7,2,0,1,0,9.19,427,2.0293797606093578,1,0,True,False,False,False,False,False,False,True,False,False,False
28,7.48,73.58,0,1,1,0,9.52,343,0.7857142857142858,0,0,False,False,False,False,False,True,False,False,False,False,False
30,6.09,57.9,0,1,0,0,14.0,677,0.435,0,0,True,False,True,False,False,False,False,False,False,False,True
59,10.23,64.71,1,0,1,1,8.74,543,1.1704805491990846,0,0,False,False,False,False,False,True,False,False,False,False,False
20,7.17,37.69,1,1,1,0,14.82,531,0.4838056680161943,0,0,True,False,False,False,True,False,False,False,False,False,True
26,7.84,17.18,2,0,0,1,17.68,559,0.4434389140271493,1,0,True,False,True,False,False,False,False,False,False,True,False
29,5.35,45.19,0,0,0,1,13.81,726,0.38740043446777694,0,0,False,False,False,False,False,False,True,False,False,False,True
40,6.94,50.55,1,0,0,0,13.58,763,0.5110456553755524,0,0,False,False,False,False,True,False,False,False,False,False,True
31,1.91,67.66,1,1,1,1,13.63,889,0.14013206162876007,0,0,True,False,False,False,False,False,False,False,True,False,True
50,10.87,60.78,0,0,1,0,18.04,448,0.602549889135255,0,0,True,False,False,False,False,False,False,False,True,True,False
35,9.61,58.69,1,0,1,1,17.76,223,0.5411036036036035,0,0,True,False,False,False,False,True,False,False,False,True,False
66,7.17,60.46,0,0,0,1,14.17,341,0.5059985885673959,0,0,True,False,False,False,True,False,False,False,False,False,True
58,2.01,11.23,0,1,0,1,14.27,1025,0.1408549404344779,0,0,True,False,True,False,False,False,False,False,False,False,True
26,3.65,31.11,0,1,0,0,8.39,751,0.435041716328963,0,0,True,False,True,False,False,False,False,False,False,False,False
40,6.64,63.84,1,1,0,0,9.34,505,0.7109207708779443,0,0,False,False,False,False,False,False,False,False,True,False,False
27,22.41,50.84,0,0,0,0,8.29,613,2.7032569360675516,0,0,False,False,False,False,False,False,False,False,True,False,False
36,12.38,92.01,0,1,1,0,9.07,146,1.3649393605292173,0,0,True,False,False,False,False,False,True,False,False,False,False
64,10.2,64.51,0,0,0,1,13.96,293,0.7306590257879655,0,0,True,False,False,False,True,False,False,False,False,False,True
22,17.13,68.83,0,0,0,0,13.65,50,1.254945054945055,0,1,True,False,True,False,False,False,False,False,False,False,True
64,21.91,33.97,0,1,0,0,8.89,506,2.4645669291338583,0,0,False,False,False,True,False,False,False,False,False,False,False
69,10.78,15.46,2,0,0,1,18.7,578,0.5764705882352941,1,0,False,False,False,False,False,False,True,False,False,True,False
40,10.86,68.23,2,0,0,0,14.56,977,0.7458791208791208,1,0,False,False,True,False,False,False,False,False,False,False,True
47,10.86,56.49,1,1,0,0,14.78,1050,0.7347767253044655,0,0,False,False,False,False,False,False,False,False,True,False,True
42,12.36,35.22,1,0,0,1,14.19,235,0.8710359408033826,0,0,False,False,False,False,True,False,False,False,False,False,True
45,8.48,57.58,1,0,0,0,13.9,660,0.6100719424460431,0,0,True,False,False,False,False,False,False,True,False,False,True
51,1.86,70.78,0,1,0,1,9.35,208,0.19893048128342247,0,0,True,False,False,False,True,False,False,False,False,False,False
62,7.04,12.01,1,0,0,1,14.37,917,0.4899095337508699,0,0,False,False,False,False,False,False,False,False,False,False,True
73,3.36,56.79,2,0,0,0,8.44,371,0.3981042654028436,1,0,True,False,False,True,False,False,False,False,False,False,False
65,4.73,57.85,0,0,1,0,14.0,469,0.3378571428571429,0,0,False,False,False,True,False,False,False,False,False,False,True
64,4.01,50.84,1,1,0,0,8.41,319,0.4768133174791914,0,0,False,False,False,True,False,False,False,False,False,False,False
42,5.6,3.5,0,0,0,1,13.84,586,0.40462427745664736,0,0,False,False,False,False,False,False,False,True,False,False,True
27,7.34,55.45,1,0,1,0,9.34,678,0.7858672376873662,0,0,True,False,False,False,False,True,False,False,False,False,False
31,1.34,76.2,1,1,0,0,13.52,237,0.09911242603550297,0,0,False,False,False,False,False,True,False,False,False,False,True
59,2.87,35.96,1,0,0,0,9.85,301,0.2913705583756345,0,0,False,False,False,False,False,False,True,False,False,False,False
74,5.0,71.08,2,0,0,1,17.96,444,0.27839643652561247,1,0,False,False,False,False,False,False,False,True,False,True,False
63,14.65,18.63,1,0,0,0,18.05,413,0.8116343490304709,0,0,False,False,False,False,False,False,False,True,False,True,False
47,18.04,41.88,0,1,0,0,9.15,920,1.9715846994535517,0,0,False,True,False,False,False,False,True,False,False,False,False
72,6.59,28.23,0,0,0,0,9.37,1071,0.7033084311632871,0,0,True,False,False,False,True,False,False,False,False,False,False
58,7.82,76.81,0,0,0,1,14.28,689,0.5476190476190477,0,0,True,False,False,False,False,False,True,False,False,False,True
42,3.1,34.18,2,0,1,0,9.3,276,0.3333333333333333,1,0,True,False,False,False,False,False,False,False,False,False,False
31,3.8,65.57,0,1,0,0,8.7,443,0.4367816091954023,0,0,True,False,False,False,False,False,False,False,True,False,False
52,6.56,68.78,0,1,0,0,8.88,744,0.7387387387387386,0,0,False,False,False,False,False,True,False,False,False,False,False
69,1.22,36.62,0,0,0,0,14.22,210,0.08579465541490858,0,0,False,True,False,False,False,False,False,False,True,False,True
65,13.42,84.2,0,0,0,0,8.9,973,1.5078651685393258,0,0,True,False,False,False,False,True,False,False,False,False,False
51,6.34,97.88,0,1,1,0,9.2,922,0.6891304347826087,0,0,True,False,False,False,False,False,False,True,False,False,False
27,8.73,37.55,0,1,1,0,13.92,90,0.6271551724137931,0,0,True,False,False,True,False,False,False,False,False,False,True
52,7.35,49.43,1,1,1,0,9.04,195,0.8130530973451328,0,0,False,False,False,False,False,False,True,False,False,False,False
28,4.37,51.37,2,1,0,0,8.78,1038,0.49772209567198183,1,0,True,False,False,False,False,False,True,False,False,False,False
28,9.34,38.04,1,0,0,1,18.43,684,0.5067824199674443,0,0,True,False,False,False,False,False,True,False,False,True,False
38,10.1,58.64,0,0,0,1,14.01,380,0.7209136331192005,0,0,True,False,False,True,False,False,False,False,False,False,True
38,16.34,86.11,0,0,0,0,9.39,292,1.7401490947816824,0,0,True,False,False,False,False,False,False,False,False,False,False
39,12.17,50.87,1,0,0,0,9.01,153,1.3507214206437292,0,0,False,False,False,False,False,False,False,False,False,False,False
62,7.16,64.99,1,0,0,1,14.35,961,0.49895470383275264,0,0,True,False,False,True,False,False,False,False,False,False,True
24,4.61,36.48,0,1,1,0,9.0,168,0.5122222222222222,0,0,True,False,False,False,True,False,False,False,False,False,False
72,5.34,31.7,0,0,0,1,18.43,889,0.2897449810092241,0,0,True,False,False,True,False,False,False,False,False,True,False
34,4.3,40.81,2,1,1,1,14.6,163,0.2945205479452055,1,0,False,False,True,False,False,False,False,False,False,False,True
19,18.42,65.66,0,0,0,0,17.84,848,1.032511210762332,0,0,False,False,False,False,False,True,False,False,False,True,False
29,2.81,90.67,1,1,0,0,18.52,1091,0.15172786177105832,0,0,True,False,True,False,False,False,False,False,False,True,False
74,17.01,67.87,1,1,0,0,13.68,1047,1.243421052631579,0,0,True,False,True,False,False,False,False,False,False,False,True
59,4.17,75.71,1,1,1,0,13.46,486,0.30980683506686474,0,0,False,False,False,True,False,False,False,False,False,False,True
35,3.16,36.07,1,1,1,1,17.9,467,0.17653631284916202,0,0,True,False,False,False,False,True,False,False,False,True,False
71,3.53,41.09,0,0,0,0,14.16,709,0.24929378531073446,0,0,False,False,False,False,True,False,False,False,False,False,True
28,37.37,48.22,0,1,0,0,8.11,676,4.607891491985203,0,0,True,False,False,False,False,False,True,False,False,False,False
33,16.55,82.48,0,0,0,0,13.91,651,1.1897915168943207,0,0,True,False,True,False,False,False,False,False,False,False,True
66,1.69,73.81,0,1,0,1,9.55,53,0.17696335078534028,0,1,False,False,False,True,False,False,False,False,False,False,False
68,9.88,40.31,1,0,0,0,14.3,838,0.6909090909090909,0,0,False,False,False,False,False,False,True,False,False,False,True
35,5.27,63.55,0,1,0,0,13.55,964,0.38892988929889294,0,0,False,False,False,True,False,False,False,False,False,False,True
52,3.51,66.43,0,1,0,0,18.25,399,0.19232876712328767,0,0,True,False,False,False,False,False,False,True,False,True,False
70,9.82,65.77,1,0,0,0,14.22,1026,0.6905766526019691,0,0,True,False,True,False,False,False,False,False,False,False,True
43,8.22,3.86,0,1,0,0,18.76,200,0.43816631130063965,0,0,True,False,False,False,False,False,False,True,False,True,False
33,2.51,32.73,0,0,0,1,9.14,251,0.274617067833698,0,0,False,False,False,False,True,False,False,False,False,False,False
23,4.19,31.28,1,0,0,1,8.62,472,0.48607888631090496,0,0,False,False,False,False,False,False,False,False,True,False,False
74,10.99,45.86,2,0,1,1,17.83,891,0.6163768928771733,1,0,True,False,False,False,False,False,False,False,False,True,False
61,1.61,54.94,0,0,0,1,14.27,405,0.1128241065171689,0,0,False,False,False,False,False,True,False,False,False,False,True
60,1.75,41.45,1,0,0,1,13.52,310,0.1294378698224852,0,0,False,False,False,True,False,False,False,False,False,False,True
64,14.38,20.7,1,1,0,0,9.09,742,1.581958195819582,0,0,True,False,False,False,True,False,False,False,False,False,False
64,9.17,75.54,1,1,0,0,14.06,987,0.6522048364153628,0,0,False,False,False,False,True,False,False,False,False,False,True
65,5.47,14.66,0,0,0,0,17.25,840,0.3171014492753623,0,0,True,False,False,False,True,False,False,False,False,True,False
59,14.97,32.79,0,0,0,0,8.51,856,1.7591069330199767,0,0,True,False,True,False,False,False,False,False,False,False,False
29,10.69,70.01,2,1,0,0,13.81,515,0.7740767559739319,1,0,False,True,False,False,False,False,False,True,False,False,True
30,15.12,78.55,0,1,0,0,9.99,364,1.5135135135135134,0,0,True,False,False,False,False,False,False,False,False,False,False
21,1.23,58.21,0,1,1,0,9.3,771,0.132258064516129,0,0,True,False,True,False,False,False,False,False,False,False,False
56,7.28,51.09,1,1,0,0,14.25,439,0.5108771929824562,0,0,False,False,False,False,False,False,False,False,True,False,True
71,13.17,29.64,1,0,0,1,8.44,83,1.5604265402843602,0,1,False,True,False,False,False,True,False,False,False,False,False
19,10.24,54.09,1,0,0,0,9.13,730,1.12157721796276,0,0,False,True,False,False,False,True,False,False,False,False,False
43,1.08,52.82,1,1,0,1,13.85,378,0.07797833935018052,0,0,False,False,False,False,False,False,False,False,False,False,True
44,15.7,36.67,0,0,0,0,14.22,1004,1.1040787623066104,0,0,True,False,False,False,False,True,False,False,False,False,True
44,19.58,63.05,0,0,0,0,9.01,422,2.1731409544950053,0,0,False,False,False,False,False,True,False,False,False,False,False
32,7.42,38.57,0,1,0,0,18.63,583,0.3982823403113258,0,0,False,False,False,False,True,False,False,False,False,True,False
25,2.3,61.2,0,0,0,0,8.51,876,0.27027027027027023,0,0,True,False,False,False,False,False,True,False,False,False,False
24,2.62,42.13,0,0,0,1,18.07,110,0.14499169894853348,0,0,False,False,False,False,False,False,False,False,True,True,False
64,5.91,41.95,1,0,0,0,14.47,855,0.40843123704215617,0,0,True,False,False,False,False,False,False,True,False,False,True
72,7.31,70.96,0,1,0,0,9.09,773,0.8041804180418042,0,0,True,False,False,True,False,False,False,False,False,False,False
63,17.77,24.04,0,0,0,0,8.24,206,2.1565533980582523,0,0,False,False,False,False,False,False,False,False,True,False,False
57,5.1,85.41,1,0,0,0,8.72,540,0.5848623853211008,0,0,False,False,True,False,False,False,False,False,False,False,False
29,7.95,40.18,1,1,0,1,8.91,168,0.8922558922558923,0,0,True,False,False,False,False,True,False,False,False,False,False
30,4.61,92.74,1,1,0,0,13.3,502,0.3466165413533835,0,0,True,False,False,False,False,False,True,False,False,False,True
60,5.02,88.48,0,1,0,0,8.84,571,0.5678733031674208,0,0,False,False,False,True,False,False,False,False,False,False,False
34,19.97,13.58,0,0,0,0,8.36,223,2.388755980861244,0,0,True,False,True,False,False,False,False,False,False,False,False
34,24.96,44.63,0,0,0,0,13.47,515,1.8530066815144766,0,0,True,False,False,False,False,False,False,False,False,False,True
73,3.58,75.42,0,0,0,1,8.99,834,0.3982202447163515,0,0,False,False,False,False,True,False,False,False,False,False,False
53,13.32,77.91,0,0,0,1,14.17,276,0.940014114326041,0,0,False,False,False,False,False,True,False,False,False,False,True
38,4.49,57.1,0,0,0,0,9.28,659,0.48383620689655177,0,0,False,False,False,False,True,False,False,False,False,False,False
25,1.68,39.89,1,1,0,0,14.1,467,0.11914893617021277,0,0,False,False,False,False,False,False,False,False,True,False,True
22,1.82,34.09,0,0,0,1,14.09,102,0.1291696238466998,0,0,False,False,False,False,True,False,False,False,False,False,True
43,3.25,64.14,1,0,0,1,14.4,783,0.22569444444444445,0,0,False,False,False,False,True,False,False,False,False,False,True
33,7.47,62.43,1,1,0,0,9.0,860,0.83,0,0,True,False,False,False,False,False,False,False,False,False,False
53,8.37,34.65,0,0,0,1,9.18,123,0.9117647058823529,0,0,False,False,False,False,False,False,False,True,False,False,False
45,3.24,34.4,0,0,1,1,9.03,464,0.35880398671096353,0,0,True,False,False,False,False,False,False,True,False,False,False
71,22.71,65.36,0,1,0,0,9.57,486,2.373040752351097,0,0,True,False,True,False,False,False,False,False,False,False,False
46,2.37,33.13,0,1,0,1,8.84,258,0.2680995475113122,0,0,True,False,False,False,False,True,False,False,False,False,False
64,3.07,33.85,2,0,1,1,13.64,59,0.22507331378299117,1,1,False,False,True,False,False,False,False,False,False,False,True
29,7.65,57.68,1,1,0,0,13.85,364,0.552346570397112,0,0,True,False,False,False,False,False,False,True,False,False,True
54,3.44,9.64,0,0,0,1,18.16,689,0.1894273127753304,0,0,True,False,False,False,False,False,False,False,True,True,False
47,6.57,58.2,0,0,0,0,14.29,598,0.4597620713785865,0,0,False,False,False,False,False,False,False,True,False,False,True
40,5.83,25.44,0,0,0,1,14.22,206,0.40998593530239097,0,0,False,False,True,False,False,False,False,False,False,False,True
33,3.88,40.88,1,0,0,0,18.03,853,0.21519689406544645,0,0,False,False,False,False,False,False,True,False,False,True,False
31,8.47,53.99,0,1,0,0,14.03,597,0.6037063435495368,0,0,True,False,False,False,False,True,False,False,False,False,True
27,5.83,88.23,0,0,0,1,13.77,438,0.4233841684822077,0,0,True,False,False,False,True,False,False,False,False,False,True
24,14.56,76.02,1,0,0,0,17.73,806,0.8212069937958263,0,0,False,False,False,False,False,False,False,False,False,True,False
62,1.75,13.32,1,1,0,1,17.97,106,0.09738452977184196,0,0,True,False,False,False,False,False,True,False,False,True,False
69,1.34,31.04,1,1,0,0,13.88,962,0.09654178674351585,0,0,False,False,False,False,False,False,True,False,False,False,True
54,16.46,15.53,0,0,0,0,13.71,665,1.200583515681984,0,0,True,False,False,False,True,False,False,False,False,False,True
46,8.75,11.41,2,1,0,0,14.65,569,0.5972696245733788,1,0,False,False,False,False,False,False,False,True,False,False,True
20,10.7,38.17,0,1,1,1,13.77,41,0.7770515613652869,0,1,True,False,False,True,False,False,False,False,False,False,True
32,13.11,44.71,0,1,0,1,18.07,198,0.7255118981737686,0,0,True,False,False,False,False,True,False,False,False,True,False
53,8.14,76.83,1,1,0,0,9.61,860,0.8470343392299688,0,0,False,False,False,False,False,False,False,False,True,False,False
64,4.04,47.07,1,0,0,1,17.83,478,0.22658440830061696,0,0,True,False,False,False,False,False,True,False,False,True,False
63,9.77,43.56,0,1,0,1,13.61,478,0.7178545187362234,0,0,True,False,False,False,False,False,False,False,True,False,True
69,8.07,91.51,0,1,1,0,8.86,456,0.9108352144469527,0,0,False,False,False,False,False,False,False,False,False,False,False
36,3.8,32.19,2,0,0,1,13.93,985,0.27279253409906673,1,0,True,False,False,False,False,False,False,False,False,False,True
30,13.98,49.92,1,1,0,1,14.32,945,0.9762569832402235,0,0,True,False,False,False,False,False,False,False,False,False,True
59,8.61,32.2,1,0,0,1,8.76,660,0.982876712328767,0,0,True,False,True,False,False,False,False,False,False,False,False
38,14.62,89.46,0,0,1,0,17.59,255,0.8311540648095509,0,0,True,False,False,False,False,False,True,False,False,True,False
54,3.56,75.65,0,0,0,0,13.88,476,0.2564841498559078,0,0,True,False,False,False,False,False,False,False,False,False,True
44,11.69,67.9,0,0,0,0,14.35,232,0.8146341463414634,0,0,False,False,True,False,False,False,False,False,False,False,True
72,4.18,93.99,0,0,0,0,18.19,997,0.22979659153380974,0,0,False,False,False,False,False,False,False,False,False,True,False
69,12.7,59.74,2,0,0,1,18.49,704,0.6868577609518659,1,0,True,False,False,False,False,False,False,True,False,True,False
46,11.92,27.44,0,0,0,1,18.23,663,0.6538672517827756,0,0,True,False,False,False,False,False,True,False,False,True,False
37,12.39,65.55,1,0,0,0,13.8,45,0.8978260869565218,0,1,False,False,True,False,False,False,False,False,False,False,True
42,8.42,21.07,0,0,0,1,14.28,647,0.5896358543417367,0,0,False,True,False,False,False,False,False,False,False,False,True
23,6.47,6.79,1,0,0,0,9.36,1073,0.6912393162393162,0,0,True,False,False,False,False,True,False,False,False,False,False
53,6.05,42.75,0,0,0,0,14.21,469,0.4257565095003518,0,0,False,False,True,False,False,False,False,False,False,False,True
19,2.24,54.64,0,0,0,1,18.18,1000,0.12321232123212322,0,0,False,False,False,False,False,False,False,False,False,True,False
39,25.93,34.23,1,1,0,0,14.71,421,1.7627464309993202,0,0,True,False,False,False,False,False,False,True,False,False,True
49,2.8,20.4,1,0,0,1,8.56,753,0.32710280373831774,0,0,True,False,False,False,False,False,False,False,True,False,False
33,5.08,82.7,2,0,1,0,8.79,765,0.577929465301479,1,0,True,False,False,True,False,False,False,False,False,False,False
35,2.39,51.38,1,1,0,1,17.77,249,0.1344963421496905,0,0,False,False,False,False,False,False,False,False,False,True,False
22,0.89,29.27,0,0,0,0,17.63,1061,0.050482132728304034,0,0,False,False,False,False,False,False,False,False,True,True,False
71,17.89,53.32,0,1,0,0,14.72,475,1.2153532608695652,0,0,False,False,False,False,False,False,True,False,False,False,True
53,1.18,66.54,1,1,0,1,13.67,43,0.08632040965618142,0,1,True,False,False,False,False,False,False,True,False,False,True
47,11.48,66.26,2,0,1,0,9.14,416,1.2560175054704594,1,0,False,False,False,False,False,True,False,False,False,False,False
62,11.0,87.98,2,0,1,1,13.98,671,0.7868383404864091,1,0,False,False,False,False,False,False,True,False,False,False,True
36,4.0,13.33,1,0,0,0,14.53,1075,0.27529249827942187,0,0,False,False,False,False,False,True,False,False,False,False,True
40,10.58,94.87,1,1,0,0,14.42,254,0.7337031900138696,0,0,True,False,False,False,False,False,False,False,True,False,True
51,3.11,75.59,1,0,0,0,8.26,264,0.3765133171912833,0,0,False,False,False,False,False,False,False,True,False,False,False
30,6.95,19.2,0,1,0,0,13.48,1029,0.5155786350148368,0,0,True,False,False,False,True,False,False,False,False,False,True
60,14.18,38.4,1,1,0,0,8.66,740,1.6374133949191685,0,0,False,False,False,False,False,False,False,True,False,False,False
71,26.49,69.68,3,0,0,0,17.81,821,1.4873666479505896,1,0,False,False,False,False,False,False,False,True,False,True,False
46,6.38,96.71,0,0,0,1,17.88,466,0.3568232662192394,0,0,True,False,False,False,False,True,False,False,False,True,False
53,15.64,44.61,0,0,0,0,17.6,610,0.8886363636363636,0,0,False,False,False,False,True,False,False,False,False,True,False
39,4.8,25.4,0,1,1,0,17.98,1097,0.26696329254727474,0,0,True,False,True,False,False,False,False,False,False,True,False
69,9.36,54.64,1,1,0,0,14.84,716,0.6307277628032345,0,0,False,False,True,False,False,False,False,False,False,False,True
69,7.39,42.63,0,0,0,0,9.73,394,0.7595066803699897,0,0,True,False,True,False,False,False,False,False,False,False,False
64,5.95,86.46,0,0,0,1,14.39,298,0.4134815844336345,0,0,False,False,False,False,False,False,False,False,True,False,True
53,14.59,76.25,0,0,0,0,10.34,107,1.4110251450676983,0,0,False,False,False,False,False,False,False,True,False,False,False
26,16.86,63.49,3,1,0,0,13.96,218,1.2077363896848137,1,0,True,False,False,False,False,False,False,False,False,False,True
56,11.96,58.21,1,0,0,0,9.17,1078,1.3042529989094875,0,0,False,False,False,False,True,False,False,False,False,False,False
68,25.17,40.58,1,1,0,0,14.15,700,1.7787985865724383,0,0,True,False,False,False,False,False,False,False,False,False,True
36,9.01,92.52,1,0,0,0,15.03,387,0.5994677312042581,0,0,True,False,False,False,False,False,False,False,True,False,True
55,0.52,26.31,0,1,0,1,9.28,988,0.0560344827586207,0,0,False,False,False,False,True,False,False,False,False,False,False
23,2.76,28.36,0,0,0,1,8.82,365,0.31292517006802717,0,0,False,False,False,False,False,False,False,False,False,False,False
69,2.28,44.29,0,0,1,0,13.54,932,0.16838995568685378,0,0,False,False,False,True,False,False,False,False,False,False,True
64,11.97,69.94,1,1,1,0,13.09,370,0.9144385026737969,0,0,False,False,False,False,False,True,False,False,False,False,True
32,3.66,18.66,0,1,0,0,14.63,863,0.2501708817498291,0,0,False,False,False,False,False,False,False,False,True,False,True
74,2.54,15.24,3,0,0,1,8.7,596,0.29195402298850576,1,0,False,False,False,False,False,False,False,False,True,False,False
37,21.5,78.35,0,0,1,0,14.26,101,1.5077138849929874,0,0,False,False,False,True,False,False,False,False,False,False,True
26,6.91,32.52,0,0,0,0,13.87,1095,0.49819754866618604,0,0,False,False,False,False,False,False,False,False,True,False,True
49,7.37,42.58,0,0,1,0,13.82,440,0.5332850940665702,0,0,True,False,False,False,True,False,False,False,False,False,True
21,11.48,84.89,2,0,0,1,9.06,927,1.2671081677704195,1,0,True,False,False,False,False,False,False,False,False,False,False
67,14.98,64.54,0,0,1,0,18.67,867,0.802356722013926,0,0,False,False,False,False,False,False,False,False,False,True,False
35,12.37,78.46,1,0,0,0,9.12,673,1.3563596491228072,0,0,False,False,False,False,False,False,True,False,False,False,False
22,18.7,16.94,0,0,1,0,8.65,50,2.1618497109826587,0,1,False,False,False,False,False,False,False,False,True,False,False
37,11.04,28.83,0,0,1,1,13.74,1054,0.8034934497816593,0,0,True,False,True,False,False,False,False,False,False,False,True
40,10.05,65.11,1,0,0,1,8.76,707,1.1472602739726028,0,0,False,True,False,False,False,False,False,True,False,False,False
28,14.71,56.61,1,1,0,0,17.66,632,0.832955832389581,0,0,True,False,False,False,False,True,False,False,False,True,False
54,11.69,41.43,1,0,0,0,8.41,117,1.390011890606421,0,0,False,False,False,False,False,True,False,False,False,False,False
39,7.15,82.36,0,0,0,0,9.0,46,0.7944444444444445,0,1,True,False,False,False,False,False,True,False,False,False,False
21,10.45,69.85,0,0,0,0,9.36,972,1.1164529914529915,0,0,True,False,False,False,False,False,True,False,False,False,False
46,2.79,52.85,1,1,0,1,14.23,853,0.1960646521433591,0,0,False,False,False,False,True,False,False,False,False,False,True
61,5.88,40.78,1,0,0,0,8.93,412,0.658454647256439,0,0,False,True,False,False,False,False,True,False,False,False,False
51,4.41,89.98,1,0,0,0,8.7,669,0.506896551724138,0,0,True,False,False,False,False,False,False,False,False,False,False
30,10.8,31.19,1,0,0,0,8.9,482,1.2134831460674158,0,0,True,False,False,False,True,False,False,False,False,False,False
59,28.36,86.35,1,1,0,0,14.21,845,1.9957776213933849,0,0,True,False,False,False,True,False,False,False,False,False,True
26,3.67,33.69,1,0,0,1,14.06,339,0.26102418207681366,0,0,True,False,False,False,False,True,False,False,False,False,True
59,11.9,69.52,0,0,0,0,14.18,960,0.8392101551480959,0,0,True,False,False,False,False,True,False,False,False,False,True
48,14.14,14.09,0,1,0,0,13.36,521,1.0583832335329342,0,0,False,False,True,False,False,False,False,False,False,False,True
24,31.96,64.87,1,0,0,0,9.0,789,3.551111111111111,0,0,False,False,False,False,False,False,False,False,True,False,False
21,3.71,80.15,0,0,0,1,17.92,30,0.20703124999999997,0,1,True,False,False,True,False,False,False,False,False,True,False
36,3.09,46.54,1,1,0,0,14.78,70,0.2090663058186739,0,1,False,False,False,True,False,False,False,False,False,False,True
59,6.19,32.85,0,0,0,0,9.14,701,0.6772428884026258,0,0,True,False,False,False,False,False,True,False,False,False,False
47,7.08,83.93,1,0,0,0,13.58,241,0.5213549337260678,0,0,True,False,False,False,False,False,False,False,True,False,True
48,27.12,71.76,0,0,1,0,14.16,333,1.9152542372881356,0,0,True,False,False,False,False,False,False,False,True,False,True
52,21.23,44.94,0,0,0,0,9.3,720,2.282795698924731,0,0,False,False,False,False,False,False,False,False,True,False,False
74,8.46,46.72,0,1,0,0,9.41,645,0.8990435706695006,0,0,True,False,False,False,True,False,False,False,False,False,False
38,12.25,33.24,1,1,0,0,9.58,552,1.278705636743215,0,0,True,False,False,False,False,False,False,False,True,False,False
48,9.02,39.49,1,0,0,1,17.54,54,0.5142531356898518,0,1,True,False,False,False,False,False,True,False,False,True,False
36,27.7,73.43,0,0,0,0,9.55,837,2.900523560209424,0,0,True,False,False,False,True,False,False,False,False,False,False
48,3.67,13.09,1,0,0,1,13.39,54,0.27408513816280805,0,1,True,False,False,False,False,False,True,False,False,False,True
70,10.33,79.36,1,1,0,0,9.5,625,1.0873684210526315,0,0,False,False,False,False,True,False,False,False,False,False,False
49,3.05,63.12,1,0,1,1,9.38,137,0.3251599147121535,0,0,False,False,False,True,False,False,False,False,False,False,False
19,14.68,81.51,2,0,0,0,8.09,209,1.814585908529048,1,0,False,False,False,False,False,False,False,True,False,False,False
69,5.89,40.42,1,0,0,1,9.17,910,0.6423118865866957,0,0,True,False,False,False,False,False,False,True,False,False,False
27,8.1,24.62,0,0,0,0,8.84,160,0.916289592760181,0,0,True,False,False,True,False,False,False,False,False,False,False
19,6.14,53.23,1,1,0,0,14.94,632,0.4109772423025435,0,0,True,False,False,False,False,False,False,True,False,False,True
19,6.44,18.27,1,1,0,0,13.98,782,0.46065808297567956,0,0,True,False,False,False,False,False,False,True,False,False,True
41,5.13,81.22,1,0,0,0,13.71,788,0.37417943107221,0,0,False,False,False,True,False,False,False,False,False,False,True
34,25.35,35.8,1,0,0,0,8.78,197,2.8872437357630982,0,0,True,False,False,False,True,False,False,False,False,False,False
49,10.89,23.58,0,0,0,1,17.93,252,0.6073619631901841,0,0,True,False,False,False,False,False,False,False,True,True,False
33,9.12,25.02,2,1,0,0,18.06,498,0.5049833887043189,1,0,False,False,False,True,False,False,False,False,False,True,False
33,5.4,51.9,0,1,0,0,8.61,307,0.6271777003484321,0,0,True,False,True,False,False,False,False,False,False,False,False
63,11.69,61.98,0,0,0,0,17.95,219,0.6512534818941504,0,0,False,True,False,False,False,True,False,False,False,True,False
56,5.34,53.58,1,0,0,0,9.53,560,0.5603357817418678,0,0,True,False,False,False,False,False,False,False,False,False,False
70,1.44,38.87,0,1,0,0,14.24,650,0.10112359550561797,0,0,False,False,True,False,False,False,False,False,False,False,True
48,20.09,95.04,1,0,0,0,9.09,247,2.2101210121012103,0,0,True,False,False,False,False,False,False,True,False,False,False
60,8.32,45.14,0,0,0,1,14.05,265,0.592170818505338,0,0,False,True,False,False,False,False,False,False,True,False,True
41,0.89,65.93,0,0,0,1,14.08,197,0.06321022727272728,0,0,True,False,False,False,False,False,True,False,False,False,True
18,2.58,72.48,2,0,0,1,8.97,809,0.28762541806020064,1,0,False,False,False,False,False,False,False,False,True,False,False
28,2.47,7.06,0,1,0,1,14.33,222,0.17236566643405443,0,0,True,False,False,False,False,False,True,False,False,False,True
72,14.47,17.41,0,0,0,1,13.96,271,1.0365329512893982,0,0,False,False,True,False,False,False,False,False,False,False,True
38,23.75,61.4,0,0,0,0,13.58,820,1.7488954344624448,0,0,True,False,False,False,False,False,False,False,True,False,True
21,4.67,63.38,0,1,0,1,18.31,484,0.2550518842162753,0,0,True,False,False,False,False,False,False,False,True,True,False
24,10.8,42.39,0,1,0,0,17.49,222,0.6174957118353346,0,0,False,False,False,False,False,False,False,False,False,True,False
43,12.52,27.95,1,1,0,1,17.77,421,0.7045582442318514,0,0,False,True,False,True,False,False,False,False,False,True,False
64,6.85,13.87,0,0,1,1,18.23,630,0.3757542512342293,0,0,True,False,True,False,False,False,False,False,False,True,False
67,3.66,45.82,0,0,1,0,9.06,1095,0.40397350993377484,0,0,False,False,False,False,False,False,False,False,True,False,False
29,3.59,57.31,0,0,0,1,8.72,122,0.41169724770642196,0,0,True,False,False,False,False,False,True,False,False,False,False
48,7.66,63.43,0,0,0,0,9.36,378,0.8183760683760685,0,0,False,False,False,False,False,True,False,False,False,False,False
34,5.4,88.76,1,1,1,1,18.72,542,0.2884615384615385,0,0,False,False,False,False,False,False,False,False,True,True,False
50,6.14,44.16,0,1,1,0,8.85,953,0.6937853107344633,0,0,False,False,False,False,False,False,True,False,False,False,False
28,1.29,13.99,1,0,0,1,9.05,135,0.1425414364640884,0,0,False,False,False,False,False,False,False,True,False,False,False
45,2.77,17.94,0,0,0,1,9.03,1021,0.30675526024363237,0,0,False,False,False,False,False,False,False,False,True,False,False
49,1.77,49.84,1,0,0,0,9.79,746,0.18079673135852914,0,0,True,False,False,False,False,False,True,False,False,False,False
18,7.13,31.13,0,0,0,0,8.8,817,0.8102272727272727,0,0,False,False,False,False,False,True,False,False,False,False,False
64,8.81,89.12,0,1,0,0,13.29,852,0.6629044394281416,0,0,True,False,True,False,False,False,False,False,False,False,True
45,12.02,62.57,0,0,0,0,9.0,946,1.3355555555555556,0,0,False,False,False,False,False,False,False,True,False,False,False
70,6.21,74.12,1,0,0,1,13.42,883,0.46274217585692995,0,0,False,False,False,False,False,False,False,False,True,False,True
59,12.2,26.54,1,1,0,0,18.21,712,0.6699615595826468,0,0,True,False,False,False,False,False,False,False,False,True,False
24,2.66,55.59,0,0,0,0,13.96,1052,0.19054441260744986,0,0,False,False,False,False,False,False,True,False,False,False,True
19,0.99,16.68,2,1,0,0,8.89,980,0.11136107986501687,1,0,False,False,False,False,False,True,False,False,False,False,False
59,8.07,85.37,0,0,0,0,18.14,73,0.44487320837927236,0,1,False,False,False,False,False,False,False,False,False,True,False
41,25.21,56.93,1,0,0,0,14.17,632,1.7791107974594214,0,0,True,False,False,False,False,False,False,False,True,False,True
21,2.89,68.66,0,1,0,0,8.96,662,0.32254464285714285,0,0,True,False,False,False,False,False,True,False,False,False,False
61,2.43,39.11,0,0,0,1,14.09,121,0.1724627395315827,0,0,False,False,False,False,False,False,False,False,True,False,True
36,6.48,53.04,0,0,0,1,13.97,788,0.4638511095204009,0,0,True,False,False,False,False,False,False,True,False,False,True
43,5.11,23.87,0,0,0,1,14.2,760,0.3598591549295775,0,0,True,False,False,False,False,True,False,False,False,False,True
28,8.31,68.34,0,1,0,0,8.44,983,0.9845971563981044,0,0,False,False,False,False,False,True,False,False,False,False,False
57,11.46,7.47,2,0,0,1,13.79,366,0.8310369833212474,1,0,True,False,False,False,False,False,False,True,False,False,True
67,10.59,81.63,0,1,0,0,14.13,729,0.7494692144373672,0,0,False,False,False,False,False,False,False,False,True,False,True
60,15.49,63.59,1,0,0,0,9.19,954,1.6855277475516868,0,0,False,False,False,False,False,False,False,False,True,False,False
28,0.94,19.93,0,0,0,1,14.27,709,0.06587245970567625,0,0,False,False,False,False,True,False,False,False,False,False,True
62,2.58,76.2,2,0,0,0,9.25,996,0.2789189189189189,1,0,True,False,False,False,False,False,False,False,True,False,False
20,25.12,33.41,0,1,0,0,13.81,293,1.8189717595944968,0,0,True,False,False,False,False,True,False,False,False,False,True
29,1.74,30.19,0,0,1,0,9.09,134,0.19141914191419143,0,0,True,False,False,False,False,False,False,False,True,False,False
20,3.87,32.79,0,1,0,0,9.0,253,0.43,0,0,False,False,False,False,False,False,False,False,False,False,False
59,21.92,69.97,0,0,0,0,18.23,1007,1.202413603949534,0,0,True,False,False,False,False,False,False,False,False,True,False
44,16.59,47.02,0,0,0,0,13.85,144,1.1978339350180505,0,0,False,True,False,False,False,False,False,True,False,False,True
66,3.77,73.97,0,1,1,0,8.56,920,0.4404205607476635,0,0,False,False,False,False,False,False,False,False,False,False,False
71,15.58,47.1,1,0,0,0,14.99,758,1.039359573048699,0,0,False,False,False,False,False,False,False,False,True,False,True
19,5.03,11.29,2,0,1,0,13.76,63,0.3655523255813954,1,1,True,False,True,False,False,False,False,False,False,False,True
66,5.97,31.09,0,1,1,0,17.79,924,0.33558178752107926,0,0,True,False,False,True,False,False,False,False,False,True,False
33,11.1,31.58,1,0,0,0,13.57,491,0.8179808400884303,0,0,False,False,False,False,False,False,False,False,True,False,True
19,4.2,64.28,0,1,1,1,13.82,478,0.30390738060781475,0,0,True,False,False,True,False,False,False,False,False,False,True
71,7.29,35.94,1,0,0,1,17.62,858,0.4137343927355278,0,0,True,False,False,False,False,True,False,False,False,True,False
47,7.93,55.54,0,1,0,0,13.79,1099,0.5750543872371283,0,0,True,False,False,False,True,False,False,False,False,False,True
37,2.74,21.5,0,0,0,1,8.83,434,0.3103057757644394,0,0,False,False,False,False,False,False,True,False,False,False,False
55,9.29,98.35,0,1,1,0,13.84,362,0.671242774566474,0,0,False,False,False,False,False,True,False,False,False,False,True
45,4.13,28.85,1,1,0,0,13.49,269,0.3061527057079318,0,0,False,False,False,True,False,False,False,False,False,False,True
42,10.24,29.4,0,0,0,0,14.09,257,0.7267565649396736,0,0,False,False,False,False,False,False,False,True,False,False,True
49,10.5,71.97,2,1,0,0,9.11,762,1.1525795828759606,1,0,True,False,False,False,False,False,False,False,False,False,False
27,7.82,32.42,0,0,0,0,14.15,920,0.5526501766784452,0,0,False,False,True,False,False,False,False,False,False,False,True
59,7.01,48.8,0,1,0,0,9.07,195,0.772877618522602,0,0,True,False,False,False,False,True,False,False,False,False,False
57,2.33,29.36,0,0,1,1,8.99,614,0.25917686318131256,0,0,False,False,False,False,False,False,True,False,False,False,False
50,9.31,50.52,0,0,0,0,8.97,766,1.0379041248606466,0,0,True,False,True,False,False,False,False,False,False,False,False
30,18.38,17.84,0,0,1,1,14.35,627,1.2808362369337978,0,0,True,False,False,False,False,False,False,True,False,False,True
73,10.58,30.62,0,0,1,1,9.69,622,1.0918472652218782,0,0,False,False,False,False,False,False,False,False,False,False,False
58,2.55,49.9,0,1,0,0,13.91,756,0.1833213515456506,0,0,True,False,False,False,True,False,False,False,False,False,True
71,8.93,59.33,1,0,1,0,14.37,954,0.6214335421016006,0,0,False,False,False,True,False,False,False,False,False,False,True
59,4.33,51.3,2,0,0,1,13.99,678,0.30950679056468905,1,0,True,False,False,False,False,True,False,False,False,False,True
64,3.01,76.07,0,0,1,0,14.25,476,0.21122807017543857,0,0,True,False,False,False,False,True,False,False,False,False,True
54,5.18,38.32,2,0,1,1,9.29,126,0.5575888051668461,1,0,True,False,False,False,False,True,False,False,False,False,False
71,12.93,44.7,1,1,0,0,8.79,408,1.4709897610921503,0,0,False,False,False,True,False,False,False,False,False,False,False
33,4.17,14.82,1,0,0,1,17.68,699,0.23585972850678733,0,0,True,False,False,False,False,False,False,True,False,True,False
62,7.4,36.68,2,0,0,0,14.17,660,0.5222300635144672,1,0,False,False,True,False,False,False,False,False,False,False,True
39,19.62,72.5,0,1,0,0,13.93,737,1.408470926058866,0,0,True,False,True,False,False,False,False,False,False,False,True
74,3.37,47.54,0,0,0,1,13.43,532,0.2509307520476545,0,0,True,False,False,False,False,False,False,True,False,False,True
37,14.18,77.45,1,1,1,1,8.42,317,1.6840855106888362,0,0,True,False,False,False,False,True,False,False,False,False,False
67,6.57,41.33,2,0,0,0,14.37,398,0.45720250521920675,1,0,False,False,False,False,False,False,False,False,True,False,True
60,13.95,32.28,0,0,1,0,8.8,94,1.5852272727272725,0,0,False,False,False,False,False,False,False,True,False,False,False
44,7.58,76.89,1,0,1,0,18.25,191,0.41534246575342465,0,0,True,False,False,False,False,False,False,False,False,True,False
58,8.13,48.54,1,0,1,0,8.59,626,0.9464493597206055,0,0,False,False,False,False,False,False,False,False,False,False,False
33,4.86,47.24,0,0,0,0,13.56,956,0.3584070796460177,0,0,False,False,False,False,True,False,False,False,False,False,True
51,11.94,59.05,0,1,0,0,8.97,600,1.3311036789297657,0,0,True,False,False,False,False,False,False,True,False,False,False
49,11.31,41.82,0,0,0,0,17.66,1003,0.6404303510758778,0,0,False,False,False,False,False,False,True,False,False,True,False
43,9.11,34.86,0,0,0,0,17.96,691,0.5072383073496659,0,0,True,False,False,True,False,False,False,False,False,True,False
42,11.24,23.52,2,1,1,0,8.95,510,1.2558659217877097,1,0,False,False,False,True,False,False,False,False,False,False,False
19,5.81,51.07,0,1,1,0,9.79,298,0.5934627170582227,0,0,False,False,False,False,False,False,False,False,False,False,False
29,10.14,51.89,0,0,0,0,9.1,765,1.1142857142857143,0,0,True,False,False,False,False,False,False,False,False,False,False
57,7.37,60.25,1,1,0,1,13.61,596,0.541513592946363,0,0,True,False,False,False,False,False,False,False,False,False,True
26,3.55,52.55,1,0,1,0,9.1,435,0.3901098901098901,0,0,False,True,False,False,False,False,False,False,True,False,False
29,2.94,60.74,2,1,0,0,13.94,794,0.2109038737446198,1,0,False,False,False,False,False,False,True,False,False,False,True
43,12.08,65.82,0,0,0,0,8.57,895,1.409568261376896,0,0,False,False,False,False,False,True,False,False,False,False,False
26,4.39,30.15,0,0,0,0,14.68,419,0.29904632152588556,0,0,True,False,False,False,False,True,False,False,False,False,True
27,10.76,47.77,1,1,0,0,14.16,576,0.7598870056497175,0,0,True,False,False,False,False,False,False,True,False,False,True
49,0.88,63.65,1,0,0,0,13.68,771,0.06432748538011696,0,0,True,False,False,False,False,False,False,False,True,False,True
74,9.17,19.1,0,0,0,1,14.65,1067,0.625938566552901,0,0,True,False,False,False,False,False,False,False,False,False,True
51,5.48,73.74,0,0,1,0,8.92,615,0.6143497757847535,0,0,False,False,False,False,False,True,False,False,False,False,False
65,3.91,92.01,1,1,0,0,14.49,903,0.2698412698412698,0,0,False,False,False,False,False,False,True,False,False,False,True
37,7.79,47.13,1,0,0,0,14.59,72,0.5339273474982865,0,1,False,False,False,False,False,True,False,False,False,False,True
56,8.33,83.12,1,1,0,0,13.67,909,0.6093635698610095,0,0,True,False,False,True,False,False,False,False,False,False,True
19,8.74,60.59,2,0,0,0,9.52,940,0.9180672268907564,1,0,False,False,False,False,False,False,True,False,False,False,False
18,9.41,66.17,0,0,0,1,13.74,636,0.6848617176128093,0,0,False,False,False,False,False,False,False,False,True,False,True
68,7.15,36.12,1,0,0,0,18.13,267,0.39437396580253725,0,0,False,False,False,False,False,True,False,False,False,True,False
53,4.05,42.45,0,1,0,1,17.77,748,0.22791221159257175,0,0,False,False,False,False,False,False,False,False,False,True,False
41,13.85,66.34,0,0,0,0,14.39,771,0.9624739402362751,0,0,False,True,False,False,False,False,False,False,True,False,True
71,6.62,75.45,2,1,0,0,14.15,433,0.4678445229681979,1,0,False,False,False,True,False,False,False,False,False,False,True
44,13.64,80.78,0,1,0,0,8.66,243,1.5750577367205543,0,0,True,False,True,False,False,False,False,False,False,False,False
19,6.4,66.61,1,0,0,0,9.19,875,0.6964091403699675,0,0,True,False,False,False,False,False,False,False,False,False,False
48,5.39,63.84,1,1,0,0,14.14,161,0.38118811881188114,0,0,False,True,False,False,False,False,False,False,True,False,True
74,5.05,72.66,1,0,0,0,8.89,38,0.5680539932508436,0,1,False,False,False,False,False,False,False,True,False,False,False
31,8.31,27.94,2,0,1,1,8.86,182,0.9379232505643342,1,0,True,False,False,False,False,True,False,False,False,False,False
19,11.54,35.35,0,1,0,1,17.92,460,0.6439732142857142,0,0,True,False,False,False,False,False,False,False,False,True,False
46,13.06,55.0,1,0,1,0,18.09,512,0.7219458264234384,0,0,False,False,False,False,True,False,False,False,False,True,False
32,11.44,59.54,1,1,1,0,17.49,334,0.6540880503144655,0,0,False,True,False,False,False,False,False,False,False,True,False
29,7.95,54.16,0,1,0,0,9.14,313,0.8698030634573304,0,0,True,False,True,False,False,False,False,False,False,False,False
54,22.83,43.86,0,0,0,0,17.84,501,1.279708520179372,0,0,False,False,False,False,False,False,False,False,True,True,False
45,10.35,66.98,0,1,0,0,8.77,1022,1.1801596351197263,0,0,False,False,False,True,False,False,False,False,False,False,False
37,0.87,38.48,1,0,0,0,13.72,219,0.06341107871720117,0,0,True,False,False,False,True,False,False,False,False,False,True
56,2.15,79.96,0,0,0,0,13.75,541,0.15636363636363634,0,0,True,False,True,False,False,False,False,False,False,False,True
41,10.78,68.2,0,1,0,1,13.54,372,0.7961595273264401,0,0,False,False,False,False,False,False,False,True,False,False,True
38,3.72,37.57,0,0,1,1,17.51,744,0.21245002855511136,0,0,False,False,False,True,False,False,False,False,False,True,False
27,3.92,93.37,2,0,0,0,9.22,709,0.4251626898047722,1,0,False,False,False,True,False,False,False,False,False,False,False
63,4.62,85.54,1,0,0,0,14.19,1087,0.32558139534883723,0,0,False,False,False,False,False,False,False,False,False,False,True
31,3.77,48.24,2,1,0,0,9.15,500,0.41202185792349727,1,0,True,False,False,False,False,True,False,False,False,False,False
54,6.22,35.22,0,0,0,1,17.8,770,0.34943820224719097,0,0,False,False,False,False,True,False,False,False,False,True,False
35,8.74,87.71,2,0,1,0,13.98,542,0.6251788268955651,1,0,True,False,False,False,False,True,False,False,False,False,True
41,3.13,50.61,3,0,0,1,13.29,174,0.23551542513167795,1,0,True,False,False,True,False,False,False,False,False,False,True
31,4.22,54.69,0,1,1,1,13.91,588,0.30337886412652765,0,0,True,False,False,False,False,False,False,False,True,False,True
51,6.48,38.58,0,0,0,0,13.68,821,0.4736842105263158,0,0,True,False,False,False,False,False,False,False,True,False,True
29,6.92,34.19,1,0,0,1,13.71,389,0.5047410649161196,0,0,False,False,False,False,False,False,False,True,False,False,True
39,9.13,85.07,0,0,0,0,8.62,314,1.0591647331786544,0,0,False,False,True,False,False,False,False,False,False,False,False
73,6.7,94.38,0,1,0,0,14.66,794,0.45702592087312416,0,0,False,False,False,False,True,False,False,False,False,False,True
23,16.3,72.62,1,0,0,0,18.71,613,0.8711918760021379,0,0,True,False,False,False,False,False,False,True,False,True,False
53,20.78,46.2,0,0,0,0,17.78,756,1.1687289088863893,0,0,False,False,True,False,False,False,False,False,False,True,False
62,12.84,36.56,0,1,0,0,9.02,989,1.4235033259423504,0,0,False,False,False,False,False,False,True,False,False,False,False
53,8.22,52.01,0,0,1,0,8.59,772,0.9569266589057044,0,0,False,False,False,False,False,False,True,False,False,False,False
39,4.03,22.93,0,0,0,0,13.75,683,0.2930909090909091,0,0,False,False,True,False,False,False,False,False,False,False,True
31,5.02,31.68,2,0,0,1,14.57,387,0.34454358270418667,1,0,True,False,False,False,False,False,False,False,True,False,True
33,2.24,72.96,0,0,0,0,8.97,616,0.24972129319955408,0,0,True,False,False,False,False,False,False,False,True,False,False
53,6.42,16.45,0,1,0,1,13.23,69,0.48526077097505665,0,1,True,False,False,False,False,False,True,False,False,False,True
73,1.68,44.96,0,0,0,0,18.09,931,0.09286898839137644,0,0,False,False,False,True,False,False,False,False,False,True,False
42,7.31,27.48,0,0,0,0,13.95,302,0.5240143369175627,0,0,False,True,False,False,False,False,False,False,True,False,True
49,16.07,16.58,0,0,1,0,8.3,858,1.936144578313253,0,0,True,False,False,False,False,True,False,False,False,False,False
50,3.91,58.73,1,1,1,0,18.65,652,0.20965147453083113,0,0,True,False,False,True,False,False,False,False,False,True,False
62,11.58,39.05,0,1,1,0,13.46,487,0.8603268945022288,0,0,True,False,False,False,False,False,False,False,True,False,True
53,7.24,79.99,0,0,1,0,14.56,263,0.49725274725274726,0,0,False,False,True,False,False,False,False,False,False,False,True
37,6.73,60.74,2,0,0,1,8.94,226,0.7527964205816555,1,0,True,False,False,False,False,False,False,False,False,False,False
35,8.56,69.02,0,0,0,0,14.36,565,0.5961002785515321,0,0,True,False,True,False,False,False,False,False,False,False,True
55,10.14,47.52,0,0,1,0,13.71,967,0.7396061269146609,0,0,True,False,False,False,False,False,False,False,True,False,True
20,23.8,26.37,0,0,1,0,13.97,176,1.7036506800286328,0,0,False,False,True,False,False,False,False,False,False,False,True
40,6.34,48.87,1,1,0,1,9.22,603,0.6876355748373101,0,0,False,False,False,False,True,False,False,False,False,False,False
49,13.52,82.92,3,0,0,0,14.38,59,0.9401947148817802,1,1,False,False,False,False,False,False,True,False,False,False,True
62,8.33,68.97,1,0,0,0,8.84,136,0.9423076923076923,0,0,True,False,False,False,False,False,False,False,False,False,False
33,3.92,41.23,0,1,0,0,9.3,419,0.42150537634408597,0,0,True,False,False,True,False,False,False,False,False,False,False
22,20.12,53.8,0,0,0,0,13.63,908,1.4761555392516508,0,0,True,False,False,True,False,False,False,False,False,False,True
21,5.9,41.71,2,0,1,1,17.29,435,0.3412377096587623,1,0,True,False,False,False,True,False,False,False,False,True,False
38,2.17,26.53,1,0,0,0,9.73,1064,0.22302158273381292,0,0,True,False,False,False,True,False,False,False,False,False,False
57,11.84,24.08,1,0,0,0,8.71,613,1.359357060849598,0,0,True,False,False,False,False,False,False,False,True,False,False
68,12.27,56.61,0,0,1,0,14.01,376,0.8758029978586723,0,0,False,False,False,False,False,False,False,False,True,False,True
31,6.31,42.79,0,0,0,0,14.08,826,0.44815340909090906,0,0,True,False,False,True,False,False,False,False,False,False,True
56,10.36,58.42,1,1,1,1,13.64,148,0.7595307917888562,0,0,True,False,False,False,True,False,False,False,False,False,True
48,9.12,42.69,1,0,0,0,9.3,549,0.9806451612903224,0,0,False,False,False,False,True,False,False,False,False,False,False
31,1.98,36.59,1,0,0,0,8.56,762,0.23130841121495327,0,0,False,False,False,True,False,False,False,False,False,False,False
23,1.26,67.84,0,1,0,1,13.35,109,0.09438202247191012,0,0,False,False,False,False,False,False,False,True,False,False,True
29,28.74,77.59,0,0,1,0,14.05,448,2.045551601423487,0,0,False,False,False,False,False,False,False,True,False,False,True
33,12.97,84.21,0,1,0,0,17.61,613,0.7365133446905168,0,0,True,False,False,False,False,True,False,False,False,True,False
34,14.31,74.39,0,0,0,0,13.92,741,1.0280172413793103,0,0,False,False,False,False,False,False,True,False,False,False,True
62,6.02,38.7,2,1,0,0,13.87,263,0.43403028118240805,1,0,False,False,False,False,True,False,False,False,False,False,True
40,8.49,7.77,0,1,0,1,17.93,290,0.47350808700501956,0,0,True,False,True,False,False,False,False,False,False,True,False
31,8.46,19.6,0,0,0,0,9.35,962,0.904812834224599,0,0,True,False,False,False,False,False,False,False,False,False,False
24,3.58,77.52,0,0,0,0,14.16,686,0.2528248587570622,0,0,False,False,False,False,False,False,False,True,False,False,True
63,3.8,75.37,1,1,0,0,8.33,1075,0.4561824729891957,0,0,True,False,False,True,False,False,False,False,False,False,False
49,15.91,65.41,0,1,0,0,9.12,107,1.7445175438596492,0,0,True,False,False,False,False,False,False,False,True,False,False
32,15.96,84.12,2,0,0,0,9.03,771,1.7674418604651165,1,0,True,False,False,False,True,False,False,False,False,False,False
61,7.66,59.99,1,0,0,0,8.62,701,0.8886310904872391,0,0,True,False,True,False,False,False,False,False,False,False,False
34,1.05,52.2,0,1,0,1,17.7,1067,0.059322033898305086,0,0,True,False,False,False,False,False,False,False,False,True,False
58,9.81,35.33,1,0,1,1,14.8,59,0.6628378378378378,0,1,True,False,True,False,False,False,False,False,False,False,True
71,5.66,61.21,1,0,0,1,18.36,467,0.30827886710239655,0,0,True,False,False,False,False,True,False,False,False,True,False
64,1.18,67.6,0,0,0,0,13.81,92,0.08544532947139753,0,0,True,False,True,False,False,False,False,False,False,False,True
61,23.19,8.28,0,1,0,0,13.59,186,1.706401766004415,0,0,False,False,False,False,False,False,False,False,True,False,True
51,13.72,36.21,0,0,0,1,9.15,598,1.4994535519125682,0,0,True,False,False,False,False,False,False,True,False,False,False
22,5.49,22.64,0,0,0,0,13.99,972,0.3924231593995711,0,0,False,False,True,False,False,False,False,False,False,False,True
62,3.08,74.51,2,1,0,0,14.19,806,0.2170542635658915,1,0,False,False,False,False,False,False,False,False,False,False,True
44,16.91,46.41,0,1,1,0,8.32,283,2.032451923076923,0,0,False,False,False,False,False,False,False,True,False,False,False
69,7.39,55.37,1,1,1,0,13.27,1036,0.5568952524491334,0,0,False,False,False,False,False,True,False,False,False,False,True
40,11.85,71.42,0,0,1,0,8.26,902,1.4346246973365617,0,0,True,False,False,False,False,True,False,False,False,False,False
57,15.18,78.43,1,0,0,0,14.41,228,1.0534351145038168,0,0,True,False,False,False,False,False,True,False,False,False,True
31,5.38,1.5,0,0,0,0,14.99,910,0.3589059372915277,0,0,False,False,False,False,False,False,False,False,True,False,True
32,4.29,80.7,4,1,0,1,18.08,35,0.23727876106194692,1,1,True,False,False,False,False,False,False,True,False,True,False
60,8.56,51.64,0,0,0,0,8.7,850,0.9839080459770116,0,0,False,False,False,False,False,True,False,False,False,False,False
50,13.14,30.56,1,0,0,0,13.83,277,0.9501084598698482,0,0,False,False,False,False,False,True,False,False,False,False,True
70,2.41,7.43,1,0,1,1,14.63,33,0.16473000683527,0,1,True,False,False,False,False,False,False,True,False,False,True
48,17.25,4.18,1,0,0,0,9.26,542,1.8628509719222464,0,0,False,False,True,False,False,False,False,False,False,False,False
52,6.86,62.96,2,0,0,0,13.84,867,0.4956647398843931,1,0,False,False,False,True,False,False,False,False,False,False,True
34,10.17,84.41,0,0,0,1,9.71,535,1.0473738414006177,0,0,True,False,False,False,False,False,False,False,False,False,False
45,7.46,49.4,2,1,0,0,8.38,60,0.8902147971360381,1,1,True,False,True,False,False,False,False,False,False,False,False
36,10.01,36.27,1,0,1,0,9.29,738,1.077502691065662,0,0,False,False,False,False,False,False,False,False,False,False,False
63,5.44,37.1,1,1,0,0,17.63,915,0.30856494611457747,0,0,False,False,False,False,False,True,False,False,False,True,False
71,9.28,26.18,0,0,1,0,9.17,777,1.0119956379498363,0,0,True,False,False,False,False,True,False,False,False,False,False
40,9.97,66.69,1,0,0,1,13.89,108,0.7177825773938085,0,0,True,False,False,False,False,False,False,False,True,False,True
49,4.95,56.62,0,1,0,0,8.67,272,0.5709342560553633,0,0,False,False,False,False,False,False,False,True,False,False,False
57,15.6,34.8,2,1,0,0,8.71,530,1.7910447761194028,1,0,False,False,False,False,True,False,False,False,False,False,False
30,16.8,27.98,1,1,0,0,9.33,234,1.8006430868167203,0,0,False,False,False,False,False,True,False,False,False,False,False
37,1.85,44.03,0,0,1,0,13.45,752,0.13754646840148702,0,0,False,True,False,False,False,False,False,False,False,False,True
52,5.84,46.28,2,0,0,1,9.11,362,0.641053787047201,1,0,True,False,False,False,False,False,False,False,False,False,False
22,4.5,41.83,0,0,0,0,8.92,632,0.5044843049327354,0,0,True,False,False,True,False,False,False,False,False,False,False
26,13.15,34.23,1,1,0,1,17.93,195,0.7334076965978806,0,0,False,False,False,True,False,False,False,False,False,True,False
46,2.79,54.14,2,1,0,0,14.08,190,0.1981534090909091,1,0,False,False,True,False,False,False,False,False,False,False,True
23,13.07,43.81,0,0,0,0,8.87,35,1.4735062006764377,0,1,True,False,True,False,False,False,False,False,False,False,False
42,6.98,56.62,0,0,0,1,14.24,234,0.4901685393258427,0,0,True,False,False,False,False,True,False,False,False,False,True
48,13.05,72.73,0,1,0,0,8.3,561,1.572289156626506,0,0,False,False,False,False,False,True,False,False,False,False,False
39,15.26,24.76,0,0,0,1,13.61,74,1.121234386480529,0,1,True,False,False,False,False,False,True,False,False,False,True
19,16.94,97.22,0,1,1,0,9.03,486,1.8759689922480622,0,0,False,False,False,False,False,False,False,False,False,False,False
62,10.25,80.27,0,1,0,0,8.4,256,1.2202380952380951,0,0,True,False,False,False,False,False,False,False,True,False,False
22,21.42,74.36,1,0,0,0,9.04,81,2.369469026548673,0,1,True,False,False,False,False,False,False,True,False,False,False
44,4.13,70.89,0,0,0,0,9.27,500,0.44552319309600863,0,0,True,False,False,False,False,False,False,True,False,False,False
42,9.09,60.24,0,0,1,0,17.77,926,0.5115362971299944,0,0,False,False,False,True,False,False,False,False,False,True,False
25,12.76,39.29,3,0,0,1,9.39,643,1.358892438764643,1,0,False,False,False,False,False,False,False,True,False,False,False
72,9.33,98.59,1,0,1,0,8.7,541,1.0724137931034483,0,0,False,False,False,False,False,False,False,False,False,False,False
18,21.51,68.14,1,0,0,0,14.02,815,1.5342368045649075,0,0,False,False,True,False,False,False,False,False,False,False,True
37,16.85,30.44,0,0,0,0,13.7,444,1.2299270072992703,0,0,True,False,False,False,False,False,False,False,True,False,True
61,5.59,69.87,0,0,0,0,9.46,643,0.5909090909090908,0,0,True,False,False,False,False,False,False,True,False,False,False
40,5.19,31.26,1,0,0,0,9.23,549,0.562296858071506,0,0,False,False,False,False,False,False,False,False,False,False,False
49,6.66,39.52,1,0,0,0,8.68,703,0.7672811059907835,0,0,False,False,False,False,True,False,False,False,False,False,False
28,8.38,51.21,0,0,0,0,9.33,374,0.8981779206859594,0,0,False,False,False,False,False,True,False,False,False,False,False
56,1.52,16.55,1,0,0,1,8.56,1080,0.17757009345794392,0,0,False,False,False,False,False,False,True,False,False,False,False
64,5.81,69.83,1,0,0,0,9.19,804,0.6322089227421109,0,0,True,False,False,False,False,False,True,False,False,False,False
71,19.74,57.16,0,0,0,1,13.83,614,1.4273318872017353,0,0,True,False,False,False,False,False,False,True,False,False,True
41,0.84,57.91,2,1,0,1,17.81,909,0.04716451431779899,1,0,False,False,True,False,False,False,False,False,False,True,False
28,25.82,75.33,0,0,0,0,13.8,927,1.8710144927536232,0,0,True,False,False,False,False,False,True,False,False,False,True
46,6.87,15.55,0,0,0,0,8.83,877,0.7780294450736127,0,0,True,False,False,False,False,False,True,False,False,False,False
71,8.92,29.61,0,0,0,1,14.48,754,0.6160220994475137,0,0,False,False,False,True,False,False,False,False,False,False,True
43,9.28,79.44,0,0,1,0,13.6,686,0.6823529411764706,0,0,True,False,False,False,False,False,True,False,False,False,True
33,16.38,14.48,0,0,0,1,17.74,640,0.9233370913190531,0,0,False,False,False,False,False,False,True,False,False,True,False
52,9.89,68.59,1,1,1,0,14.45,1053,0.6844290657439447,0,0,True,False,False,False,False,False,False,True,False,False,True
37,7.31,13.32,1,0,0,1,14.35,976,0.5094076655052264,0,0,False,False,False,True,False,False,False,False,False,False,True
63,2.21,69.62,0,0,1,0,9.29,209,0.23789020452099033,0,0,False,False,False,False,False,False,False,False,False,False,False
20,17.05,48.16,1,0,1,0,14.72,676,1.158288043478261,0,0,False,False,False,False,False,False,False,False,True,False,True
18,9.71,38.01,0,1,1,0,9.18,467,1.0577342047930285,0,0,True,False,False,False,False,False,False,False,True,False,False
70,6.43,43.78,0,1,0,0,9.05,424,0.7104972375690607,0,0,True,False,True,False,False,False,False,False,False,False,False
64,14.2,56.99,1,1,0,0,8.63,623,1.6454229432213208,0,0,True,False,False,False,False,False,False,False,False,False,False
18,3.84,58.1,1,1,1,1,14.08,86,0.2727272727272727,0,1,True,False,False,False,False,True,False,False,False,False,True
34,16.44,64.26,0,0,1,1,14.68,355,1.1198910081743871,0,0,False,False,False,False,True,False,False,False,False,False,True
19,11.91,74.31,0,0,1,1,18.1,351,0.6580110497237569,0,0,True,False,False,False,False,False,False,False,True,True,False
46,9.13,43.51,0,0,1,0,9.15,212,0.9978142076502733,0,0,True,False,False,False,True,False,False,False,False,False,False
37,7.16,69.04,1,0,0,1,8.91,264,0.8035914702581369,0,0,True,False,False,False,False,False,False,False,True,False,False
23,8.58,33.24,1,0,1,0,17.63,648,0.48667044809982984,0,0,False,False,False,True,False,False,False,False,False,True,False
25,20.57,70.68,1,0,0,0,17.79,295,1.156267566048342,0,0,True,False,False,False,False,False,False,False,True,True,False
46,10.72,8.61,0,1,0,0,14.22,1038,0.7538677918424754,0,0,False,False,False,True,False,False,False,False,False,False,True
65,27.63,56.34,0,1,1,0,9.58,871,2.884133611691023,0,0,False,False,False,True,False,False,False,False,False,False,False
68,7.54,22.26,0,1,1,0,14.68,358,0.5136239782016349,0,0,False,False,True,False,False,False,False,False,False,False,True
50,3.28,41.69,0,1,0,1,9.07,712,0.3616317530319735,0,0,False,False,False,False,False,False,True,False,False,False,False
20,19.25,67.01,0,0,0,0,18.55,53,1.0377358490566038,0,1,True,False,True,False,False,False,False,False,False,True,False
52,8.09,10.07,2,0,1,1,14.0,225,0.5778571428571428,1,0,False,False,False,True,False,False,False,False,False,False,True
22,13.2,2.42,2,1,0,0,9.18,640,1.4379084967320261,1,0,False,False,False,True,False,False,False,False,False,False,False
44,9.33,60.02,2,1,0,0,18.25,642,0.5112328767123288,1,0,False,False,False,False,False,False,False,False,True,True,False
61,4.55,68.33,0,1,0,0,14.1,661,0.32269503546099293,0,0,False,False,False,False,False,False,False,False,False,False,True
29,31.29,27.37,1,0,0,0,18.38,350,1.7023939064200218,0,0,True,False,False,False,False,False,True,False,False,True,False
37,8.43,67.61,1,1,0,0,18.36,232,0.4591503267973856,0,0,True,False,False,False,False,False,False,False,False,True,False
62,2.93,13.97,1,0,0,1,9.18,206,0.31917211328976036,0,0,False,False,False,False,False,False,False,False,False,False,False
37,19.83,21.43,3,0,1,0,8.32,656,2.3834134615384612,1,0,False,False,False,False,False,False,False,False,False,False,False
26,5.28,55.32,0,0,0,1,14.03,61,0.37633642195295797,0,1,True,False,False,False,False,False,True,False,False,False,True
56,14.35,74.45,1,0,0,0,17.53,975,0.8185966913861951,0,0,True,False,False,False,False,False,False,False,False,True,False
21,11.95,58.9,0,0,0,0,17.95,756,0.6657381615598885,0,0,True,False,False,False,False,False,True,False,False,True,False
68,0.83,30.7,1,0,0,1,13.54,983,0.061299852289512555,0,0,False,False,False,False,True,False,False,False,False,False,True
71,12.09,43.82,1,0,0,0,9.09,849,1.33003300330033,0,0,False,False,False,True,False,False,False,False,False,False,False
36,5.33,15.79,0,0,0,1,9.15,820,0.5825136612021857,0,0,False,False,False,False,False,True,False,False,False,False,False
55,1.15,56.16,3,0,0,1,13.78,272,0.08345428156748912,1,0,True,False,False,False,False,False,False,False,True,False,True
44,3.9,54.1,1,0,1,0,14.6,99,0.2671232876712329,0,0,True,False,False,False,False,False,False,True,False,False,True
62,15.32,14.37,0,1,0,0,14.46,1044,1.0594744121715076,0,0,True,False,False,False,False,False,False,False,False,False,True
60,9.69,41.1,0,0,0,1,14.34,187,0.6757322175732218,0,0,True,False,True,False,False,False,False,False,False,False,True
30,1.44,40.78,0,0,0,0,13.82,578,0.10419681620839363,0,0,False,False,False,False,True,False,False,False,False,False,True
30,6.93,4.15,0,1,0,1,18.4,355,0.3766304347826087,0,0,True,False,True,False,False,False,False,False,False,True,False
74,2.09,75.57,2,1,0,0,9.36,1088,0.2232905982905983,1,0,False,False,False,False,False,False,False,True,False,False,False
39,7.65,38.23,1,1,0,1,8.34,489,0.9172661870503598,0,0,False,False,False,False,False,False,True,False,False,False,False
45,9.11,74.95,0,1,1,1,13.83,445,0.6587129428778018,0,0,False,False,False,False,False,False,False,True,False,False,True
69,20.43,43.47,2,1,0,0,18.48,600,1.1055194805194806,1,0,True,False,True,False,False,False,False,False,False,True,False
64,40.71,90.43,0,0,0,0,9.42,915,4.321656050955414,0,0,True,False,False,True,False,False,False,False,False,False,False
70,3.44,72.11,0,0,1,0,9.17,540,0.3751363140676118,0,0,True,False,False,True,False,False,False,False,False,False,False
62,7.88,80.01,0,0,0,0,8.71,397,0.9047072330654419,0,0,False,False,False,False,False,False,False,True,False,False,False
39,16.86,53.16,1,0,0,1,9.35,941,1.8032085561497326,0,0,False,False,False,True,False,False,False,False,False,False,False
60,0.66,81.34,1,1,1,0,9.36,912,0.07051282051282053,0,0,True,False,False,False,False,False,False,False,True,False,False
36,1.77,84.94,1,0,0,1,14.55,236,0.12164948453608247,0,0,True,False,False,False,False,False,False,True,False,False,True
25,9.72,14.95,0,0,1,0,8.71,607,1.115958668197474,0,0,False,False,False,False,False,False,False,False,False,False,False
69,11.6,47.39,0,0,0,1,14.69,698,0.7896528250510552,0,0,False,False,False,False,False,False,False,False,True,False,True
25,3.79,71.77,0,0,0,1,9.33,135,0.4062165058949625,0,0,False,True,False,False,False,False,False,False,False,False,False
59,10.24,29.26,1,0,0,0,9.29,695,1.102260495156082,0,0,True,False,False,False,False,True,False,False,False,False,False
43,7.49,50.69,1,1,0,0,13.85,1071,0.5407942238267148,0,0,True,False,False,False,False,True,False,False,False,False,True
65,2.26,42.3,1,0,0,1,14.18,289,0.15937940761636105,0,0,True,False,False,False,False,False,False,True,False,False,True
68,2.14,60.88,0,1,0,1,8.54,342,0.25058548009367687,0,0,True,False,False,False,False,False,False,False,True,False,False
43,9.05,87.26,3,0,0,0,18.22,660,0.49670691547749735,1,0,False,False,False,True,False,False,False,False,False,True,False
40,7.29,75.17,0,1,1,0,9.2,566,0.7923913043478261,0,0,True,False,False,False,False,False,False,False,True,False,False
60,4.27,14.05,0,0,0,0,8.64,703,0.49421296296296285,0,0,True,False,False,False,False,True,False,False,False,False,False
30,2.75,89.4,2,0,0,0,13.82,379,0.19898697539797394,1,0,False,False,False,False,False,False,False,True,False,False,True
45,21.64,55.03,0,0,1,0,18.03,244,1.2002218524681088,0,0,True,False,False,False,True,False,False,False,False,True,False
26,7.88,81.82,1,0,1,0,14.54,357,0.5419532324621733,0,0,False,False,False,False,False,False,True,False,False,False,True
37,23.0,30.43,1,1,0,0,9.06,876,2.538631346578366,0,0,True,False,False,False,False,False,True,False,False,False,False
73,9.33,84.49,0,0,1,0,14.04,127,0.6645299145299146,0,0,False,False,False,False,False,False,True,False,False,False,True
36,4.22,74.72,1,1,0,0,8.87,688,0.47576099210823003,0,0,True,False,False,True,False,False,False,False,False,False,False
65,4.39,75.97,0,0,0,0,14.07,329,0.3120113717128642,0,0,False,False,False,False,False,False,False,False,True,False,True
56,8.17,13.21,0,0,0,1,8.73,59,0.9358533791523481,0,1,True,False,False,True,False,False,False,False,False,False,False
68,37.46,17.29,1,1,1,0,17.91,201,2.091568955890564,0,0,True,False,False,False,False,True,False,False,False,True,False
29,13.57,78.6,1,1,1,0,9.41,1047,1.4420828905419767,0,0,False,False,False,False,False,False,True,False,False,False,False
32,20.06,38.08,0,0,0,0,18.45,952,1.0872628726287263,0,0,True,False,False,False,False,True,False,False,False,True,False
48,12.47,55.66,0,1,0,1,8.82,113,1.4138321995464853,0,0,True,False,False,False,False,False,False,False,True,False,False
72,8.1,27.71,0,1,1,0,17.66,1014,0.45866364665911663,0,0,False,False,False,False,False,True,False,False,False,True,False
31,5.65,65.37,2,1,0,0,9.84,668,0.5741869918699187,1,0,False,False,False,False,True,False,False,False,False,False,False
28,9.17,85.22,0,0,0,0,8.41,114,1.0903686087990487,0,0,True,False,False,True,False,False,False,False,False,False,False
43,0.9,51.27,1,1,1,0,9.37,693,0.096051227321238,0,0,True,False,False,False,False,False,False,True,False,False,False
59,7.2,38.86,2,0,0,1,18.28,548,0.3938730853391685,1,0,True,False,False,False,False,True,False,False,False,True,False
44,4.24,5.56,0,0,1,1,8.79,213,0.4823663253697384,0,0,True,False,False,False,False,True,False,False,False,False,False
28,10.32,34.17,0,0,1,0,8.74,1002,1.1807780320366132,0,0,False,True,False,False,False,False,False,True,False,False,False
55,19.52,77.83,0,0,0,0,8.71,370,2.2411021814006884,0,0,False,False,False,False,False,False,False,False,True,False,False
51,11.09,67.56,0,0,0,0,18.74,256,0.5917822838847385,0,0,True,False,False,False,False,False,False,False,True,True,False
60,14.58,49.51,0,0,0,0,9.25,866,1.5762162162162163,0,0,False,True,False,True,False,False,False,False,False,False,False
36,7.46,63.09,1,1,0,0,8.75,293,0.8525714285714285,0,0,False,False,False,False,False,True,False,False,False,False,False
23,5.45,91.54,0,0,1,1,18.03,479,0.30227398779811426,0,0,False,False,False,False,True,False,False,False,False,True,False
63,14.63,45.76,1,0,0,1,17.49,199,0.8364779874213838,0,0,True,False,False,False,False,False,True,False,False,True,False
69,9.17,67.61,0,0,1,0,9.05,595,1.0132596685082873,0,0,True,False,False,False,True,False,False,False,False,False,False
55,12.06,42.83,1,1,1,1,18.07,161,0.667404537908135,0,0,False,False,False,False,False,False,False,True,False,True,False
66,6.92,53.24,0,0,0,0,8.55,856,0.8093567251461987,0,0,True,False,False,False,False,False,False,True,False,False,False
59,5.22,81.55,0,0,0,0,8.57,635,0.6091015169194866,0,0,True,False,False,False,False,False,False,False,False,False,False
45,6.56,47.28,1,1,0,0,18.39,1099,0.35671560630777593,0,0,True,False,False,False,False,False,True,False,False,True,False
18,8.12,41.75,0,1,0,0,13.93,379,0.5829145728643216,0,0,True,False,False,False,False,True,False,False,False,False,True
52,17.0,64.63,1,1,0,0,9.33,128,1.8220793140407288,0,0,False,False,False,False,False,False,False,True,False,False,False
57,14.68,90.22,1,0,0,0,9.42,1090,1.5583864118895965,0,0,False,False,False,False,False,False,False,False,False,False,False
25,9.95,40.38,2,0,0,0,8.24,1038,1.2075242718446602,1,0,True,False,False,False,False,False,False,False,True,False,False
69,10.87,51.81,0,1,0,0,13.99,104,0.7769835596854896,0,0,True,False,False,False,False,False,False,True,False,False,True
71,10.87,40.98,0,0,0,0,18.47,87,0.5885219274499188,0,1,False,False,True,False,False,False,False,False,False,True,False
64,22.5,72.34,2,0,1,0,9.5,1072,2.3684210526315788,1,0,True,False,False,False,False,False,True,False,False,False,False
73,5.4,89.81,0,0,0,0,18.02,431,0.29966703662597116,0,0,False,False,False,False,False,False,False,False,False,True,False
24,18.23,73.77,0,0,0,0,8.25,217,2.20969696969697,0,0,False,False,False,False,False,False,True,False,False,False,False
28,2.01,22.33,0,0,0,1,14.79,168,0.13590263691683568,0,0,True,False,False,False,False,False,True,False,False,False,True
56,7.06,50.18,1,1,0,0,9.11,172,0.7749725576289791,0,0,False,False,True,False,False,False,False,False,False,False,False
21,5.15,56.95,0,1,0,0,14.06,137,0.3662873399715505,0,0,False,False,False,False,True,False,False,False,False,False,True
42,10.11,47.06,1,1,0,0,9.26,250,1.091792656587473,0,0,True,False,False,False,False,False,False,False,True,False,False
29,22.6,78.65,1,0,0,0,18.25,174,1.2383561643835617,0,0,True,False,False,False,False,False,True,False,False,True,False
43,8.34,49.74,0,1,0,0,9.02,887,0.9246119733924613,0,0,False,True,False,False,False,False,False,True,False,False,False
55,8.01,33.68,1,0,0,0,8.59,539,0.9324796274738067,0,0,True,False,False,True,False,False,False,False,False,False,False
63,3.92,83.16,3,0,1,1,18.01,405,0.21765685730149914,1,0,False,False,False,False,False,False,False,False,True,True,False
29,10.22,7.47,0,1,0,1,13.68,34,0.7470760233918129,0,1,False,False,False,False,False,False,False,True,False,False,True
60,7.15,70.41,0,0,0,0,8.93,417,0.8006718924972005,0,0,True,False,False,False,False,False,False,False,True,False,False
68,2.78,88.77,2,0,1,0,13.85,597,0.2007220216606498,1,0,True,False,False,False,False,True,False,False,False,False,True
70,5.59,43.08,1,1,0,1,17.68,1013,0.3161764705882353,0,0,False,False,False,False,False,False,False,False,True,True,False
54,7.64,44.24,1,1,0,0,14.43,589,0.5294525294525294,0,0,True,False,False,False,False,False,False,False,False,False,True
63,6.44,44.33,1,0,0,1,9.54,394,0.6750524109014676,0,0,False,False,False,False,False,False,False,True,False,False,False
70,1.19,55.55,0,0,0,0,8.78,446,0.13553530751708429,0,0,False,False,False,True,False,False,False,False,False,False,False
41,15.8,50.95,0,0,0,0,18.08,50,0.8738938053097346,0,1,False,False,False,False,False,False,False,True,False,True,False
