user_id,age,gender,signup_date,last_active_date,country,subscription_type,average_watch_hours,mobile_app_usage_pct,complaints_raised,received_promotions,referred_by_friend,is_churned,monthly_fee
1,56,Female,2024-11-20,2026-08-17,Germany,Basic,8.12,50.56,0,0,0,0,8.96
2,69,Other,2024-01-23,2026-08-19,UK,Basic,7.98,63.34,0,0,0,0,9.07
3,46,Female,2025-02-13,2026-08-17,Ireland,Standard,8.11,28.52,1,0,0,0,13.22
4,32,Male,2023-09-18,2026-08-13,Germany,Premium,6.44,87.95,1,1,1,0,17.58
5,60,Other,2026-02-09,2026-08-17,USA,Standard,6.26,56.15,0,0,1,0,13.26
6,25,Female,2026-07-16,2026-07-16,France,Standard,2.35,13.87,0,1,0,1,13.87
7,38,Female,2025-12-31,2026-08-18,Germany,Basic,8.98,59.9,0,0,1,0,9.87
8,56,Female,2025-05-31,2026-08-12,Australia,Standard,8.87,71.53,1,0,0,0,14.0
9,36,Male,2023-09-19,2026-08-15,India,Standard,22.18,26.43,2,1,0,0,13.61
10,40,Male,2023-12-16,2026-08-16,Canada,Standard,20.69,19.03,1,0,0,0,14.36
11,28,Female,2024-06-29,2026-08-16,Ireland,Basic,6.55,47.61,0,1,0,0,8.42
12,28,Female,2023-12-14,2026-08-19,Canada,Basic,1.55,36.46,1,0,1,0,9.12
13,41,Male,2025-07-13,2026-08-16,USA,Standard,4.34,39.72,0,0,1,0,13.49
14,70,Female,2025-05-16,2026-08-10,USA,Standard,4.71,82.06,0,1,0,0,14.53
15,53,Male,2024-08-30,2026-05-07,Australia,Premium,2.63,54.69,1,0,0,1,17.9
16,57,Female,2026-03-25,2026-08-18,Canada,Basic,6.66,86.94,1,0,1,0,8.7
17,41,Male,2024-12-10,2026-08-14,Ireland,Basic,2.34,59.27,0,0,0,0,8.88
18,20,Male,2023-08-16,2026-08-15,USA,Standard,10.66,22.66,1,0,0,0,13.95
19,39,Male,2025-12-06,2026-05-21,France,Premium,2.34,14.68,2,1,1,1,17.65
20,70,Male,2025-08-07,2026-08-13,USA,Basic,3.11,53.9,2,0,0,0,8.06
21,19,Female,2026-03-02,2026-08-10,Germany,Standard,5.33,71.49,0,0,0,0,14.12
22,41,Male,2025-12-29,2026-08-10,Australia,Basic,11.21,27.44,0,0,0,0,9.25
23,61,Male,2023-10-21,2026-08-17,India,Standard,3.09,48.7,0,0,0,0,14.43
24,47,Female,2024-03-12,2026-08-10,UK,Standard,5.01,60.9,0,0,0,0,14.79
25,55,Female,2024-03-28,2026-08-12,India,Premium,15.59,16.04,0,1,0,0,18.46
26,19,Male,2023-10-30,2026-08-11,France,Basic,12.76,24.39,0,0,0,0,9.22
27,38,Other,2025-09-11,2026-08-13,India,Basic,4.16,63.02,2,0,0,0,9.55
28,50,Male,2026-03-06,2026-08-13,France,Standard,16.68,78.66,0,0,0,0,13.8
29,29,Female,2025-08-04,2026-08-13,USA,Basic,6.81,57.89,1,0,0,0,8.44
30,39,Female,2026-01-29,2026-08-12,Ireland,Standard,14.57,80.12,0,1,0,0,14.18
31,61,Male,2026-05-03,2026-07-23,Ireland,Standard,15.5,53.12,1,0,0,1,13.45
32,42,Male,2023-11-15,2026-08-13,Germany,Basic,4.77,39.2,1,0,0,0,8.93
33,66,Male,2024-12-29,2026-08-13,France,Premium,4.01,69.93,0,1,0,0,17.85
34,44,Male,2024-03-10,2026-08-11,Ireland,Basic,26.01,22.55,1,1,0,0,9.05
35,59,Female,2026-05-25,2026-05-25,Germany,Premium,10.04,82.57,0,1,0,1,18.07
36,45,Male,2025-07-23,2026-05-12,USA,Premium,2.97,54.17,1,0,0,1,18.04
37,33,Male,2026-03-09,2026-08-19,USA,Standard,2.04,28.21,0,0,0,0,13.64
38,32,Male,2026-07-07,2026-07-07,India,Basic,5.16,45.8,0,0,0,1,8.6
39,64,Male,2025-10-11,2026-08-12,USA,Premium,20.97,8.74,0,0,0,0,17.86
40,68,Female,2024-05-06,2026-08-17,USA,Standard,2.16,42.71,0,0,0,0,14.08
41,61,Male,2026-03-16,2026-08-17,France,Basic,26.22,17.19,1,1,0,0,9.07
42,72,Female,2025-12-15,2026-08-15,UK,Basic,12.44,59.3,0,1,0,0,8.44
43,69,Male,2024-07-06,2026-08-10,Australia,Basic,1.61,50.86,0,0,0,0,9.0
44,74,Male,2024-09-09,2026-08-11,India,Premium,7.27,79.12,2,0,0,0,17.81
45,20,Female,2023-10-28,2026-05-17,India,Premium,7.74,38.18,0,0,0,1,17.96
46,54,Male,2025-11-03,2026-05-03,Australia,Premium,4.2,11.81,1,0,1,1,18.22
47,68,Female,2026-04-13,2026-08-13,UK,Standard,32.17,70.71,0,0,0,0,14.1
48,24,Female,2026-01-20,2026-06-27,USA,Standard,7.58,37.74,0,0,0,1,13.93
49,38,Male,2026-02-02,2026-08-18,Ireland,Basic,9.65,36.1,1,0,0,0,8.9
50,26,Male,2025-11-30,2026-08-10,Germany,Basic,24.39,34.65,0,0,0,0,8.2
51,56,Male,2023-12-08,2026-08-04,India,Basic,9.52,58.61,3,1,1,1,9.14
52,35,Male,2025-04-05,2026-08-17,Australia,Standard,6.63,73.87,0,0,1,0,14.03
53,21,Male,2024-09-10,2026-08-10,Canada,Premium,4.58,63.49,1,0,0,0,17.48
54,42,Male,2025-07-05,2026-06-02,Germany,Premium,8.54,65.39,1,0,1,1,18.25
55,31,Male,2025-11-12,2026-08-15,Canada,Basic,6.84,57.83,0,0,0,0,9.0
56,67,Female,2025-09-05,2026-08-14,Canada,Standard,6.29,20.8,0,0,0,0,14.11
57,26,Female,2026-01-09,2026-07-03,France,Standard,6.92,10.8,0,0,0,1,14.59
58,43,Female,2023-12-27,2026-07-18,India,Standard,2.71,43.06,2,1,0,1,14.27
59,70,Male,2024-11-27,2026-06-16,USA,Standard,12.11,52.32,1,0,0,1,14.18
60,19,Male,2024-11-21,2026-05-06,France,Basic,3.67,36.9,3,0,0,1,8.68
61,37,Female,2024-06-16,2026-05-10,Canada,Premium,2.87,69.02,0,0,0,1,17.85
62,45,Female,2024-02-17,2026-08-17,USA,Standard,5.44,88.83,0,0,0,0,13.79
63,64,Female,2023-11-03,2026-08-13,UK,Standard,7.95,29.95,0,0,1,0,14.2
64,24,Male,2025-03-02,2026-08-13,Ireland,Basic,4.01,27.61,0,1,1,0,9.31
65,61,Female,2026-05-17,2026-05-17,Canada,Basic,2.76,24.21,1,0,0,1,8.86
66,25,Female,2025-12-11,2026-05-18,India,Basic,15.62,48.01,1,0,0,1,8.74
67,64,Male,2025-04-11,2026-08-19,Ireland,Standard,2.74,22.34,0,0,0,0,14.09
68,52,Male,2026-05-10,2026-08-17,USA,Premium,5.93,74.83,1,1,1,0,17.74
69,31,Female,2024-02-14,2026-08-16,Canada,Standard,5.98,17.51,0,0,1,0,13.8
70,34,Male,2025-04-03,2026-08-18,Germany,Standard,18.2,38.29,0,0,0,0,14.49
71,53,Male,2024-10-04,2026-08-14,France,Standard,4.02,29.33,0,1,0,0,13.53
72,67,Female,2026-07-02,2026-08-10,India,Basic,8.06,73.76,2,0,0,0,8.97
73,57,Female,2025-02-14,2026-08-18,UK,Standard,12.91,64.24,0,0,0,0,14.65
74,21,Male,2024-05-28,2026-08-14,Australia,Standard,6.15,65.39,0,0,0,0,13.18
75,19,Male,2025-06-01,2026-08-17,UK,Basic,5.13,41.27,0,0,0,0,8.8
76,23,Male,2025-07-22,2026-08-18,France,Basic,6.37,32.18,0,0,0,0,9.08
77,71,Female,2025-02-08,2026-08-18,Canada,Standard,4.44,24.45,0,0,0,0,14.74
78,59,Male,2024-05-16,2026-08-11,France,Basic,8.45,17.2,1,0,0,0,8.53
79,21,Other,2025-05-04,2026-08-15,India,Premium,2.64,70.89,0,0,0,0,17.89
80,71,Male,2025-10-29,2026-08-11,UK,Standard,7.15,38.7,0,1,0,0,13.7
81,46,Male,2024-10-09,2026-07-22,Australia,Basic,8.13,44.02,1,0,0,1,9.75
82,35,Female,2025-02-27,2026-05-01,Germany,Basic,3.02,34.47,1,1,0,1,8.87
83,43,Female,2025-04-11,2026-08-19,Ireland,Premium,15.93,52.88,1,0,0,0,17.69
84,61,Male,2025-07-21,2026-08-10,France,Standard,5.05,39.98,0,0,0,0,13.98
85,51,Male,2025-03-15,2026-05-05,Germany,Standard,1.81,67.25,0,0,0,1,14.23
86,27,Other,2025-01-25,2026-08-10,UK,Basic,6.51,23.92,0,0,0,0,9.6
87,53,Male,2024-07-28,2026-08-12,Australia,Premium,19.13,43.55,0,1,0,0,17.57
88,31,Female,2024-03-31,2026-08-19,Ireland,Standard,9.19,67.19,2,1,0,0,14.39
89,48,Male,2025-09-24,2026-05-11,India,Standard,6.8,72.36,1,1,0,1,14.12
90,65,Female,2026-01-28,2026-08-12,Australia,Premium,15.04,52.01,0,0,0,0,18.24
91,32,Female,2024-10-13,2026-08-17,Germany,Basic,10.69,54.46,1,0,1,0,8.49
92,25,Male,2026-06-27,2026-06-27,USA,Standard,8.98,20.08,1,0,0,1,13.7
93,31,Female,2024-07-20,2026-08-18,USA,Basic,7.86,24.16,1,0,1,0,8.65
94,40,Male,2026-07-14,2026-07-14,Ireland,Standard,1.88,82.76,0,1,0,1,13.74
95,74,Male,2023-09-25,2026-04-24,France,Basic,8.53,17.63,1,0,0,1,9.34
96,57,Female,2024-02-24,2026-08-11,Ireland,Premium,3.19,10.06,0,0,1,0,18.19
97,38,Male,2026-02-05,2026-05-27,Ireland,Basic,1.92,23.28,0,0,0,1,8.78
98,33,Female,2025-05-19,2026-08-19,USA,Standard,11.42,27.71,0,1,0,0,13.19
99,62,Male,2026-02-26,2026-07-12,Germany,Premium,3.0,44.81,1,0,0,1,17.82
100,35,Male,2023-12-31,2026-08-17,France,Premium,28.78,69.14,2,0,0,0,17.6
101,64,Male,2025-02-27,2026-06-15,Ireland,Standard,11.99,80.91,0,0,0,1,14.61
102,70,Male,2024-01-26,2026-08-17,USA,Standard,3.17,74.17,1,0,0,0,13.64
103,41,Male,2024-10-14,2026-08-10,Ireland,Basic,7.22,39.19,0,1,1,0,9.26
104,43,Female,2026-05-06,2026-07-13,Ireland,Basic,7.79,74.77,0,0,0,1,9.4
105,42,Female,2024-04-18,2026-07-15,France,Standard,4.36,2.63,2,0,1,1,14.06
106,62,Female,2023-08-24,2026-08-10,France,Basic,19.51,17.23,0,1,0,0,8.69
107,58,Male,2025-01-01,2026-08-14,Australia,Basic,9.56,28.87,1,0,0,0,8.75
108,46,Male,2024-11-11,2026-08-10,Ireland,Basic,9.23,82.62,1,0,0,0,9.55
109,32,Male,2025-07-05,2026-08-14,USA,Standard,20.53,79.57,0,0,1,0,14.31
110,62,Male,2024-03-25,2026-08-12,Germany,Standard,8.76,67.68,0,1,0,0,14.87
111,18,Female,2025-09-21,2026-05-05,USA,Basic,16.14,43.9,0,0,0,1,8.59
112,42,Male,2024-06-25,2026-08-19,USA,Basic,7.3,14.19,0,0,0,0,9.2
113,24,Male,2026-02-07,2026-08-19,Ireland,Standard,5.05,84.75,0,0,0,0,14.23
114,26,Female,2026-04-11,2026-08-16,Australia,Standard,6.11,50.33,0,1,0,0,14.02
115,41,Male,2024-02-04,2026-08-16,Canada,Standard,11.45,67.28,4,0,0,0,14.26
116,18,Male,2024-05-29,2026-05-09,India,Premium,8.71,25.38,1,0,0,1,18.18
117,61,Male,2025-07-18,2026-08-17,Canada,Basic,9.91,89.15,1,0,1,0,9.19
118,25,Male,2024-07-24,2026-08-18,Canada,Basic,13.16,54.74,1,1,0,0,8.75
119,41,Female,2025-07-14,2026-08-14,USA,Basic,12.23,83.65,1,1,0,0,8.54
120,28,Male,2024-03-11,2026-08-11,Ireland,Standard,25.95,23.18,0,1,1,0,13.25
121,68,Male,2025-10-14,2026-06-27,France,Standard,5.92,52.09,0,0,0,1,13.55
122,34,Male,2025-09-08,2026-05-03,India,Basic,7.82,36.9,2,0,1,1,9.89
123,25,Male,2024-04-26,2026-08-15,Canada,Standard,15.49,19.63,0,0,0,0,13.78
124,52,Male,2026-02-20,2026-06-20,UK,Standard,1.79,16.86,2,0,0,1,14.55
125,52,Female,2023-10-16,2026-08-18,UK,Premium,17.99,64.64,0,1,1,0,17.96
126,50,Female,2024-09-20,2026-05-28,UK,Standard,5.94,57.5,2,1,0,1,13.84
127,22,Female,2025-06-09,2026-07-24,Germany,Standard,3.52,57.11,2,1,0,1,14.41
128,59,Male,2025-10-07,2026-08-19,Ireland,Standard,6.06,93.77,1,1,0,0,13.96
129,56,Female,2024-01-16,2026-08-15,USA,Premium,23.53,55.43,2,1,0,0,17.89
130,58,Female,2025-03-16,2026-08-19,USA,Premium,10.11,89.67,0,0,0,0,18.0
131,45,Male,2023-09-22,2026-05-10,Ireland,Standard,8.25,13.89,0,0,1,1,13.79
132,24,Female,2024-07-13,2026-08-11,Australia,Standard,6.21,41.26,0,0,0,0,14.54
133,26,Male,2026-03-12,2026-06-01,France,Standard,7.18,22.91,3,0,0,1,13.74
134,25,Male,2023-10-28,2026-08-18,India,Standard,16.65,84.63,0,0,0,0,14.21
135,29,Female,2025-03-10,2026-08-10,Australia,Standard,14.11,56.7,2,1,0,0,14.63
136,51,Male,2024-11-06,2026-08-12,France,Basic,7.36,52.4,1,0,1,0,9.22
137,50,Female,2024-02-13,2026-07-31,Germany,Premium,5.92,47.03,0,1,0,1,18.1
138,65,Male,2025-08-01,2026-08-12,Ireland,Standard,12.05,76.3,0,0,0,0,13.66
139,72,Female,2025-10-23,2026-07-27,Australia,Premium,12.8,28.2,2,1,1,1,17.77
140,40,Female,2025-05-15,2026-08-12,India,Standard,7.01,44.43,1,0,1,0,14.38
141,41,Female,2024-07-12,2026-08-18,Germany,Standard,12.78,60.29,0,0,0,0,13.36
142,54,Male,2025-04-05,2026-08-11,Canada,Basic,13.93,49.15,0,1,0,0,9.81
143,52,Male,2025-02-28,2026-08-15,Canada,Standard,22.57,54.58,0,1,0,0,13.91
144,61,Male,2026-05-27,2026-05-27,Germany,Standard,6.72,44.79,2,0,0,1,14.79
145,57,Male,2026-06-14,2026-06-14,France,Basic,6.53,67.76,0,0,0,1,8.7
146,39,Male,2024-02-02,2026-08-13,Ireland,Premium,4.71,63.36,0,1,0,0,17.94
147,44,Female,2026-05-27,2026-08-17,Canada,Basic,9.45,47.72,1,0,1,0,8.65
148,52,Female,2025-02-12,2026-07-19,Ireland,Standard,17.39,51.18,0,0,0,1,13.45
149,18,Other,2024-01-18,2026-05-29,Australia,Basic,8.91,65.92,1,0,0,1,9.37
150,52,Male,2025-04-14,2026-04-30,Canada,Premium,22.94,29.63,1,1,1,1,17.96
151,54,Male,2024-08-23,2026-08-14,India,Basic,25.6,18.65,0,0,0,0,9.59
152,64,Male,2024-08-04,2026-08-14,India,Standard,6.32,38.62,0,0,0,0,14.16
153,31,Female,2023-09-24,2026-08-14,Australia,Basic,3.32,71.69,0,1,0,0,8.56
154,20,Female,2024-07-19,2026-08-15,India,Standard,8.02,46.97,0,1,0,0,13.95
155,18,Female,2023-11-05,2026-08-13,Ireland,Premium,3.63,41.5,0,1,0,0,17.58
156,22,Female,2025-12-21,2026-07-12,France,Basic,3.23,62.23,0,0,0,1,9.15
157,43,Female,2024-06-27,2026-08-16,Ireland,Standard,10.42,48.18,1,0,0,0,13.66
158,72,Male,2025-05-11,2026-08-10,France,Basic,4.24,73.23,0,0,0,0,8.87
159,31,Male,2026-04-28,2026-05-16,India,Standard,5.79,72.01,0,1,0,1,14.02
160,56,Female,2024-06-02,2026-06-23,UK,Standard,1.85,73.78,3,1,1,1,13.52
161,44,Male,2024-04-08,2026-06-02,Germany,Standard,4.2,44.29,0,0,0,1,13.88
162,26,Male,2025-04-16,2026-05-05,France,Standard,13.09,59.27,0,0,0,1,14.55
163,32,Female,2026-01-25,2026-04-27,USA,Standard,3.06,35.4,0,0,0,1,14.21
164,32,Other,2025-09-12,2026-08-16,Germany,Basic,3.79,73.44,1,0,0,0,9.43
165,43,Female,2026-01-16,2026-04-29,India,Standard,12.66,17.37,0,0,1,1,13.51
166,59,Female,2025-11-17,2026-08-10,Ireland,Basic,10.94,87.64,1,1,0,0,8.86
167,30,Female,2023-10-08,2026-08-19,France,Standard,3.5,48.27,2,0,0,0,13.65
168,68,Male,2025-07-02,2026-07-08,Ireland,Premium,4.36,52.06,2,1,0,1,18.19
169,49,Male,2023-08-20,2026-08-13,Germany,Basic,2.11,87.94,0,0,0,0,8.33
170,56,Female,2025-10-09,2026-05-18,France,Basic,17.32,13.43,0,0,0,1,9.19
171,66,Female,2023-11-14,2026-08-12,Ireland,Basic,5.93,84.27,0,1,0,0,9.43
172,69,Male,2023-11-06,2026-08-16,Australia,Premium,5.37,49.99,0,1,0,0,18.16
173,49,Female,2025-09-24,2026-07-22,Canada,Premium,4.52,30.61,0,0,0,1,17.84
174,21,Male,2024-02-01,2026-08-18,Ireland,Basic,12.48,57.68,0,0,0,0,9.53
175,47,Male,2024-02-28,2026-08-15,France,Standard,9.6,45.78,1,0,0,0,13.78
176,54,Female,2025-03-22,2026-08-10,India,Basic,6.35,65.31,1,0,0,0,9.02
177,40,Male,2025-05-11,2026-08-14,India,Standard,7.38,45.57,1,0,0,0,14.15
178,56,Male,2024-05-06,2026-08-14,Germany,Standard,5.15,56.32,1,0,0,0,13.56
179,62,Male,2026-01-21,2026-08-15,Germany,Standard,8.65,27.74,2,0,0,0,14.61
180,32,Female,2024-02-19,2026-08-17,Germany,Premium,9.87,41.67,2,1,0,0,18.11
181,60,Male,2024-02-25,2026-08-18,India,Standard,2.96,71.9,2,0,1,0,14.27
182,46,Female,2024-08-26,2026-08-14,UK,Basic,2.28,49.32,1,0,1,0,8.85
183,53,Female,2025-08-15,2026-08-12,France,Standard,16.57,23.98,1,0,1,0,14.02
184,30,Male,2025-03-17,2026-08-15,India,Standard,10.56,58.53,0,0,1,0,14.07
185,49,Other,2025-03-13,2026-06-28,Australia,Premium,4.99,70.99,0,0,0,1,17.99
186,24,Male,2024-07-21,2026-06-28,India,Basic,4.51,21.11,0,1,0,1,9.22
187,68,Other,2025-04-21,2026-06-20,Australia,Standard,10.18,52.23,0,0,0,1,13.96
188,39,Female,2026-04-07,2026-08-17,India,Standard,5.33,67.8,0,1,0,0,13.61
189,45,Other,2024-08-01,2026-07-28,India,Standard,8.43,73.21,2,0,0,1,13.74
190,19,Male,2025-05-08,2026-08-15,UK,Basic,2.17,66.29,1,1,0,0,8.61
191,59,Female,2024-10-08,2026-07-18,Australia,Premium,6.11,14.79,1,1,0,1,18.03
192,62,Male,2025-02-27,2026-08-13,UK,Basic,13.08,61.37,0,1,0,0,9.85
193,74,Male,2025-11-12,2026-08-13,Australia,Basic,6.5,50.85,0,1,1,0,9.02
194,70,Female,2023-11-29,2026-08-19,UK,Premium,3.76,59.73,1,0,0,0,17.53
195,23,Male,2026-06-04,2026-06-04,UK,Basic,8.28,37.42,0,1,1,1,8.91
196,45,Female,2024-02-23,2026-08-16,Australia,Basic,14.14,60.31,0,1,0,0,9.06
197,45,Male,2023-10-07,2026-08-18,UK,Standard,6.96,85.41,0,0,1,0,14.54
198,61,Male,2024-06-06,2026-08-18,India,Basic,2.4,45.32,1,1,0,0,9.61
199,61,Female,2024-02-17,2026-07-02,Australia,Premium,2.08,52.45,2,0,0,1,18.09
200,37,Male,2026-05-18,2026-08-17,UK,Standard,26.44,18.86,0,1,0,0,14.56
201,47,Female,2025-09-04,2026-08-18,India,Standard,15.39,56.17,1,1,0,0,13.51
202,28,Female,2024-03-13,2026-08-16,India,Basic,17.16,49.4,0,1,1,0,8.93
203,72,Female,2024-06-01,2026-08-17,Germany,Basic,5.63,62.03,1,1,0,0,9.56
204,45,Male,2026-06-22,2026-06-26,USA,Standard,8.97,61.3,1,0,0,1,13.75
205,42,Female,2025-05-10,2026-08-03,Australia,Standard,7.6,70.42,0,0,0,1,13.36
206,56,Other,2024-06-18,2026-08-16,UK,Standard,9.9,50.45,1,0,1,0,13.69
207,50,Female,2024-07-15,2026-07-05,Germany,Basic,2.59,60.03,0,0,0,1,9.27
208,18,Female,2025-04-26,2026-08-13,USA,Standard,3.74,32.1,0,0,0,0,13.69
209,74,Female,2024-10-26,2026-06-11,France,Basic,7.32,27.61,2,0,1,1,8.46
210,44,Female,2025-11-30,2026-05-12,France,Standard,14.53,78.63,0,1,0,1,13.46
211,74,Female,2026-01-02,2026-05-06,UK,Standard,10.51,64.76,2,0,0,1,14.25
212,69,Male,2024-09-15,2026-07-14,France,Basic,7.64,24.52,0,1,0,1,9.9
213,30,Male,2025-01-18,2026-08-10,USA,Standard,19.79,73.24,0,0,0,0,13.96
214,58,Female,2023-12-27,2026-04-22,Australia,Basic,8.31,37.61,1,0,0,1,8.9
215,20,Male,2026-04-15,2026-08-13,India,Standard,1.42,18.44,0,0,1,0,13.99
216,56,Female,2026-06-02,2026-06-02,India,Standard,18.17,49.95,1,1,0,1,13.1
217,23,Male,2024-02-06,2026-08-18,USA,Basic,3.66,47.57,0,0,0,0,8.99
218,25,Female,2025-02-14,2026-08-11,France,Premium,28.65,67.2,0,0,0,0,18.26
219,44,Male,2026-06-11,2026-06-20,India,Standard,1.56,56.88,0,1,0,1,14.09
220,26,Male,2024-01-19,2026-06-06,France,Premium,11.6,76.64,1,1,0,1,18.18
221,54,Female,2025-01-14,2026-08-17,Canada,Basic,13.85,36.59,0,1,0,0,8.9
222,50,Female,2024-09-13,2026-08-17,Ireland,Premium,3.05,29.97,0,1,0,0,17.24
223,68,Female,2024-06-11,2026-04-27,India,Basic,3.27,48.61,1,0,1,1,8.74
224,59,Male,2025-12-22,2026-08-13,Canada,Standard,10.04,59.13,1,0,0,0,14.25
225,61,Female,2025-05-14,2026-08-19,Australia,Premium,17.08,33.44,0,1,1,0,18.15
226,41,Female,2024-08-13,2026-08-13,Australia,Basic,16.8,80.75,1,0,0,0,9.13
227,32,Female,2025-01-02,2026-08-16,USA,Basic,9.5,55.64,0,0,1,0,9.24
228,71,Male,2026-02-24,2026-08-14,India,Standard,6.54,21.74,0,1,0,0,14.17
229,49,Female,2025-10-12,2026-05-03,France,Standard,4.23,21.88,0,0,0,1,14.36
230,49,Female,2024-06-26,2026-08-13,India,Standard,2.69,75.93,0,0,0,0,14.25
231,41,Other,2025-03-13,2026-08-13,France,Basic,4.87,33.87,0,1,0,0,9.55
232,58,Male,2025-06-07,2026-05-18,France,Standard,10.66,53.96,0,0,1,1,14.3
233,69,Female,2025-10-21,2026-08-10,India,Basic,3.68,32.27,0,0,0,0,8.97
234,66,Female,2025-04-19,2026-08-18,France,Premium,16.81,66.82,1,0,0,0,18.49
235,66,Male,2026-06-05,2026-08-11,Germany,Standard,8.07,59.86,0,0,0,0,14.46
236,69,Male,2025-09-13,2026-08-18,UK,Standard,5.84,64.1,0,1,0,0,14.16
237,29,Male,2025-01-05,2026-05-11,Ireland,Basic,2.81,16.38,0,1,0,1,9.39
238,56,Male,2025-08-24,2026-07-18,India,Premium,2.73,40.85,1,0,0,1,17.94
239,19,Male,2026-07-10,2026-08-10,UK,Standard,16.44,48.04,0,1,1,0,13.62
240,20,Female,2024-01-25,2026-06-11,Germany,Premium,9.92,32.08,3,0,1,1,18.56
241,66,Female,2026-07-13,2026-08-17,France,Basic,6.54,29.73,0,0,0,0,9.55
242,54,Female,2023-11-10,2026-08-14,France,Standard,5.37,51.66,2,0,0,0,13.21
243,66,Female,2025-01-01,2026-08-15,Australia,Standard,9.07,84.01,0,1,0,0,13.75
244,73,Male,2025-10-21,2026-07-13,Ireland,Basic,7.49,42.76,0,0,0,1,9.36
245,34,Male,2023-12-23,2026-08-15,Canada,Standard,24.06,34.23,1,0,0,0,13.27
246,66,Female,2024-02-01,2026-08-16,Australia,Basic,10.34,57.44,0,0,0,0,9.66
247,19,Male,2026-03-12,2026-08-14,Australia,Basic,10.05,81.5,1,1,0,0,9.73
248,19,Male,2024-07-27,2026-08-18,France,Basic,9.41,85.0,2,1,1,0,8.43
249,45,Male,2024-10-25,2026-08-12,USA,Standard,11.13,38.08,0,0,0,0,14.28
250,71,Male,2026-03-29,2026-07-07,Germany,Standard,5.97,39.61,2,0,0,1,13.77
251,40,Female,2025-02-04,2026-08-19,USA,Standard,3.65,91.29,0,1,0,0,13.91
252,54,Male,2023-09-10,2026-08-15,USA,Basic,15.55,42.88,0,0,0,0,8.39
253,49,Male,2026-06-18,2026-08-13,UK,Standard,8.2,95.1,0,0,1,0,14.15
254,50,Male,2026-03-10,2026-08-16,Australia,Premium,5.14,78.57,0,1,0,0,18.14
255,18,Female,2024-01-13,2026-08-16,France,Basic,9.5,29.65,0,0,0,0,8.85
256,36,Male,2023-11-19,2026-08-17,Germany,Basic,5.68,21.21,2,0,0,0,9.58
257,19,Female,2026-06-25,2026-08-15,USA,Standard,10.18,46.75,0,0,0,0,14.82
258,70,Male,2024-11-27,2026-08-19,France,Standard,10.84,57.29,0,0,0,0,13.91
259,61,Male,2025-01-22,2026-08-19,France,Standard,5.03,39.58,0,1,0,0,13.52
260,43,Female,2026-07-03,2026-07-03,France,Standard,8.43,53.84,0,0,1,1,13.19
261,49,Male,2023-12-30,2026-08-18,Canada,Basic,18.85,45.86,1,0,0,0,9.7
262,23,Male,2025-10-05,2026-08-18,Ireland,Premium,32.35,24.92,0,0,0,0,17.86
263,49,Male,2023-09-04,2026-08-11,France,Standard,12.99,31.96,0,0,1,0,14.0
264,72,Female,2024-04-25,2026-08-17,India,Basic,12.69,18.82,0,1,0,0,8.75
265,21,Male,2026-04-04,2026-06-14,Germany,Basic,3.89,61.86,0,1,0,1,8.74
266,72,Female,2023-11-21,2026-08-14,UK,Standard,9.19,51.57,0,0,0,0,14.22
267,28,Male,2023-12-16,2026-08-11,Germany,Standard,1.65,93.74,0,0,0,0,13.93
268,73,Male,2024-07-13,2026-08-15,Australia,Standard,3.93,50.19,0,1,0,0,13.33
269,34,Male,2025-08-31,2026-04-25,UK,Premium,2.17,62.47,0,0,0,1,18.1
270,55,Female,2024-03-06,2026-08-17,Ireland,Basic,9.41,77.58,2,0,0,0,8.62
271,41,Male,2024-07-16,2026-05-29,France,Premium,5.76,94.52,0,0,0,1,18.28
272,22,Male,2024-05-19,2026-08-12,Canada,Standard,3.96,53.19,2,1,0,0,13.8
273,69,Male,2025-10-05,2026-07-02,USA,Standard,12.67,26.73,1,1,0,1,13.66
274,51,Male,2023-08-25,2026-08-11,Germany,Premium,6.67,27.05,0,1,0,0,17.73
275,23,Male,2024-02-10,2026-04-26,UK,Standard,3.76,43.5,1,0,0,1,13.32
276,39,Female,2026-06-08,2026-08-10,France,Basic,27.03,51.8,0,0,0,0,9.23
277,28,Male,2026-07-12,2026-08-02,Ireland,Premium,34.34,4.24,1,1,1,1,18.65
278,65,Male,2026-01-18,2026-08-13,USA,Standard,20.78,89.56,0,1,0,0,14.25
279,33,Female,2024-02-07,2026-06-14,India,Standard,2.52,29.19,1,1,0,1,13.99
280,50,Male,2024-03-03,2026-08-15,Ireland,Premium,4.55,77.11,0,0,0,0,17.96
281,26,Male,2025-02-03,2026-08-17,Canada,Standard,9.17,42.3,2,1,0,0,13.82
282,23,Male,2023-10-25,2026-07-30,USA,Standard,12.34,26.63,0,0,0,1,13.54
283,33,Female,2024-09-26,2026-08-10,USA,Standard,10.1,78.33,0,0,0,0,14.46
284,46,Male,2023-12-10,2026-08-15,India,Standard,13.88,40.98,0,0,0,0,13.79
285,20,Female,2026-05-13,2026-08-14,France,Basic,10.78,66.64,0,0,0,0,8.98
286,37,Male,2025-09-23,2026-07-10,USA,Standard,16.21,16.96,1,1,0,1,14.72
287,53,Female,2026-06-24,2026-08-11,UK,Basic,2.31,58.85,0,0,0,0,8.87
288,36,Male,2024-01-03,2026-08-19,USA,Standard,6.02,65.09,1,0,0,0,14.12
289,43,Female,2024-10-05,2026-04-25,Ireland,Premium,3.52,22.82,1,0,0,1,18.97
290,20,Female,2025-01-14,2026-08-17,UK,Basic,1.02,51.01,3,0,1,0,8.79
291,36,Female,2026-04-06,2026-06-28,USA,Basic,11.85,6.8,0,1,0,1,9.39
292,37,Male,2024-12-12,2026-08-15,Ireland,Basic,7.05,75.76,1,0,0,0,8.84
293,49,Male,2024-12-26,2026-08-17,Ireland,Standard,11.35,88.17,1,0,1,0,14.43
294,24,Male,2024-05-02,2026-08-19,Germany,Premium,1.67,94.49,1,0,0,0,18.25
295,69,Male,2024-10-25,2026-08-02,Ireland,Standard,2.26,66.58,1,1,0,1,15.03
296,58,Male,2023-09-20,2026-08-16,India,Basic,14.04,62.25,0,0,0,0,8.37
297,50,Female,2024-01-02,2026-08-10,Australia,Standard,5.89,29.33,0,1,0,0,13.75
298,57,Male,2024-09-30,2026-05-31,Canada,Standard,3.56,29.72,0,0,0,1,13.58
299,56,Male,2024-02-16,2026-08-19,USA,Basic,7.63,37.95,0,1,0,0,8.93
300,35,Female,2025-09-03,2026-06-09,India,Standard,1.04,17.77,1,0,0,1,14.36
301,57,Female,2025-04-17,2026-07-08,USA,Basic,11.39,18.89,0,0,0,1,8.26
302,18,Male,2024-12-19,2026-08-18,USA,Standard,4.9,86.03,0,1,1,0,14.19
303,28,Female,2024-02-25,2026-08-12,Ireland,Basic,4.55,91.35,1,1,0,0,9.02
304,45,Male,2024-06-27,2026-05-01,Ireland,Basic,2.48,28.57,2,0,1,1,8.93
305,74,Female,2026-02-11,2026-07-15,USA,Premium,4.18,59.46,0,0,0,1,17.91
306,42,Female,2025-04-13,2026-08-17,Australia,Standard,3.39,79.81,0,0,0,0,13.53
307,67,Female,2023-10-27,2026-08-16,UK,Basic,13.01,68.82,0,0,0,0,10.17
308,40,Female,2025-11-22,2026-08-19,UK,Premium,11.13,39.1,0,1,0,0,17.13
309,48,Male,2023-12-28,2026-07-24,Canada,Standard,3.4,36.16,2,0,0,1,13.98
310,47,Male,2023-11-30,2026-08-12,Germany,Basic,9.87,65.22,0,0,0,0,9.12
311,59,Female,2023-12-05,2026-04-25,France,Standard,4.43,76.31,1,0,0,1,14.17
312,52,Male,2024-03-08,2026-06-20,India,Premium,5.21,27.57,0,0,0,1,18.42
313,24,Female,2024-10-09,2026-08-17,Canada,Standard,9.12,50.66,0,1,0,0,14.07
314,33,Male,2025-08-28,2026-07-20,France,Basic,2.66,55.12,1,1,0,1,9.66
315,43,Male,2024-03-08,2026-08-11,USA,Standard,19.39,74.69,2,0,0,0,13.65
316,65,Male,2025-02-07,2026-08-16,India,Standard,6.29,43.86,0,0,1,0,14.37
317,74,Male,2024-02-23,2026-08-15,USA,Premium,1.78,51.59,0,1,1,0,17.75
318,69,Female,2025-08-21,2026-06-09,USA,Basic,2.35,69.11,1,0,0,1,8.67
319,66,Female,2023-09-28,2026-08-13,Germany,Standard,2.28,26.53,1,1,0,0,14.3
320,19,Female,2024-02-20,2026-08-16,Ireland,Basic,6.16,40.17,0,1,1,0,8.74
321,18,Female,2025-08-05,2026-08-18,Germany,Standard,8.08,53.45,1,0,1,0,12.4
322,65,Female,2026-01-28,2026-05-20,Canada,Premium,1.95,58.88,0,0,1,1,18.24
323,29,Female,2026-03-27,2026-08-15,Ireland,Basic,8.79,77.22,2,1,1,0,8.92
324,22,Male,2025-07-25,2026-08-18,Ireland,Basic,3.64,25.95,1,0,0,0,9.67
325,54,Female,2026-05-06,2026-05-06,Canada,Standard,4.22,25.57,0,0,0,1,14.19
326,49,Male,2024-06-25,2026-08-19,Ireland,Standard,2.04,10.6,0,0,1,0,14.09
327,72,Male,2026-05-10,2026-05-23,India,Basic,10.7,34.7,0,0,1,1,9.34
328,26,Female,2025-04-25,2026-08-12,UK,Standard,7.79,87.69,2,1,0,0,13.77
329,58,Male,2024-01-22,2026-05-24,Canada,Premium,21.28,86.25,2,1,0,1,18.72
330,52,Male,2025-07-19,2026-08-12,France,Standard,11.17,72.54,2,1,0,0,14.0
331,36,Male,2024-04-16,2026-07-12,Canada,Standard,0.9,32.27,0,0,0,1,13.82
332,65,Male,2024-09-19,2026-08-12,UK,Basic,12.17,71.73,0,0,0,0,9.29
333,33,Female,2023-09-07,2026-08-13,Germany,Premium,13.79,44.11,0,0,0,0,18.2
334,20,Male,2026-04-02,2026-08-11,Germany,Basic,4.12,46.18,0,0,0,0,8.8
335,37,Male,2026-05-30,2026-08-17,Germany,Basic,7.79,49.66,1,1,1,0,9.3
336,41,Male,2025-04-10,2026-07-21,Ireland,Basic,8.4,62.67,1,1,0,1,8.74
337,71,Male,2024-04-24,2026-08-10,UK,Standard,3.5,93.98,0,0,0,0,14.18
338,73,Female,2024-05-25,2026-08-16,India,Premium,26.35,29.16,0,0,0,0,17.35
339,50,Male,2025-01-11,2026-08-13,Canada,Basic,13.54,48.64,2,0,0,0,9.04
340,41,Female,2024-01-04,2026-06-24,Canada,Premium,5.73,21.61,0,0,0,1,17.69
341,69,Female,2025-11-04,2026-06-17,Canada,Premium,2.52,57.46,1,0,0,1,17.58
342,28,Female,2026-05-17,2026-08-14,Ireland,Standard,10.92,85.59,1,1,0,0,13.56
343,66,Female,2026-02-08,2026-08-12,Ireland,Standard,4.04,51.29,0,1,0,0,13.49
344,25,Female,2026-06-12,2026-08-10,Australia,Basic,3.9,55.12,0,1,0,0,9.09
345,53,Male,2024-09-24,2026-08-10,India,Basic,5.04,84.16,0,1,0,0,9.22
346,55,Male,2025-09-04,2026-08-11,Germany,Premium,7.34,32.44,0,1,0,0,18.2
347,57,Male,2025-07-26,2026-08-15,France,Standard,16.75,68.68,0,0,0,0,13.68
348,37,Female,2025-10-25,2026-07-24,Australia,Basic,7.14,16.65,1,0,0,1,8.99
349,52,Male,2025-08-31,2026-05-17,Australia,Standard,7.96,48.34,0,0,0,1,14.14
350,65,Male,2025-08-29,2026-06-30,Ireland,Premium,6.31,78.45,2,0,0,1,18.5
351,42,Male,2025-11-06,2026-08-12,Germany,Standard,5.33,64.62,0,0,0,0,14.9
352,52,Male,2026-01-02,2026-08-16,Germany,Basic,3.23,62.5,0,0,0,0,8.73
353,42,Male,2024-11-18,2026-08-19,Canada,Standard,10.16,74.14,1,0,0,0,14.32
354,46,Other,2024-01-28,2026-08-16,Ireland,Standard,1.87,5.88,0,0,1,0,13.68
355,35,Male,2026-02-07,2026-08-11,Germany,Basic,16.87,34.81,1,0,1,0,8.47
356,63,Female,2024-11-13,2026-04-27,France,Basic,5.79,47.49,1,0,0,1,8.57
357,35,Female,2026-04-06,2026-08-10,Australia,Standard,16.08,84.82,0,0,0,0,14.09
358,19,Male,2024-08-21,2026-08-15,UK,Standard,22.77,29.92,1,1,1,0,13.97
359,71,Male,2025-07-22,2026-08-17,UK,Basic,6.02,22.58,1,1,0,0,9.23
360,52,Male,2023-09-10,2026-07-04,Ireland,Basic,10.45,49.54,1,0,0,1,7.94
361,33,Male,2024-09-29,2026-06-12,Canada,Basic,14.62,54.87,1,1,0,1,9.03
362,58,Female,2024-08-21,2026-06-24,Canada,Basic,5.55,60.45,0,1,0,1,8.65
363,53,Male,2024-07-04,2026-08-18,Germany,Basic,13.28,42.38,0,0,0,0,8.1
364,50,Male,2023-12-03,2026-08-18,France,Standard,10.56,69.97,0,0,0,0,13.75
365,21,Female,2024-01-03,2026-08-14,India,Standard,6.45,69.84,0,0,0,0,13.82
366,50,Female,2025-12-24,2026-08-19,Ireland,Standard,8.18,70.31,1,1,1,0,14.74
367,31,Female,2025-03-17,2026-08-14,India,Standard,4.26,66.43,1,0,0,0,13.72
368,38,Female,2024-08-17,2026-08-12,UK,Basic,17.23,48.67,0,1,0,0,8.67
369,65,Female,2025-03-06,2026-08-19,Australia,Standard,8.32,21.71,1,0,0,0,13.87
370,37,Male,2024-09-23,2026-08-12,Germany,Basic,5.97,42.35,1,0,0,0,9.92
371,73,Female,2025-12-12,2026-08-15,Australia,Basic,24.35,66.29,1,0,1,0,9.92
372,25,Male,2025-05-12,2026-08-17,India,Basic,10.3,73.72,1,0,0,0,8.8
373,24,Female,2025-10-14,2026-07-02,Germany,Premium,12.83,63.24,0,1,0,1,17.59
374,20,Female,2025-02-12,2026-06-06,USA,Basic,6.56,46.14,0,0,0,1,9.1
375,34,Male,2024-09-22,2026-08-14,Australia,Premium,3.48,31.2,0,1,0,0,17.76
376,50,Female,2023-09-08,2026-08-18,Ireland,Basic,8.95,46.31,2,0,0,0,9.72
377,65,Female,2024-07-19,2026-08-14,Australia,Standard,4.39,62.32,2,0,0,0,14.66
378,29,Male,2025-08-07,2026-07-22,Australia,Standard,17.49,68.77,4,0,1,1,13.65
379,68,Female,2024-06-16,2026-08-15,Germany,Basic,3.79,64.05,2,1,0,0,8.96
380,39,Male,2023-12-30,2026-08-14,UK,Basic,2.37,93.14,0,1,0,0,8.93
381,72,Female,2026-01-19,2026-08-13,India,Premium,0.53,71.71,0,0,0,0,17.84
382,39,Female,2025-02-28,2026-08-12,USA,Standard,11.43,84.4,0,0,0,0,14.03
383,63,Female,2026-01-04,2026-08-10,Australia,Basic,7.97,73.7,2,0,0,0,8.73
384,47,Female,2025-07-05,2026-07-25,France,Basic,5.98,18.47,0,1,0,1,9.4
385,55,Female,2024-04-17,2026-08-13,India,Premium,19.22,72.96,0,1,0,0,18.6
386,55,Female,2023-09-25,2026-08-17,France,Premium,21.97,80.23,2,1,0,0,18.4
387,62,Male,2026-01-10,2026-07-19,India,Standard,8.93,28.29,0,0,0,1,13.64
388,68,Female,2025-02-11,2026-04-24,France,Basic,10.92,49.05,2,0,1,1,8.98
389,71,Male,2023-08-26,2026-08-11,UK,Premium,1.62,55.58,1,0,0,0,18.04
390,25,Female,2025-10-05,2026-06-14,Canada,Basic,3.73,35.03,1,0,0,1,9.23
391,44,Male,2026-04-07,2026-06-01,USA,Standard,9.29,69.72,2,0,0,1,13.67
392,44,Male,2025-09-11,2026-05-17,USA,Standard,3.07,35.98,0,0,0,1,13.7
393,51,Female,2025-09-17,2026-06-06,France,Basic,14.95,78.79,0,1,0,1,8.91
394,38,Male,2024-04-21,2026-08-10,France,Standard,11.29,55.48,0,0,1,0,13.77
395,47,Male,2026-06-15,2026-06-15,France,Premium,6.32,47.0,0,0,0,1,18.59
396,50,Male,2024-02-15,2026-08-15,India,Standard,12.96,60.11,1,0,0,0,14.66
397,45,Male,2023-09-06,2026-04-28,Germany,Basic,4.07,56.78,1,0,0,1,9.31
398,64,Male,2023-08-25,2026-08-15,Australia,Basic,6.15,25.55,3,0,0,0,9.16
399,50,Male,2023-09-12,2026-08-19,Canada,Basic,3.62,94.36,0,0,0,0,9.45
400,22,Male,2026-06-16,2026-07-27,France,Basic,6.52,52.06,1,0,0,1,8.98
401,65,Male,2025-04-10,2026-07-02,Germany,Standard,1.55,54.56,0,0,0,1,14.29
402,36,Female,2024-02-05,2026-08-13,Ireland,Standard,18.97,22.81,0,0,0,0,13.23
403,21,Male,2026-01-03,2026-07-23,UK,Basic,12.22,83.36,0,0,0,1,9.11
404,52,Female,2024-06-13,2026-06-07,UK,Basic,3.4,64.23,1,0,1,1,9.12
405,66,Female,2025-11-22,2026-08-10,Germany,Basic,11.43,76.51,0,1,0,0,8.61
406,34,Male,2025-09-30,2026-08-12,India,Standard,7.23,65.97,0,0,0,0,14.4
407,61,Female,2024-01-11,2026-08-19,UK,Standard,24.77,37.71,1,0,0,0,13.59
408,45,Female,2025-04-09,2026-08-10,Australia,Standard,21.18,65.92,0,0,1,0,13.41
409,47,Other,2025-07-19,2026-08-19,UK,Standard,10.01,43.63,0,1,0,0,14.31
410,46,Female,2023-09-10,2026-08-18,Australia,Standard,17.27,15.5,0,0,0,0,14.09
411,63,Male,2025-09-08,2026-08-11,Ireland,Standard,5.57,67.75,0,0,0,0,14.0
412,70,Female,2024-06-23,2026-08-10,France,Basic,10.86,71.21,2,0,0,0,8.91
413,23,Female,2025-04-26,2026-08-13,Canada,Standard,4.99,72.66,0,1,0,0,14.38
414,52,Female,2024-06-03,2026-08-12,USA,Basic,18.81,80.44,1,1,0,0,8.61
415,58,Male,2024-01-25,2026-08-17,Germany,Basic,3.2,66.52,0,0,1,0,9.22
416,54,Female,2025-05-01,2026-05-30,Germany,Premium,4.48,63.91,0,0,1,1,17.49
417,41,Female,2023-12-07,2026-08-12,Australia,Basic,10.01,52.57,1,0,1,0,8.86
418,46,Male,2026-05-02,2026-05-19,Ireland,Standard,3.96,39.58,0,0,0,1,14.2
419,66,Male,2023-09-14,2026-05-04,Ireland,Standard,1.11,57.82,0,0,1,1,13.9
420,63,Male,2026-03-05,2026-08-18,India,Basic,14.58,32.22,0,1,0,0,9.11
421,70,Female,2024-10-07,2026-08-16,USA,Basic,3.58,31.38,0,0,0,0,9.3
422,48,Female,2024-03-22,2026-04-23,France,Standard,2.8,43.67,1,1,0,1,14.1
423,52,Female,2025-01-15,2026-08-15,Canada,Basic,11.27,87.76,0,0,0,0,8.79
424,50,Male,2026-05-08,2026-05-08,Germany,Basic,5.35,75.94,0,0,0,1,8.54
425,69,Female,2026-06-01,2026-08-13,Australia,Premium,14.24,43.77,0,0,1,0,17.83
426,38,Male,2023-09-21,2026-08-17,Ireland,Standard,9.31,83.27,1,0,0,0,14.78
427,49,Male,2025-06-28,2026-08-16,France,Basic,5.56,63.76,1,0,0,0,8.59
428,40,Female,2025-07-01,2026-08-10,Germany,Basic,15.62,31.77,1,0,1,0,8.61
429,50,Other,2025-09-25,2026-08-18,Australia,Standard,5.73,59.32,1,0,0,0,13.08
430,20,Female,2025-08-16,2026-04-28,UK,Basic,12.23,28.95,0,0,0,1,8.83
431,35,Female,2025-04-03,2026-08-18,France,Basic,3.36,38.23,0,1,0,0,8.93
432,42,Male,2024-11-12,2026-07-18,Germany,Standard,9.28,37.16,0,1,1,1,13.59
433,59,Male,2023-12-02,2026-08-18,Canada,Basic,9.72,92.7,0,0,0,0,8.51
434,48,Female,2024-05-20,2026-08-11,France,Standard,10.49,44.89,1,1,0,0,13.68
435,71,Female,2026-07-08,2026-07-08,Australia,Standard,5.09,31.65,0,1,0,1,13.53
436,20,Male,2025-04-28,2026-08-14,Canada,Basic,10.17,33.72,1,0,1,0,8.67
437,57,Male,2026-01-28,2026-08-17,Germany,Basic,19.41,39.39,1,0,0,0,9.04
438,63,Male,2024-12-03,2026-04-23,UK,Standard,5.45,75.41,1,0,0,1,13.96
439,41,Female,2024-01-01,2026-08-19,Canada,Standard,12.71,21.49,1,0,0,0,13.68
440,67,Male,2025-10-25,2026-05-08,Ireland,Basic,7.32,60.72,0,1,0,1,8.59
441,49,Male,2024-11-10,2026-08-19,Australia,Basic,19.53,74.19,0,0,1,0,9.27
442,64,Male,2024-06-08,2026-06-18,Germany,Premium,5.84,34.46,1,1,0,1,16.9
443,39,Male,2024-03-08,2026-08-10,UK,Basic,9.35,45.5,0,0,0,0,9.36
444,40,Female,2025-02-10,2026-05-26,Ireland,Premium,7.73,54.12,0,0,0,1,18.72
445,19,Male,2024-02-14,2026-08-10,Germany,Basic,7.75,51.24,0,1,0,0,8.82
446,44,Female,2024-09-17,2026-08-11,France,Basic,0.54,74.85,1,1,0,0,8.69
447,59,Female,2026-01-24,2026-04-30,India,Standard,3.78,53.42,0,1,0,1,14.95
448,19,Female,2025-11-04,2026-07-07,UK,Basic,7.09,26.54,1,0,0,1,9.23
449,43,Male,2025-11-03,2026-08-10,Ireland,Basic,11.5,93.35,0,0,0,0,8.36
450,34,Other,2024-10-16,2026-08-16,Canada,Basic,9.37,69.75,0,0,0,0,8.89
451,57,Female,2026-05-01,2026-05-02,Germany,Premium,16.12,63.34,0,1,1,1,17.57
452,50,Other,2026-03-14,2026-08-10,Germany,Basic,6.73,69.02,0,1,1,0,8.83
453,26,Female,2025-06-04,2026-08-14,Canada,Standard,7.63,34.1,1,0,0,0,13.67
454,60,Male,2025-09-09,2026-08-10,India,Standard,15.11,47.97,0,0,0,0,14.48
455,71,Male,2025-04-22,2026-08-19,USA,Standard,14.25,39.72,0,1,1,0,14.22
456,65,Male,2024-11-13,2026-08-17,Ireland,Standard,12.17,80.48,1,0,1,0,14.26
457,56,Female,2024-02-03,2026-08-10,Canada,Basic,20.13,90.5,0,0,0,0,8.49
458,46,Male,2024-01-30,2026-08-18,France,Basic,5.8,49.93,0,1,1,0,8.75
459,59,Male,2023-09-22,2026-08-16,Germany,Basic,1.75,43.08,0,0,1,0,8.35
460,72,Male,2025-12-01,2026-08-15,France,Basic,5.14,39.47,0,0,0,0,8.47
461,43,Male,2024-11-17,2026-08-12,Ireland,Basic,10.96,70.91,1,1,0,0,9.19
462,52,Male,2024-07-21,2026-08-11,India,Basic,4.74,49.68,0,1,0,0,8.86
463,67,Male,2023-11-29,2026-08-02,Ireland,Premium,2.48,77.38,1,0,0,1,17.85
464,42,Male,2024-02-20,2026-08-14,France,Premium,10.69,73.74,0,0,0,0,18.42
465,41,Male,2025-09-06,2026-07-07,France,Basic,3.58,31.75,0,0,0,1,9.41
466,30,Male,2025-02-14,2026-08-12,USA,Basic,8.72,43.99,0,0,0,0,9.31
467,24,Male,2024-08-04,2026-08-13,Germany,Basic,3.89,11.49,0,0,0,0,8.91
468,74,Female,2023-09-15,2026-08-13,UK,Basic,3.93,64.3,0,1,0,0,8.85
469,53,Female,2024-02-18,2026-08-11,USA,Basic,7.6,70.91,0,0,0,0,8.92
470,62,Male,2025-12-31,2026-04-23,USA,Premium,6.52,31.41,1,1,0,1,17.81
471,37,Male,2026-04-19,2026-06-08,UK,Basic,2.61,28.56,0,0,0,1,8.7
472,18,Female,2023-08-29,2026-08-14,UK,Basic,12.24,17.82,0,0,0,0,8.07
473,25,Female,2025-05-28,2026-08-18,India,Basic,10.4,86.87,0,1,0,0,8.99
474,63,Female,2025-01-16,2026-08-13,India,Premium,19.78,60.9,0,0,1,0,18.72
475,33,Female,2024-11-02,2026-08-18,USA,Premium,9.36,83.42,1,1,0,0,17.66
476,31,Male,2024-03-28,2026-08-18,Ireland,Standard,16.28,34.81,2,1,0,0,13.95
477,29,Male,2024-02-20,2026-08-11,Canada,Standard,4.22,78.04,3,1,0,0,14.03
478,68,Male,2024-07-31,2026-08-17,Canada,Basic,8.38,86.11,1,0,0,0,9.56
479,40,Female,2023-12-20,2026-08-11,USA,Basic,6.64,18.3,3,1,0,0,9.39
480,32,Female,2025-06-22,2026-06-06,Ireland,Standard,3.01,48.45,0,1,0,1,13.82
481,45,Female,2024-05-03,2026-06-16,UK,Standard,5.7,34.46,2,1,0,1,13.54
482,51,Male,2024-03-01,2026-08-13,Australia,Basic,14.3,27.31,0,0,0,0,9.42
483,19,Female,2024-03-06,2026-08-13,USA,Basic,3.04,57.63,2,0,1,0,9.47
484,49,Male,2024-12-27,2026-08-16,Germany,Standard,4.48,56.23,2,1,1,0,13.98
485,40,Male,2024-10-25,2026-08-17,Ireland,Basic,9.79,48.56,0,0,0,0,9.0
486,39,Male,2024-10-27,2026-08-16,Germany,Standard,6.76,77.16,1,0,0,0,14.44
487,68,Female,2024-05-03,2026-08-14,Germany,Basic,17.29,68.31,1,1,0,0,8.67
488,42,Male,2025-09-02,2026-08-13,USA,Basic,26.09,52.16,0,0,0,0,9.09
489,39,Female,2024-12-24,2026-08-16,Ireland,Standard,9.82,88.6,1,1,0,0,13.34
490,39,Male,2023-08-22,2026-06-18,Germany,Premium,6.4,90.23,0,0,0,1,17.97
491,66,Female,2023-08-22,2026-08-16,India,Basic,4.94,65.68,0,1,0,0,8.97
492,69,Female,2024-03-03,2026-06-05,France,Basic,4.99,31.5,1,0,0,1,8.64
493,59,Male,2024-07-05,2026-07-08,India,Basic,9.32,57.84,1,1,0,1,8.58
494,23,Female,2023-09-16,2026-08-15,Ireland,Standard,10.58,61.19,0,0,0,0,13.69
495,32,Female,2023-12-27,2026-08-19,Canada,Premium,2.43,97.32,0,0,0,0,17.36
496,71,Female,2023-12-05,2026-05-14,France,Basic,2.08,30.05,1,0,0,1,8.41
497,60,Female,2026-06-03,2026-08-03,Australia,Basic,5.08,44.78,0,0,0,1,9.15
498,54,Female,2026-01-13,2026-05-26,Germany,Premium,2.68,17.3,1,0,1,1,18.2
499,50,Male,2025-09-20,2026-08-10,Germany,Standard,1.81,76.99,1,1,1,0,14.26
500,25,Female,2025-07-17,2026-08-14,Ireland,Standard,18.79,68.4,0,0,0,0,14.86
501,70,Male,2025-04-17,2026-08-15,India,Basic,14.87,45.8,1,0,0,0,9.21
502,61,Male,2025-11-16,2026-08-14,Australia,Basic,6.9,36.35,1,1,0,0,8.87
503,61,Male,2025-10-30,2026-08-13,Canada,Standard,6.93,54.85,0,0,1,0,14.39
504,22,Female,2025-02-06,2026-06-01,Germany,Standard,8.61,48.79,0,0,1,1,13.82
505,56,Female,2024-07-01,2026-07-04,USA,Standard,1.4,21.86,0,0,1,1,14.68
506,21,Male,2025-06-09,2026-07-09,India,Basic,4.57,9.88,0,1,0,1,9.27
507,23,Female,2025-04-24,2026-08-16,Ireland,Standard,8.77,57.92,0,0,1,0,14.9
508,62,Female,2024-04-28,2026-05-20,Ireland,Premium,9.94,51.83,0,0,0,1,17.59
509,49,Male,2024-12-20,2026-08-12,India,Premium,2.98,34.03,2,0,1,0,17.88
510,69,Male,2023-11-29,2026-08-14,Germany,Basic,6.88,63.22,1,1,0,0,9.14
511,47,Female,2026-02-24,2026-05-07,Canada,Standard,14.03,34.71,0,0,1,1,14.5
512,64,Male,2025-06-10,2026-08-17,Germany,Standard,12.62,32.73,2,0,0,0,13.61
513,52,Female,2026-01-19,2026-06-01,India,Premium,4.09,66.29,1,0,0,1,18.26
514,72,Male,2025-11-27,2026-07-27,France,Standard,3.01,33.73,0,1,1,1,14.18
515,57,Male,2024-10-21,2026-08-13,UK,Premium,11.74,91.71,1,0,1,0,17.82
516,69,Female,2023-12-06,2026-07-02,Germany,Premium,9.53,63.6,1,0,0,1,17.19
517,33,Female,2026-01-23,2026-05-14,Australia,Basic,4.92,70.45,2,1,0,1,9.79
518,30,Female,2025-05-15,2026-05-26,France,Standard,2.01,25.53,1,0,0,1,13.93
519,67,Female,2025-02-11,2026-05-10,India,Standard,3.4,3.5,0,1,0,1,13.65
520,59,Female,2024-07-08,2026-05-28,France,Basic,6.96,87.71,1,0,0,1,8.75
521,47,Female,2025-09-01,2026-08-11,Australia,Basic,10.71,67.3,1,1,0,0,9.11
522,36,Male,2025-06-17,2026-08-16,France,Basic,15.32,47.84,0,0,0,0,9.01
523,34,Female,2025-08-18,2026-06-13,France,Standard,6.33,31.97,0,1,1,1,13.81
524,73,Male,2026-03-24,2026-08-10,India,Basic,12.51,67.27,0,0,1,0,9.24
525,36,Female,2025-06-03,2026-08-18,UK,Premium,2.18,47.09,2,0,0,0,17.88
526,45,Male,2024-12-18,2026-08-03,Australia,Standard,8.79,41.83,0,0,1,1,13.33
527,72,Female,2025-09-19,2026-08-16,Australia,Standard,11.19,51.75,0,0,0,0,14.3
528,43,Male,2026-01-06,2026-08-12,USA,Basic,14.59,31.02,1,0,0,0,8.68
529,54,Female,2025-08-22,2026-07-31,Ireland,Standard,10.87,73.68,1,0,0,1,13.84
530,43,Female,2023-09-11,2026-07-25,Australia,Standard,3.48,30.22,1,0,0,1,13.7
531,70,Male,2024-11-05,2026-08-16,Ireland,Basic,11.09,64.76,0,0,0,0,8.95
532,40,Female,2024-10-01,2026-08-17,India,Premium,6.23,81.66,0,0,0,0,17.58
533,26,Male,2024-08-16,2026-05-21,Canada,Standard,6.66,47.29,2,0,0,1,13.93
534,29,Female,2024-02-19,2026-08-11,Germany,Basic,3.37,74.89,0,1,1,0,9.44
535,70,Female,2025-02-12,2026-05-30,USA,Premium,5.45,95.77,2,1,1,1,18.52
536,18,Male,2025-12-16,2026-08-15,India,Basic,17.07,61.49,2,0,0,0,8.6
537,18,Female,2023-11-04,2026-05-01,UK,Standard,7.6,40.46,0,1,1,1,14.16
538,64,Male,2025-07-11,2026-08-16,Canada,Standard,4.21,31.55,0,1,0,0,14.27
539,51,Male,2026-06-15,2026-06-15,France,Basic,7.99,75.0,2,0,0,1,9.0
540,49,Female,2024-06-05,2026-08-14,USA,Standard,5.97,21.74,0,1,0,0,13.81
541,71,Male,2026-06-23,2026-06-23,USA,Standard,4.59,46.19,0,0,1,1,13.49
542,65,Other,2026-04-26,2026-08-17,India,Standard,6.48,99.65,1,0,1,0,14.32
543,42,Female,2026-01-14,2026-08-16,UK,Basic,13.17,47.21,1,0,0,0,9.3
544,57,Male,2025-09-19,2026-06-30,UK,Basic,3.89,32.36,0,1,1,1,8.91
545,62,Female,2024-06-15,2026-08-19,Ireland,Basic,14.86,27.86,1,0,1,0,8.76
546,70,Male,2026-05-02,2026-05-02,Germany,Premium,11.76,6.06,0,0,0,1,17.68
547,18,Male,2026-01-16,2026-08-17,India,Basic,10.89,70.2,1,0,0,0,8.04
548,33,Male,2023-09-26,2026-08-13,Canada,Standard,7.86,56.76,0,0,0,0,13.56
549,56,Male,2025-01-09,2026-05-31,Germany,Premium,15.31,84.31,0,0,0,1,18.05
550,22,Male,2025-02-27,2026-05-17,Canada,Standard,8.14,73.93,0,1,0,1,13.85
551,39,Male,2023-11-23,2026-08-18,USA,Premium,10.36,44.93,0,0,0,0,16.96
552,46,Other,2023-09-29,2026-08-10,Australia,Premium,9.85,50.07,0,1,0,0,18.55
553,72,Female,2025-12-16,2026-08-14,Australia,Basic,9.83,66.79,0,0,0,0,8.48
554,20,Female,2025-11-06,2026-08-12,India,Basic,5.65,38.87,0,0,0,0,9.12
555,29,Female,2025-08-31,2026-04-24,UK,Basic,2.25,77.04,0,1,0,1,9.74
556,43,Female,2026-01-05,2026-08-19,UK,Basic,19.09,35.84,0,1,0,0,8.9
557,33,Male,2025-03-04,2026-07-12,France,Standard,4.7,21.69,0,0,0,1,14.23
558,68,Female,2024-08-26,2026-08-19,USA,Basic,6.38,30.16,1,0,0,0,9.32
559,54,Other,2023-12-05,2026-08-18,USA,Standard,2.34,47.88,0,0,0,0,13.49
560,39,Male,2026-07-03,2026-08-10,Canada,Basic,6.38,75.63,2,0,0,0,9.1
561,74,Female,2026-04-05,2026-08-19,USA,Basic,4.46,81.92,0,0,0,0,8.52
562,46,Female,2026-03-18,2026-08-19,France,Standard,20.14,85.66,0,1,0,0,13.66
563,31,Female,2025-03-25,2026-08-15,India,Basic,2.7,28.72,0,1,0,0,8.83
564,45,Female,2023-09-27,2026-08-19,Canada,Standard,13.29,52.45,0,1,1,0,13.58
565,22,Male,2024-11-01,2026-06-03,Germany,Premium,5.08,75.58,0,0,1,1,17.74
566,64,Male,2025-08-04,2026-04-25,UK,Standard,17.16,89.42,1,0,1,1,13.79
567,66,Male,2025-08-04,2026-06-15,UK,Basic,15.14,87.17,0,0,0,1,9.05
568,47,Female,2024-10-10,2026-07-23,Australia,Premium,8.0,23.93,1,0,0,1,18.12
569,63,Male,2024-02-01,2026-08-19,Australia,Basic,2.13,15.28,0,1,0,0,9.49
570,69,Female,2025-12-05,2026-05-03,France,Standard,7.6,27.83,0,0,0,1,13.92
571,22,Male,2026-07-05,2026-08-15,India,Basic,7.68,46.2,0,0,0,0,9.06
572,29,Male,2025-05-22,2026-08-13,UK,Basic,6.3,75.03,0,1,1,0,9.81
573,33,Male,2025-04-13,2026-08-17,France,Premium,11.54,50.02,0,0,0,0,17.85
574,43,Female,2024-07-27,2026-08-14,India,Basic,5.42,67.29,0,0,1,0,9.73
575,43,Male,2024-05-18,2026-05-11,Germany,Premium,20.74,6.25,2,0,0,1,18.4
576,65,Male,2026-01-25,2026-08-11,Germany,Basic,3.37,10.52,0,0,1,0,8.93
577,38,Female,2025-01-24,2026-05-18,Ireland,Premium,4.47,34.25,0,0,0,1,17.41
578,56,Male,2025-02-27,2026-06-05,Canada,Premium,4.2,14.47,0,1,1,1,17.88
579,53,Male,2025-01-03,2026-06-25,Australia,Standard,6.79,13.98,3,0,0,1,13.33
580,50,Female,2025-11-30,2026-05-06,Canada,Standard,2.27,67.27,0,0,1,1,14.02
581,47,Female,2023-08-24,2026-05-25,Australia,Standard,13.78,16.84,1,0,0,1,14.9
582,54,Male,2025-03-17,2026-05-29,Ireland,Premium,3.93,19.24,0,1,0,1,17.87
583,40,Female,2023-10-08,2026-08-16,UK,Basic,9.6,93.54,0,0,0,0,9.27
584,27,Other,2025-05-03,2026-05-01,France,Standard,4.53,30.07,0,1,0,1,13.9
585,71,Female,2026-07-01,2026-08-17,India,Basic,17.74,82.37,1,0,0,0,9.45
586,22,Female,2026-04-01,2026-08-18,Canada,Basic,2.87,67.79,1,1,1,0,8.53
587,53,Female,2025-03-21,2026-08-10,Australia,Basic,1.93,57.85,0,0,1,0,8.98
588,51,Female,2026-04-23,2026-08-11,Canada,Standard,10.63,63.91,0,1,0,0,13.46
589,69,Female,2025-05-13,2026-08-17,UK,Premium,16.71,50.36,0,1,1,0,18.55
590,48,Male,2026-05-10,2026-05-28,India,Basic,4.15,57.45,0,0,0,1,9.01
591,27,Female,2024-04-20,2026-06-04,USA,Standard,1.97,46.43,1,0,0,1,14.2
592,36,Female,2024-04-26,2026-06-23,Australia,Standard,8.94,67.56,0,0,0,1,14.2
593,49,Male,2025-06-12,2026-08-15,France,Standard,11.84,11.26,0,1,1,0,13.4
594,18,Male,2025-11-12,2026-07-18,USA,Premium,15.4,27.8,0,0,1,1,17.47
595,73,Female,2024-03-04,2026-08-17,Ireland,Basic,6.14,43.35,1,0,0,0,9.24
596,22,Female,2024-03-05,2026-08-19,India,Basic,11.62,26.78,1,0,0,0,9.14
597,62,Male,2024-02-06,2026-08-16,Germany,Basic,32.63,78.13,0,1,0,0,9.14
598,21,Female,2025-11-07,2026-06-01,Canada,Premium,1.38,67.51,0,0,0,1,18.29
599,33,Male,2024-02-29,2026-08-15,Australia,Premium,12.1,84.57,1,0,0,0,17.91
600,41,Male,2025-03-16,2026-08-12,France,Basic,4.11,80.85,0,0,1,0,8.78
601,33,Female,2025-08-19,2026-08-17,Canada,Basic,6.83,82.3,2,0,0,0,8.4
602,72,Male,2024-10-26,2026-08-12,Ireland,Standard,14.82,35.44,0,1,1,0,14.55
603,19,Male,2025-07-24,2026-07-10,Ireland,Standard,18.21,12.89,1,0,0,1,14.02
604,66,Female,2023-09-01,2026-08-01,Canada,Standard,6.22,56.8,0,0,0,1,13.35
605,45,Male,2024-01-14,2026-08-11,Australia,Premium,14.99,2.56,0,1,1,0,17.54
606,49,Male,2024-02-08,2026-08-18,France,Premium,15.07,17.65,1,0,0,0,17.94
607,44,Other,2024-10-22,2026-08-19,India,Premium,9.02,72.48,0,1,0,0,18.07
608,37,Female,2024-07-04,2026-07-20,UK,Standard,11.73,47.71,0,0,0,1,14.47
609,41,Female,2024-09-06,2026-08-18,India,Basic,29.79,42.17,0,1,0,0,9.22
610,29,Female,2023-10-22,2026-05-01,UK,Standard,7.99,5.14,0,0,1,1,13.46
611,67,Male,2023-10-18,2026-08-13,France,Standard,19.15,81.44,1,0,0,0,14.03
612,52,Female,2024-08-27,2026-08-19,Germany,Basic,7.19,42.19,0,1,0,0,8.87
613,50,Female,2025-12-18,2026-06-07,India,Basic,2.77,27.37,0,0,0,1,8.93
614,50,Female,2026-03-25,2026-08-16,France,Standard,25.51,48.9,0,0,1,0,14.38
615,68,Female,2025-12-06,2026-06-06,Canada,Standard,10.99,60.08,0,0,1,1,14.53
616,60,Female,2024-02-11,2026-08-15,Canada,Standard,12.17,64.31,0,0,0,0,14.53
617,54,Male,2025-05-03,2026-08-16,Australia,Basic,7.09,68.86,0,0,0,0,9.06
618,29,Male,2025-01-18,2026-08-14,Canada,Standard,2.4,56.28,0,1,0,0,14.25
619,20,Female,2024-04-13,2026-06-27,Australia,Basic,9.58,31.33,1,0,0,1,9.06
620,18,Female,2026-07-09,2026-08-13,France,Standard,6.04,64.03,0,1,1,0,13.78
621,50,Female,2025-03-19,2026-06-15,Canada,Standard,6.52,10.56,3,1,1,1,13.52
622,57,Male,2024-12-19,2026-05-14,Ireland,Premium,14.6,36.78,0,0,1,1,17.49
623,27,Female,2024-07-09,2026-07-03,USA,Standard,11.73,44.58,2,0,1,1,14.18
624,60,Female,2026-02-03,2026-07-24,France,Standard,12.45,35.41,0,0,0,1,14.17
625,61,Female,2023-12-03,2026-07-26,Canada,Standard,8.04,18.21,0,0,0,1,14.19
626,46,Female,2026-01-02,2026-05-04,USA,Standard,1.17,19.51,0,0,1,1,14.31
627,30,Female,2024-03-09,2026-08-18,UK,Basic,8.49,62.43,0,1,1,0,9.57
628,29,Female,2024-06-27,2026-04-30,Germany,Standard,7.5,9.05,0,1,1,1,14.16
629,48,Female,2023-09-18,2026-08-11,India,Standard,14.31,64.06,0,0,0,0,13.86
630,63,Female,2024-06-07,2026-08-13,India,Standard,25.88,39.78,0,0,0,0,13.43
631,19,Female,2026-04-15,2026-05-13,France,Basic,12.26,10.02,2,0,0,1,9.14
632,68,Female,2026-05-11,2026-08-13,UK,Premium,12.16,80.27,0,0,0,0,17.72
633,67,Female,2023-11-01,2026-08-18,Canada,Basic,10.54,18.02,0,0,0,0,8.71
634,52,Female,2025-07-29,2026-07-22,India,Basic,6.37,61.22,1,0,0,1,8.83
635,40,Female,2024-04-30,2026-04-22,Australia,Premium,5.24,58.59,1,0,1,1,18.16
636,34,Male,2025-01-23,2026-08-15,UK,Premium,10.92,23.29,0,0,0,0,18.06
637,43,Male,2025-11-09,2026-08-11,Ireland,Basic,21.85,23.12,0,0,1,0,9.58
638,25,Other,2023-11-06,2026-05-27,USA,Premium,4.09,61.73,1,0,1,1,17.81
639,46,Female,2026-07-17,2026-08-15,Australia,Basic,10.22,24.85,1,1,0,0,8.44
640,43,Female,2026-02-26,2026-08-12,India,Standard,7.03,42.34,0,1,1,0,13.52
641,27,Female,2026-02-06,2026-08-12,Australia,Standard,11.32,78.22,2,0,1,0,13.28
642,43,Female,2025-08-11,2026-06-04,Canada,Standard,4.58,50.72,0,0,0,1,14.28
643,51,Female,2025-02-16,2026-08-13,Ireland,Standard,10.28,34.65,1,1,0,0,14.3
644,68,Female,2024-01-07,2026-08-14,USA,Basic,1.7,66.27,0,0,1,0,8.71
645,58,Female,2024-11-19,2026-07-30,Ireland,Basic,15.17,8.55,0,0,0,1,8.76
646,24,Male,2025-02-24,2026-08-18,UK,Standard,11.69,57.49,0,0,0,0,14.12
647,21,Male,2025-06-07,2026-08-10,Canada,Basic,14.17,40.27,1,0,0,0,8.52
648,70,Male,2025-05-11,2026-08-18,Australia,Premium,10.45,60.78,0,0,0,0,17.63
649,67,Male,2025-01-25,2026-08-18,Australia,Standard,4.96,42.66,0,1,0,0,14.06
650,62,Female,2024-11-15,2026-08-12,UK,Basic,4.55,33.84,0,0,0,0,9.32
651,28,Male,2024-02-02,2026-08-11,Australia,Standard,18.67,36.63,2,0,1,0,13.85
652,46,Male,2023-08-30,2026-08-10,Germany,Basic,2.55,43.02,0,0,0,0,8.34
653,73,Male,2025-01-04,2026-08-10,Canada,Basic,31.48,49.91,0,0,0,0,8.95
654,53,Male,2024-12-23,2026-07-10,UK,Standard,11.24,47.89,1,0,0,1,13.85
655,42,Female,2023-10-03,2026-08-17,Canada,Premium,3.78,65.82,0,0,0,0,17.74
656,38,Female,2025-08-12,2026-07-09,USA,Standard,2.72,38.65,1,0,0,1,14.14
657,74,Female,2024-11-15,2026-08-17,Canada,Basic,7.74,86.46,0,0,0,0,9.06
658,53,Male,2026-03-14,2026-08-13,Canada,Standard,10.69,85.63,0,0,0,0,13.35
659,27,Male,2023-09-12,2026-08-14,USA,Basic,11.96,86.81,1,0,0,0,8.54
660,54,Male,2025-07-29,2026-08-16,UK,Basic,8.79,94.32,0,0,0,0,9.09
661,26,Female,2023-12-05,2026-08-19,Canada,Premium,5.74,96.06,0,0,1,0,18.06
662,41,Male,2026-05-01,2026-06-12,Ireland,Premium,4.68,27.61,1,0,0,1,18.08
663,52,Female,2024-09-23,2026-08-12,Canada,Basic,11.09,67.31,0,0,1,0,8.99
664,66,Male,2024-05-31,2026-04-26,UK,Standard,2.41,31.6,1,0,0,1,14.06
665,52,Female,2024-05-21,2026-07-27,France,Premium,1.46,25.64,0,1,1,1,17.89
666,65,Male,2025-03-16,2026-07-30,Australia,Basic,9.4,58.61,1,0,0,1,9.13
667,53,Male,2025-12-08,2026-08-19,India,Basic,7.01,12.96,2,1,0,0,8.54
668,35,Female,2023-11-07,2026-08-12,USA,Premium,23.25,49.14,1,1,0,0,17.76
669,66,Male,2025-05-28,2026-08-13,Australia,Standard,11.3,53.64,0,0,0,0,14.1
670,56,Male,2024-06-01,2026-08-19,UK,Basic,4.79,65.43,0,0,1,0,9.64
671,49,Female,2026-03-06,2026-08-16,Germany,Basic,5.4,69.56,1,1,0,0,8.69
672,41,Female,2025-12-07,2026-08-11,India,Basic,11.04,50.6,0,1,0,0,8.41
673,40,Female,2025-09-01,2026-07-20,Australia,Standard,5.53,8.21,1,0,0,1,13.83
674,49,Male,2024-04-30,2026-08-19,Canada,Standard,12.33,74.97,1,0,0,0,13.97
675,54,Male,2025-05-02,2026-08-18,India,Standard,23.77,17.74,1,0,0,0,13.78
676,29,Male,2026-07-14,2026-08-17,Canada,Standard,15.7,45.87,0,1,0,0,14.49
677,66,Male,2026-03-15,2026-06-22,USA,Basic,0.72,12.79,1,0,0,1,8.87
678,72,Female,2025-10-27,2026-08-12,Canada,Basic,10.12,57.01,1,0,1,0,8.87
679,30,Female,2024-09-04,2026-08-19,India,Basic,11.26,33.73,0,0,0,0,9.31
680,40,Male,2024-01-05,2026-08-18,Ireland,Premium,1.3,74.07,1,0,1,0,18.24
681,42,Female,2025-12-19,2026-07-20,Ireland,Standard,3.68,31.25,0,1,0,1,14.66
682,52,Male,2025-11-16,2026-08-10,France,Basic,9.21,48.75,1,0,0,0,8.77
683,58,Female,2025-05-26,2026-08-10,Australia,Standard,8.59,63.6,3,0,0,0,14.16
684,47,Male,2023-08-21,2026-08-18,UK,Premium,13.9,37.23,0,0,1,0,18.15
685,34,Male,2024-08-03,2026-08-15,France,Standard,15.73,91.26,0,0,0,0,14.48
686,66,Female,2026-02-28,2026-08-14,USA,Basic,3.99,51.37,0,0,0,0,8.81
687,37,Female,2026-03-02,2026-04-28,Germany,Basic,9.74,19.87,0,0,1,1,9.58
688,65,Female,2025-01-02,2026-08-18,France,Basic,11.43,32.15,1,1,1,0,9.36
689,42,Male,2026-04-05,2026-07-23,Australia,Premium,5.36,64.27,1,1,0,1,18.43
690,39,Male,2026-06-18,2026-06-18,UK,Standard,3.64,36.76,0,0,0,1,13.75
691,30,Female,2026-03-24,2026-07-08,USA,Standard,6.15,26.8,0,1,0,1,13.98
692,36,Male,2025-12-04,2026-07-28,India,Premium,7.47,43.13,1,0,0,1,17.92
693,66,Female,2024-09-01,2026-05-30,USA,Premium,11.11,84.17,0,1,0,1,17.55
694,53,Male,2024-04-12,2026-08-02,India,Basic,4.86,21.96,1,0,0,1,9.09
695,29,Female,2023-10-14,2026-08-16,Australia,Basic,12.46,28.73,0,0,0,0,9.07
696,58,Female,2024-03-23,2026-08-11,UK,Standard,13.28,72.23,0,1,0,0,14.05
697,36,Male,2024-07-18,2026-06-07,France,Basic,3.06,7.14,4,0,1,1,8.98
698,29,Female,2024-03-28,2026-08-12,UK,Standard,4.32,66.98,1,0,0,0,13.98
699,26,Female,2025-10-22,2026-08-14,Canada,Premium,17.62,66.74,0,1,0,0,18.03
700,24,Male,2024-10-24,2026-08-17,Germany,Standard,8.03,54.59,0,0,1,0,13.99
701,45,Female,2023-09-23,2026-08-18,Ireland,Basic,6.25,44.02,1,0,1,0,8.69
702,31,Female,2025-06-13,2026-08-13,Canada,Basic,15.91,46.43,0,0,0,0,8.98
703,48,Male,2024-01-05,2026-08-14,USA,Basic,9.86,36.31,1,1,1,0,9.04
704,69,Male,2024-11-01,2026-08-15,Germany,Premium,33.72,63.65,3,1,0,0,17.45
705,36,Male,2024-11-11,2026-08-12,Germany,Basic,3.0,24.6,0,1,0,0,8.58
706,64,Female,2023-11-13,2026-08-13,UK,Basic,5.4,33.58,1,0,1,0,8.44
707,33,Female,2025-01-30,2026-04-29,Germany,Basic,2.47,18.54,2,0,0,1,8.87
708,70,Female,2025-11-16,2026-07-02,Australia,Premium,11.31,49.23,3,1,0,1,17.93
709,22,Other,2025-08-18,2026-08-12,Germany,Standard,12.3,43.77,1,0,0,0,13.6
710,52,Female,2026-06-18,2026-07-29,USA,Premium,9.72,36.76,0,1,1,1,18.54
711,29,Female,2024-05-13,2026-08-14,Australia,Standard,9.17,30.8,0,1,0,0,12.61
712,42,Male,2025-01-19,2026-06-17,Australia,Standard,12.86,37.86,1,0,0,1,14.05
713,69,Female,2024-02-11,2026-08-18,Canada,Basic,14.77,83.44,2,1,0,0,8.37
714,38,Male,2024-07-22,2026-08-16,Germany,Basic,12.8,54.81,1,1,0,0,8.71
715,53,Female,2026-06-07,2026-06-07,UK,Standard,12.33,23.08,0,0,0,1,13.93
716,70,Male,2025-09-20,2026-08-11,India,Premium,7.57,14.36,0,1,1,0,17.51
717,40,Male,2025-10-25,2026-08-18,Canada,Basic,12.08,49.66,0,1,0,0,8.96
718,33,Male,2024-09-06,2026-08-14,UK,Basic,8.35,72.94,0,1,0,0,8.39
719,74,Male,2025-06-16,2026-07-08,Germany,Standard,3.71,49.46,1,0,1,1,13.91
720,56,Female,2024-11-25,2026-06-09,Canada,Basic,1.4,50.54,0,1,0,1,8.68
721,62,Male,2024-01-11,2026-07-12,Germany,Standard,4.53,58.79,0,1,0,1,14.65
722,70,Female,2023-11-23,2026-07-18,USA,Basic,5.9,38.71,2,0,1,1,9.35
723,59,Female,2025-05-16,2026-07-15,Canada,Basic,1.99,54.71,2,0,0,1,9.3
724,56,Female,2025-05-26,2026-07-31,UK,Basic,14.53,70.68,0,0,0,1,9.59
725,31,Male,2026-03-12,2026-04-27,USA,Standard,13.06,25.43,0,0,0,1,13.53
726,48,Male,2024-12-20,2026-08-10,Ireland,Standard,21.91,27.67,0,1,0,0,13.72
727,22,Female,2025-01-27,2026-05-20,UK,Basic,9.38,47.2,1,1,0,1,9.41
728,52,Female,2026-03-18,2026-08-18,India,Premium,11.04,36.86,0,0,0,0,17.89
729,40,Male,2023-12-30,2026-08-19,France,Basic,3.06,85.54,1,1,0,0,9.07
730,46,Male,2024-12-06,2026-08-17,Germany,Basic,8.14,13.77,1,0,0,0,8.96
731,60,Male,2024-10-15,2026-06-20,UK,Standard,5.4,25.43,0,0,0,1,14.41
732,28,Female,2025-08-27,2026-08-10,Ireland,Basic,6.46,40.86,0,0,1,0,9.03
733,35,Male,2024-04-30,2026-05-28,UK,Standard,6.44,23.26,0,0,0,1,13.83
734,64,Female,2026-06-05,2026-08-17,USA,Premium,5.04,56.24,1,1,0,0,18.37
735,29,Female,2026-04-28,2026-06-12,Australia,Standard,1.11,27.14,0,0,0,1,13.56
736,26,Male,2024-05-18,2026-08-14,France,Standard,6.45,36.36,0,0,0,0,13.75
737,27,Other,2025-08-03,2026-07-27,UK,Standard,4.92,90.13,0,0,1,1,13.43
738,61,Female,2023-09-18,2026-08-14,Canada,Basic,9.17,43.07,2,0,0,0,8.95
739,34,Female,2024-10-22,2026-08-12,India,Standard,5.16,25.8,0,1,0,0,14.19
740,55,Female,2025-11-29,2026-08-14,Ireland,Basic,6.32,93.35,2,0,0,0,8.85
741,24,Female,2024-05-31,2026-08-13,UK,Premium,7.44,56.37,0,1,1,0,17.73
742,63,Female,2024-09-08,2026-08-15,Ireland,Basic,5.26,56.4,1,1,0,0,8.53
743,30,Male,2023-12-31,2026-08-19,Australia,Standard,5.04,15.53,1,1,0,0,14.14
744,57,Male,2024-03-12,2026-08-12,USA,Premium,11.58,55.89,1,0,0,0,18.08
745,59,Male,2026-02-23,2026-08-17,Canada,Standard,6.34,83.3,0,0,0,0,14.17
746,26,Male,2025-09-24,2026-05-19,Germany,Premium,1.31,24.93,0,0,0,1,17.78
747,67,Male,2025-01-18,2026-08-11,UK,Standard,3.05,31.48,1,1,0,0,14.74
748,44,Male,2023-11-16,2026-08-14,USA,Basic,1.69,37.95,0,0,0,0,8.74
749,19,Male,2025-07-03,2026-06-26,France,Premium,5.06,75.22,1,0,0,1,18.21
750,22,Female,2024-05-12,2026-08-19,Ireland,Basic,5.63,25.3,2,1,0,0,9.05
751,46,Female,2025-02-02,2026-08-12,Australia,Basic,14.84,41.44,0,1,1,0,8.98
752,54,Female,2024-12-28,2026-08-11,India,Standard,4.1,21.3,0,1,0,0,13.71
753,55,Female,2024-01-02,2026-08-10,Ireland,Standard,10.02,34.23,1,0,0,0,13.35
754,36,Female,2025-11-26,2026-08-19,India,Premium,7.02,55.29,2,1,0,0,17.56
755,25,Female,2023-11-28,2026-08-12,Australia,Premium,8.78,75.06,0,1,0,0,17.87
756,65,Male,2024-08-19,2026-07-03,India,Premium,2.12,39.57,0,1,0,1,18.65
757,62,Male,2024-06-27,2026-08-12,Australia,Basic,1.07,47.88,0,1,0,0,9.02
758,18,Female,2024-12-23,2026-08-02,USA,Standard,0.76,36.15,0,0,0,1,13.88
759,39,Female,2023-12-07,2026-05-26,UK,Standard,3.77,39.94,0,1,0,1,14.1
760,69,Female,2023-10-08,2026-07-24,Germany,Premium,4.95,27.2,1,0,0,1,17.88
761,34,Male,2024-06-10,2026-07-16,UK,Basic,4.53,20.19,0,0,0,1,9.29
762,24,Male,2025-12-10,2026-08-18,France,Basic,9.75,50.11,0,1,0,0,9.85
763,42,Female,2025-01-10,2026-05-23,France,Premium,3.94,22.69,0,0,0,1,17.44
764,62,Female,2024-01-22,2026-08-16,Canada,Basic,13.33,44.07,0,0,0,0,9.07
765,21,Male,2025-10-21,2026-08-13,UK,Standard,19.74,24.42,0,0,1,0,13.91
766,53,Male,2025-05-17,2026-08-15,Australia,Basic,2.92,23.18,1,0,0,0,8.94
767,23,Female,2025-02-13,2026-08-13,Australia,Standard,2.36,78.79,2,1,0,0,14.58
768,48,Female,2023-12-04,2026-08-16,Canada,Standard,10.4,39.19,0,1,0,0,13.98
769,36,Male,2024-01-23,2026-06-15,Ireland,Basic,5.16,50.33,0,0,0,1,8.19
770,61,Female,2025-04-26,2026-08-12,Australia,Standard,30.44,37.38,1,1,0,0,14.51
771,71,Male,2023-10-13,2026-08-18,Canada,Basic,7.34,56.29,0,0,1,0,9.39
772,56,Male,2026-06-09,2026-08-16,Australia,Basic,10.51,82.23,1,0,0,0,8.82
773,44,Female,2026-04-18,2026-08-14,Germany,Basic,14.61,85.12,1,0,0,0,8.97
774,27,Male,2025-03-22,2026-08-19,Australia,Standard,10.42,57.02,0,1,0,0,13.6
775,43,Female,2025-02-19,2026-08-13,USA,Basic,24.15,55.58,0,0,0,0,9.46
776,36,Female,2024-08-03,2026-08-14,Canada,Standard,4.52,25.32,0,1,0,0,13.91
777,56,Female,2025-03-09,2026-08-17,India,Standard,14.9,25.29,0,1,1,0,14.39
778,20,Male,2025-07-15,2026-08-17,France,Standard,7.64,75.74,1,1,0,0,13.77
779,62,Male,2023-11-13,2026-08-19,UK,Standard,4.51,70.69,1,0,0,0,14.47
780,30,Male,2024-08-21,2026-07-20,Canada,Standard,6.73,15.88,0,0,0,1,14.52
781,67,Female,2025-03-23,2026-08-11,Ireland,Basic,16.98,40.53,0,0,0,0,8.73
782,45,Female,2024-09-24,2026-08-16,Australia,Standard,10.91,21.62,0,0,0,0,13.33
783,37,Female,2024-10-31,2026-08-11,Canada,Basic,6.63,60.55,0,0,1,0,9.1
784,45,Female,2024-07-19,2026-07-14,Germany,Premium,2.36,20.87,1,0,0,1,18.15
785,25,Female,2026-01-10,2026-07-21,Canada,Premium,8.58,64.84,0,1,0,1,18.41
786,58,Female,2024-04-06,2026-08-17,Germany,Basic,4.81,1.99,1,0,0,0,9.48
787,56,Male,2026-03-16,2026-05-05,France,Standard,4.2,25.41,2,0,0,1,14.22
788,18,Male,2024-07-24,2026-08-13,France,Premium,2.75,60.95,1,0,0,0,17.45
789,20,Female,2023-09-24,2026-08-11,Australia,Basic,10.74,89.37,0,0,0,0,9.28
790,30,Male,2024-08-24,2026-08-10,UK,Standard,4.06,73.34,1,1,0,0,14.08
791,45,Male,2025-01-03,2026-08-11,Australia,Basic,7.84,17.3,1,1,1,0,9.07
792,74,Female,2025-07-20,2026-07-11,Ireland,Standard,7.78,45.1,0,0,1,1,13.69
793,66,Female,2023-08-16,2026-08-17,USA,Premium,22.92,53.32,0,1,0,0,17.47
794,42,Male,2025-06-23,2026-06-28,UK,Standard,4.9,52.21,0,1,0,1,13.82
795,73,Female,2023-12-10,2026-08-13,UK,Standard,17.09,41.83,0,0,0,0,14.65
796,50,Female,2026-06-28,2026-08-19,France,Premium,11.32,53.2,0,0,0,0,17.45
797,55,Female,2025-05-02,2026-08-18,USA,Standard,5.32,43.15,0,1,1,0,14.31
798,70,Male,2024-06-04,2026-05-15,Canada,Standard,2.85,27.43,0,0,0,1,14.27
799,23,Male,2024-08-12,2026-08-10,Australia,Standard,11.5,30.82,0,1,0,0,14.63
800,61,Female,2025-05-14,2026-08-17,Canada,Standard,7.04,50.26,1,1,1,0,13.35
801,62,Female,2025-04-04,2026-04-26,Canada,Premium,16.34,44.63,3,0,0,1,18.15
802,49,Female,2026-06-03,2026-08-15,Australia,Premium,1.74,41.6,0,1,1,0,18.57
803,62,Female,2025-10-31,2026-04-23,Ireland,Standard,3.63,25.2,2,0,0,1,13.72
804,64,Male,2023-08-31,2026-05-03,UK,Standard,2.42,35.31,0,0,0,1,14.49
805,38,Male,2025-07-28,2026-05-05,Germany,Basic,14.91,26.48,0,0,0,1,8.87
806,33,Female,2024-12-30,2026-08-12,USA,Premium,14.61,54.6,0,0,0,0,18.3
807,71,Male,2025-03-28,2026-05-15,UK,Standard,3.45,35.13,1,0,0,1,13.69
808,38,Male,2024-03-06,2026-07-05,Canada,Standard,11.13,35.73,0,0,0,1,13.75
809,28,Female,2023-09-26,2026-08-13,USA,Basic,15.03,75.12,2,0,0,0,9.21
810,54,Male,2024-08-12,2026-08-12,Germany,Premium,10.1,39.49,0,1,0,0,18.07
811,53,Male,2025-05-21,2026-08-10,UK,Basic,8.3,29.62,0,0,0,0,8.67
812,52,Male,2023-09-04,2026-08-16,UK,Basic,16.14,43.69,2,1,1,0,9.45
813,36,Male,2026-03-16,2026-06-10,Ireland,Standard,5.99,39.09,0,0,0,1,14.45
814,37,Male,2026-03-08,2026-08-12,UK,Standard,5.09,75.43,1,0,0,0,13.26
815,74,Female,2025-08-24,2026-08-18,UK,Basic,3.04,71.66,0,0,0,0,8.73
816,35,Female,2025-06-24,2026-08-18,Germany,Standard,8.57,36.41,0,1,0,0,14.68
817,64,Male,2026-07-13,2026-07-13,Germany,Basic,1.07,88.3,0,1,0,1,8.72
818,58,Female,2024-11-15,2026-08-15,USA,Basic,30.41,75.75,1,0,0,0,8.28
819,66,Male,2024-11-30,2026-08-17,Canada,Basic,9.96,79.92,0,1,0,0,9.63
820,31,Female,2025-06-30,2026-08-10,Germany,Premium,18.82,51.63,0,0,0,0,17.51
821,32,Female,2025-04-05,2026-08-16,USA,Basic,4.18,45.18,0,0,0,0,8.2
822,48,Female,2026-01-23,2026-08-10,UK,Basic,11.21,41.67,0,0,0,0,7.86
823,18,Female,2025-04-27,2026-06-20,France,Standard,3.52,47.59,0,0,0,1,13.88
824,70,Male,2024-04-27,2026-08-15,USA,Standard,11.52,57.65,0,0,0,0,14.46
825,71,Male,2025-07-28,2026-08-12,France,Standard,10.98,30.35,2,1,0,0,14.08
826,71,Female,2025-07-10,2026-04-27,USA,Premium,9.7,39.28,2,1,1,1,18.41
827,20,Male,2024-08-18,2026-05-04,USA,Premium,8.79,46.24,0,0,0,1,17.92
828,33,Male,2024-04-04,2026-08-14,France,Basic,5.24,46.14,0,0,1,0,8.37
829,40,Female,2025-01-29,2026-08-10,Australia,Standard,14.17,61.66,0,0,0,0,14.26
830,74,Female,2024-05-30,2026-05-16,USA,Standard,3.75,47.99,2,0,0,1,14.38
831,28,Female,2026-04-30,2026-08-19,France,Basic,31.9,80.47,0,1,1,0,9.52
832,29,Male,2026-01-17,2026-06-29,Germany,Basic,7.59,12.2,1,1,0,1,8.53
833,27,Female,2025-10-06,2026-07-26,India,Standard,6.19,34.3,2,1,0,1,13.68
834,49,Male,2024-02-19,2026-08-19,India,Basic,5.93,59.27,1,1,1,0,9.16
835,33,Male,2025-03-01,2026-06-12,India,Premium,17.78,28.5,2,1,1,1,17.3
836,25,Female,2026-06-21,2026-06-21,India,Standard,2.84,63.76,1,0,0,1,13.64
837,55,Male,2023-12-28,2026-08-10,Australia,Basic,10.65,82.77,0,0,0,0,8.96
838,29,Male,2026-06-20,2026-08-15,Canada,Basic,7.58,47.26,0,1,0,0,9.11
839,41,Female,2026-04-26,2026-07-01,France,Premium,12.46,43.57,1,0,1,1,17.4
840,45,Male,2026-06-23,2026-08-13,USA,Basic,23.22,38.01,0,0,1,0,9.09
841,70,Male,2026-03-21,2026-06-09,Ireland,Standard,11.0,44.83,0,1,1,1,14.23
842,25,Male,2024-12-25,2026-07-28,India,Standard,4.79,23.46,0,0,0,1,14.63
843,45,Male,2025-06-13,2026-08-11,UK,Premium,10.83,79.86,1,0,0,0,18.3
844,53,Male,2024-09-06,2026-05-31,India,Standard,5.16,71.28,0,0,1,1,13.22
845,43,Female,2025-10-22,2026-05-18,India,Basic,16.77,34.5,0,0,0,1,9.37
846,25,Female,2024-04-05,2026-08-11,UK,Basic,12.43,22.17,1,0,0,0,8.8
847,67,Male,2026-03-30,2026-07-20,Australia,Standard,1.6,15.27,1,0,0,1,14.45
848,45,Female,2026-07-02,2026-08-12,UK,Premium,6.09,54.47,0,0,0,0,18.55
849,45,Male,2024-11-23,2026-08-19,UK,Basic,14.74,47.05,2,0,0,0,8.86
850,54,Male,2025-04-12,2026-05-04,Australia,Standard,6.39,21.23,1,0,1,1,13.8
851,58,Female,2024-08-29,2026-08-11,UK,Basic,3.98,73.8,0,0,1,0,8.83
852,53,Male,2023-10-14,2026-08-18,USA,Premium,5.26,24.48,0,1,1,0,18.33
853,44,Other,2023-10-11,2026-08-16,India,Standard,7.03,62.43,1,0,0,0,14.05
854,71,Male,2026-02-08,2026-06-12,Canada,Basic,5.95,46.76,0,0,1,1,8.88
855,34,Female,2024-08-21,2026-08-12,Australia,Basic,7.43,74.23,2,0,0,0,8.87
856,26,Male,2025-09-29,2026-08-12,Ireland,Basic,13.39,85.11,0,1,0,0,8.71
857,50,Male,2024-12-19,2026-08-19,Australia,Standard,11.05,69.1,0,1,1,0,14.58
858,70,Male,2024-08-19,2026-08-17,Germany,Standard,4.2,72.51,0,0,0,0,13.84
859,37,Female,2025-09-22,2026-08-11,Ireland,Basic,3.51,67.81,2,1,0,0,9.03
860,30,Female,2026-03-19,2026-07-05,Germany,Premium,8.25,67.82,0,0,1,1,17.74
861,45,Female,2024-09-20,2026-08-14,France,Standard,3.37,70.89,1,0,0,0,14.31
862,65,Male,2026-01-07,2026-05-31,France,Standard,3.34,51.55,0,0,0,1,14.75
863,46,Male,2024-03-31,2026-08-17,Australia,Basic,9.01,70.32,0,1,0,0,9.12
864,30,Male,2025-08-04,2026-08-19,Germany,Basic,12.49,77.21,0,0,0,0,9.01
865,63,Female,2025-03-19,2026-08-17,Ireland,Standard,21.77,46.07,0,0,0,0,14.34
866,52,Female,2026-01-02,2026-07-04,USA,Standard,4.66,47.04,0,0,0,1,14.27
867,23,Male,2024-02-18,2026-08-15,Australia,Standard,4.81,21.09,0,0,0,0,13.6
868,35,Female,2025-02-28,2026-08-02,Australia,Premium,3.03,21.8,0,0,0,1,17.79
869,68,Male,2024-02-04,2026-08-17,UK,Standard,13.83,47.15,0,0,0,0,13.56
870,22,Female,2025-05-01,2026-05-29,Australia,Basic,6.9,49.62,0,0,0,1,8.98
871,64,Female,2026-05-02,2026-07-17,India,Premium,4.29,32.07,0,1,1,1,17.54
872,42,Male,2024-07-06,2026-08-18,France,Standard,13.19,83.95,3,1,0,0,14.51
873,19,Male,2024-08-22,2026-08-16,India,Basic,11.56,24.97,3,1,0,0,8.87
874,27,Other,2024-01-02,2026-08-10,Australia,Basic,14.87,43.47,0,0,0,0,9.48
875,73,Female,2024-10-05,2026-06-09,France,Standard,1.89,42.79,0,0,0,1,14.66
876,47,Female,2024-01-31,2026-08-17,France,Premium,18.52,12.71,0,0,1,0,18.23
877,67,Female,2025-10-22,2026-08-10,USA,Basic,9.33,83.21,0,1,1,0,9.25
878,62,Male,2026-03-19,2026-08-17,UK,Basic,19.07,26.7,3,1,0,0,8.74
879,22,Female,2024-09-03,2026-08-18,Canada,Standard,9.71,32.39,0,0,0,0,13.53
880,72,Female,2024-10-07,2026-07-31,Germany,Premium,4.0,30.28,1,0,0,1,18.42
881,73,Female,2025-09-27,2026-08-12,Ireland,Basic,4.97,34.73,0,1,1,0,9.07
882,50,Male,2024-05-25,2026-07-05,Canada,Premium,2.34,52.58,0,0,1,1,18.77
883,71,Male,2024-11-07,2026-08-18,UK,Basic,9.95,97.5,1,0,1,0,9.09
884,18,Male,2023-11-21,2026-05-30,India,Basic,1.64,45.4,1,0,0,1,8.67
885,35,Male,2024-02-21,2026-08-16,India,Basic,14.99,45.17,2,1,0,0,8.9
886,49,Male,2025-08-04,2026-08-14,India,Basic,6.37,34.05,1,1,1,0,8.51
887,64,Male,2025-11-08,2026-08-13,USA,Basic,4.62,76.39,1,0,0,0,8.91
888,66,Male,2024-09-10,2026-06-08,France,Premium,2.28,44.47,1,1,0,1,17.44
889,28,Male,2026-06-22,2026-08-15,India,Basic,9.21,33.09,0,0,0,0,8.59
890,38,Female,2025-04-10,2026-07-20,Ireland,Basic,4.23,40.04,1,0,1,1,9.31
891,43,Male,2023-08-27,2026-08-14,Germany,Basic,7.37,36.07,0,0,1,0,8.55
892,42,Male,2024-07-02,2026-08-16,Australia,Standard,8.65,58.26,0,0,1,0,14.24
893,39,Male,2024-11-26,2026-05-20,Australia,Premium,1.4,70.71,0,1,1,1,17.57
894,44,Male,2024-07-11,2026-08-17,Canada,Basic,4.32,66.21,0,0,0,0,9.02
895,66,Female,2024-01-02,2026-08-18,Germany,Standard,13.56,29.29,0,0,0,0,13.9
896,30,Male,2026-03-12,2026-06-30,UK,Basic,9.4,41.29,0,1,0,1,9.12
897,50,Female,2026-04-01,2026-07-05,Germany,Standard,7.58,5.88,2,0,0,1,13.99
898,51,Female,2025-02-12,2026-07-29,USA,Basic,4.77,34.9,2,1,0,1,8.72
899,58,Female,2024-09-02,2026-08-11,Canada,Standard,16.6,52.65,0,0,0,0,14.45
900,52,Female,2024-04-11,2026-05-10,Canada,Standard,2.24,49.19,0,0,0,1,13.42
901,18,Female,2024-09-23,2026-08-19,USA,Standard,4.72,39.57,2,1,0,0,13.64
902,38,Female,2023-08-19,2026-08-16,Germany,Basic,6.81,90.99,1,0,0,0,8.4
903,65,Male,2024-02-27,2026-08-14,India,Basic,1.32,63.66,1,1,0,0,8.61
904,72,Male,2025-10-09,2026-05-27,USA,Standard,1.88,51.66,0,0,0,1,13.93
905,23,Female,2024-04-19,2026-08-14,India,Standard,1.69,80.78,0,0,0,0,13.27
906,45,Male,2025-01-03,2026-08-04,Ireland,Basic,5.62,53.66,1,0,0,1,9.24
907,34,Male,2026-07-02,2026-07-04,USA,Premium,14.68,12.89,1,0,0,1,18.47
908,22,Female,2025-01-20,2026-08-14,India,Standard,15.74,43.27,1,0,0,0,14.48
909,48,Female,2026-06-03,2026-08-19,Germany,Basic,14.79,16.04,1,0,0,0,8.28
910,22,Male,2025-12-14,2026-07-17,India,Basic,3.48,69.67,3,0,0,1,8.89
911,55,Female,2024-06-15,2026-08-15,USA,Premium,10.81,40.82,1,0,0,0,18.17
912,20,Male,2026-06-20,2026-08-18,UK,Basic,3.55,67.5,1,0,0,0,9.34
913,70,Female,2025-11-04,2026-08-19,Australia,Premium,16.91,72.66,0,0,1,0,17.99
914,40,Male,2025-09-16,2026-08-10,USA,Standard,2.11,42.11,0,1,0,0,13.68
915,54,Male,2025-09-17,2026-08-16,Australia,Basic,8.8,22.18,2,1,0,0,9.21
916,70,Female,2024-12-30,2026-08-13,USA,Standard,12.16,30.82,0,0,0,0,14.23
917,54,Male,2026-06-30,2026-06-30,Germany,Basic,3.23,16.99,0,0,0,1,9.22
918,27,Female,2023-09-25,2026-08-13,Ireland,Basic,8.59,61.74,0,0,0,0,9.22
919,27,Male,2025-12-02,2026-08-19,Ireland,Basic,4.32,65.98,0,0,1,0,9.59
920,36,Male,2026-04-30,2026-05-17,Australia,Premium,0.33,54.64,0,0,1,1,17.96
921,34,Female,2023-12-06,2026-08-15,France,Standard,5.27,11.68,0,1,1,0,13.58
922,38,Male,2025-12-16,2026-08-18,France,Basic,10.94,33.87,1,1,0,0,9.01
923,31,Male,2025-08-20,2026-08-15,Germany,Basic,2.69,67.59,1,1,0,0,8.64
924,26,Male,2025-01-08,2026-08-14,India,Standard,4.41,83.82,0,1,0,0,14.25
925,63,Female,2024-03-09,2026-08-17,Germany,Basic,7.83,88.35,0,1,0,0,9.47
926,18,Female,2024-02-28,2026-08-19,France,Basic,15.24,38.75,1,0,1,0,9.27
927,68,Other,2024-06-28,2026-05-26,Germany,Basic,3.39,20.29,0,1,0,1,8.48
928,62,Male,2024-12-04,2026-05-24,UK,Standard,4.13,51.65,0,0,0,1,14.21
929,30,Male,2024-08-16,2026-08-17,Canada,Basic,30.46,41.77,0,0,0,0,10.21
930,21,Male,2024-01-08,2026-08-17,France,Standard,11.14,41.78,1,0,0,0,13.81
931,18,Female,2025-01-14,2026-08-19,France,Standard,9.21,69.19,1,1,1,0,13.94
932,66,Male,2024-05-29,2026-08-14,USA,Premium,12.92,77.32,2,1,0,0,17.99
933,57,Female,2026-04-25,2026-08-16,Germany,Standard,18.79,37.48,1,1,1,0,14.12
934,49,Male,2025-02-23,2026-08-17,Germany,Standard,15.06,21.96,0,1,0,0,13.71
935,51,Other,2023-11-10,2026-07-15,Germany,Standard,2.29,21.54,1,0,0,1,14.47
936,45,Female,2023-10-16,2026-08-16,Ireland,Premium,1.07,70.43,1,1,0,0,18.77
937,48,Female,2024-12-11,2026-06-22,Germany,Standard,1.92,48.2,1,0,0,1,13.51
938,25,Male,2025-03-10,2026-08-11,France,Standard,10.68,57.4,1,0,1,0,13.99
939,56,Male,2024-01-26,2026-08-13,USA,Basic,3.27,42.08,1,0,0,0,8.94
940,43,Male,2023-12-08,2026-08-16,India,Premium,2.45,74.71,1,0,1,0,17.64
941,51,Male,2024-07-08,2026-08-16,India,Basic,4.89,32.74,0,0,0,0,9.62
942,71,Male,2025-04-28,2026-08-15,Germany,Basic,16.66,47.97,1,0,0,0,9.08
943,71,Female,2024-12-10,2026-08-16,USA,Standard,4.04,41.12,0,1,0,0,13.9
944,20,Male,2025-11-03,2026-08-19,UK,Premium,7.13,93.94,2,0,1,0,17.56
945,67,Female,2025-04-14,2026-05-02,India,Standard,7.78,26.12,0,1,0,1,14.03
946,29,Female,2026-04-18,2026-08-10,France,Standard,6.77,67.6,1,1,0,0,13.98
947,18,Male,2023-10-04,2026-08-10,Canada,Premium,7.17,44.52,0,0,0,0,18.38
948,71,Other,2025-07-31,2026-04-27,Ireland,Standard,10.74,61.83,1,1,0,1,14.19
949,61,Male,2025-04-08,2026-08-14,USA,Standard,4.44,72.88,1,1,0,0,14.38
950,22,Male,2026-04-17,2026-05-18,India,Standard,3.14,66.39,0,1,0,1,14.01
951,47,Female,2024-03-05,2026-08-18,India,Premium,4.79,89.22,0,0,0,0,18.45
952,47,Female,2026-04-21,2026-06-08,Australia,Standard,5.08,57.67,0,1,0,1,14.19
953,74,Male,2023-08-18,2026-06-16,UK,Premium,5.3,6.73,0,0,0,1,18.62
954,34,Male,2023-12-09,2026-08-14,Canada,Basic,11.43,78.26,0,0,0,0,8.55
955,65,Female,2025-07-02,2026-08-15,Canada,Basic,6.08,39.9,1,1,0,0,9.2
956,64,Male,2026-06-28,2026-08-16,Canada,Basic,13.9,46.82,2,1,0,0,8.76
957,40,Female,2026-06-28,2026-08-18,France,Standard,17.23,52.42,1,0,0,0,13.99
958,32,Female,2025-09-13,2026-05-03,USA,Premium,3.42,73.49,1,0,1,1,18.33
959,54,Other,2024-12-23,2026-08-18,UK,Basic,11.63,71.87,1,1,0,0,8.85
960,38,Male,2026-04-09,2026-08-10,Germany,Basic,15.29,53.02,1,1,1,0,8.76
961,31,Male,2025-03-08,2026-08-15,Australia,Basic,20.69,65.41,0,1,0,0,9.56
962,19,Male,2024-04-14,2026-06-05,UK,Standard,2.71,24.82,1,0,0,1,13.96
963,28,Male,2026-01-13,2026-08-19,UK,Basic,14.09,20.18,0,1,0,0,9.22
964,68,Male,2025-04-17,2026-08-11,India,Basic,22.67,14.58,0,0,0,0,9.18
965,56,Male,2026-01-13,2026-08-13,UK,Premium,7.62,51.58,0,1,0,0,18.09
966,55,Female,2025-08-04,2026-06-17,USA,Basic,4.09,17.94,0,1,0,1,8.9
967,51,Female,2024-12-17,2026-08-13,Australia,Standard,18.54,57.05,0,0,0,0,14.67
968,55,Male,2026-03-29,2026-08-19,USA,Standard,19.18,89.52,1,0,1,0,14.36
969,67,Male,2026-04-08,2026-08-15,Australia,Standard,12.65,34.67,2,0,0,0,13.86
970,51,Male,2024-11-08,2026-08-16,Australia,Basic,9.27,30.08,0,1,1,0,8.53
971,35,Male,2023-09-10,2026-06-12,India,Premium,2.75,32.89,0,1,1,1,17.51
972,47,Female,2025-06-29,2026-08-18,USA,Standard,15.67,10.53,0,1,0,0,14.19
973,32,Female,2023-12-20,2026-08-12,Australia,Basic,9.4,25.32,0,0,0,0,9.58
974,44,Female,2024-03-18,2026-07-28,UK,Basic,8.22,36.33,1,0,0,1,8.39
975,68,Female,2025-03-25,2026-08-12,USA,Basic,11.3,29.22,1,0,0,0,8.12
976,51,Female,2025-04-04,2026-08-11,Australia,Standard,24.01,70.23,2,0,0,0,13.39
977,69,Female,2024-03-14,2026-05-29,France,Standard,2.69,35.66,1,0,0,1,14.79
978,74,Male,2023-12-22,2026-08-15,Canada,Basic,12.85,93.89,1,1,0,0,9.24
979,55,Female,2025-06-23,2026-08-19,USA,Basic,5.38,7.81,2,1,0,0,8.88
980,50,Female,2025-02-20,2026-08-18,India,Premium,14.25,69.87,0,1,0,0,17.42
981,41,Male,2025-08-09,2026-06-28,France,Premium,4.19,20.01,1,1,0,1,18.0
982,32,Male,2025-01-26,2026-08-19,France,Standard,15.58,49.08,0,0,0,0,13.78
983,47,Male,2026-06-04,2026-08-19,Ireland,Standard,9.64,70.26,0,1,0,0,13.67
984,72,Female,2025-08-12,2026-07-12,USA,Premium,6.33,29.81,1,0,0,1,18.1
985,59,Male,2025-01-24,2026-08-17,France,Standard,6.31,59.81,0,0,0,0,13.04
986,68,Male,2024-04-23,2026-08-12,USA,Standard,4.72,15.92,0,0,0,0,14.4
987,34,Male,2023-08-26,2026-08-12,USA,Basic,4.87,95.55,1,0,0,0,8.47
988,22,Female,2024-06-24,2026-07-05,Australia,Standard,2.49,33.94,1,1,0,1,14.49
989,46,Male,2025-08-04,2026-08-16,USA,Basic,13.19,46.89,0,0,1,0,8.03
990,21,Female,2026-01-14,2026-08-14,Ireland,Basic,14.69,52.79,1,1,0,0,8.86
991,27,Female,2025-08-21,2026-05-06,Germany,Premium,1.49,82.75,0,1,0,1,17.92
992,73,Female,2025-03-25,2026-08-13,USA,Standard,10.96,16.47,0,1,0,0,14.43
993,34,Female,2024-09-22,2026-08-14,Canada,Premium,7.88,73.37,0,0,0,0,18.36
994,27,Male,2025-09-28,2026-07-31,Ireland,Standard,1.75,85.92,0,1,0,1,14.44
995,34,Male,2026-06-06,2026-06-16,Germany,Premium,6.91,94.57,1,0,0,1,17.96
996,37,Female,2025-03-13,2026-08-12,Australia,Basic,8.55,68.16,0,0,0,0,9.43
997,41,Male,2026-01-27,2026-08-12,USA,Standard,8.65,70.3,0,1,0,0,13.61
998,22,Male,2023-10-21,2026-08-13,Germany,Basic,4.33,39.13,0,0,0,0,8.33
999,51,Female,2026-05-26,2026-05-26,Canada,Basic,2.47,42.13,0,0,0,1,9.74
1000,23,Male,2025-08-14,2026-08-19,Ireland,Basic,4.44,29.48,0,0,1,0,9.24
1001,70,Female,2025-12-19,2026-06-08,Ireland,Standard,15.24,25.36,1,0,0,1,13.54
1002,19,Male,2024-06-23,2026-04-28,Australia,Basic,1.55,51.46,0,1,0,1,9.19
1003,30,Female,2025-01-17,2026-08-19,Australia,Standard,6.67,55.4,1,1,0,0,13.69
1004,60,Female,2025-03-11,2026-08-10,Australia,Basic,9.98,19.96,2,1,0,0,9.3
1005,60,Female,2026-01-29,2026-08-02,Germany,Basic,5.43,64.19,2,0,1,1,8.82
1006,65,Male,2026-04-07,2026-08-11,USA,Standard,12.15,20.63,0,0,0,0,13.93
1007,28,Female,2025-03-29,2026-08-12,UK,Premium,7.88,59.3,1,0,1,0,17.99
1008,68,Female,2025-05-13,2026-04-23,France,Basic,5.29,24.04,0,0,0,1,9.52
1009,64,Male,2024-10-17,2026-05-09,Ireland,Standard,3.9,64.86,1,0,0,1,14.58
1010,74,Male,2024-08-27,2026-08-10,UK,Premium,11.17,92.73,0,1,0,0,17.85
1011,40,Female,2023-11-03,2026-08-11,India,Standard,21.5,68.33,0,0,0,0,13.41
1012,72,Female,2024-01-11,2026-08-13,Ireland,Standard,5.1,49.45,1,0,0,0,13.71
1013,33,Male,2026-01-08,2026-06-04,France,Basic,5.91,75.88,0,0,0,1,9.24
1014,48,Female,2024-03-30,2026-08-18,Australia,Standard,12.49,66.03,0,1,0,0,13.5
1015,28,Male,2024-05-11,2026-08-11,France,Basic,2.21,23.62,0,1,0,0,9.81
1016,71,Male,2026-05-23,2026-08-13,USA,Standard,33.89,83.71,0,1,0,0,13.34
1017,33,Female,2025-03-30,2026-08-12,USA,Premium,13.83,53.55,0,1,0,0,17.59
1018,25,Female,2025-02-03,2026-06-13,Ireland,Standard,8.56,7.85,1,0,0,1,13.34
1019,21,Female,2024-12-06,2026-08-10,Germany,Basic,11.39,81.58,1,0,1,0,9.11
1020,57,Other,2024-04-03,2026-05-06,India,Premium,7.86,26.95,0,0,0,1,17.65
1021,21,Male,2025-01-18,2026-08-16,France,Standard,4.43,76.53,0,1,0,0,14.11
1022,73,Male,2023-09-17,2026-08-18,Australia,Premium,1.35,53.13,0,1,0,0,18.15
1023,42,Male,2025-12-12,2026-08-11,USA,Standard,9.7,52.54,0,1,0,0,14.21
1024,20,Female,2024-02-26,2026-08-17,India,Basic,5.86,61.12,0,0,0,0,8.5
1025,49,Female,2024-09-11,2026-06-03,India,Standard,4.56,58.05,1,0,0,1,13.86
1026,20,Male,2024-09-27,2026-05-29,USA,Standard,5.49,82.83,0,0,0,1,14.64
1027,44,Male,2024-09-05,2026-08-18,Canada,Basic,17.75,43.87,0,0,0,0,8.6
1028,46,Male,2025-08-19,2026-08-19,France,Standard,2.62,32.65,0,0,0,0,13.71
1029,49,Female,2025-12-08,2026-08-15,India,Standard,5.51,49.03,1,1,0,0,13.9
1030,67,Male,2024-03-02,2026-08-14,USA,Standard,5.92,34.57,1,1,0,0,14.12
1031,68,Male,2026-06-16,2026-07-13,Canada,Basic,6.13,64.86,1,0,0,1,8.73
1032,36,Female,2026-01-14,2026-07-21,USA,Standard,8.42,52.99,0,0,0,1,14.08
1033,38,Female,2024-10-16,2026-06-05,USA,Basic,4.88,14.98,0,0,0,1,9.09
1034,22,Female,2023-12-01,2026-08-18,India,Standard,4.61,24.58,2,1,0,0,14.33
1035,35,Female,2023-11-26,2026-08-13,Germany,Basic,21.91,52.24,2,0,0,0,9.31
1036,45,Male,2025-03-14,2026-08-10,Germany,Basic,3.95,26.22,1,0,0,0,8.32
1037,59,Female,2025-09-13,2026-08-18,Australia,Basic,3.95,73.2,1,1,0,0,9.12
1038,39,Female,2025-02-15,2026-08-15,France,Basic,3.02,51.64,0,0,0,0,8.8
1039,38,Other,2025-07-17,2026-08-17,USA,Standard,5.7,80.21,1,0,0,0,13.42
1040,23,Male,2024-07-05,2026-06-26,France,Premium,14.58,30.94,3,0,0,1,18.48
1041,18,Male,2026-06-20,2026-07-30,Australia,Standard,6.59,22.54,0,1,0,1,13.47
1042,22,Male,2023-10-27,2026-08-12,Australia,Standard,5.6,64.74,0,0,1,0,13.34
1043,58,Male,2025-03-11,2026-08-14,Australia,Premium,9.14,50.98,0,1,1,0,17.73
1044,29,Female,2023-11-30,2026-07-11,Australia,Premium,8.54,55.74,0,0,0,1,17.89
1045,43,Male,2025-09-26,2026-06-16,Ireland,Premium,10.22,47.48,1,0,0,1,17.8
1046,63,Male,2024-12-21,2026-08-11,India,Basic,13.85,45.28,0,0,0,0,9.97
1047,51,Male,2026-05-28,2026-06-13,India,Standard,8.16,33.87,1,0,0,1,13.84
1048,66,Male,2025-12-04,2026-08-17,Ireland,Premium,7.96,25.07,1,1,0,0,17.51
1049,31,Male,2024-06-02,2026-07-12,USA,Premium,14.89,37.4,1,1,0,1,18.22
1050,43,Male,2023-11-09,2026-08-15,Ireland,Standard,6.0,48.31,0,1,0,0,13.32
1051,62,Male,2025-07-13,2026-07-14,USA,Basic,7.11,24.32,1,0,0,1,8.36
1052,44,Female,2025-04-08,2026-08-19,Germany,Premium,12.48,45.86,1,0,0,0,18.46
1053,26,Female,2025-05-27,2026-08-19,India,Standard,5.17,30.58,1,1,1,0,14.49
1054,43,Male,2025-02-04,2026-04-26,UK,Basic,6.43,28.43,0,0,0,1,8.52
1055,74,Other,2023-11-06,2026-08-18,Canada,Basic,12.11,42.51,0,1,0,0,9.93
1056,64,Female,2025-01-05,2026-06-28,India,Standard,10.23,19.7,0,0,0,1,13.78
1057,74,Female,2026-04-22,2026-08-14,Ireland,Basic,2.28,57.31,1,1,0,0,8.45
1058,39,Male,2025-07-17,2026-08-13,Ireland,Basic,14.19,77.76,1,0,0,0,9.17
1059,64,Male,2026-07-06,2026-08-11,Germany,Premium,29.12,61.94,0,1,1,0,17.81
1060,73,Male,2025-08-11,2026-08-11,Ireland,Basic,0.4,26.08,0,1,0,0,8.72
1061,47,Male,2023-08-26,2026-08-10,USA,Standard,5.12,65.64,0,1,1,0,13.63
1062,60,Male,2024-01-16,2026-08-16,USA,Premium,8.41,55.72,0,1,1,0,17.65
1063,65,Female,2025-12-28,2026-08-15,UK,Standard,10.4,72.68,1,1,0,0,14.21
1064,34,Male,2024-06-05,2026-06-11,UK,Basic,0.64,40.44,0,0,0,1,9.28
1065,43,Male,2024-09-03,2026-08-12,India,Standard,2.95,38.59,0,0,0,0,14.0
1066,53,Female,2024-08-02,2026-08-14,UK,Basic,7.14,27.34,1,0,0,0,9.55
1067,18,Male,2025-12-08,2026-08-10,USA,Basic,7.36,65.26,0,1,1,0,8.87
1068,25,Female,2026-05-18,2026-06-23,France,Standard,10.79,62.27,0,1,0,1,14.22
1069,66,Female,2023-12-16,2026-05-03,Australia,Premium,3.52,52.3,4,0,0,1,18.44
1070,52,Female,2023-12-03,2026-08-16,Australia,Standard,11.05,85.43,2,0,0,0,14.51
1071,69,Other,2025-09-04,2026-08-13,UK,Basic,5.59,30.66,2,0,0,0,8.72
1072,32,Male,2025-07-29,2026-06-13,UK,Standard,5.23,94.56,0,0,0,1,13.95
1073,64,Female,2026-04-19,2026-07-29,USA,Basic,9.44,49.81,0,0,0,1,9.06
1074,73,Female,2024-08-25,2026-08-15,Germany,Standard,4.09,79.9,0,1,0,0,15.0
1075,39,Female,2025-05-13,2026-07-14,India,Basic,4.71,76.56,1,0,1,1,9.01
1076,31,Female,2024-04-01,2026-08-16,Ireland,Premium,7.72,31.53,0,0,0,0,17.37
1077,43,Female,2023-10-01,2026-04-23,India,Basic,4.1,29.38,1,0,0,1,9.69
1078,45,Male,2024-02-04,2026-08-19,Canada,Basic,5.5,13.21,2,1,1,0,8.72
1079,40,Female,2024-02-18,2026-08-17,Australia,Standard,5.65,40.47,0,0,0,0,14.02
1080,31,Male,2024-06-03,2026-06-29,France,Basic,3.59,10.69,0,0,0,1,8.44
1081,41,Female,2025-03-16,2026-08-11,Australia,Standard,11.49,53.71,1,1,1,0,14.08
1082,19,Female,2024-04-29,2026-06-12,USA,Premium,1.83,23.0,1,1,0,1,18.35
1083,62,Male,2025-06-24,2026-06-11,India,Basic,6.96,82.08,0,1,0,1,8.57
1084,43,Male,2026-06-30,2026-08-18,France,Basic,12.02,43.29,0,0,0,0,9.41
1085,31,Male,2025-02-23,2026-05-13,USA,Premium,5.09,26.23,1,1,0,1,18.51
1086,73,Female,2024-01-25,2026-08-11,Canada,Standard,8.52,5.98,1,1,0,0,14.26
1087,68,Female,2024-08-05,2026-07-15,France,Premium,10.01,83.87,0,0,1,1,17.79
1088,24,Female,2023-12-20,2026-08-13,India,Basic,2.13,50.26,2,1,0,0,8.94
1089,20,Female,2025-08-05,2026-08-13,France,Basic,10.75,57.48,1,1,0,0,8.71
1090,64,Female,2025-01-21,2026-08-16,Canada,Basic,9.73,57.35,0,0,1,0,8.68
1091,40,Male,2024-11-29,2026-08-17,UK,Basic,15.07,74.75,0,0,0,0,9.3
1092,63,Male,2026-06-19,2026-08-17,India,Standard,22.5,54.04,0,0,0,0,14.33
1093,60,Female,2025-11-04,2026-04-28,Canada,Basic,7.07,7.51,0,0,0,1,8.99
1094,64,Male,2025-04-01,2026-06-16,Ireland,Standard,13.37,89.24,1,0,0,1,14.29
1095,62,Male,2024-04-17,2026-08-15,Ireland,Basic,4.28,55.1,1,1,0,0,9.0
1096,35,Male,2023-11-22,2026-08-13,Australia,Premium,15.28,22.53,2,0,1,0,17.79
1097,55,Male,2024-01-13,2026-08-17,Ireland,Basic,1.41,41.65,0,0,0,0,8.46
1098,52,Female,2026-06-18,2026-08-15,India,Basic,7.58,79.06,0,1,0,0,8.66
1099,68,Male,2024-02-03,2026-05-02,Ireland,Standard,4.75,47.77,0,0,1,1,14.05
1100,32,Female,2025-06-28,2026-08-15,Ireland,Basic,5.94,53.5,1,0,0,0,8.92
1101,42,Male,2024-05-14,2026-08-14,France,Standard,8.36,39.31,0,1,0,0,13.57
1102,72,Male,2025-04-21,2026-08-16,UK,Standard,1.81,36.61,1,1,0,0,14.22
1103,54,Male,2025-12-09,2026-08-13,Australia,Premium,2.86,63.38,0,1,0,0,18.3
1104,45,Female,2025-12-16,2026-08-15,USA,Standard,10.63,22.7,1,1,0,0,13.88
1105,27,Female,2026-02-15,2026-08-04,Australia,Standard,8.45,26.73,1,0,1,1,14.42
1106,56,Female,2024-05-23,2026-08-12,Australia,Premium,15.29,64.85,1,0,0,0,17.29
1107,74,Female,2026-06-15,2026-08-16,Australia,Premium,24.85,56.57,1,0,0,0,18.27
1108,34,Female,2024-10-23,2026-08-12,Canada,Standard,2.77,37.1,0,1,0,0,14.89
1109,56,Female,2026-07-12,2026-07-12,USA,Standard,8.6,27.12,0,0,0,1,14.29
1110,39,Female,2023-08-22,2026-08-17,Canada,Standard,10.96,68.21,0,0,1,0,13.42
1111,43,Female,2026-01-23,2026-06-15,UK,Basic,7.16,39.26,0,1,0,1,9.02
1112,61,Male,2023-12-05,2026-08-12,UK,Premium,1.9,54.27,1,1,0,0,18.46
1113,42,Female,2025-03-07,2026-08-19,Germany,Standard,5.88,27.43,0,0,0,0,13.4
1114,34,Female,2025-07-13,2026-07-05,Germany,Basic,7.25,88.78,0,0,0,1,8.39
1115,30,Female,2023-11-24,2026-08-10,France,Basic,28.81,51.69,2,1,0,0,9.85
1116,37,Male,2025-02-21,2026-08-13,UK,Basic,6.14,46.92,0,0,0,0,8.96
1117,42,Female,2025-07-22,2026-05-07,UK,Basic,4.93,59.85,0,0,0,1,8.71
1118,21,Female,2024-06-04,2026-08-17,Canada,Basic,7.72,22.66,0,0,0,0,8.41
1119,27,Male,2024-06-07,2026-07-06,France,Standard,8.24,39.53,1,0,1,1,14.13
1120,20,Female,2025-08-26,2026-06-26,UK,Basic,8.57,62.6,1,0,0,1,8.99
1121,58,Male,2024-05-18,2026-08-12,India,Standard,4.28,22.99,1,0,0,0,13.85
1122,62,Male,2023-12-02,2026-08-17,USA,Basic,8.77,56.23,2,1,1,0,9.59
1123,35,Male,2025-07-16,2026-08-10,Canada,Basic,7.25,63.41,1,0,0,0,8.61
1124,64,Male,2024-12-01,2026-06-04,UK,Standard,6.05,19.66,1,0,0,1,14.04
1125,53,Female,2024-12-27,2026-08-18,Canada,Premium,14.22,41.59,2,0,0,0,17.57
1126,64,Male,2023-08-24,2026-08-13,Canada,Standard,5.23,51.61,0,0,0,0,14.08
1127,39,Male,2025-07-09,2026-08-17,Ireland,Standard,8.65,74.69,0,1,1,0,14.1
1128,51,Male,2026-04-12,2026-08-19,France,Standard,3.43,48.17,1,0,0,0,13.95
1129,64,Male,2024-04-26,2026-06-22,Germany,Basic,4.33,41.79,1,0,0,1,8.26
1130,25,Male,2026-03-25,2026-07-26,France,Basic,4.1,77.02,0,0,1,1,9.02
1131,57,Female,2025-05-26,2026-08-10,Canada,Basic,2.96,23.73,0,0,0,0,9.74
1132,66,Male,2025-01-26,2026-07-05,France,Standard,2.97,13.26,2,0,1,1,13.16
1133,61,Female,2024-01-03,2026-08-14,Australia,Standard,8.42,64.11,1,0,0,0,13.97
1134,36,Female,2024-08-21,2026-08-19,India,Standard,7.65,66.93,0,1,1,0,14.67
1135,59,Male,2026-03-30,2026-08-17,India,Basic,1.95,69.31,0,0,1,0,8.64
1136,58,Female,2025-07-13,2026-05-04,Canada,Standard,1.01,59.92,0,0,0,1,13.68
1137,54,Male,2025-09-25,2026-08-19,Australia,Basic,7.58,58.4,2,0,1,0,9.56
1138,23,Male,2023-09-12,2026-08-17,India,Basic,4.45,43.88,1,0,1,0,8.9
1139,69,Male,2024-06-05,2026-08-11,Ireland,Basic,7.4,92.01,0,0,1,0,9.19
1140,43,Male,2024-09-18,2026-06-24,UK,Standard,0.4,13.74,0,0,0,1,13.95
1141,51,Female,2026-07-10,2026-08-10,Canada,Basic,4.11,37.69,0,0,0,0,9.08
1142,73,Female,2026-07-13,2026-08-16,Ireland,Standard,16.72,42.92,0,1,1,0,14.9
1143,62,Male,2025-04-16,2026-06-10,France,Premium,6.94,44.8,0,0,1,1,17.1
1144,23,Female,2025-11-08,2026-08-15,USA,Basic,8.74,46.92,3,0,1,0,9.15
1145,54,Male,2024-12-12,2026-07-14,France,Standard,9.54,68.46,1,1,1,1,14.87
1146,74,Female,2025-07-24,2026-08-03,Ireland,Basic,6.22,26.33,1,0,0,1,9.04
1147,50,Male,2023-10-22,2026-08-11,Germany,Basic,4.81,41.6,0,0,0,0,9.33
1148,70,Male,2024-05-24,2026-08-19,Germany,Basic,1.85,24.39,1,1,1,0,9.3
1149,39,Male,2025-12-24,2026-05-19,UK,Premium,10.18,45.15,1,0,0,1,18.06
1150,38,Male,2025-10-27,2026-05-20,France,Standard,5.98,61.7,1,1,1,1,14.64
1151,23,Female,2024-10-03,2026-08-13,Australia,Standard,3.35,38.37,0,0,0,0,13.84
1152,23,Female,2023-10-28,2026-08-14,UK,Basic,5.42,77.44,0,0,0,0,8.6
1153,72,Male,2025-01-13,2026-08-18,India,Premium,15.07,30.58,0,0,0,0,17.34
1154,65,Female,2024-07-15,2026-08-18,Australia,Premium,4.42,84.02,0,0,0,0,17.63
1155,21,Female,2025-05-26,2026-08-11,Australia,Standard,4.21,92.88,1,0,0,0,14.35
1156,47,Female,2025-09-16,2026-05-14,Australia,Premium,2.2,36.7,1,0,0,1,18.07
1157,28,Male,2026-03-06,2026-06-20,Australia,Basic,1.58,10.84,0,1,0,1,9.45
1158,47,Male,2026-01-07,2026-06-23,Germany,Standard,2.36,35.9,0,0,0,1,14.39
1159,48,Female,2023-09-06,2026-08-03,France,Standard,9.25,31.57,0,0,0,1,13.53
1160,41,Female,2024-11-22,2026-08-15,India,Standard,9.91,30.56,1,0,1,0,14.0
1161,72,Male,2023-10-11,2026-08-16,Germany,Premium,20.71,52.12,0,0,0,0,18.34
1162,26,Male,2024-03-11,2026-08-15,Canada,Basic,3.94,13.4,0,1,1,0,9.43
1163,72,Male,2025-12-12,2026-04-25,India,Basic,1.23,77.73,1,0,0,1,8.82
1164,20,Female,2025-09-27,2026-08-15,Germany,Basic,1.51,98.48,0,0,0,0,9.11
1165,68,Female,2023-10-14,2026-08-15,UK,Premium,5.42,70.01,2,0,0,0,18.58
1166,48,Male,2025-08-12,2026-06-05,Germany,Premium,15.41,71.0,2,0,0,1,17.81
1167,57,Female,2024-12-05,2026-07-01,India,Standard,6.12,43.88,1,0,0,1,13.97
1168,54,Female,2024-02-10,2026-06-08,India,Standard,7.58,41.99,0,1,0,1,13.7
1169,53,Female,2026-05-05,2026-08-14,UK,Standard,5.11,47.06,1,0,0,0,13.7
1170,41,Female,2024-08-13,2026-06-25,USA,Standard,2.87,51.47,1,0,0,1,13.81
1171,48,Female,2023-08-20,2026-08-13,France,Basic,10.52,36.54,0,0,0,0,8.55
1172,23,Male,2024-06-24,2026-08-12,India,Standard,12.88,41.71,1,1,0,0,13.8
1173,19,Female,2024-12-08,2026-08-16,Germany,Standard,4.55,63.13,1,0,1,0,13.79
1174,37,Male,2025-06-28,2026-08-11,UK,Standard,8.73,56.27,1,0,0,0,13.81
1175,45,Male,2024-01-06,2026-07-21,Australia,Basic,4.64,17.35,1,0,0,1,8.84
1176,28,Male,2024-10-22,2026-05-05,France,Standard,8.42,26.6,0,0,1,1,13.73
1177,21,Male,2026-03-02,2026-08-19,India,Premium,0.76,63.25,0,0,1,0,18.06
1178,32,Male,2023-09-04,2026-08-12,France,Standard,6.58,38.93,1,1,0,0,14.54
1179,23,Male,2025-04-29,2026-05-06,France,Standard,4.62,49.52,1,0,1,1,13.53
1180,71,Female,2025-10-01,2026-08-16,Ireland,Standard,10.67,78.59,1,1,0,0,13.56
1181,66,Male,2024-08-05,2026-08-15,France,Standard,12.15,69.29,0,0,0,0,13.47
1182,47,Female,2025-04-20,2026-05-07,Australia,Basic,2.93,69.07,0,0,0,1,9.28
1183,73,Male,2024-02-10,2026-08-15,Canada,Standard,10.92,42.0,0,0,0,0,14.26
1184,55,Female,2024-04-03,2026-08-15,France,Standard,5.77,51.91,0,1,0,0,13.66
1185,68,Female,2024-10-05,2026-08-15,India,Standard,3.69,68.52,0,0,0,0,14.47
1186,74,Male,2024-09-25,2026-08-17,UK,Standard,8.28,47.49,0,0,0,0,14.42
1187,19,Female,2024-06-16,2026-06-10,Australia,Standard,17.32,49.5,1,0,0,1,14.03
1188,32,Female,2026-01-26,2026-06-01,Germany,Standard,6.22,46.72,0,1,0,1,13.33
1189,28,Female,2025-02-26,2026-08-19,Germany,Standard,6.18,79.85,2,1,0,0,13.78
1190,25,Female,2024-08-15,2026-08-15,India,Premium,6.53,79.7,1,1,1,0,18.02
1191,43,Female,2024-11-26,2026-08-15,USA,Standard,12.29,89.42,0,1,0,0,13.82
1192,68,Female,2024-04-04,2026-08-17,Ireland,Premium,3.58,33.2,0,0,1,0,18.27
1193,62,Male,2023-10-23,2026-08-16,India,Standard,2.66,49.4,0,0,0,0,13.64
1194,61,Male,2026-05-31,2026-06-10,UK,Basic,5.5,49.47,0,1,0,1,8.92
1195,22,Female,2024-09-03,2026-08-13,Australia,Premium,12.38,28.94,0,1,0,0,17.67
1196,23,Male,2025-10-28,2026-08-11,Ireland,Standard,10.77,73.65,0,0,0,0,13.5
1197,43,Female,2024-11-22,2026-08-12,USA,Premium,14.37,34.55,1,0,1,0,17.62
1198,71,Male,2024-12-13,2026-08-14,India,Standard,14.96,82.16,0,1,1,0,14.09
1199,21,Female,2025-08-16,2026-05-20,Canada,Basic,6.11,83.46,1,0,0,1,8.51
1200,36,Other,2025-07-12,2026-08-11,Ireland,Basic,6.29,82.07,0,0,0,0,9.5
1201,37,Male,2024-12-18,2026-06-04,USA,Standard,2.7,26.2,1,1,0,1,14.25
1202,50,Male,2025-02-19,2026-08-17,India,Premium,6.02,73.55,0,0,1,0,17.73
1203,37,Female,2026-03-22,2026-05-28,France,Standard,7.3,58.07,0,0,0,1,13.87
1204,66,Female,2024-04-05,2026-06-06,India,Basic,2.45,79.83,1,0,0,1,9.26
1205,29,Male,2024-12-28,2026-08-16,UK,Standard,25.53,12.25,0,1,0,0,13.36
1206,64,Male,2026-06-08,2026-07-18,India,Standard,8.35,28.36,1,0,0,1,13.3
1207,18,Female,2026-05-10,2026-08-18,Canada,Basic,6.08,63.0,1,0,0,0,8.75
1208,43,Female,2026-04-21,2026-08-12,India,Basic,13.07,64.72,3,0,0,0,8.52
1209,31,Male,2025-03-17,2026-08-19,Germany,Basic,14.27,54.28,0,0,0,0,8.7
1210,55,Male,2024-07-02,2026-07-24,USA,Basic,0.86,50.5,1,0,0,1,8.29
1211,54,Female,2023-10-27,2026-08-13,France,Basic,10.42,20.84,1,0,1,0,8.1
1212,28,Male,2025-07-03,2026-05-05,Germany,Basic,2.35,60.58,1,0,0,1,9.11
1213,53,Male,2024-05-07,2026-08-13,India,Premium,15.76,85.03,0,1,0,0,18.28
1214,30,Female,2026-02-01,2026-06-22,Canada,Basic,2.47,27.91,1,0,0,1,8.44
1215,60,Male,2024-01-15,2026-06-08,USA,Basic,3.95,48.82,1,0,0,1,9.29
1216,20,Female,2026-02-20,2026-08-11,USA,Basic,7.16,72.14,1,0,0,0,9.33
1217,50,Male,2025-05-16,2026-07-05,India,Standard,2.86,67.0,0,0,0,1,13.85
1218,23,Female,2025-04-26,2026-07-02,Canada,Standard,6.16,45.93,0,1,0,1,13.48
1219,67,Female,2024-10-16,2026-08-12,UK,Basic,15.47,69.57,0,1,0,0,9.1
1220,73,Male,2024-06-01,2026-05-27,France,Standard,1.09,43.01,2,1,0,1,13.89
1221,27,Female,2026-06-28,2026-06-28,USA,Standard,5.34,81.13,1,0,0,1,14.04
1222,22,Male,2025-07-19,2026-06-17,France,Basic,7.46,69.77,0,0,0,1,9.03
1223,40,Female,2024-10-08,2026-08-19,Canada,Standard,11.29,64.51,1,0,0,0,14.37
1224,27,Female,2024-04-22,2026-08-15,Ireland,Standard,9.67,49.47,0,1,0,0,13.98
1225,61,Male,2025-11-24,2026-08-19,Germany,Basic,12.16,47.16,0,0,0,0,8.59
1226,19,Male,2025-05-13,2026-08-16,USA,Standard,11.46,79.45,1,0,0,0,14.63
1227,30,Male,2024-08-16,2026-05-02,Ireland,Premium,7.02,57.31,0,0,0,1,18.11
1228,57,Female,2023-12-22,2026-08-17,USA,Standard,2.52,81.97,1,0,0,0,13.36
1229,19,Male,2025-01-26,2026-08-13,UK,Basic,1.81,57.86,1,0,0,0,9.64
1230,37,Male,2024-10-26,2026-08-16,India,Premium,7.33,58.73,0,1,0,0,18.02
1231,18,Male,2026-01-04,2026-08-11,Canada,Standard,9.58,75.95,0,0,1,0,13.97
1232,54,Male,2025-03-26,2026-08-14,USA,Basic,10.97,61.39,0,0,0,0,8.58
1233,26,Female,2024-03-04,2026-08-15,Canada,Standard,2.39,44.48,0,0,0,0,13.72
1234,34,Male,2025-02-13,2026-08-10,Australia,Standard,13.84,61.94,0,1,0,0,14.12
1235,26,Female,2024-10-08,2026-07-16,USA,Premium,11.14,59.05,0,0,0,1,17.32
1236,28,Male,2023-12-05,2026-08-15,UK,Basic,4.95,52.91,0,0,0,0,9.13
1237,32,Male,2025-05-10,2026-08-17,UK,Basic,15.67,84.85,0,0,0,0,9.1
1238,41,Female,2024-03-16,2026-05-07,India,Standard,10.07,64.65,1,0,0,1,13.48
1239,55,Other,2025-09-10,2026-06-11,India,Premium,21.73,63.61,1,1,0,1,18.04
1240,72,Female,2026-07-02,2026-08-17,Ireland,Basic,12.33,61.49,0,0,0,0,8.96
1241,52,Male,2024-04-24,2026-05-03,UK,Premium,5.39,33.59,2,0,0,1,17.89
1242,47,Male,2026-03-21,2026-05-06,Canada,Standard,3.92,27.86,0,0,0,1,13.97
1243,48,Female,2026-05-10,2026-08-10,Australia,Standard,16.14,62.42,1,1,0,0,13.86
1244,66,Male,2025-04-17,2026-08-10,France,Standard,7.29,8.45,0,1,1,0,14.07
1245,22,Male,2026-02-02,2026-08-15,UK,Basic,10.42,39.31,1,0,0,0,8.9
1246,61,Female,2024-12-16,2026-08-16,USA,Standard,7.87,14.37,1,1,0,0,14.6
1247,67,Female,2024-10-30,2026-08-19,France,Premium,14.38,33.61,0,1,1,0,17.47
1248,31,Other,2026-06-25,2026-08-12,France,Basic,11.91,66.63,1,0,0,0,7.97
1249,70,Female,2024-07-30,2026-08-13,UK,Standard,2.38,79.37,0,0,0,0,13.33
1250,73,Female,2023-09-21,2026-08-15,Australia,Basic,14.58,73.58,0,0,0,0,8.27
1251,28,Male,2026-03-22,2026-08-15,Canada,Basic,22.28,33.34,1,0,1,0,8.91
1252,26,Male,2026-03-17,2026-08-15,USA,Standard,17.24,87.15,4,0,0,0,13.66
1253,51,Female,2025-01-18,2026-08-18,Ireland,Basic,7.64,62.75,1,0,0,0,9.32
1254,29,Female,2025-09-27,2026-08-13,Ireland,Standard,5.97,53.27,2,0,0,0,14.0
1255,52,Male,2024-09-03,2026-08-11,Ireland,Standard,18.52,48.02,1,1,0,0,13.85
1256,52,Male,2023-11-21,2026-08-19,India,Premium,16.55,52.9,0,0,0,0,18.09
1257,18,Male,2023-08-17,2026-08-17,USA,Basic,10.22,79.89,0,1,0,0,8.79
1258,57,Female,2024-10-24,2026-08-15,France,Basic,9.89,64.22,0,1,0,0,9.3
1259,39,Male,2025-07-04,2026-08-19,Ireland,Basic,8.24,76.78,2,1,0,0,8.32
1260,46,Male,2023-09-04,2026-06-17,India,Premium,2.17,10.79,1,1,0,1,17.65
1261,25,Female,2024-08-15,2026-08-13,UK,Standard,9.31,52.54,1,1,0,0,13.94
1262,28,Female,2025-03-11,2026-08-17,France,Basic,11.72,26.13,1,0,1,0,9.06
1263,58,Male,2024-03-21,2026-07-07,USA,Premium,9.16,16.27,0,0,1,1,18.15
1264,54,Female,2024-08-13,2026-05-24,USA,Premium,0.56,6.03,1,0,0,1,18.5
1265,31,Female,2026-03-22,2026-05-06,USA,Premium,12.22,77.75,0,0,1,1,18.06
1266,47,Male,2024-11-02,2026-08-11,Germany,Basic,12.81,31.42,0,1,0,0,9.3
1267,52,Male,2025-02-10,2026-08-18,India,Basic,4.25,75.23,0,1,1,0,9.94
1268,38,Male,2023-08-19,2026-08-10,France,Standard,4.04,6.06,1,1,0,0,14.45
1269,54,Male,2024-06-29,2026-08-10,Canada,Standard,3.11,77.3,0,0,0,0,14.05
1270,22,Female,2026-04-16,2026-08-12,Germany,Basic,9.37,23.88,0,0,0,0,8.51
1271,36,Male,2026-06-24,2026-08-14,Germany,Basic,6.5,59.51,0,1,1,0,9.53
1272,31,Female,2024-04-06,2026-08-11,Germany,Premium,6.59,47.81,1,0,0,0,18.62
1273,43,Male,2025-03-21,2026-08-19,Canada,Basic,6.67,22.04,1,1,0,0,9.33
1274,21,Male,2025-11-23,2026-07-03,Germany,Standard,7.16,42.87,0,0,0,1,14.81
1275,42,Female,2026-05-15,2026-08-13,Ireland,Standard,8.2,93.01,1,0,0,0,14.01
1276,62,Male,2025-12-02,2026-08-13,USA,Standard,5.01,76.3,0,1,0,0,14.08
1277,59,Male,2025-08-04,2026-07-28,France,Standard,3.56,74.16,0,1,0,1,14.4
1278,42,Male,2024-06-20,2026-08-12,France,Standard,10.09,46.21,0,1,0,0,14.07
1279,35,Male,2024-03-10,2026-08-11,USA,Basic,13.77,75.46,0,0,1,0,10.04
1280,57,Female,2025-07-29,2026-08-13,India,Standard,9.9,96.64,0,0,1,0,14.8
1281,25,Male,2023-08-20,2026-08-16,UK,Basic,24.5,52.86,0,0,0,0,9.03
1282,56,Female,2023-09-25,2026-08-11,Australia,Standard,2.56,93.8,2,1,0,0,13.49
1283,57,Female,2025-08-26,2026-07-04,Ireland,Standard,8.12,63.72,3,1,0,1,14.29
1284,31,Male,2024-01-22,2026-07-17,Canada,Standard,12.19,25.03,0,0,1,1,14.21
1285,49,Male,2025-08-17,2026-05-07,Australia,Basic,5.39,59.97,2,0,1,1,9.28
1286,68,Female,2024-02-20,2026-08-15,USA,Basic,15.94,66.64,0,0,0,0,9.06
1287,55,Female,2025-01-28,2026-08-11,Germany,Standard,9.63,42.17,0,1,0,0,14.12
1288,50,Male,2024-07-14,2026-08-16,France,Basic,11.31,75.46,0,0,0,0,8.74
1289,40,Female,2025-05-04,2026-08-13,India,Premium,10.96,52.63,0,1,0,0,18.35
1290,32,Male,2024-01-09,2026-08-18,India,Premium,8.97,29.48,0,0,1,0,16.89
1291,50,Female,2024-01-13,2026-08-14,UK,Basic,5.17,18.53,0,0,0,0,9.11
1292,42,Male,2026-05-31,2026-08-14,UK,Basic,19.76,63.14,0,0,0,0,9.46
1293,34,Female,2026-02-22,2026-04-29,USA,Standard,6.56,2.7,1,1,0,1,13.65
1294,50,Female,2025-07-18,2026-08-15,Ireland,Premium,13.1,31.08,0,0,0,0,18.33
1295,64,Male,2024-12-18,2026-08-14,India,Standard,8.78,36.35,1,0,0,0,13.96
1296,72,Male,2024-10-03,2026-08-14,Australia,Basic,5.45,78.88,0,0,1,0,8.49
1297,19,Male,2026-05-06,2026-07-14,UK,Standard,5.42,52.72,1,0,0,1,13.17
1298,31,Other,2025-12-06,2026-05-19,France,Basic,6.07,39.75,3,0,1,1,8.33
1299,70,Male,2023-12-05,2026-08-18,France,Basic,13.99,58.41,1,0,0,0,9.04
1300,57,Male,2024-12-06,2026-08-14,USA,Basic,5.75,77.33,1,1,0,0,9.73
1301,57,Female,2026-06-27,2026-06-30,Ireland,Standard,3.74,39.77,2,1,0,1,13.68
1302,68,Female,2026-06-23,2026-06-23,USA,Basic,1.8,50.11,0,0,0,1,8.38
1303,56,Female,2026-03-22,2026-08-16,USA,Standard,15.34,61.05,0,1,1,0,14.45
1304,68,Female,2024-03-20,2026-08-12,Ireland,Premium,22.07,72.87,0,0,1,0,17.57
1305,23,Male,2024-11-04,2026-08-15,Ireland,Standard,7.95,74.4,0,1,1,0,13.41
1306,23,Female,2024-02-12,2026-08-11,Ireland,Standard,11.11,83.58,1,0,0,0,13.84
1307,20,Male,2026-06-20,2026-06-20,France,Basic,4.92,32.41,1,1,0,1,9.65
1308,24,Male,2024-03-03,2026-08-18,France,Standard,8.15,62.23,1,1,0,0,13.77
1309,68,Female,2026-06-01,2026-06-01,USA,Basic,3.31,57.91,1,0,1,1,8.17
1310,25,Female,2024-07-25,2026-08-15,UK,Standard,7.9,44.94,0,0,0,0,14.72
1311,59,Male,2025-06-27,2026-08-15,Canada,Basic,32.68,18.09,1,0,1,0,9.02
1312,69,Female,2023-12-20,2026-06-17,Canada,Basic,1.65,58.21,0,1,0,1,9.37
1313,32,Male,2023-10-10,2026-08-17,USA,Basic,5.42,63.71,0,0,0,0,8.69
1314,64,Male,2025-04-02,2026-08-16,USA,Basic,11.03,45.56,0,1,0,0,8.83
1315,46,Female,2024-06-25,2026-08-14,UK,Standard,17.68,31.79,1,0,0,0,13.82
1316,50,Male,2024-11-25,2026-08-11,Ireland,Standard,17.79,56.55,0,0,1,0,13.24
1317,69,Male,2024-01-07,2026-07-27,USA,Basic,8.97,77.05,2,0,0,1,9.15
1318,47,Female,2023-09-25,2026-08-17,India,Standard,7.43,33.37,1,0,0,0,13.89
1319,56,Other,2024-05-19,2026-07-08,France,Standard,4.47,27.78,1,1,0,1,13.87
1320,44,Male,2025-06-04,2026-08-04,Germany,Standard,9.59,23.2,0,0,0,1,14.1
1321,53,Female,2024-09-27,2026-08-12,Ireland,Premium,15.59,31.74,0,0,0,0,18.2
1322,46,Female,2026-01-11,2026-08-16,India,Basic,13.6,85.63,0,0,0,0,9.14
1323,55,Female,2024-05-26,2026-08-11,France,Basic,1.96,21.97,0,1,0,0,8.82
1324,74,Female,2024-12-13,2026-08-18,USA,Standard,3.3,44.56,0,0,0,0,13.58
1325,50,Male,2023-12-05,2026-08-10,Germany,Premium,6.96,88.7,1,0,1,0,18.36
1326,54,Male,2025-03-08,2026-08-10,India,Standard,3.17,16.62,0,0,0,0,13.37
1327,44,Male,2024-12-18,2026-05-09,Australia,Premium,9.88,11.52,0,0,0,1,18.07
1328,72,Female,2024-04-26,2026-08-12,UK,Standard,1.52,52.13,1,0,0,0,14.06
1329,50,Female,2024-06-01,2026-05-06,France,Standard,2.84,53.66,1,1,0,1,13.54
1330,21,Female,2023-12-21,2026-08-12,Germany,Standard,13.64,64.75,0,1,0,0,13.75
1331,39,Other,2025-10-29,2026-08-13,USA,Standard,12.42,23.61,1,0,0,0,14.3
1332,19,Male,2026-07-14,2026-08-11,Canada,Standard,1.84,16.9,1,0,1,0,13.61
1333,27,Male,2024-08-25,2026-08-12,India,Standard,13.98,75.95,0,0,0,0,14.13
1334,22,Male,2023-11-02,2026-08-19,USA,Standard,4.36,22.36,0,0,0,0,13.55
1335,27,Male,2024-01-15,2026-08-16,Canada,Standard,19.85,89.4,1,1,0,0,13.88
1336,50,Male,2024-07-03,2026-08-10,UK,Basic,13.25,31.28,0,0,0,0,8.77
1337,71,Male,2026-02-25,2026-08-16,UK,Standard,6.06,48.69,0,0,0,0,14.16
1338,55,Female,2025-11-22,2026-08-11,Ireland,Standard,9.9,70.99,1,0,0,0,13.81
1339,30,Female,2024-03-16,2026-08-11,India,Premium,6.84,54.38,0,0,0,0,18.1
1340,48,Female,2025-10-07,2026-08-10,Ireland,Standard,13.66,48.61,1,0,0,0,13.42
1341,64,Female,2023-12-12,2026-08-12,Canada,Basic,2.09,3.11,0,0,0,0,9.08
1342,53,Male,2026-06-25,2026-08-11,Canada,Basic,9.26,41.03,1,0,0,0,8.91
1343,62,Female,2025-04-25,2026-07-17,UK,Standard,2.85,56.26,1,0,0,1,13.53
1344,41,Female,2026-04-06,2026-04-27,Germany,Basic,14.88,50.95,2,0,0,1,8.64
1345,69,Female,2025-11-23,2026-08-19,Canada,Premium,11.29,52.81,0,0,0,0,17.94
1346,73,Male,2025-08-23,2026-06-02,Canada,Basic,1.22,87.96,0,0,0,1,8.66
1347,32,Male,2024-01-21,2026-08-17,India,Premium,5.04,27.83,0,0,0,0,17.62
1348,46,Male,2023-08-20,2026-08-12,Germany,Standard,9.94,39.82,3,1,1,0,14.59
1349,25,Female,2024-10-14,2026-08-18,Ireland,Premium,1.12,38.51,0,1,0,0,18.0
1350,22,Female,2026-06-16,2026-07-19,Ireland,Basic,4.11,26.5,2,0,0,1,9.44
1351,46,Female,2024-02-26,2026-08-11,Canada,Standard,11.07,30.75,0,0,1,0,13.72
1352,64,Male,2025-07-02,2026-08-13,India,Basic,1.97,84.2,0,1,0,0,8.91
1353,21,Female,2024-05-01,2026-08-14,Ireland,Basic,2.91,56.85,1,0,0,0,8.49
1354,29,Female,2024-07-03,2026-08-11,Ireland,Basic,5.08,74.17,0,1,0,0,9.55
1355,62,Male,2023-12-05,2026-08-17,Australia,Standard,4.54,66.54,1,1,0,0,13.66
1356,19,Male,2023-08-29,2026-08-11,India,Basic,8.19,63.58,0,1,0,0,9.19
1357,44,Female,2026-04-17,2026-08-18,Ireland,Premium,18.62,82.99,0,0,0,0,17.97
1358,48,Male,2023-10-05,2026-08-18,UK,Basic,9.0,37.4,0,1,0,0,9.69
1359,68,Female,2025-12-28,2026-07-22,USA,Basic,7.17,68.62,0,0,0,1,9.32
1360,68,Other,2024-04-08,2026-06-26,Canada,Basic,11.5,28.72,1,0,1,1,8.98
1361,53,Female,2026-06-21,2026-06-21,France,Standard,5.68,47.87,1,0,1,1,13.8
1362,53,Female,2025-10-28,2026-08-13,Canada,Basic,12.77,85.28,0,0,1,0,9.48
1363,43,Female,2026-06-28,2026-08-17,UK,Premium,6.62,30.23,0,0,0,0,17.21
1364,60,Female,2024-11-19,2026-08-19,France,Standard,14.08,57.09,2,0,0,0,13.81
1365,44,Male,2026-06-12,2026-08-10,USA,Premium,3.27,30.07,0,0,0,0,18.33
1366,22,Male,2026-01-29,2026-06-16,USA,Basic,3.76,24.51,2,0,0,1,8.79
1367,37,Male,2024-06-21,2026-08-14,UK,Standard,11.01,36.36,1,0,0,0,13.83
1368,28,Female,2025-06-02,2026-05-21,Germany,Standard,4.96,42.68,1,1,0,1,14.43
1369,27,Male,2024-08-28,2026-08-17,Germany,Premium,8.26,47.48,0,1,0,0,18.95
1370,57,Male,2024-11-13,2026-08-11,USA,Standard,8.66,67.23,0,0,1,0,13.84
1371,55,Male,2025-12-24,2026-06-24,Germany,Premium,3.37,52.97,1,0,0,1,17.52
1372,23,Female,2026-06-29,2026-08-14,Germany,Basic,5.93,61.79,0,0,0,0,8.99
1373,25,Other,2026-07-16,2026-07-16,Germany,Standard,3.15,31.39,1,0,0,1,14.1
1374,40,Other,2024-10-08,2026-08-15,USA,Basic,5.42,31.73,0,0,0,0,8.94
1375,64,Female,2025-12-19,2026-08-12,France,Basic,8.0,14.54,1,0,0,0,8.76
1376,43,Female,2024-01-13,2026-08-10,Germany,Basic,11.86,61.01,1,0,0,0,9.05
1377,63,Female,2024-01-26,2026-08-15,France,Premium,20.77,51.51,0,0,0,0,17.8
1378,60,Female,2024-09-17,2026-08-15,Canada,Premium,13.59,32.48,0,0,0,0,17.54
1379,29,Female,2024-09-22,2026-05-18,Australia,Basic,8.89,54.03,0,0,0,1,8.89
1380,43,Male,2024-05-12,2026-08-19,USA,Premium,19.75,60.06,2,1,0,0,18.11
1381,30,Female,2025-09-07,2026-08-19,UK,Standard,4.38,50.76,1,0,1,0,14.44
1382,57,Male,2024-05-19,2026-08-18,Germany,Standard,13.65,21.41,1,0,0,0,14.58
1383,35,Male,2024-12-22,2026-05-18,Ireland,Basic,2.13,27.64,0,1,0,1,8.96
1384,42,Female,2026-04-21,2026-07-11,USA,Standard,6.99,76.79,1,1,0,1,13.71
1385,50,Male,2023-08-20,2026-06-07,India,Basic,6.83,34.36,2,1,0,1,9.04
1386,64,Male,2024-06-20,2026-08-14,UK,Basic,4.58,30.19,0,0,0,0,9.18
1387,57,Female,2024-06-11,2026-08-16,Australia,Standard,5.95,18.88,0,0,0,0,13.36
1388,60,Male,2026-07-20,2026-07-20,Canada,Premium,8.26,38.09,2,0,0,1,17.88
1389,29,Female,2026-04-03,2026-05-23,France,Standard,3.42,86.31,0,0,1,1,13.81
1390,61,Female,2024-01-05,2026-08-13,France,Premium,9.16,34.97,1,0,0,0,18.27
1391,53,Female,2025-12-27,2026-06-09,India,Premium,2.37,22.68,1,0,0,1,18.06
1392,65,Female,2024-03-23,2026-08-11,UK,Basic,4.86,52.03,1,1,0,0,9.01
1393,21,Female,2024-12-08,2026-05-07,Germany,Basic,3.17,60.34,1,1,0,1,9.69
1394,22,Female,2024-11-05,2026-08-18,Ireland,Standard,4.78,20.59,3,0,1,0,13.75
1395,73,Female,2023-11-29,2026-08-16,Germany,Premium,2.87,85.47,1,0,1,0,17.76
1396,54,Female,2023-11-29,2026-08-19,UK,Premium,10.09,74.5,0,1,0,0,18.13
1397,25,Female,2024-10-06,2026-08-13,USA,Standard,26.54,41.71,0,0,0,0,13.68
1398,59,Female,2026-05-03,2026-06-06,India,Standard,6.61,16.79,0,0,0,1,14.02
1399,66,Male,2025-06-01,2026-06-08,Ireland,Standard,8.39,52.35,1,0,0,1,14.7
1400,45,Male,2024-10-20,2026-04-29,France,Basic,7.13,80.85,0,1,0,1,9.48
1401,48,Female,2024-05-21,2026-08-18,India,Basic,2.85,86.46,0,0,0,0,8.59
1402,26,Male,2023-08-24,2026-08-11,India,Standard,13.34,5.2,1,0,0,0,13.18
1403,71,Male,2025-08-22,2026-08-14,Ireland,Premium,21.29,63.43,1,0,0,0,17.15
1404,68,Female,2025-10-06,2026-08-14,France,Premium,8.7,49.14,2,1,0,0,18.09
1405,46,Male,2026-02-10,2026-08-11,France,Basic,8.93,50.67,0,0,0,0,8.67
1406,31,Male,2025-09-04,2026-04-24,UK,Standard,14.06,43.51,0,1,0,1,13.89
1407,57,Other,2024-01-09,2026-08-10,Australia,Premium,18.47,38.78,0,1,0,0,17.8
1408,58,Female,2025-07-22,2026-05-05,Australia,Standard,4.55,39.62,2,0,0,1,13.96
1409,39,Male,2025-04-02,2026-08-18,Germany,Basic,13.06,48.08,2,0,0,0,8.66
1410,28,Other,2023-10-02,2026-08-15,UK,Standard,20.53,47.66,1,1,0,0,13.71
1411,40,Other,2024-06-15,2026-06-05,Ireland,Standard,3.24,44.18,1,0,0,1,14.91
1412,18,Male,2024-11-26,2026-06-26,UK,Standard,5.5,34.96,1,0,0,1,13.92
1413,63,Male,2025-09-12,2026-08-10,Ireland,Standard,15.61,40.01,1,0,0,0,14.01
1414,54,Female,2024-12-09,2026-08-15,India,Premium,4.61,60.45,0,1,1,0,17.91
1415,38,Female,2025-08-12,2026-08-11,Germany,Basic,7.26,81.36,0,0,0,0,9.23
1416,43,Female,2024-01-27,2026-06-06,USA,Basic,5.93,52.87,1,0,0,1,9.53
1417,63,Female,2026-01-30,2026-07-14,India,Standard,5.07,26.07,0,0,0,1,13.04
1418,53,Female,2024-11-02,2026-08-11,France,Basic,4.27,81.82,0,1,0,0,8.64
1419,71,Male,2023-09-22,2026-08-11,USA,Premium,14.51,84.11,1,0,0,0,18.12
1420,40,Female,2024-09-07,2026-08-14,UK,Basic,24.83,44.94,2,0,0,0,9.48
1421,74,Male,2025-09-13,2026-05-24,Ireland,Standard,8.37,26.21,2,1,0,1,13.31
1422,18,Female,2024-01-19,2026-08-10,USA,Premium,16.86,8.65,0,1,0,0,17.73
1423,71,Female,2025-05-17,2026-07-31,India,Basic,2.4,53.36,0,1,0,1,9.01
1424,72,Male,2024-03-15,2026-08-14,Ireland,Premium,14.59,39.07,1,0,0,0,17.73
1425,68,Female,2025-10-09,2026-06-22,Germany,Standard,5.35,66.31,1,0,0,1,14.55
1426,57,Male,2025-03-13,2026-08-10,India,Basic,4.36,56.13,1,1,0,0,9.25
1427,32,Male,2025-07-31,2026-08-13,France,Premium,11.48,37.62,0,0,0,0,18.62
1428,38,Female,2025-12-19,2026-08-19,UK,Basic,10.62,19.65,1,0,0,0,9.13
1429,64,Male,2024-04-25,2026-07-29,Ireland,Standard,9.6,87.69,0,1,0,1,15.15
1430,26,Female,2026-01-02,2026-08-11,UK,Basic,4.04,50.18,0,0,1,0,9.19
1431,70,Male,2024-03-20,2026-08-15,Ireland,Basic,16.5,28.24,0,0,0,0,8.97
1432,26,Female,2026-03-07,2026-05-03,India,Premium,5.02,37.23,0,0,0,1,18.61
1433,27,Female,2023-12-16,2026-08-16,Australia,Standard,9.06,57.34,0,0,0,0,13.93
1434,69,Female,2024-10-31,2026-06-15,Australia,Basic,4.9,32.27,1,0,0,1,8.73
1435,74,Female,2024-01-16,2026-07-17,Ireland,Standard,9.11,74.42,0,0,0,1,13.69
1436,70,Female,2025-08-13,2026-07-21,Germany,Standard,3.49,55.95,0,0,0,1,13.82
1437,43,Male,2025-06-28,2026-08-12,UK,Premium,8.22,55.73,0,0,1,0,17.58
1438,58,Male,2026-07-17,2026-08-19,France,Standard,5.27,84.67,0,0,0,0,13.91
1439,52,Male,2024-09-12,2026-05-04,Canada,Premium,0.83,19.05,2,1,0,1,18.1
1440,69,Male,2025-06-17,2026-08-10,Ireland,Standard,8.42,79.44,0,0,1,0,14.21
1441,42,Female,2025-06-05,2026-05-31,Ireland,Standard,5.56,77.55,0,0,0,1,13.86
1442,43,Male,2025-12-20,2026-08-10,Australia,Premium,7.73,19.84,1,0,1,0,17.25
1443,28,Female,2025-01-07,2026-08-10,USA,Basic,14.21,38.17,0,0,0,0,9.14
1444,55,Female,2025-01-09,2026-08-12,India,Basic,11.95,24.75,0,1,1,0,9.02
1445,19,Male,2025-01-09,2026-08-15,Australia,Basic,26.01,27.15,1,0,1,0,8.48
1446,24,Female,2025-03-06,2026-08-17,UK,Basic,21.2,84.31,2,0,0,0,8.75
1447,35,Male,2024-10-15,2026-08-15,Australia,Basic,7.9,68.8,0,1,1,0,9.19
1448,44,Female,2025-02-05,2026-07-17,Canada,Standard,6.04,30.21,1,0,1,1,14.28
1449,51,Male,2023-12-11,2026-05-28,Germany,Standard,6.33,51.41,2,0,0,1,13.26
1450,44,Female,2024-05-25,2026-08-18,India,Basic,5.01,49.87,0,1,0,0,9.49
1451,34,Other,2025-04-02,2026-08-16,Canada,Basic,14.76,34.5,1,0,0,0,9.33
1452,60,Male,2026-06-09,2026-07-29,Germany,Basic,10.14,39.2,0,0,0,1,9.12
1453,61,Male,2024-11-24,2026-08-12,Canada,Standard,6.69,26.54,0,0,0,0,13.71
1454,68,Female,2026-06-03,2026-08-13,France,Standard,6.97,69.8,0,1,0,0,14.49
1455,71,Male,2024-07-23,2026-08-10,India,Basic,5.88,85.34,2,0,0,0,8.61
1456,41,Female,2025-12-12,2026-08-13,Australia,Premium,13.31,38.82,1,0,0,0,18.08
1457,42,Female,2023-12-24,2026-08-10,Canada,Standard,6.68,23.07,3,1,0,0,13.58
1458,24,Male,2025-08-12,2026-07-03,Australia,Premium,9.61,31.1,1,0,0,1,17.6
1459,69,Female,2026-02-16,2026-08-03,India,Basic,6.91,30.32,2,0,0,1,8.23
1460,23,Female,2023-12-26,2026-08-13,Australia,Standard,7.94,65.95,0,0,0,0,14.12
1461,70,Female,2024-04-01,2026-08-17,UK,Standard,3.73,80.98,1,0,0,0,13.72
1462,41,Female,2025-06-29,2026-07-31,Australia,Premium,4.33,37.19,0,0,0,1,17.75
1463,50,Male,2024-02-08,2026-08-12,USA,Standard,3.4,37.06,0,0,0,0,14.15
1464,66,Male,2026-06-13,2026-06-16,Canada,Premium,11.36,28.21,0,0,0,1,18.59
1465,46,Other,2024-03-22,2026-08-11,India,Standard,6.07,26.31,0,0,1,0,14.0
1466,60,Female,2024-07-22,2026-08-17,Ireland,Standard,1.53,64.85,0,0,0,0,13.91
1467,39,Male,2025-12-02,2026-06-24,Ireland,Premium,8.23,13.21,0,0,1,1,17.94
1468,43,Female,2025-04-25,2026-08-10,Ireland,Standard,26.88,59.28,1,0,1,0,14.06
1469,45,Male,2025-11-06,2026-08-19,India,Standard,8.99,74.85,1,0,0,0,14.09
1470,67,Male,2025-05-13,2026-08-12,USA,Basic,3.93,46.29,0,1,0,0,9.42
1471,38,Female,2025-12-24,2026-06-01,Australia,Premium,4.05,17.84,1,0,0,1,17.63
1472,66,Male,2026-03-06,2026-08-17,Canada,Standard,10.21,16.71,1,1,0,0,13.41
1473,24,Female,2025-01-02,2026-08-12,Germany,Standard,11.81,66.47,1,0,0,0,13.71
1474,34,Male,2024-03-17,2026-08-16,Germany,Basic,13.59,7.44,1,0,0,0,8.83
1475,37,Female,2024-07-30,2026-08-11,India,Standard,3.12,28.84,1,1,1,0,13.45
1476,58,Male,2024-03-28,2026-08-15,UK,Standard,7.59,89.39,0,0,0,0,14.45
1477,66,Female,2026-06-15,2026-07-02,USA,Standard,2.11,93.15,0,0,0,1,14.23
1478,37,Female,2026-06-24,2026-08-11,Canada,Standard,2.27,68.33,0,1,1,0,13.71
1479,71,Male,2026-07-03,2026-07-03,Australia,Basic,7.55,46.66,1,0,0,1,8.79
1480,39,Female,2024-10-29,2026-05-05,Ireland,Basic,13.73,64.37,0,0,0,1,8.36
1481,45,Male,2024-12-19,2026-08-10,USA,Standard,5.72,67.18,0,0,1,0,13.23
1482,57,Male,2024-01-30,2026-08-16,USA,Basic,5.53,53.21,1,0,0,0,8.7
1483,66,Female,2023-11-19,2026-08-19,Canada,Standard,3.33,72.86,3,0,0,0,13.7
1484,24,Male,2023-09-01,2026-08-18,India,Standard,9.64,41.88,1,0,0,0,13.5
1485,18,Female,2026-03-20,2026-07-27,Australia,Premium,3.75,45.02,1,0,0,1,18.45
1486,49,Female,2023-12-07,2026-08-12,France,Basic,12.31,82.23,1,1,0,0,8.87
1487,30,Female,2023-10-24,2026-08-16,France,Basic,3.8,34.41,1,1,0,0,8.7
1488,47,Male,2023-11-07,2026-08-15,India,Standard,6.5,47.54,0,1,0,0,13.76
1489,40,Male,2025-08-17,2026-08-10,India,Standard,10.66,57.62,0,1,0,0,13.99
1490,68,Male,2023-11-03,2026-06-28,UK,Basic,12.89,42.06,1,0,0,1,8.44
1491,73,Female,2025-10-21,2026-08-14,India,Premium,3.58,76.4,1,0,0,0,18.19
1492,36,Female,2024-01-31,2026-08-15,Australia,Standard,2.65,17.19,1,1,0,0,13.79
1493,49,Female,2026-06-12,2026-08-13,UK,Basic,14.22,73.45,0,1,0,0,9.14
1494,47,Male,2024-09-07,2026-04-29,France,Basic,5.23,31.15,0,0,0,1,8.76
1495,46,Male,2025-05-21,2026-07-23,UK,Premium,8.05,75.5,0,0,0,1,18.24
1496,66,Male,2025-09-09,2026-06-30,Ireland,Basic,6.26,52.32,1,0,0,1,9.39
1497,62,Male,2024-11-14,2026-05-07,Ireland,Basic,2.83,37.36,0,0,0,1,9.1
1498,46,Male,2024-06-26,2026-08-19,France,Basic,5.95,72.88,0,1,1,0,8.56
1499,47,Male,2026-02-14,2026-06-27,Canada,Standard,10.39,17.53,1,0,0,1,12.97
1500,33,Male,2024-03-01,2026-06-14,France,Premium,1.03,17.31,1,1,0,1,16.98
1501,57,Male,2024-06-04,2026-08-12,Australia,Basic,3.59,16.66,0,1,0,0,9.11
1502,36,Male,2025-11-06,2026-08-18,India,Basic,5.54,51.36,0,1,0,0,8.24
1503,35,Male,2024-03-18,2026-08-10,UK,Basic,10.6,52.79,0,0,0,0,8.97
1504,18,Male,2024-10-24,2026-08-19,Canada,Standard,14.23,9.43,1,0,0,0,13.95
1505,31,Male,2025-04-21,2026-08-14,UK,Basic,4.0,84.08,1,0,0,0,8.93
1506,68,Female,2026-06-04,2026-07-01,USA,Premium,17.83,65.14,1,1,0,1,17.66
1507,64,Male,2026-07-11,2026-08-16,Germany,Basic,41.87,11.72,1,0,1,0,8.58
1508,67,Male,2026-02-27,2026-08-18,Germany,Basic,10.89,79.81,0,0,0,0,9.31
1509,19,Male,2025-03-21,2026-04-28,UK,Basic,9.71,18.79,3,0,0,1,8.89
1510,71,Male,2023-09-05,2026-04-28,Canada,Premium,2.55,11.61,1,0,1,1,18.36
1511,45,Male,2023-09-24,2026-08-11,France,Standard,4.41,72.35,0,1,1,0,14.05
1512,66,Male,2024-12-07,2026-07-21,Ireland,Premium,3.5,36.59,0,0,0,1,17.92
1513,67,Female,2023-09-16,2026-08-13,Australia,Basic,3.11,62.91,1,0,0,0,8.8
1514,47,Male,2024-02-03,2026-08-11,UK,Basic,11.45,16.34,0,1,0,0,8.75
1515,55,Male,2025-12-26,2026-08-13,UK,Standard,7.93,81.68,0,1,0,0,13.93
1516,68,Female,2024-01-23,2026-08-14,Australia,Standard,4.09,79.35,1,0,0,0,13.91
1517,21,Male,2025-11-04,2026-08-17,France,Standard,9.5,56.99,0,1,0,0,14.16
1518,18,Male,2025-04-23,2026-08-17,India,Basic,13.46,14.32,0,1,0,0,8.92
1519,25,Female,2024-05-13,2026-08-16,Ireland,Basic,14.25,70.43,0,0,0,0,9.59
1520,46,Female,2025-07-11,2026-08-17,UK,Basic,19.07,54.27,1,0,0,0,9.46
1521,72,Male,2025-04-13,2026-06-11,USA,Standard,10.02,53.45,0,1,0,1,13.92
1522,56,Female,2026-05-07,2026-06-21,Ireland,Standard,2.86,90.72,0,0,0,1,13.87
1523,20,Male,2025-11-21,2026-05-28,USA,Premium,13.82,75.06,0,0,1,1,17.95
1524,49,Male,2023-09-14,2026-08-15,Germany,Basic,4.77,55.62,1,1,0,0,8.35
1525,27,Female,2026-03-20,2026-07-05,Australia,Premium,9.96,47.52,0,1,1,1,18.03
1526,27,Male,2026-04-01,2026-08-19,Ireland,Standard,29.72,62.94,1,0,0,0,13.49
1527,36,Male,2025-11-29,2026-08-10,India,Basic,22.25,84.47,1,1,1,0,8.44
1528,63,Female,2023-11-26,2026-08-19,Ireland,Premium,18.91,44.28,1,1,0,0,18.04
1529,51,Female,2025-03-11,2026-08-16,Canada,Standard,5.47,86.02,0,0,0,0,14.27
1530,50,Male,2023-08-22,2026-08-17,Canada,Standard,13.1,75.21,1,0,0,0,13.89
1531,40,Female,2024-07-24,2026-08-10,Australia,Standard,9.77,31.33,1,0,0,0,15.02
1532,72,Male,2026-04-20,2026-08-17,India,Basic,21.69,38.37,0,0,0,0,9.12
1533,45,Female,2025-08-18,2026-06-07,Ireland,Standard,5.88,98.42,1,0,0,1,14.06
1534,49,Male,2025-02-23,2026-04-22,France,Premium,7.26,54.89,1,0,0,1,17.93
1535,67,Male,2024-11-25,2026-08-19,Germany,Basic,5.18,71.42,1,0,1,0,8.82
1536,24,Male,2025-05-19,2026-08-12,India,Standard,20.44,81.76,1,0,0,0,13.97
1537,46,Male,2026-07-14,2026-08-16,UK,Standard,8.42,37.28,1,0,0,0,14.47
1538,25,Male,2026-03-23,2026-08-17,Australia,Basic,9.01,51.23,0,1,0,0,8.82
1539,18,Female,2025-06-29,2026-05-16,France,Basic,7.55,18.24,0,1,0,1,8.7
1540,74,Female,2024-10-18,2026-08-10,India,Basic,10.58,7.52,1,1,0,0,8.17
1541,72,Male,2023-08-19,2026-08-11,Australia,Standard,27.92,81.44,1,0,0,0,14.33
1542,20,Male,2026-01-19,2026-08-15,India,Premium,3.91,33.07,1,1,0,0,18.54
1543,41,Male,2024-08-23,2026-08-18,Canada,Standard,10.16,21.67,0,0,0,0,14.67
1544,40,Female,2025-01-02,2026-06-23,Germany,Basic,1.65,15.15,2,1,0,1,8.95
1545,25,Female,2025-05-01,2026-08-15,Australia,Standard,13.47,30.02,1,0,0,0,13.83
1546,71,Other,2026-01-02,2026-08-12,Germany,Premium,8.83,61.57,1,0,1,0,18.38
1547,74,Female,2023-12-16,2026-08-18,Australia,Basic,6.88,15.36,0,0,0,0,8.94
1548,64,Male,2025-02-23,2026-08-15,Canada,Premium,20.88,60.77,0,1,0,0,17.6
1549,54,Male,2023-11-04,2026-08-12,UK,Standard,29.42,45.91,0,0,0,0,14.3
1550,20,Female,2025-12-20,2026-08-11,France,Basic,12.22,72.44,0,0,0,0,8.32
1551,68,Female,2025-01-21,2026-05-05,Canada,Basic,11.74,18.55,1,0,0,1,9.67
1552,50,Male,2025-03-22,2026-08-16,Australia,Standard,10.85,59.84,0,0,0,0,13.42
1553,45,Male,2026-02-03,2026-08-14,Germany,Standard,2.78,57.83,1,0,0,0,14.36
1554,64,Female,2024-02-12,2026-08-19,USA,Premium,0.91,70.79,0,0,0,0,17.22
1555,25,Male,2024-01-02,2026-08-19,Canada,Standard,21.62,13.8,0,0,0,0,14.03
1556,51,Male,2024-04-14,2026-07-31,Germany,Basic,8.35,56.93,1,0,0,1,8.39
1557,52,Female,2026-03-06,2026-05-23,India,Basic,8.83,63.54,2,0,0,1,8.85
1558,49,Male,2026-03-28,2026-06-11,India,Standard,9.33,37.49,0,1,0,1,14.07
1559,41,Male,2025-02-20,2026-08-10,Canada,Basic,15.81,31.97,0,0,0,0,8.7
1560,31,Female,2024-09-01,2026-08-13,Australia,Standard,2.75,51.65,1,0,0,0,14.06
1561,49,Female,2023-10-05,2026-08-18,India,Basic,4.02,70.06,0,0,0,0,9.4
1562,73,Other,2023-09-05,2026-08-18,Germany,Basic,21.54,44.05,0,1,0,0,8.81
1563,63,Male,2025-10-01,2026-05-25,France,Basic,7.85,72.7,1,0,0,1,8.98
1564,60,Male,2025-12-02,2026-07-29,UK,Basic,8.27,15.31,0,0,0,1,9.68
1565,33,Female,2023-12-26,2026-08-14,Germany,Standard,7.77,72.17,0,0,0,0,13.96
1566,21,Female,2025-02-18,2026-08-12,India,Basic,21.37,70.6,2,0,0,0,9.18
1567,69,Male,2023-09-07,2026-08-10,India,Premium,5.53,40.07,0,1,0,0,17.75
1568,54,Female,2024-08-14,2026-08-14,Ireland,Standard,6.66,65.89,0,1,0,0,14.63
1569,71,Male,2025-07-09,2026-05-22,USA,Standard,17.57,14.05,0,1,0,1,13.95
1570,38,Male,2025-05-10,2026-07-03,Australia,Standard,4.14,36.46,0,0,0,1,13.84
1571,31,Male,2024-03-20,2026-08-19,Germany,Standard,5.37,81.33,0,0,0,0,13.82
1572,48,Male,2023-11-24,2026-08-14,India,Basic,5.44,25.62,1,0,0,0,8.52
1573,72,Male,2025-03-09,2026-08-11,Australia,Premium,3.91,57.03,0,0,0,0,16.92
1574,65,Female,2024-11-28,2026-05-15,Canada,Standard,17.54,72.95,0,1,0,1,13.36
1575,35,Female,2024-06-03,2026-07-03,Canada,Basic,2.7,29.67,0,0,0,1,8.89
1576,24,Female,2026-05-12,2026-08-14,Germany,Standard,24.35,84.08,0,0,1,0,13.6
1577,27,Male,2025-12-28,2026-06-13,Ireland,Standard,13.87,63.95,0,0,0,1,14.23
1578,24,Male,2025-08-14,2026-08-16,India,Basic,15.49,33.34,0,1,1,0,9.11
1579,50,Male,2023-08-30,2026-08-13,Germany,Premium,13.41,82.75,0,0,1,0,17.29
1580,40,Male,2023-08-19,2026-08-14,UK,Basic,7.55,21.62,1,0,0,0,9.32
1581,38,Female,2026-03-25,2026-04-29,Ireland,Standard,6.39,60.63,0,1,0,1,14.15
1582,36,Female,2024-02-13,2026-08-14,India,Premium,9.82,61.59,1,1,0,0,17.94
1583,65,Female,2026-07-06,2026-07-06,India,Basic,8.65,50.74,4,1,1,1,9.68
1584,36,Male,2024-01-22,2026-08-17,Australia,Basic,2.78,44.2,0,1,0,0,9.14
1585,53,Male,2024-11-01,2026-08-18,Germany,Basic,7.71,73.74,1,0,0,0,9.18
1586,46,Female,2024-08-30,2026-08-11,India,Basic,11.26,35.92,1,0,0,0,8.79
1587,35,Male,2024-06-07,2026-08-18,Australia,Basic,11.89,59.46,0,1,1,0,9.11
1588,19,Female,2024-01-20,2026-08-16,India,Premium,11.92,86.06,0,1,0,0,17.67
1589,18,Other,2026-03-23,2026-07-02,USA,Premium,4.44,35.71,0,0,0,1,18.18
1590,64,Male,2026-06-25,2026-08-16,Ireland,Standard,24.47,41.61,0,0,1,0,14.1
1591,22,Female,2026-05-18,2026-08-10,Germany,Basic,7.42,67.38,0,1,0,0,9.29
1592,37,Female,2025-04-17,2026-08-14,USA,Premium,5.88,71.52,0,1,0,0,17.89
1593,28,Male,2025-09-10,2026-08-13,Germany,Standard,24.93,73.98,0,1,0,0,14.01
1594,59,Female,2024-05-07,2026-08-16,UK,Basic,9.19,68.72,2,0,0,0,8.89
1595,19,Male,2023-11-08,2026-08-11,Canada,Standard,6.33,90.11,0,0,0,0,13.71
1596,20,Male,2024-07-15,2026-08-18,France,Basic,3.24,69.11,2,1,0,0,9.34
1597,40,Female,2024-02-13,2026-08-13,Australia,Premium,1.99,67.43,0,1,0,0,17.73
1598,72,Female,2023-11-12,2026-08-14,Germany,Standard,7.56,41.99,0,0,0,0,14.35
1599,29,Male,2024-12-19,2026-08-14,Ireland,Standard,6.62,75.44,0,0,0,0,14.03
1600,37,Male,2023-11-22,2026-08-17,Germany,Standard,3.07,25.81,0,0,0,0,14.3
1601,22,Female,2024-03-12,2026-08-11,Germany,Standard,4.93,45.65,0,0,0,0,13.39
1602,54,Female,2024-08-13,2026-08-18,Germany,Basic,20.14,37.4,0,0,0,0,9.07
1603,55,Female,2025-06-21,2026-08-12,France,Standard,4.54,57.98,0,0,0,0,14.63
1604,47,Male,2025-03-24,2026-04-22,India,Premium,8.59,26.11,1,1,0,1,17.58
1605,26,Female,2024-09-23,2026-08-15,Germany,Basic,19.98,30.73,1,0,1,0,8.78
1606,51,Male,2025-04-21,2026-06-28,India,Premium,5.77,56.29,1,0,0,1,17.87
1607,70,Female,2025-12-23,2026-08-17,Ireland,Standard,14.05,52.24,0,1,0,0,14.09
1608,61,Male,2025-02-11,2026-08-13,Ireland,Basic,17.6,45.07,0,0,0,0,8.78
1609,52,Female,2024-09-13,2026-08-18,Germany,Standard,14.34,75.13,0,0,0,0,14.16
1610,69,Male,2023-10-23,2026-06-26,India,Premium,10.33,46.82,0,0,0,1,18.38
1611,39,Male,2024-02-06,2026-08-18,Canada,Standard,2.95,29.0,0,0,0,0,14.44
1612,61,Male,2023-10-21,2026-07-29,Germany,Standard,2.57,57.34,2,0,1,1,13.82
1613,41,Male,2025-09-17,2026-08-13,Australia,Standard,19.96,41.35,0,0,0,0,13.94
1614,34,Female,2023-09-09,2026-08-19,Australia,Standard,20.97,64.77,0,0,0,0,14.55
1615,27,Female,2026-05-22,2026-05-27,Ireland,Basic,2.84,36.94,0,1,0,1,8.17
1616,47,Female,2025-06-30,2026-08-12,France,Basic,13.29,65.85,0,0,0,0,8.85
1617,73,Male,2026-05-26,2026-08-15,Australia,Basic,5.56,77.67,0,1,0,0,9.12
1618,63,Female,2026-02-03,2026-08-13,Australia,Basic,7.08,52.07,0,0,0,0,8.46
1619,40,Female,2024-08-03,2026-08-13,UK,Basic,11.7,79.07,1,0,0,0,8.82
1620,49,Male,2024-03-08,2026-08-11,Germany,Standard,3.92,92.28,0,0,0,0,14.13
1621,34,Male,2025-03-26,2026-06-23,Germany,Standard,17.92,24.22,0,0,0,1,13.88
1622,67,Female,2025-08-15,2026-08-17,Germany,Basic,6.04,62.48,1,0,0,0,9.44
1623,68,Female,2024-05-16,2026-08-10,Germany,Basic,19.66,27.28,1,0,0,0,8.88
1624,34,Female,2024-02-10,2026-08-19,USA,Basic,13.41,69.27,1,1,0,0,8.78
1625,31,Male,2024-06-05,2026-07-02,Germany,Basic,12.96,53.91,0,1,0,1,8.93
1626,26,Female,2024-11-27,2026-08-16,France,Basic,9.19,34.17,1,1,1,0,9.05
1627,57,Male,2025-05-10,2026-08-11,India,Standard,2.84,52.31,1,0,0,0,13.27
1628,19,Female,2026-02-19,2026-08-12,Ireland,Basic,1.58,86.77,1,1,0,0,9.15
1629,62,Female,2023-12-30,2026-08-17,India,Standard,5.81,78.04,1,0,1,0,13.42
1630,42,Male,2025-01-27,2026-05-26,France,Standard,3.69,63.05,0,1,1,1,13.94
1631,56,Female,2025-12-08,2026-08-18,Ireland,Basic,2.58,85.49,1,0,0,0,8.24
1632,26,Male,2025-01-04,2026-08-12,USA,Basic,12.52,61.64,0,1,0,0,9.34
1633,71,Other,2025-01-09,2026-07-28,Germany,Basic,8.68,21.61,0,1,0,1,8.33
1634,39,Male,2024-11-10,2026-08-15,Canada,Basic,7.0,35.19,0,0,0,0,9.37
1635,60,Male,2026-06-27,2026-06-27,India,Basic,7.25,36.21,0,0,0,1,9.14
1636,63,Male,2025-07-18,2026-06-21,Germany,Standard,8.44,60.19,1,0,1,1,14.07
1637,21,Male,2023-10-26,2026-08-12,Ireland,Basic,15.37,24.17,0,1,0,0,9.5
1638,43,Male,2025-08-20,2026-07-02,India,Premium,0.52,47.16,0,1,0,1,17.46
1639,46,Female,2026-07-18,2026-07-18,UK,Basic,10.36,50.85,0,0,1,1,8.8
1640,62,Female,2023-10-17,2026-05-15,Australia,Standard,1.18,24.84,4,0,0,1,14.33
1641,51,Female,2025-10-31,2026-06-22,UK,Standard,6.51,35.64,0,0,0,1,14.86
1642,40,Male,2026-03-22,2026-06-09,Canada,Basic,9.5,29.01,1,0,0,1,9.18
1643,54,Female,2026-06-30,2026-08-10,Germany,Basic,20.99,51.1,0,0,0,0,8.69
1644,28,Male,2024-01-28,2026-06-06,USA,Standard,10.82,34.7,2,0,0,1,13.93
1645,23,Female,2026-03-03,2026-08-15,Germany,Premium,4.32,35.68,0,0,1,0,18.52
1646,35,Male,2025-12-27,2026-08-16,Canada,Basic,13.84,45.05,1,0,0,0,9.4
1647,38,Female,2026-06-08,2026-08-11,Canada,Basic,13.67,53.17,1,0,0,0,8.09
1648,59,Female,2024-03-23,2026-08-15,Australia,Basic,13.8,26.58,1,0,0,0,9.03
1649,53,Female,2023-09-26,2026-08-18,Canada,Basic,4.52,73.17,0,1,0,0,9.27
1650,58,Male,2025-12-26,2026-07-17,UK,Premium,8.95,37.0,0,0,0,1,17.96
1651,55,Male,2024-10-24,2026-06-20,Australia,Standard,5.29,60.57,1,1,0,1,13.61
1652,51,Male,2025-08-10,2026-08-11,Germany,Basic,5.39,50.36,0,1,1,0,9.74
1653,34,Female,2025-07-14,2026-07-12,India,Basic,6.59,13.82,0,0,0,1,8.85
1654,54,Female,2025-01-20,2026-08-11,Germany,Basic,6.19,41.52,1,0,0,0,9.5
1655,42,Male,2023-11-10,2026-08-10,USA,Premium,3.7,37.97,1,0,1,0,17.73
1656,55,Female,2025-08-20,2026-06-27,Canada,Premium,19.96,18.39,1,0,0,1,17.95
1657,29,Female,2026-07-10,2026-07-10,Canada,Basic,7.58,39.16,0,0,0,1,8.96
1658,40,Female,2026-05-07,2026-08-11,Ireland,Standard,10.37,30.25,1,0,0,0,14.32
1659,70,Male,2023-12-17,2026-08-19,Australia,Premium,15.08,57.74,1,0,0,0,17.84
1660,59,Male,2024-01-20,2026-08-17,Ireland,Basic,0.66,68.8,0,1,1,0,9.0
1661,39,Male,2024-08-10,2026-08-12,Australia,Basic,5.46,57.18,1,0,0,0,8.16
1662,38,Female,2024-03-20,2026-08-14,UK,Basic,17.96,21.47,0,0,0,0,8.81
1663,44,Male,2024-06-05,2026-08-19,Australia,Basic,4.32,75.1,2,0,0,0,7.91
1664,74,Female,2024-02-16,2026-08-18,Germany,Basic,6.96,36.78,0,1,1,0,8.86
1665,48,Female,2024-07-15,2026-08-11,USA,Premium,0.64,58.84,1,1,0,0,17.84
1666,23,Female,2024-10-25,2026-08-13,India,Standard,5.82,74.39,1,1,1,0,14.2
1667,44,Female,2023-09-03,2026-08-18,Australia,Basic,5.75,79.69,0,0,0,0,8.99
1668,57,Male,2025-06-20,2026-08-16,Australia,Basic,3.72,77.28,0,0,0,0,9.72
1669,51,Male,2024-09-06,2026-07-21,Australia,Standard,8.38,44.09,0,1,0,1,14.49
1670,29,Female,2025-05-26,2026-08-15,USA,Basic,8.97,45.78,0,0,0,0,9.55
1671,62,Male,2025-07-22,2026-08-19,Canada,Basic,3.67,48.45,0,1,0,0,9.52
1672,74,Male,2026-04-19,2026-08-13,USA,Basic,13.62,55.95,0,0,0,0,8.99
1673,70,Male,2025-10-28,2026-08-19,France,Standard,7.51,16.14,0,0,1,0,13.7
1674,24,Male,2025-12-27,2026-08-13,France,Basic,14.26,82.09,2,0,1,0,9.19
1675,27,Male,2026-06-14,2026-06-14,France,Basic,2.62,37.64,0,0,0,1,8.4
1676,62,Female,2023-09-20,2026-08-16,Canada,Standard,8.67,42.9,0,0,0,0,14.76
1677,34,Female,2024-07-07,2026-08-14,France,Basic,6.36,40.39,0,0,0,0,8.14
1678,43,Female,2026-07-02,2026-07-02,India,Premium,9.65,93.19,2,1,0,1,18.08
1679,38,Male,2025-07-12,2026-08-12,Germany,Standard,4.2,57.99,0,0,1,0,14.01
1680,45,Male,2026-04-18,2026-08-18,USA,Basic,6.56,24.75,1,1,0,0,9.25
1681,63,Male,2026-06-19,2026-08-18,Canada,Basic,6.4,69.03,0,0,1,0,9.23
1682,19,Female,2026-03-03,2026-07-31,Germany,Standard,13.1,37.37,1,0,0,1,14.17
1683,71,Male,2023-11-21,2026-08-10,Germany,Basic,22.73,16.8,1,0,0,0,9.24
1684,60,Female,2023-09-10,2026-08-13,Canada,Standard,8.93,59.93,1,0,0,0,14.21
1685,18,Female,2024-07-18,2026-04-28,France,Standard,6.28,73.39,0,0,0,1,13.31
1686,68,Male,2024-06-27,2026-06-13,Canada,Standard,0.79,71.34,0,0,1,1,14.23
1687,70,Male,2026-05-24,2026-08-15,UK,Premium,13.42,85.29,0,0,0,0,17.7
1688,53,Other,2026-03-03,2026-05-14,Germany,Basic,6.14,2.39,1,0,0,1,8.78
1689,68,Other,2023-09-08,2026-08-10,Canada,Standard,3.23,36.15,1,0,0,0,14.44
1690,43,Male,2024-02-01,2026-05-15,Germany,Standard,10.52,62.05,0,1,0,1,13.57
1691,46,Male,2025-07-08,2026-07-23,France,Premium,4.64,86.51,2,1,0,1,18.35
1692,38,Other,2024-01-11,2026-05-20,USA,Standard,3.43,45.23,0,0,0,1,13.23
1693,28,Male,2025-07-13,2026-08-11,India,Standard,13.8,79.91,0,0,0,0,13.7
1694,57,Male,2024-06-03,2026-08-17,Ireland,Basic,11.21,25.25,0,1,0,0,8.88
1695,28,Male,2026-02-04,2026-06-08,France,Standard,4.11,82.79,1,0,0,1,14.22
1696,53,Female,2025-02-13,2026-08-12,Ireland,Basic,6.01,82.89,0,0,0,0,9.08
1697,66,Male,2024-12-14,2026-08-13,Australia,Standard,5.97,70.01,0,0,0,0,14.23
1698,56,Male,2025-03-07,2026-06-09,Canada,Basic,1.61,30.63,1,0,0,1,10.08
1699,57,Male,2024-02-06,2026-08-16,Canada,Basic,5.77,31.24,0,0,0,0,8.97
1700,52,Female,2023-10-26,2026-05-09,France,Premium,4.54,6.37,0,1,0,1,18.16
1701,71,Other,2025-01-07,2026-05-24,Germany,Basic,10.27,92.4,1,0,0,1,9.43
1702,51,Female,2023-10-13,2026-08-10,France,Basic,9.85,62.91,2,0,0,0,9.12
1703,72,Female,2025-11-30,2026-05-06,Australia,Basic,8.6,34.84,0,1,0,1,8.45
1704,64,Female,2025-01-07,2026-08-16,France,Basic,12.19,73.52,0,0,0,0,8.51
1705,41,Male,2024-01-12,2026-08-14,Canada,Standard,6.69,65.57,2,1,0,0,14.28
1706,71,Male,2024-03-12,2026-08-13,France,Basic,4.21,47.58,0,1,1,0,9.2
1707,39,Female,2024-03-01,2026-08-11,Germany,Basic,17.07,42.97,2,0,0,0,9.1
1708,22,Male,2026-05-01,2026-08-13,Canada,Basic,14.87,73.1,0,0,0,0,9.35
1709,73,Male,2024-11-14,2026-08-18,Germany,Basic,8.17,58.44,0,1,0,0,8.82
1710,50,Female,2024-08-17,2026-08-19,France,Basic,16.67,18.43,0,1,1,0,8.32
1711,53,Male,2025-01-26,2026-08-11,Canada,Standard,12.4,40.47,1,0,0,0,14.3
1712,64,Male,2024-06-16,2026-08-18,UK,Basic,12.35,59.65,1,0,0,0,8.75
1713,37,Other,2024-07-13,2026-08-13,India,Basic,8.74,54.98,1,0,0,0,9.62
1714,36,Female,2024-11-22,2026-06-02,Germany,Premium,5.19,42.91,0,0,0,1,18.57
1715,52,Male,2024-11-06,2026-05-05,India,Premium,2.29,70.82,1,0,0,1,18.0
1716,69,Other,2023-10-03,2026-08-16,UK,Basic,9.11,3.75,0,1,0,0,9.45
1717,60,Female,2026-01-06,2026-07-13,UK,Basic,2.07,34.29,0,1,0,1,8.95
1718,34,Female,2023-10-30,2026-08-11,UK,Standard,7.23,32.62,1,0,0,0,13.64
1719,62,Male,2023-12-18,2026-08-11,UK,Standard,7.88,49.66,0,1,0,0,14.07
1720,60,Male,2026-06-07,2026-07-21,USA,Premium,16.31,45.51,1,0,1,1,18.0
1721,51,Female,2025-06-23,2026-06-08,India,Basic,8.95,32.43,0,0,0,1,9.17
1722,26,Female,2026-02-16,2026-08-14,France,Standard,3.84,60.17,2,0,0,0,13.88
1723,43,Female,2023-11-16,2026-07-01,Australia,Premium,7.27,67.68,1,1,0,1,17.77
1724,19,Male,2026-05-23,2026-05-30,France,Standard,6.46,15.98,1,1,0,1,13.48
1725,70,Male,2026-04-02,2026-06-13,France,Basic,7.82,47.33,2,0,0,1,9.37
1726,26,Female,2025-03-29,2026-08-15,India,Basic,2.92,84.0,0,1,0,0,8.31
1727,26,Male,2024-11-10,2026-08-18,France,Basic,12.3,87.26,0,1,0,0,8.72
1728,57,Female,2024-05-28,2026-08-16,Ireland,Basic,4.71,62.6,0,0,1,0,8.42
1729,34,Male,2023-08-30,2026-07-01,USA,Standard,10.26,38.96,0,0,1,1,14.33
1730,18,Male,2024-11-27,2026-05-23,France,Basic,1.21,43.58,0,1,0,1,9.23
1731,42,Female,2023-12-24,2026-08-18,Canada,Basic,8.89,32.22,1,0,0,0,9.32
1732,60,Female,2023-11-02,2026-08-17,France,Premium,5.92,24.58,0,1,1,0,18.42
1733,57,Male,2025-02-05,2026-08-19,Canada,Standard,19.93,48.49,0,1,0,0,13.39
1734,59,Male,2023-09-28,2026-08-15,Australia,Basic,0.99,81.97,0,1,1,0,8.72
1735,42,Female,2025-07-08,2026-08-10,Ireland,Basic,12.16,39.98,0,0,0,0,8.98
1736,56,Male,2024-12-26,2026-08-15,Ireland,Basic,12.62,9.39,0,0,0,0,8.58
1737,52,Female,2024-12-11,2026-04-25,Ireland,Basic,3.99,91.96,0,0,0,1,8.89
1738,20,Other,2025-07-29,2026-08-11,UK,Premium,9.37,77.07,1,1,0,0,18.31
1739,67,Male,2024-09-04,2026-07-24,USA,Basic,18.24,14.8,1,1,0,1,8.93
1740,54,Female,2024-03-15,2026-05-04,France,Standard,1.54,6.82,1,0,0,1,14.21
1741,61,Male,2024-09-30,2026-08-10,Canada,Basic,12.16,36.0,1,0,0,0,9.16
1742,61,Female,2026-06-16,2026-06-16,USA,Premium,3.1,73.28,1,0,0,1,18.32
1743,68,Male,2023-10-18,2026-08-10,USA,Standard,9.47,53.11,0,0,0,0,14.26
1744,47,Other,2025-04-16,2026-08-02,USA,Premium,7.13,29.21,2,0,0,1,18.22
1745,55,Male,2024-08-02,2026-08-17,Ireland,Basic,7.64,12.01,1,0,1,0,9.37
1746,51,Male,2025-02-24,2026-08-14,Australia,Premium,4.32,25.79,0,0,0,0,18.5
1747,29,Other,2025-03-17,2026-06-08,Australia,Premium,4.62,23.15,0,0,1,1,17.96
1748,36,Female,2025-10-21,2026-06-25,Ireland,Standard,7.53,73.29,1,1,0,1,13.86
1749,54,Female,2023-10-12,2026-08-17,Canada,Basic,1.52,29.18,1,1,0,0,9.53
1750,61,Male,2025-02-09,2026-08-16,Canada,Basic,4.45,87.96,1,0,0,0,8.79
1751,66,Female,2025-12-23,2026-05-25,Canada,Basic,8.55,60.96,0,1,0,1,9.25
1752,34,Male,2024-11-04,2026-08-14,France,Basic,11.29,76.29,0,0,0,0,8.5
1753,27,Male,2026-01-29,2026-07-20,Australia,Standard,4.2,25.68,0,1,0,1,13.73
1754,74,Female,2025-04-30,2026-08-15,France,Standard,12.61,21.31,2,0,0,0,14.49
1755,72,Male,2026-07-10,2026-07-21,Australia,Standard,5.41,92.58,0,0,0,1,14.27
1756,66,Female,2024-06-20,2026-06-29,USA,Basic,4.27,52.58,0,0,0,1,9.51
1757,64,Female,2025-09-01,2026-08-19,Ireland,Basic,11.32,55.41,2,0,0,0,8.67
1758,29,Female,2023-11-17,2026-06-11,UK,Basic,10.84,28.88,2,0,0,1,9.12
1759,33,Female,2025-05-02,2026-06-09,USA,Standard,6.77,11.42,2,0,0,1,14.25
1760,41,Female,2025-08-13,2026-06-20,Germany,Standard,2.12,6.36,0,0,0,1,13.47
1761,36,Male,2025-12-12,2026-08-10,France,Basic,7.48,63.26,1,0,0,0,8.62
1762,25,Female,2026-04-02,2026-05-26,Australia,Standard,1.99,23.42,0,0,0,1,13.85
1763,48,Male,2025-06-06,2026-08-18,USA,Standard,3.08,73.8,0,1,0,0,13.74
1764,38,Male,2025-03-03,2026-05-01,Ireland,Premium,6.89,63.21,0,0,0,1,18.43
1765,34,Female,2026-06-11,2026-08-13,Germany,Basic,14.18,27.93,2,0,0,0,8.59
1766,40,Female,2025-10-31,2026-05-25,India,Standard,6.26,62.12,0,0,0,1,14.06
1767,54,Female,2024-08-12,2026-08-18,France,Basic,5.69,41.18,0,0,0,0,9.7
1768,71,Male,2024-04-19,2026-08-10,USA,Basic,2.87,41.05,0,0,0,0,8.72
1769,33,Female,2025-04-16,2026-05-03,Ireland,Standard,2.12,88.25,0,1,0,1,14.46
1770,23,Male,2025-12-16,2026-05-30,Ireland,Standard,4.25,33.42,0,1,0,1,13.74
1771,25,Female,2026-05-05,2026-08-14,Australia,Basic,4.48,13.34,2,1,0,0,8.97
1772,42,Female,2024-02-10,2026-08-11,UK,Basic,5.88,25.94,0,0,1,0,8.08
1773,35,Female,2025-06-26,2026-06-07,USA,Standard,7.59,27.51,0,0,0,1,14.29
1774,42,Male,2023-09-05,2026-08-11,Ireland,Basic,17.59,59.22,0,1,0,0,9.49
1775,29,Male,2025-07-12,2026-08-16,France,Standard,8.06,25.53,1,1,0,0,14.31
1776,32,Male,2024-10-05,2026-07-08,Canada,Premium,5.23,26.46,0,0,0,1,18.06
1777,43,Female,2024-01-29,2026-05-28,Ireland,Standard,7.43,32.51,0,1,0,1,13.88
1778,58,Female,2023-09-07,2026-07-06,UK,Standard,8.75,52.71,1,1,0,1,14.07
1779,62,Male,2024-07-07,2026-08-10,Ireland,Standard,8.58,37.65,0,1,0,0,14.42
1780,43,Female,2025-05-24,2026-06-08,Australia,Premium,7.7,11.37,0,1,0,1,16.78
1781,64,Female,2024-03-20,2026-07-24,India,Standard,6.72,49.93,1,1,0,1,13.65
1782,49,Female,2024-04-11,2026-08-16,USA,Basic,6.63,70.9,3,0,0,0,9.23
1783,27,Female,2023-11-21,2026-08-13,Australia,Basic,3.03,27.29,0,0,0,0,8.87
1784,33,Female,2024-10-30,2026-07-14,USA,Premium,10.26,49.19,1,0,0,1,18.0
1785,24,Male,2024-12-28,2026-08-17,Germany,Basic,24.77,25.73,0,0,0,0,9.43
1786,34,Male,2026-03-21,2026-06-06,USA,Standard,10.95,41.55,0,0,1,1,14.11
1787,40,Male,2026-02-12,2026-06-13,Germany,Premium,5.48,11.35,0,0,0,1,17.91
1788,43,Other,2025-09-17,2026-05-18,Australia,Standard,3.29,47.73,3,1,0,1,14.3
1789,38,Female,2024-06-30,2026-06-16,Canada,Basic,5.22,50.47,1,0,1,1,9.21
1790,39,Female,2023-08-24,2026-08-12,France,Basic,7.27,33.68,1,1,0,0,8.81
1791,24,Male,2024-12-07,2026-08-17,UK,Basic,7.08,71.88,0,1,0,0,9.17
1792,31,Male,2025-08-09,2026-08-13,Canada,Basic,8.39,22.44,1,0,0,0,8.99
1793,32,Male,2026-02-22,2026-06-22,France,Premium,10.28,18.45,0,0,1,1,17.72
1794,70,Male,2023-09-15,2026-08-11,Germany,Standard,6.72,25.43,0,0,0,0,13.2
1795,24,Female,2024-04-07,2026-08-16,Ireland,Standard,8.95,74.77,1,0,0,0,13.84
1796,26,Other,2024-05-31,2026-08-14,Ireland,Standard,5.58,33.41,0,0,1,0,14.28
1797,68,Female,2026-03-25,2026-08-10,Canada,Basic,9.79,69.52,0,1,0,0,9.6
1798,65,Female,2024-08-16,2026-07-28,Ireland,Basic,3.72,22.19,0,0,0,1,8.89
1799,25,Male,2025-09-07,2026-08-11,Germany,Basic,23.7,32.34,3,0,0,0,8.03
1800,67,Male,2025-10-06,2026-08-15,Australia,Standard,16.04,76.77,0,0,0,0,14.27
1801,40,Male,2024-01-25,2026-08-10,UK,Standard,1.56,38.2,1,0,0,0,14.01
1802,46,Female,2025-09-27,2026-07-29,India,Standard,8.2,57.41,1,0,0,1,14.85
1803,35,Female,2025-05-04,2026-07-30,USA,Standard,6.0,25.89,1,0,0,1,14.09
1804,48,Male,2024-02-01,2026-08-15,Germany,Premium,15.43,61.68,2,1,0,0,18.09
1805,47,Male,2025-09-23,2026-07-30,France,Basic,10.66,18.83,1,0,0,1,9.18
1806,69,Male,2024-02-04,2026-07-14,India,Standard,9.15,62.58,0,0,1,1,13.09
1807,56,Male,2025-05-21,2026-08-13,Germany,Basic,27.85,29.19,0,0,1,0,9.4
1808,52,Male,2025-11-13,2026-05-05,USA,Standard,7.53,28.07,0,0,0,1,14.08
1809,35,Male,2024-09-03,2026-05-07,USA,Basic,6.88,61.55,0,1,0,1,8.87
1810,59,Male,2024-06-29,2026-08-11,UK,Standard,20.36,74.32,1,1,0,0,14.75
1811,56,Female,2023-10-27,2026-08-17,UK,Basic,7.19,40.53,0,1,0,0,9.03
1812,34,Female,2025-06-10,2026-08-11,UK,Basic,3.84,71.8,0,1,0,0,9.01
1813,31,Male,2024-05-11,2026-07-21,Ireland,Premium,10.83,19.14,0,1,0,1,18.1
1814,48,Male,2025-11-19,2026-08-10,France,Basic,31.09,66.58,1,0,1,0,8.86
1815,41,Male,2025-07-19,2026-08-10,France,Basic,11.59,79.04,1,1,0,0,9.48
1816,52,Male,2026-03-23,2026-08-15,Germany,Standard,9.27,26.13,0,0,0,0,14.15
1817,61,Male,2024-03-23,2026-08-12,Australia,Standard,2.69,53.4,2,1,1,0,13.84
1818,62,Female,2025-05-14,2026-04-28,USA,Standard,3.13,20.1,0,0,1,1,14.62
1819,51,Female,2026-01-19,2026-07-24,Germany,Standard,12.97,62.3,1,0,0,1,13.81
1820,20,Female,2024-06-22,2026-08-19,India,Basic,4.86,36.23,0,0,0,0,7.95
1821,54,Male,2026-06-20,2026-08-19,Germany,Basic,12.18,85.92,0,1,0,0,9.62
1822,60,Female,2023-11-17,2026-06-26,France,Standard,8.08,67.48,0,0,0,1,13.6
1823,57,Male,2025-02-08,2026-06-14,UK,Basic,13.72,29.65,0,0,0,1,8.35
1824,43,Male,2024-03-09,2026-07-12,UK,Premium,8.33,46.93,2,0,0,1,18.52
1825,72,Female,2026-04-10,2026-06-16,Germany,Basic,4.94,55.07,3,1,1,1,8.58
1826,40,Female,2024-11-05,2026-08-14,France,Standard,3.29,16.83,0,1,1,0,14.34
1827,61,Female,2024-05-07,2026-08-17,France,Premium,3.4,14.67,1,0,0,0,18.22
1828,56,Female,2025-06-08,2026-08-18,France,Standard,34.37,25.99,4,0,0,0,14.24
1829,32,Female,2024-04-12,2026-08-10,UK,Standard,10.46,60.67,1,1,0,0,14.1
1830,73,Female,2024-05-23,2026-08-19,France,Standard,12.25,85.59,0,1,0,0,13.98
1831,66,Female,2024-11-10,2026-08-11,Ireland,Standard,8.72,63.76,0,0,0,0,13.34
1832,21,Female,2025-01-18,2026-08-11,USA,Standard,6.23,65.53,1,0,0,0,13.62
1833,46,Female,2025-10-03,2026-08-18,India,Basic,5.25,78.49,0,0,0,0,9.44
1834,39,Other,2025-05-25,2026-04-22,France,Standard,10.35,48.26,0,0,0,1,14.76
1835,42,Female,2026-01-21,2026-08-12,Germany,Basic,10.29,92.05,1,0,0,0,8.1
1836,30,Male,2024-10-04,2026-08-18,USA,Basic,16.59,20.34,1,0,0,0,9.19
1837,35,Female,2026-03-29,2026-06-27,Ireland,Standard,9.83,47.59,2,1,0,1,14.48
1838,50,Male,2025-11-03,2026-08-18,India,Basic,2.74,66.76,0,0,0,0,8.94
1839,33,Male,2025-11-19,2026-08-17,UK,Standard,20.78,50.4,2,0,0,0,13.12
1840,62,Male,2025-05-24,2026-08-13,Canada,Premium,21.32,54.73,0,1,0,0,18.69
1841,59,Female,2025-08-20,2026-05-14,Ireland,Premium,1.76,20.62,0,0,0,1,17.87
1842,61,Female,2023-09-08,2026-08-12,Canada,Standard,5.15,73.31,0,1,0,0,13.45
1843,19,Male,2025-10-23,2026-08-03,USA,Standard,2.12,24.57,0,0,1,1,13.62
1844,72,Male,2025-04-23,2026-08-17,Germany,Basic,14.32,60.15,1,0,0,0,9.47
1845,52,Male,2024-12-04,2026-08-12,India,Standard,17.92,46.03,0,0,0,0,13.94
1846,59,Female,2023-10-15,2026-08-19,UK,Basic,10.4,8.81,0,0,1,0,7.95
1847,51,Male,2024-03-17,2026-08-14,India,Basic,12.56,50.67,1,1,0,0,9.78
1848,47,Male,2026-03-11,2026-08-11,Ireland,Standard,18.83,72.28,0,1,1,0,14.18
1849,72,Male,2024-06-13,2026-08-13,UK,Basic,6.23,16.87,0,1,1,0,8.72
1850,30,Female,2025-03-07,2026-08-18,Canada,Basic,29.73,33.53,0,1,0,0,9.51
1851,30,Male,2026-03-08,2026-08-19,Canada,Standard,3.6,83.12,0,0,0,0,13.71
1852,35,Female,2024-06-14,2026-08-12,Australia,Basic,12.64,41.63,0,0,0,0,8.92
1853,49,Male,2024-04-30,2026-08-17,India,Basic,7.42,30.2,1,0,0,0,9.06
1854,49,Female,2024-06-11,2026-06-05,France,Basic,9.09,84.07,1,0,1,1,9.15
1855,52,Male,2026-04-18,2026-06-26,Germany,Standard,11.73,44.09,3,1,0,1,14.25
1856,56,Female,2026-02-06,2026-06-01,France,Standard,8.89,43.46,0,0,1,1,13.48
1857,63,Male,2025-08-30,2026-07-05,Canada,Standard,8.36,62.97,3,0,1,1,13.08
1858,69,Female,2023-12-24,2026-08-18,Germany,Basic,19.33,47.56,1,1,0,0,9.4
1859,46,Female,2024-11-08,2026-08-18,Australia,Standard,6.9,27.37,0,1,0,0,13.56
1860,66,Female,2025-12-02,2026-08-15,Ireland,Standard,11.26,25.45,0,1,0,0,14.06
1861,46,Female,2024-12-16,2026-08-15,Australia,Basic,4.92,38.43,0,0,0,0,9.35
1862,70,Male,2024-07-18,2026-08-13,Germany,Standard,8.25,60.34,1,0,0,0,14.41
1863,61,Female,2024-09-18,2026-04-24,Canada,Standard,7.44,19.64,1,0,0,1,13.6
1864,74,Female,2025-06-13,2026-08-16,USA,Standard,9.46,60.58,0,0,1,0,13.65
1865,33,Male,2023-08-30,2026-08-17,Germany,Standard,5.97,51.95,0,0,1,0,13.63
1866,73,Female,2026-03-22,2026-04-27,UK,Basic,11.67,30.66,1,0,0,1,8.69
1867,61,Male,2024-07-24,2026-08-17,France,Standard,2.05,74.53,0,0,0,0,14.09
1868,64,Male,2025-07-01,2026-08-03,USA,Standard,8.35,58.64,2,0,0,1,13.33
1869,74,Male,2025-04-01,2026-08-19,India,Standard,3.86,50.86,0,0,0,0,13.47
1870,27,Male,2025-01-07,2026-07-27,Germany,Standard,4.74,62.71,0,1,0,1,13.93
1871,47,Female,2025-06-27,2026-07-10,UK,Premium,3.78,23.49,1,0,0,1,18.24
1872,42,Male,2024-05-22,2026-06-08,France,Premium,6.97,48.55,1,0,0,1,17.63
1873,56,Male,2024-06-28,2026-04-30,India,Standard,6.85,37.75,2,0,0,1,13.87
1874,37,Male,2024-08-16,2026-07-29,Australia,Standard,5.21,44.51,0,0,0,1,13.21
1875,22,Female,2026-05-29,2026-07-06,USA,Basic,9.13,9.09,2,0,0,1,9.31
1876,18,Female,2024-12-31,2026-08-16,Germany,Standard,4.87,42.61,0,0,1,0,14.18
1877,47,Male,2024-04-21,2026-08-16,Ireland,Standard,4.09,65.93,2,1,0,0,14.28
1878,66,Male,2023-09-10,2026-08-13,Australia,Basic,36.49,37.79,1,1,0,0,8.88
1879,20,Male,2023-09-12,2026-08-18,UK,Basic,5.76,88.09,2,1,1,0,8.84
1880,62,Female,2024-03-11,2026-08-12,Ireland,Basic,12.41,47.61,0,1,1,0,8.92
1881,31,Female,2025-09-02,2026-08-10,Canada,Basic,17.08,77.97,1,0,0,0,8.75
1882,73,Male,2024-04-15,2026-08-13,Australia,Basic,10.17,46.01,1,0,0,0,9.17
1883,47,Male,2025-05-14,2026-08-14,France,Basic,7.53,66.83,0,1,0,0,9.03
1884,67,Female,2026-05-24,2026-06-20,Australia,Standard,2.32,42.45,0,1,0,1,14.22
1885,21,Female,2023-10-07,2026-08-13,France,Basic,14.69,26.0,0,1,0,0,8.95
1886,35,Male,2024-06-30,2026-08-11,Germany,Basic,23.07,63.47,0,0,0,0,8.33
1887,54,Male,2026-01-20,2026-08-18,Germany,Premium,2.11,51.61,0,0,1,0,17.39
1888,42,Male,2024-11-21,2026-08-14,UK,Basic,4.49,75.47,2,0,0,0,8.51
1889,65,Female,2023-12-03,2026-08-18,Australia,Premium,8.28,59.42,1,0,0,0,17.54
1890,18,Female,2026-04-07,2026-06-24,Germany,Standard,5.97,28.44,0,0,0,1,14.07
1891,70,Female,2024-11-21,2026-08-11,Canada,Basic,5.74,63.9,0,0,0,0,8.26
1892,63,Female,2023-11-04,2026-08-14,France,Basic,4.77,17.69,0,0,0,0,9.0
1893,32,Male,2025-03-24,2026-05-11,India,Basic,1.03,25.76,1,0,0,1,8.42
1894,26,Female,2026-03-14,2026-06-03,India,Basic,4.18,47.93,0,0,0,1,8.99
1895,32,Female,2025-09-05,2026-08-18,India,Basic,9.12,37.29,1,0,0,0,8.73
1896,66,Male,2024-08-13,2026-08-14,Germany,Basic,37.67,66.42,0,1,0,0,9.09
1897,74,Female,2025-02-27,2026-08-15,Australia,Basic,4.77,21.76,0,0,0,0,9.05
1898,41,Male,2026-07-01,2026-07-01,India,Standard,7.95,29.88,1,1,0,1,14.11
1899,21,Male,2024-06-29,2026-08-17,USA,Basic,21.51,43.86,1,0,1,0,9.3
1900,29,Female,2025-11-28,2026-06-02,Ireland,Standard,3.22,28.6,1,1,1,1,13.56
1901,54,Female,2024-11-22,2026-08-19,Australia,Basic,11.84,73.49,0,1,0,0,9.34
1902,54,Female,2025-01-13,2026-08-10,France,Standard,10.65,96.94,1,1,0,0,13.78
1903,60,Male,2025-04-24,2026-08-17,Canada,Basic,3.09,27.84,0,0,0,0,9.43
1904,23,Female,2024-12-12,2026-08-18,Australia,Standard,5.75,53.23,1,0,1,0,14.32
1905,56,Female,2023-11-10,2026-08-15,Canada,Basic,15.59,12.28,1,0,0,0,8.77
1906,73,Male,2025-05-24,2026-04-27,Australia,Standard,2.56,21.3,0,0,0,1,14.67
1907,63,Other,2026-07-15,2026-07-15,India,Basic,5.15,20.99,0,0,0,1,8.53
1908,41,Female,2025-04-19,2026-08-11,Ireland,Standard,11.42,28.39,0,1,0,0,13.52
1909,28,Male,2025-01-13,2026-08-18,Ireland,Basic,13.17,63.8,2,0,0,0,9.16
1910,30,Female,2025-02-14,2026-08-16,Canada,Standard,16.36,38.93,0,0,0,0,13.9
1911,51,Male,2024-03-27,2026-08-12,Australia,Basic,10.71,49.38,0,0,0,0,9.99
1912,42,Male,2025-01-16,2026-06-12,Ireland,Standard,1.92,58.22,1,0,0,1,14.24
1913,24,Male,2026-07-10,2026-08-17,UK,Basic,7.88,60.4,0,1,0,0,9.51
1914,69,Other,2025-03-11,2026-08-11,Australia,Basic,3.74,37.41,1,0,0,0,8.95
1915,21,Male,2023-09-15,2026-08-17,Ireland,Standard,4.4,59.3,0,0,0,0,13.26
1916,25,Female,2023-08-29,2026-08-17,USA,Premium,1.84,24.89,2,0,1,0,17.34
1917,37,Male,2024-07-06,2026-08-18,USA,Standard,27.36,51.61,1,0,0,0,14.17
1918,46,Female,2025-03-19,2026-04-30,UK,Standard,16.08,9.31,0,0,0,1,13.66
1919,71,Female,2024-07-15,2026-07-02,Ireland,Standard,4.64,77.46,0,0,1,1,13.76
1920,70,Female,2025-04-19,2026-06-27,USA,Standard,2.46,9.49,1,0,0,1,13.94
1921,68,Male,2025-04-13,2026-05-29,India,Basic,3.5,23.42,1,0,0,1,8.9
1922,62,Female,2026-06-08,2026-06-08,Australia,Basic,5.35,20.68,0,0,0,1,8.8
1923,63,Other,2025-01-28,2026-08-17,Germany,Premium,3.01,9.27,1,1,0,0,17.41
1924,27,Female,2024-12-30,2026-08-17,Ireland,Standard,14.13,84.96,0,1,0,0,13.96
1925,60,Female,2026-03-22,2026-08-11,France,Standard,25.48,35.74,0,1,0,0,13.67
1926,51,Female,2024-11-03,2026-07-20,UK,Standard,2.11,71.82,0,0,0,1,14.07
1927,74,Male,2025-09-08,2026-08-13,Ireland,Basic,11.99,76.51,0,0,0,0,8.63
1928,43,Female,2023-10-03,2026-08-15,Canada,Basic,20.24,41.67,1,1,1,0,9.33
1929,58,Female,2024-11-07,2026-08-11,Canada,Standard,21.19,55.37,0,1,0,0,13.69
1930,66,Male,2025-04-23,2026-08-10,USA,Basic,8.48,45.58,1,0,1,0,9.7
1931,20,Male,2024-09-02,2026-05-18,France,Basic,16.38,50.91,1,0,0,1,8.28
1932,73,Male,2024-11-04,2026-07-29,Canada,Standard,6.08,18.62,0,1,0,1,14.12
1933,23,Female,2024-11-16,2026-07-30,UK,Premium,4.82,10.74,1,0,1,1,17.73
1934,22,Female,2023-12-05,2026-08-10,France,Basic,5.15,66.39,1,0,1,0,8.73
1935,22,Male,2024-10-12,2026-08-11,USA,Standard,11.24,58.21,0,0,0,0,14.08
1936,71,Male,2024-06-18,2026-06-05,UK,Basic,8.89,31.88,1,0,0,1,9.06
1937,64,Male,2025-11-23,2026-07-15,Australia,Basic,12.61,61.23,0,1,1,1,8.91
1938,40,Male,2024-07-17,2026-08-10,UK,Premium,6.36,59.2,0,1,0,0,17.92
1939,66,Male,2025-07-09,2026-08-19,Canada,Standard,11.48,29.47,1,0,1,0,13.51
1940,26,Female,2026-07-17,2026-08-15,Australia,Basic,10.66,37.58,0,1,0,0,9.28
1941,52,Male,2024-05-18,2026-08-13,Canada,Standard,16.9,52.79,0,0,1,0,14.02
1942,37,Female,2024-03-27,2026-05-01,UK,Basic,1.35,51.86,0,0,0,1,9.01
1943,66,Female,2026-01-05,2026-05-27,Canada,Standard,3.75,42.99,0,0,0,1,13.95
1944,59,Male,2025-06-27,2026-08-18,France,Basic,6.9,45.89,0,1,0,0,9.62
1945,52,Female,2025-11-02,2026-08-16,Canada,Standard,11.18,54.4,1,1,0,0,13.15
1946,67,Female,2024-11-25,2026-08-15,Canada,Standard,5.11,39.43,0,0,1,0,13.77
1947,35,Female,2026-04-18,2026-08-11,Ireland,Basic,12.14,84.12,2,1,1,0,8.76
1948,34,Male,2026-03-07,2026-08-18,Australia,Premium,7.13,46.54,1,0,0,0,18.35
1949,41,Male,2025-02-11,2026-05-21,France,Premium,6.28,26.58,0,0,0,1,18.3
1950,20,Male,2025-03-10,2026-08-16,Australia,Basic,10.43,71.91,1,1,0,0,8.44
1951,49,Male,2026-03-31,2026-07-23,India,Premium,9.96,63.63,0,1,0,1,18.49
1952,52,Male,2025-07-17,2026-08-12,Australia,Standard,8.27,52.54,1,0,1,0,14.06
1953,55,Male,2023-12-28,2026-07-28,India,Standard,21.55,13.47,1,0,0,1,14.74
1954,30,Male,2024-06-13,2026-08-17,UK,Premium,1.32,23.95,0,1,0,0,17.6
1955,73,Male,2024-12-12,2026-08-13,India,Standard,9.99,48.29,0,0,1,0,14.27
1956,64,Male,2024-09-16,2026-06-23,India,Standard,1.15,20.47,0,0,0,1,13.56
1957,42,Male,2025-02-25,2026-05-14,Germany,Premium,6.19,37.12,1,0,0,1,17.98
1958,26,Other,2024-08-07,2026-08-14,UK,Standard,8.96,89.81,2,0,0,0,13.21
1959,21,Male,2024-04-22,2026-08-14,Australia,Standard,9.19,90.79,1,0,0,0,13.46
1960,31,Female,2025-07-09,2026-04-25,USA,Basic,5.04,15.51,0,0,0,1,8.47
1961,54,Male,2025-01-22,2026-06-13,Canada,Standard,10.5,38.6,1,1,0,1,13.87
1962,51,Female,2026-05-09,2026-08-12,Canada,Standard,14.54,84.05,2,0,0,0,14.33
1963,28,Male,2023-11-20,2026-08-13,Germany,Standard,5.71,66.88,1,1,0,0,13.84
1964,58,Female,2025-03-04,2026-08-11,USA,Standard,8.38,11.71,0,0,0,0,14.14
1965,73,Female,2024-05-07,2026-08-17,Ireland,Basic,9.98,63.12,0,1,0,0,8.4
1966,20,Male,2024-08-10,2026-08-19,India,Basic,2.38,32.11,0,1,0,0,9.4
1967,45,Female,2025-08-30,2026-08-10,France,Standard,10.45,51.12,0,1,0,0,14.21
1968,46,Female,2025-06-28,2026-08-16,UK,Standard,13.37,18.02,0,1,1,0,14.27
1969,26,Male,2024-04-14,2026-08-15,Ireland,Standard,15.96,47.87,1,0,1,0,13.47
1970,20,Female,2025-11-23,2026-04-28,USA,Standard,10.41,16.67,0,0,0,1,13.46
1971,42,Female,2023-11-18,2026-08-13,Germany,Premium,11.79,55.92,2,0,0,0,17.85
1972,51,Female,2026-06-20,2026-06-20,USA,Basic,6.89,28.33,0,0,0,1,9.19
1973,29,Male,2025-03-29,2026-06-15,Germany,Premium,11.54,42.52,0,1,0,1,18.85
1974,59,Female,2023-09-17,2026-08-16,Ireland,Basic,15.27,84.85,0,0,0,0,8.78
1975,26,Female,2024-08-03,2026-05-09,Ireland,Standard,10.06,35.54,0,1,0,1,14.28
1976,32,Female,2026-05-14,2026-07-18,France,Standard,7.57,35.6,0,0,0,1,13.47
1977,57,Female,2023-10-19,2026-08-14,USA,Basic,14.02,67.68,0,0,0,0,8.32
1978,42,Male,2025-01-29,2026-04-27,USA,Basic,0.24,19.48,1,0,0,1,9.83
1979,22,Female,2025-10-03,2026-08-18,India,Basic,14.07,74.07,0,0,0,0,8.7
1980,28,Male,2023-11-19,2026-08-18,Canada,Standard,4.21,81.92,0,1,0,0,13.9
1981,51,Male,2026-06-27,2026-08-12,Germany,Basic,1.77,68.15,0,1,0,0,7.85
1982,41,Female,2025-06-01,2026-05-29,Canada,Premium,6.28,14.59,1,0,0,1,17.73
1983,32,Female,2024-03-22,2026-08-10,UK,Basic,6.7,58.84,1,1,0,0,9.07
1984,55,Male,2023-12-02,2026-08-17,UK,Premium,3.04,61.49,0,0,0,0,17.42
1985,25,Female,2024-09-08,2026-08-17,USA,Basic,6.6,51.06,1,0,1,0,9.04
1986,22,Male,2023-08-26,2026-08-17,Ireland,Basic,3.77,70.25,0,1,0,0,8.91
1987,65,Male,2026-04-11,2026-08-15,UK,Basic,8.41,47.34,1,0,0,0,9.39
1988,43,Female,2025-01-21,2026-08-11,UK,Premium,1.35,11.76,1,1,1,0,18.35
1989,35,Male,2026-06-12,2026-06-13,France,Standard,9.69,32.07,1,1,0,1,14.48
1990,23,Male,2025-12-22,2026-06-15,Canada,Basic,4.28,38.64,1,0,0,1,9.32
1991,54,Male,2024-07-09,2026-08-13,France,Basic,10.22,38.08,0,0,0,0,8.62
1992,65,Female,2024-12-06,2026-04-25,Canada,Basic,3.4,27.0,2,1,0,1,9.13
1993,30,Male,2024-07-01,2026-08-11,India,Standard,16.4,34.47,0,0,0,0,13.84
1994,45,Male,2026-01-30,2026-08-15,France,Basic,14.02,38.26,0,1,0,0,9.4
1995,22,Female,2024-04-04,2026-05-07,India,Standard,1.44,30.81,0,0,0,1,13.92
1996,30,Female,2025-05-05,2026-08-12,UK,Standard,10.77,82.01,0,0,1,0,14.06
1997,34,Male,2025-02-02,2026-07-17,USA,Premium,9.07,77.08,0,0,0,1,18.05
1998,67,Female,2025-07-21,2026-08-18,Canada,Standard,8.46,54.54,0,0,0,0,14.35
1999,57,Male,2025-07-19,2026-08-19,UK,Basic,3.29,46.6,0,0,0,0,8.33
2000,62,Other,2025-09-28,2026-08-16,Ireland,Premium,3.05,60.75,0,1,0,0,18.03
2001,49,Male,2024-11-22,2026-06-21,Canada,Basic,3.62,28.91,1,0,1,1,9.18
2002,46,Male,2024-06-25,2026-06-08,UK,Standard,1.75,53.73,0,0,1,1,13.9
2003,68,Male,2025-02-13,2026-05-27,India,Premium,4.49,60.8,1,0,0,1,17.61
2004,20,Male,2025-10-29,2026-08-14,France,Basic,16.77,56.58,1,0,0,0,9.15
2005,73,Female,2023-08-24,2026-08-17,Germany,Basic,8.49,53.61,0,1,0,0,9.52
2006,57,Male,2025-07-04,2026-08-12,Canada,Basic,4.04,38.66,0,1,0,0,9.16
2007,51,Male,2025-05-16,2026-08-17,Germany,Basic,6.71,55.55,1,0,0,0,9.04
2008,57,Female,2025-06-27,2026-08-19,Canada,Basic,9.85,25.71,0,0,1,0,8.45
2009,44,Female,2026-05-28,2026-08-10,Canada,Basic,6.33,48.31,0,0,0,0,9.79
2010,30,Male,2026-06-27,2026-08-12,France,Basic,5.7,45.85,2,0,0,0,9.26
2011,62,Male,2025-06-21,2026-05-06,India,Premium,1.81,46.14,2,1,0,1,18.28
2012,50,Male,2024-10-26,2026-08-14,Australia,Standard,5.75,20.58,2,0,1,0,14.05
2013,23,Male,2026-03-24,2026-08-11,Australia,Standard,7.08,96.7,2,0,0,0,14.21
2014,41,Male,2023-11-11,2026-08-14,Germany,Standard,5.68,42.83,2,0,0,0,14.64
2015,36,Female,2026-01-10,2026-05-15,USA,Premium,6.42,34.42,0,0,0,1,17.76
2016,33,Female,2025-03-21,2026-08-12,UK,Premium,5.68,66.96,0,1,0,0,18.68
2017,57,Male,2024-10-26,2026-08-19,USA,Premium,4.66,63.62,0,0,0,0,18.47
2018,45,Male,2024-07-30,2026-08-16,USA,Premium,1.35,49.45,0,0,0,0,18.29
2019,50,Male,2025-07-02,2026-08-14,Australia,Basic,6.99,44.12,1,0,1,0,8.78
2020,65,Male,2024-04-30,2026-08-16,UK,Standard,24.95,51.11,1,1,1,0,14.46
2021,58,Male,2025-08-09,2026-06-12,Australia,Standard,7.25,38.84,0,0,1,1,13.6
2022,30,Female,2025-04-04,2026-07-07,France,Standard,7.7,23.19,2,1,1,1,14.29
2023,60,Female,2024-09-13,2026-04-22,France,Standard,2.36,24.34,0,0,0,1,13.45
2024,62,Other,2026-07-18,2026-08-14,Australia,Basic,11.9,36.16,1,1,0,0,8.55
2025,42,Female,2024-01-08,2026-08-19,India,Basic,7.23,67.35,0,0,1,0,9.0
2026,70,Male,2024-02-26,2026-08-17,Australia,Premium,19.6,51.64,3,1,1,0,18.15
2027,59,Female,2023-11-10,2026-08-12,Ireland,Standard,8.02,53.94,0,0,0,0,13.24
2028,53,Male,2023-11-21,2026-08-19,USA,Basic,20.11,89.35,0,1,0,0,8.17
2029,44,Male,2025-07-07,2026-08-12,India,Basic,48.38,61.59,0,1,0,0,8.47
2030,55,Female,2026-03-05,2026-06-16,India,Standard,7.62,42.51,1,1,0,1,14.37
2031,24,Male,2026-03-18,2026-06-18,USA,Standard,5.26,28.94,0,0,0,1,14.39
2032,22,Female,2023-12-30,2026-08-19,India,Standard,19.55,32.45,1,0,0,0,13.66
2033,60,Male,2025-03-28,2026-06-23,USA,Basic,6.49,60.11,1,0,0,1,8.59
2034,62,Female,2024-12-28,2026-07-23,Ireland,Basic,17.31,14.77,0,1,0,1,8.55
2035,74,Female,2026-05-16,2026-08-16,Canada,Basic,9.89,72.7,1,0,0,0,8.5
2036,68,Female,2024-03-21,2026-08-19,India,Standard,9.13,16.05,0,1,0,0,13.75
2037,48,Female,2025-05-15,2026-08-15,Germany,Basic,15.57,21.09,1,0,0,0,9.02
2038,40,Male,2024-11-27,2026-05-20,Germany,Basic,6.18,30.88,0,0,0,1,9.72
2039,59,Female,2024-03-17,2026-05-21,Ireland,Standard,8.58,57.19,0,0,0,1,13.87
2040,27,Other,2026-07-15,2026-08-10,USA,Standard,6.38,36.59,0,0,0,0,14.15
2041,49,Female,2026-02-13,2026-06-27,Germany,Basic,4.81,30.16,1,1,0,1,9.67
2042,60,Female,2025-08-25,2026-07-23,Ireland,Standard,11.24,43.33,0,0,0,1,13.82
2043,70,Female,2025-12-10,2026-05-15,Australia,Premium,3.41,62.63,2,0,0,1,17.93
2044,47,Female,2025-06-14,2026-07-28,UK,Premium,2.79,48.68,0,0,0,1,18.02
2045,56,Female,2025-01-22,2026-07-25,Germany,Standard,7.69,66.67,1,0,0,1,14.19
2046,48,Female,2025-02-27,2026-05-27,France,Standard,3.1,32.08,1,0,0,1,14.08
2047,35,Female,2026-01-18,2026-08-14,UK,Basic,5.99,53.94,1,0,1,0,9.02
2048,53,Male,2024-01-18,2026-08-16,France,Standard,5.35,87.14,0,0,0,0,14.7
2049,19,Male,2024-12-17,2026-08-15,USA,Standard,6.96,32.75,1,1,0,0,14.1
2050,31,Male,2025-01-29,2026-08-12,Germany,Standard,28.51,47.67,1,0,0,0,13.64
2051,30,Male,2025-02-18,2026-07-12,Ireland,Standard,6.39,68.97,1,1,1,1,13.94
2052,46,Male,2024-06-13,2026-05-12,Canada,Standard,4.24,33.96,0,0,0,1,13.1
2053,29,Female,2025-09-29,2026-08-14,Germany,Premium,17.38,60.1,0,0,0,0,18.0
2054,56,Male,2023-10-10,2026-05-27,Germany,Basic,0.82,9.89,1,0,0,1,8.95
2055,19,Male,2025-11-03,2026-05-08,Germany,Basic,7.67,81.43,0,0,0,1,9.08
2056,49,Female,2024-04-16,2026-05-20,Germany,Standard,8.7,47.25,0,0,0,1,14.73
2057,30,Other,2025-09-08,2026-08-14,France,Basic,9.34,71.06,3,0,0,0,8.67
2058,63,Female,2024-07-05,2026-07-19,Ireland,Standard,5.16,42.38,0,0,1,1,14.34
2059,44,Other,2024-08-01,2026-08-14,Ireland,Basic,33.04,60.47,1,0,1,0,9.01
2060,66,Female,2024-09-09,2026-07-23,France,Standard,9.38,46.43,0,1,0,1,13.14
2061,58,Male,2024-03-19,2026-08-19,Canada,Standard,13.53,27.22,0,1,0,0,13.64
2062,34,Female,2025-04-16,2026-08-19,Ireland,Basic,16.81,37.83,0,1,0,0,8.94
2063,57,Female,2024-05-05,2026-08-16,Ireland,Basic,3.26,78.63,1,0,1,0,8.64
2064,48,Male,2024-05-19,2026-07-27,USA,Basic,5.63,79.37,2,1,1,1,9.33
2065,51,Male,2024-01-03,2026-08-14,India,Basic,13.47,44.72,1,0,0,0,8.92
2066,41,Female,2026-02-22,2026-08-10,USA,Standard,14.09,73.24,0,1,0,0,13.44
2067,62,Male,2024-06-13,2026-06-07,India,Standard,6.69,51.54,0,0,0,1,13.8
2068,52,Female,2025-08-10,2026-08-16,UK,Basic,1.58,82.1,3,1,0,0,8.69
2069,65,Male,2023-11-20,2026-08-12,Canada,Standard,7.98,85.77,0,0,0,0,14.08
2070,23,Female,2024-01-11,2026-05-19,India,Basic,3.33,72.25,0,0,0,1,9.25
2071,36,Female,2026-06-21,2026-08-11,USA,Standard,11.63,90.3,0,1,0,0,13.4
2072,47,Male,2024-07-21,2026-08-13,Canada,Basic,6.09,74.47,1,1,0,0,8.8
2073,24,Male,2023-11-12,2026-05-12,Canada,Premium,5.93,56.18,0,1,0,1,17.93
2074,27,Female,2025-12-02,2026-07-24,Germany,Standard,9.49,10.07,2,0,1,1,14.73
2075,58,Female,2024-07-22,2026-08-12,Australia,Standard,13.78,49.91,1,0,0,0,14.27
2076,49,Female,2024-07-05,2026-08-17,Australia,Standard,4.25,85.5,0,0,0,0,13.89
2077,51,Female,2025-06-17,2026-07-16,Australia,Premium,2.87,57.86,1,1,0,1,17.68
2078,45,Female,2026-04-17,2026-06-10,Canada,Premium,2.58,52.15,0,1,0,1,17.95
2079,32,Male,2025-04-02,2026-07-30,Germany,Standard,5.54,13.3,0,0,0,1,13.19
2080,47,Male,2024-06-06,2026-08-16,UK,Basic,7.53,44.36,0,0,0,0,8.98
2081,54,Male,2024-05-12,2026-08-19,UK,Premium,15.12,82.99,1,1,0,0,18.29
2082,46,Female,2023-12-20,2026-08-10,Australia,Basic,7.54,24.75,0,0,0,0,8.69
2083,39,Male,2023-10-02,2026-08-18,UK,Premium,4.24,78.15,0,0,0,0,17.87
2084,21,Male,2024-11-07,2026-08-10,Germany,Standard,5.42,26.55,0,1,0,0,14.37
2085,37,Female,2024-03-13,2026-06-26,Australia,Premium,2.7,49.15,1,1,0,1,17.44
2086,49,Female,2023-11-30,2026-08-15,India,Premium,15.97,39.78,0,0,1,0,17.78
2087,53,Male,2024-04-29,2026-08-13,India,Basic,6.54,40.64,0,0,0,0,8.86
2088,67,Male,2026-04-17,2026-07-04,Germany,Standard,6.45,79.71,0,0,0,1,14.19
2089,21,Male,2026-06-18,2026-06-19,France,Basic,4.31,54.24,1,1,0,1,9.09
2090,44,Male,2026-03-21,2026-08-17,UK,Basic,6.66,31.6,0,0,0,0,9.09
2091,34,Female,2025-12-15,2026-08-12,Australia,Standard,18.88,64.8,1,0,0,0,14.26
2092,29,Male,2024-05-17,2026-06-25,India,Basic,3.35,87.94,1,1,0,1,9.08
2093,39,Female,2026-01-26,2026-05-05,Germany,Standard,2.34,41.42,1,0,0,1,13.91
2094,34,Female,2025-10-02,2026-07-07,Ireland,Premium,13.32,34.16,0,0,0,1,18.24
2095,27,Male,2025-03-17,2026-05-22,India,Standard,14.63,35.55,2,1,0,1,14.18
2096,71,Other,2024-06-20,2026-08-12,Ireland,Basic,4.05,29.02,1,0,0,0,8.97
2097,18,Male,2024-10-25,2026-08-11,Germany,Premium,9.28,32.71,0,1,1,0,17.52
2098,39,Male,2026-03-18,2026-05-11,Germany,Premium,7.43,45.45,0,0,1,1,18.6
2099,43,Male,2024-11-24,2026-05-16,USA,Standard,6.44,96.26,1,0,0,1,14.06
2100,73,Male,2023-12-26,2026-08-17,India,Standard,25.31,22.13,0,1,1,0,13.53
2101,35,Male,2023-08-20,2026-08-13,USA,Premium,4.87,89.6,1,1,0,0,17.46
2102,67,Male,2025-03-17,2026-08-13,Canada,Basic,14.62,85.4,0,0,0,0,9.12
2103,31,Female,2025-01-02,2026-08-17,India,Premium,4.1,22.19,1,1,0,0,18.2
2104,64,Female,2026-02-03,2026-06-01,Australia,Premium,9.26,90.39,0,0,1,1,17.64
2105,46,Female,2024-06-22,2026-08-14,Canada,Premium,4.76,45.31,0,0,0,0,18.12
2106,29,Male,2025-11-14,2026-08-15,Canada,Basic,6.73,74.16,0,1,1,0,9.07
2107,53,Female,2026-01-22,2026-07-03,UK,Premium,6.62,71.81,0,0,0,1,17.76
2108,52,Female,2026-06-23,2026-08-12,Ireland,Standard,18.53,41.34,1,0,0,0,14.13
2109,69,Female,2026-03-26,2026-07-31,UK,Standard,2.41,46.14,0,0,0,1,13.99
2110,29,Female,2024-08-17,2026-04-25,Australia,Premium,1.91,76.37,2,0,0,1,18.08
2111,24,Female,2024-10-02,2026-08-12,Germany,Basic,20.32,8.87,1,0,0,0,9.44
2112,46,Male,2024-04-10,2026-08-17,USA,Basic,6.5,75.84,0,0,0,0,8.52
2113,28,Female,2025-11-01,2026-07-27,Australia,Premium,7.92,56.04,0,1,0,1,17.94
2114,50,Male,2024-11-02,2026-06-18,Germany,Premium,2.99,36.97,0,0,0,1,17.88
2115,23,Other,2024-05-27,2026-08-10,Australia,Premium,23.76,50.6,0,0,1,0,18.03
2116,64,Male,2023-08-24,2026-08-16,Germany,Basic,0.59,57.1,0,0,1,0,8.48
2117,32,Male,2026-01-05,2026-04-26,India,Standard,3.31,32.08,0,1,0,1,14.16
2118,49,Male,2024-09-05,2026-08-11,USA,Basic,11.78,25.64,1,1,0,0,8.6
2119,68,Female,2024-02-28,2026-08-16,Germany,Standard,19.85,80.22,0,1,1,0,13.57
2120,28,Male,2025-08-22,2026-06-04,Canada,Basic,13.41,61.6,0,0,1,1,9.47
2121,40,Male,2024-07-31,2026-08-13,Australia,Standard,6.01,51.19,1,0,0,0,14.31
2122,43,Female,2026-05-03,2026-08-13,USA,Standard,9.28,94.19,1,0,0,0,14.31
2123,51,Female,2026-01-05,2026-04-24,Germany,Premium,3.05,33.33,1,0,1,1,17.67
2124,63,Male,2025-12-07,2026-06-07,Canada,Standard,11.79,65.2,0,0,1,1,13.79
2125,51,Male,2024-12-03,2026-08-14,Canada,Standard,9.9,44.73,2,1,0,0,13.74
2126,46,Female,2024-01-20,2026-06-17,India,Basic,3.17,52.72,0,1,1,1,8.73
2127,21,Female,2024-07-16,2026-08-17,Ireland,Standard,1.85,83.6,2,0,0,0,14.23
2128,34,Female,2024-01-14,2026-08-12,Canada,Standard,10.31,36.57,0,0,0,0,14.37
2129,52,Female,2025-01-30,2026-06-21,UK,Basic,9.65,82.69,1,0,0,1,8.44
2130,30,Male,2025-12-13,2026-07-14,USA,Standard,10.82,47.65,0,0,0,1,13.41
2131,58,Female,2025-10-01,2026-08-10,USA,Premium,4.34,16.15,0,1,0,0,18.79
2132,56,Female,2025-12-31,2026-08-19,France,Basic,10.41,25.0,0,0,0,0,8.93
2133,32,Female,2026-06-19,2026-08-11,USA,Basic,9.32,63.39,0,0,1,0,8.95
2134,72,Male,2024-08-04,2026-08-18,Germany,Standard,13.16,19.14,0,1,0,0,14.22
2135,46,Female,2024-06-28,2026-06-12,Australia,Premium,2.34,75.56,2,1,0,1,17.26
2136,46,Female,2023-10-08,2026-06-13,Germany,Basic,7.31,56.52,0,0,0,1,8.43
2137,28,Male,2026-03-28,2026-06-19,UK,Premium,6.02,37.4,0,0,1,1,18.45
2138,69,Female,2024-07-29,2026-08-15,France,Premium,8.93,81.39,1,0,0,0,17.65
2139,49,Female,2026-01-20,2026-08-16,Australia,Basic,3.08,89.6,0,0,1,0,9.58
2140,19,Female,2024-06-10,2026-08-03,India,Basic,14.64,34.74,1,0,1,1,9.22
2141,64,Female,2025-04-08,2026-05-29,Canada,Standard,2.4,56.38,0,1,1,1,14.18
2142,31,Female,2025-05-21,2026-07-08,France,Premium,0.54,44.59,1,1,1,1,18.2
2143,37,Female,2024-04-08,2026-08-19,Germany,Standard,1.5,49.41,1,0,1,0,14.65
2144,39,Male,2025-03-23,2026-06-14,Australia,Standard,2.36,51.83,1,0,0,1,14.17
2145,28,Male,2026-07-10,2026-07-10,Canada,Basic,4.27,31.07,1,0,1,1,9.03
2146,44,Male,2026-06-09,2026-06-09,Australia,Standard,6.38,57.49,1,0,1,1,14.36
2147,20,Female,2026-03-20,2026-04-30,Canada,Standard,6.3,90.8,1,0,0,1,14.02
2148,34,Female,2024-08-19,2026-08-15,Australia,Basic,27.77,62.31,1,0,1,0,9.63
2149,61,Female,2025-11-11,2026-08-18,Germany,Standard,1.44,14.67,0,1,1,0,13.88
2150,73,Female,2023-11-21,2026-08-11,France,Basic,6.44,6.27,2,0,0,0,8.34
2151,45,Female,2024-11-24,2026-05-12,Germany,Standard,2.01,21.59,1,1,0,1,13.7
2152,46,Other,2025-12-20,2026-08-17,UK,Basic,16.62,75.78,1,0,0,0,9.06
2153,38,Male,2025-10-26,2026-08-15,India,Basic,18.16,78.44,0,0,1,0,9.3
2154,64,Female,2023-10-19,2026-08-10,India,Premium,8.11,71.65,0,0,0,0,18.57
2155,33,Male,2024-08-13,2026-08-11,Ireland,Basic,15.06,75.33,1,1,0,0,9.36
2156,54,Female,2025-01-27,2026-08-10,USA,Standard,11.72,57.42,0,1,0,0,14.02
2157,37,Female,2024-08-14,2026-08-15,Germany,Basic,5.55,59.61,0,0,0,0,9.12
2158,23,Female,2023-10-14,2026-08-11,Germany,Basic,4.82,8.12,0,1,0,0,9.4
2159,36,Male,2024-11-09,2026-04-24,Canada,Basic,6.58,59.62,2,0,0,1,8.87
2160,74,Male,2025-03-10,2026-04-30,Ireland,Basic,13.45,48.82,1,0,0,1,9.66
2161,22,Female,2023-10-04,2026-07-02,India,Basic,3.64,4.51,0,0,0,1,8.48
2162,20,Female,2024-05-30,2026-05-30,Germany,Premium,4.86,2.33,1,1,0,1,18.59
2163,18,Male,2026-03-17,2026-08-19,Australia,Basic,12.5,66.65,0,1,0,0,8.74
2164,55,Female,2024-04-01,2026-08-18,India,Basic,15.57,76.1,1,0,1,0,9.16
2165,32,Male,2023-11-11,2026-08-13,Ireland,Premium,11.06,58.17,0,1,0,0,18.13
2166,51,Female,2026-07-09,2026-08-14,USA,Basic,8.13,38.76,2,0,1,0,9.23
2167,52,Female,2025-02-20,2026-06-16,Australia,Standard,13.61,48.98,1,0,0,1,13.79
2168,66,Female,2025-09-08,2026-08-10,Canada,Basic,9.06,31.88,0,0,0,0,9.65
2169,42,Other,2023-09-23,2026-08-17,UK,Basic,1.12,64.33,0,0,0,0,8.39
2170,41,Female,2025-09-10,2026-07-28,Australia,Standard,8.99,30.02,0,0,0,1,14.05
2171,29,Female,2025-01-20,2026-08-14,France,Premium,10.31,74.56,1,0,0,0,17.73
2172,35,Male,2026-06-12,2026-08-16,India,Basic,9.32,82.7,2,0,0,0,8.77
2173,32,Male,2023-09-10,2026-04-22,France,Standard,3.55,18.47,0,1,0,1,14.32
2174,61,Male,2025-11-10,2026-04-25,USA,Basic,5.54,54.41,2,0,0,1,9.51
2175,33,Female,2025-09-21,2026-05-29,Australia,Basic,8.48,8.97,0,0,0,1,8.93
2176,44,Male,2023-11-15,2026-08-17,Ireland,Premium,12.8,45.54,0,0,1,0,18.19
2177,25,Male,2025-11-05,2026-08-11,Ireland,Basic,9.24,69.59,0,0,0,0,8.9
2178,63,Male,2023-10-25,2026-05-31,USA,Premium,1.33,19.52,1,0,0,1,17.96
2179,42,Male,2025-01-25,2026-08-10,India,Basic,3.96,6.29,0,0,1,0,8.51
2180,34,Male,2024-10-19,2026-08-16,Ireland,Premium,11.91,50.85,0,1,0,0,17.8
2181,46,Female,2025-01-15,2026-08-17,Australia,Standard,18.37,47.23,2,0,1,0,14.88
2182,70,Female,2025-04-16,2026-08-10,UK,Premium,8.17,71.24,0,0,1,0,18.71
2183,25,Female,2025-12-09,2026-08-13,Australia,Basic,13.11,68.67,0,1,0,0,8.53
2184,32,Female,2026-04-20,2026-08-12,UK,Standard,4.03,47.83,0,1,0,0,14.12
2185,44,Male,2025-10-14,2026-04-22,Ireland,Standard,1.53,25.51,1,0,0,1,14.3
2186,63,Female,2025-11-15,2026-06-29,Australia,Standard,6.16,43.46,1,1,0,1,14.54
2187,67,Male,2024-03-07,2026-08-13,Ireland,Premium,1.2,10.87,1,0,0,0,18.27
2188,69,Male,2026-05-04,2026-08-15,India,Standard,18.38,72.92,0,1,0,0,13.89
2189,24,Female,2025-04-19,2026-08-10,UK,Premium,8.52,64.03,0,0,0,0,17.97
2190,20,Male,2024-12-12,2026-07-25,India,Basic,6.83,11.46,0,1,0,1,8.92
2191,46,Female,2023-09-17,2026-08-17,Ireland,Standard,9.68,67.87,0,1,0,0,14.14
2192,61,Male,2026-06-06,2026-06-06,Germany,Premium,3.76,50.95,0,0,0,1,18.18
2193,70,Female,2026-06-13,2026-08-11,Canada,Basic,9.19,49.57,1,0,0,0,9.56
2194,41,Female,2025-05-31,2026-08-19,Australia,Standard,4.36,88.9,0,0,0,0,14.36
2195,20,Male,2025-11-18,2026-05-17,Germany,Premium,16.72,74.87,1,0,0,1,18.22
2196,37,Female,2025-03-15,2026-07-01,India,Standard,15.19,81.83,1,1,1,1,13.78
2197,63,Male,2025-09-01,2026-08-14,France,Basic,11.04,7.24,0,0,0,0,8.99
2198,32,Female,2025-04-09,2026-08-14,Ireland,Basic,24.38,61.29,0,0,0,0,9.32
2199,42,Male,2026-04-25,2026-06-15,Ireland,Premium,13.95,72.78,0,0,0,1,18.11
2200,47,Female,2026-05-02,2026-08-16,Canada,Premium,7.85,59.7,1,0,0,0,18.16
2201,31,Female,2025-12-05,2026-06-01,Ireland,Premium,0.72,63.78,0,0,0,1,17.72
2202,24,Male,2025-03-25,2026-08-14,Canada,Standard,10.37,45.24,1,1,1,0,13.9
2203,34,Female,2024-11-05,2026-08-10,Australia,Standard,9.61,30.5,0,0,0,0,13.95
2204,61,Female,2023-12-16,2026-08-13,UK,Basic,8.12,56.1,1,0,0,0,9.35
2205,37,Female,2025-03-23,2026-08-15,Canada,Basic,16.25,28.82,0,1,1,0,8.48
2206,53,Female,2024-04-02,2026-08-19,Canada,Basic,10.13,57.13,2,0,0,0,9.09
2207,26,Male,2026-06-26,2026-06-26,Germany,Basic,1.05,78.09,0,1,0,1,9.21
2208,55,Female,2024-06-02,2026-08-16,Ireland,Premium,16.74,59.36,1,1,0,0,17.27
2209,65,Male,2024-01-02,2026-08-12,Australia,Premium,10.93,62.51,1,1,0,0,18.34
2210,74,Male,2024-05-17,2026-08-10,UK,Standard,6.24,29.27,0,1,1,0,14.1
2211,39,Other,2024-06-28,2026-08-19,USA,Premium,15.6,27.31,1,1,0,0,17.4
2212,71,Female,2025-05-21,2026-08-18,India,Premium,5.81,35.27,0,0,0,0,18.78
2213,70,Male,2024-09-29,2026-08-19,Canada,Standard,7.24,48.65,1,0,0,0,13.92
2214,70,Male,2024-09-04,2026-07-06,USA,Standard,4.59,66.72,3,0,0,1,13.04
2215,19,Female,2025-01-20,2026-08-14,Ireland,Basic,3.85,34.16,1,0,1,0,9.42
2216,41,Male,2024-01-17,2026-08-19,India,Standard,11.29,45.11,0,0,0,0,14.15
2217,25,Male,2026-05-27,2026-08-15,Canada,Basic,5.3,60.12,0,1,0,0,9.18
2218,28,Male,2025-09-10,2026-06-03,France,Basic,4.61,22.13,2,0,0,1,8.84
2219,30,Female,2025-12-13,2026-08-15,France,Premium,8.68,53.78,0,1,1,0,17.82
2220,34,Female,2026-06-02,2026-08-19,USA,Basic,19.58,54.75,1,0,0,0,8.89
2221,25,Male,2025-04-14,2026-08-15,Germany,Basic,14.59,78.31,0,0,0,0,9.28
2222,38,Female,2026-03-25,2026-08-18,USA,Standard,8.99,63.99,0,0,0,0,13.85
2223,35,Male,2026-04-30,2026-05-07,India,Standard,2.27,39.74,0,0,0,1,14.04
2224,47,Female,2025-03-12,2026-08-12,Germany,Basic,14.21,27.11,0,1,0,0,9.35
2225,35,Other,2024-10-25,2026-07-21,India,Basic,1.95,68.06,0,0,1,1,9.3
2226,63,Female,2024-04-05,2026-04-23,UK,Premium,13.86,22.2,0,0,0,1,18.09
2227,64,Female,2024-11-26,2026-08-10,Ireland,Basic,7.17,55.33,1,1,1,0,8.82
2228,48,Female,2024-06-11,2026-06-28,France,Premium,2.84,33.19,0,1,1,1,17.41
2229,55,Female,2024-09-16,2026-08-17,Australia,Standard,1.74,79.95,0,0,0,0,14.53
2230,49,Female,2026-01-26,2026-05-16,USA,Standard,1.81,40.08,0,1,0,1,13.96
2231,28,Female,2024-05-07,2026-08-13,Canada,Basic,6.27,53.14,2,1,1,0,8.99
2232,62,Male,2024-10-20,2026-05-10,India,Standard,7.83,21.22,1,0,0,1,13.5
2233,42,Male,2025-09-27,2026-04-29,India,Premium,2.02,32.27,0,0,0,1,17.89
2234,50,Female,2025-04-02,2026-08-17,Ireland,Basic,12.96,67.15,0,1,0,0,8.85
2235,55,Female,2025-01-31,2026-08-18,USA,Basic,17.57,49.54,1,0,0,0,9.1
2236,58,Male,2023-08-25,2026-08-11,Canada,Basic,10.96,51.27,1,0,0,0,9.21
2237,25,Male,2026-06-26,2026-08-18,Canada,Standard,8.06,89.39,1,0,1,0,13.63
2238,28,Female,2025-08-06,2026-08-18,India,Standard,3.96,47.37,0,0,0,0,14.11
2239,39,Female,2024-10-22,2026-05-19,Australia,Basic,6.82,17.43,0,0,0,1,9.07
2240,68,Female,2025-12-06,2026-08-02,India,Basic,1.49,16.96,1,1,0,1,9.43
2241,41,Female,2026-06-13,2026-06-14,Australia,Standard,10.58,4.02,2,0,0,1,14.4
2242,58,Female,2024-12-28,2026-05-09,India,Premium,2.26,61.11,1,1,0,1,17.65
2243,34,Female,2025-11-27,2026-07-03,India,Standard,14.63,43.6,1,0,0,1,14.21
2244,29,Female,2026-03-29,2026-05-06,Canada,Basic,11.14,67.1,2,0,0,1,9.43
2245,74,Female,2025-09-18,2026-08-19,Australia,Basic,6.21,55.12,0,1,0,0,9.2
2246,63,Female,2026-03-11,2026-08-13,Canada,Standard,9.42,51.79,0,1,0,0,13.17
2247,49,Male,2025-08-07,2026-08-15,USA,Basic,12.25,36.64,0,0,0,0,8.81
2248,32,Male,2025-06-01,2026-07-25,India,Standard,7.06,30.46,0,0,0,1,13.73
2249,33,Other,2023-11-11,2026-08-12,UK,Standard,5.92,30.61,0,0,0,0,14.24
2250,71,Male,2024-07-19,2026-06-26,Australia,Basic,7.1,36.29,2,0,0,1,8.24
2251,39,Male,2024-10-05,2026-08-13,Germany,Standard,4.8,44.73,0,0,0,0,14.74
2252,45,Female,2025-07-01,2026-08-10,France,Standard,17.32,45.67,0,0,0,0,14.24
2253,37,Female,2025-02-24,2026-08-19,Germany,Standard,10.96,16.61,1,0,0,0,14.12
2254,50,Male,2023-08-19,2026-08-13,Germany,Premium,8.43,79.06,0,0,0,0,17.67
2255,27,Male,2026-05-21,2026-07-30,UK,Standard,2.59,45.52,0,1,0,1,13.56
2256,57,Male,2025-01-14,2026-08-18,Canada,Standard,15.43,69.64,0,0,0,0,14.3
2257,49,Female,2026-01-14,2026-08-19,Canada,Standard,3.94,44.56,0,0,1,0,13.67
2258,67,Male,2025-04-24,2026-05-08,France,Basic,11.21,44.34,0,0,0,1,7.61
2259,50,Male,2024-03-26,2026-08-14,France,Basic,3.89,45.86,0,1,1,0,8.81
2260,19,Male,2026-01-15,2026-06-06,Ireland,Premium,5.15,17.63,0,1,1,1,17.21
2261,50,Female,2023-12-26,2026-08-16,France,Premium,9.34,43.99,0,1,1,0,17.97
2262,50,Male,2026-02-07,2026-08-10,Germany,Standard,11.06,30.67,1,1,1,0,14.26
2263,58,Male,2026-04-10,2026-08-16,Germany,Standard,12.67,28.21,0,0,0,0,13.75
2264,30,Female,2024-08-29,2026-08-14,Canada,Basic,10.39,43.93,1,1,1,0,9.55
2265,47,Other,2024-12-20,2026-08-19,Germany,Standard,7.27,74.7,0,0,0,0,14.32
2266,50,Female,2024-11-17,2026-08-18,Canada,Premium,1.57,47.02,0,0,0,0,17.64
2267,30,Other,2025-01-31,2026-07-18,India,Premium,3.14,69.0,0,0,0,1,17.78
2268,69,Female,2024-06-20,2026-08-11,India,Basic,7.13,55.49,0,1,1,0,9.2
2269,43,Male,2024-02-06,2026-05-08,Canada,Basic,0.99,25.14,0,0,0,1,8.87
2270,39,Female,2023-11-23,2026-08-16,Australia,Standard,17.71,83.39,1,0,0,0,13.79
2271,56,Male,2026-03-19,2026-08-15,Canada,Standard,11.71,31.28,0,1,0,0,13.92
2272,19,Female,2024-09-21,2026-08-19,USA,Basic,5.61,22.81,0,0,0,0,8.16
2273,55,Male,2025-08-06,2026-08-16,USA,Standard,4.1,82.45,0,0,0,0,13.94
2274,56,Male,2025-11-14,2026-05-03,USA,Basic,14.46,35.36,1,0,0,1,9.77
2275,43,Female,2024-08-13,2026-08-15,USA,Standard,5.29,20.15,0,1,0,0,13.9
2276,63,Male,2024-08-07,2026-08-10,UK,Standard,17.96,60.84,0,0,1,0,14.61
2277,67,Female,2023-10-18,2026-08-11,Ireland,Premium,11.2,69.46,1,0,1,0,17.98
2278,32,Male,2025-11-16,2026-08-14,Ireland,Premium,7.88,74.23,0,0,1,0,18.25
2279,51,Male,2025-03-27,2026-08-15,Canada,Standard,5.08,51.2,0,0,1,0,13.78
2280,59,Female,2026-04-14,2026-07-30,India,Standard,5.25,27.36,2,0,1,1,14.52
2281,72,Female,2025-08-26,2026-08-13,Germany,Standard,8.82,77.88,0,0,0,0,14.08
2282,61,Female,2023-09-26,2026-08-14,USA,Premium,16.71,65.42,0,0,0,0,17.26
2283,66,Male,2025-04-18,2026-08-17,Ireland,Basic,2.29,77.81,0,0,0,0,9.31
2284,57,Female,2024-05-16,2026-08-12,Ireland,Premium,24.82,44.75,0,0,0,0,17.96
2285,28,Female,2024-12-05,2026-08-11,USA,Basic,22.96,46.19,1,0,0,0,8.6
2286,20,Female,2025-03-10,2026-08-13,India,Basic,3.29,84.69,1,0,0,0,8.63
2287,23,Male,2026-04-25,2026-08-10,UK,Standard,6.75,87.39,1,0,0,0,14.41
2288,26,Female,2025-06-14,2026-08-13,UK,Standard,10.26,68.23,0,1,0,0,14.39
2289,23,Female,2026-01-05,2026-08-19,France,Basic,18.6,86.11,0,0,1,0,8.69
2290,26,Female,2024-06-17,2026-05-07,Ireland,Standard,4.72,50.56,0,1,0,1,13.84
2291,56,Female,2026-06-24,2026-06-24,France,Premium,2.27,21.06,0,0,0,1,17.49
2292,48,Female,2026-03-08,2026-08-11,UK,Basic,15.19,76.24,0,0,0,0,8.38
2293,49,Male,2025-12-27,2026-08-17,Australia,Standard,8.19,58.76,0,1,0,0,14.54
2294,58,Male,2023-09-04,2026-08-18,USA,Basic,8.52,84.54,1,0,0,0,9.59
2295,67,Female,2024-11-25,2026-08-17,India,Standard,16.78,18.63,0,1,0,0,14.05
2296,29,Male,2025-07-24,2026-08-18,Ireland,Standard,9.86,50.29,0,0,0,0,13.6
2297,25,Male,2024-10-01,2026-08-15,USA,Basic,3.21,39.72,0,0,0,0,9.35
2298,25,Male,2023-11-22,2026-08-17,UK,Premium,16.03,35.0,1,1,0,0,18.21
2299,67,Male,2023-11-14,2026-08-12,USA,Standard,4.25,39.33,2,0,0,0,13.92
2300,45,Female,2023-12-23,2026-08-17,UK,Premium,2.01,70.94,1,1,0,0,18.05
2301,37,Female,2024-01-25,2026-08-10,India,Standard,5.31,52.12,1,0,0,0,14.1
2302,64,Female,2025-11-17,2026-08-11,UK,Premium,6.82,73.3,1,0,1,0,17.99
2303,24,Male,2025-10-16,2026-08-13,USA,Basic,8.58,35.69,1,0,1,0,8.9
2304,28,Female,2025-08-08,2026-08-18,India,Basic,6.92,46.02,0,0,0,0,9.25
2305,37,Female,2025-07-14,2026-08-14,UK,Standard,22.05,50.87,0,0,1,0,13.72
2306,33,Other,2024-05-03,2026-08-13,France,Premium,9.27,57.11,2,0,0,0,17.6
2307,21,Female,2024-03-24,2026-08-13,Australia,Basic,9.85,14.94,0,0,1,0,8.41
2308,23,Male,2026-03-20,2026-05-19,Canada,Premium,2.13,17.91,0,0,0,1,17.58
2309,39,Female,2026-02-11,2026-08-14,USA,Basic,14.19,72.5,1,0,0,0,9.29
2310,43,Other,2024-07-14,2026-08-13,Canada,Basic,6.76,85.13,0,1,0,0,9.37
2311,20,Female,2025-02-18,2026-08-14,USA,Basic,12.01,68.14,3,0,1,0,9.05
2312,58,Female,2023-12-29,2026-08-17,UK,Standard,14.56,63.06,1,0,0,0,14.1
2313,59,Male,2024-07-05,2026-08-12,UK,Premium,4.52,16.27,1,1,0,0,17.27
2314,31,Female,2025-10-06,2026-04-22,India,Basic,7.53,55.68,1,0,0,1,8.72
2315,28,Female,2025-05-27,2026-08-10,Ireland,Standard,9.62,72.04,0,0,0,0,13.55
2316,35,Male,2026-03-03,2026-04-26,Australia,Basic,3.45,8.73,1,0,0,1,8.76
2317,71,Female,2024-08-13,2026-05-02,France,Standard,10.08,50.26,2,1,1,1,14.11
2318,29,Male,2024-08-22,2026-08-18,Ireland,Basic,23.94,67.79,1,0,0,0,9.48
2319,40,Male,2023-11-07,2026-08-19,Canada,Standard,11.26,12.41,1,1,0,0,13.97
2320,29,Male,2025-04-02,2026-06-18,UK,Standard,7.28,30.42,0,0,0,1,13.34
2321,30,Male,2025-06-27,2026-08-16,Ireland,Standard,12.36,55.85,1,0,1,0,13.98
2322,42,Female,2025-02-25,2026-08-02,UK,Basic,8.03,44.73,1,1,0,1,9.39
2323,62,Male,2025-01-29,2026-08-14,USA,Basic,26.37,28.89,1,0,0,0,8.25
2324,68,Male,2025-12-20,2026-08-16,Ireland,Standard,14.48,30.01,0,0,0,0,14.21
2325,36,Female,2024-02-05,2026-08-10,Canada,Premium,5.27,90.02,2,1,1,0,17.62
2326,72,Female,2023-08-24,2026-08-14,India,Premium,13.96,29.16,0,0,0,0,18.39
2327,63,Female,2025-11-30,2026-05-31,Ireland,Premium,3.4,51.69,0,1,0,1,17.72
2328,53,Male,2025-11-03,2026-08-15,UK,Premium,10.57,71.84,1,0,0,0,18.28
2329,62,Female,2025-09-16,2026-08-15,Germany,Standard,23.74,40.67,1,1,0,0,14.16
2330,25,Male,2025-06-13,2026-06-26,Germany,Basic,2.14,42.94,2,0,0,1,8.53
2331,46,Female,2023-10-28,2026-07-06,India,Basic,8.27,24.68,0,1,0,1,9.33
2332,72,Male,2024-07-01,2026-08-19,India,Standard,5.33,36.54,0,1,0,0,13.72
2333,70,Female,2025-09-20,2026-04-24,Australia,Standard,3.58,67.11,0,1,1,1,14.54
2334,72,Male,2025-08-12,2026-07-27,India,Premium,3.37,64.09,0,0,0,1,18.29
2335,49,Female,2023-08-24,2026-08-16,UK,Basic,30.75,44.42,0,0,1,0,9.3
2336,68,Female,2024-03-18,2026-08-16,France,Standard,10.36,65.2,0,1,0,0,14.43
2337,61,Male,2023-08-16,2026-08-18,USA,Standard,15.76,48.6,0,0,0,0,13.92
2338,35,Male,2025-11-07,2026-08-18,Ireland,Standard,6.99,67.39,0,1,0,0,14.22
2339,23,Female,2026-03-06,2026-05-18,India,Basic,10.56,23.03,1,0,0,1,8.97
2340,35,Other,2024-04-24,2026-08-15,Germany,Standard,12.14,73.87,2,1,1,0,14.01
2341,36,Female,2023-11-21,2026-08-14,USA,Basic,12.02,50.91,0,0,0,0,8.77
2342,39,Male,2026-06-13,2026-08-13,France,Premium,24.89,85.29,0,1,1,0,17.48
2343,54,Male,2026-04-07,2026-06-16,UK,Premium,11.78,28.85,0,0,0,1,17.93
2344,49,Female,2025-11-08,2026-07-15,USA,Basic,8.3,59.99,0,0,0,1,8.86
2345,73,Female,2025-03-20,2026-08-11,UK,Basic,13.13,29.65,0,1,0,0,9.5
2346,58,Female,2025-04-19,2026-08-12,France,Standard,4.89,26.55,1,1,0,0,13.81
2347,20,Female,2025-02-08,2026-08-12,France,Standard,8.6,70.83,0,0,1,0,13.69
2348,45,Female,2024-12-07,2026-08-16,Australia,Basic,16.79,51.48,1,0,0,0,9.04
2349,27,Female,2025-02-11,2026-08-19,Ireland,Premium,7.24,81.04,0,0,0,0,17.55
2350,68,Male,2025-07-16,2026-06-04,USA,Standard,4.5,52.43,0,0,0,1,13.4
2351,52,Male,2026-04-10,2026-08-13,France,Basic,6.76,36.09,0,0,0,0,8.92
2352,46,Female,2024-01-17,2026-05-01,Ireland,Standard,5.78,36.63,1,0,0,1,14.01
2353,71,Male,2024-09-25,2026-08-18,USA,Basic,2.14,78.74,2,0,0,0,9.04
2354,32,Male,2024-08-30,2026-08-15,UK,Basic,3.93,39.4,1,0,1,0,8.57
2355,50,Male,2024-11-29,2026-08-16,France,Standard,5.92,51.41,0,0,0,0,13.41
2356,24,Male,2024-11-28,2026-08-15,UK,Basic,8.38,32.02,0,1,0,0,9.04
2357,29,Female,2025-01-26,2026-08-10,USA,Standard,27.84,59.07,2,0,0,0,14.25
2358,66,Female,2025-06-27,2026-08-15,Australia,Premium,15.68,92.07,1,0,0,0,18.04
2359,47,Female,2025-07-23,2026-07-02,UK,Premium,8.1,48.43,0,0,0,1,17.92
2360,38,Male,2024-01-02,2026-08-15,Canada,Basic,5.78,24.24,0,0,1,0,9.12
2361,48,Female,2024-11-16,2026-08-17,Canada,Basic,4.1,30.96,0,0,0,0,9.33
2362,41,Male,2024-07-29,2026-08-14,Ireland,Standard,24.11,43.44,2,1,1,0,13.96
2363,37,Female,2025-08-12,2026-05-18,India,Standard,7.81,56.0,1,0,0,1,13.93
2364,54,Female,2026-03-08,2026-06-28,Canada,Premium,12.34,79.67,0,0,0,1,17.63
2365,21,Male,2023-12-24,2026-08-10,Canada,Standard,4.68,54.45,0,1,1,0,14.33
2366,45,Female,2023-11-16,2026-06-09,Australia,Basic,2.47,75.63,0,1,0,1,8.3
2367,61,Female,2025-07-06,2026-08-13,Australia,Standard,17.19,47.91,1,1,0,0,13.8
2368,37,Male,2026-06-13,2026-06-13,India,Premium,5.38,30.09,1,1,0,1,17.95
2369,41,Female,2024-05-31,2026-08-19,Germany,Premium,7.5,60.7,0,0,1,0,17.62
2370,67,Male,2025-09-14,2026-08-14,India,Basic,5.47,42.21,0,1,1,0,8.41
2371,66,Male,2026-04-06,2026-06-02,Germany,Standard,4.72,37.84,0,1,0,1,14.34
2372,68,Female,2025-01-11,2026-08-15,Australia,Basic,6.21,35.14,0,1,1,0,8.81
2373,49,Female,2025-06-19,2026-08-17,Germany,Standard,1.53,84.99,2,0,1,0,13.86
2374,58,Female,2026-02-18,2026-05-03,Australia,Basic,4.94,51.55,0,1,0,1,8.56
2375,53,Male,2025-01-31,2026-08-10,Germany,Premium,11.11,44.16,1,1,0,0,18.28
2376,70,Male,2023-10-29,2026-08-18,UK,Standard,20.67,48.01,1,0,0,0,13.5
2377,51,Female,2023-11-28,2026-08-03,Australia,Premium,6.1,70.27,0,0,0,1,17.89
2378,53,Male,2024-02-09,2026-08-10,India,Premium,5.27,43.69,1,0,0,0,18.6
2379,19,Female,2024-12-15,2026-08-18,Ireland,Basic,10.81,20.07,1,0,1,0,9.56
2380,32,Female,2026-01-01,2026-08-18,Ireland,Standard,8.08,67.91,0,0,0,0,13.73
2381,51,Female,2026-07-09,2026-07-09,Australia,Premium,4.31,38.61,1,0,0,1,18.51
2382,53,Female,2024-06-13,2026-07-29,Canada,Standard,17.79,96.33,0,0,0,1,13.88
2383,23,Male,2024-01-13,2026-08-14,France,Standard,20.76,68.43,0,0,0,0,13.47
2384,56,Male,2025-02-15,2026-05-28,Ireland,Standard,6.52,34.23,0,0,0,1,13.85
2385,59,Male,2026-04-12,2026-08-10,India,Standard,7.45,59.62,0,0,1,0,13.77
2386,68,Female,2024-03-02,2026-08-18,Canada,Basic,6.71,61.09,0,0,0,0,9.66
2387,68,Female,2025-07-20,2026-08-15,Ireland,Standard,8.15,36.43,0,1,1,0,13.32
2388,71,Female,2024-10-02,2026-08-18,France,Basic,5.21,70.44,0,1,0,0,8.72
2389,29,Female,2026-02-10,2026-05-23,USA,Basic,5.12,47.53,1,0,1,1,9.07
2390,20,Other,2024-06-20,2026-08-02,USA,Basic,0.6,36.19,1,0,0,1,9.66
2391,62,Male,2026-01-27,2026-08-19,Australia,Basic,3.78,59.49,1,1,0,0,9.59
2392,35,Male,2025-01-22,2026-06-12,France,Standard,12.87,70.35,0,1,0,1,13.77
2393,57,Male,2025-03-31,2026-08-18,India,Basic,10.04,72.87,1,0,0,0,8.94
2394,38,Female,2025-10-11,2026-08-19,India,Basic,5.12,26.48,0,1,0,0,8.78
2395,32,Male,2023-12-07,2026-08-11,Ireland,Standard,15.61,45.81,2,1,0,0,14.4
2396,50,Female,2025-04-25,2026-07-08,UK,Standard,5.0,57.37,1,0,0,1,14.42
2397,52,Female,2026-04-30,2026-06-10,Canada,Standard,1.68,76.2,2,0,0,1,13.96
2398,43,Female,2024-04-26,2026-07-23,France,Premium,6.74,35.76,1,0,0,1,18.08
2399,25,Female,2025-02-16,2026-08-11,Ireland,Basic,9.14,42.42,1,0,0,0,8.22
2400,53,Male,2026-03-09,2026-08-19,Australia,Basic,10.33,65.43,1,0,0,0,8.92
2401,65,Male,2025-04-30,2026-08-14,France,Basic,20.88,74.93,1,1,0,0,9.1
2402,47,Female,2026-03-25,2026-08-15,Canada,Premium,5.53,77.88,1,0,1,0,18.54
2403,40,Male,2024-07-02,2026-05-28,Germany,Standard,3.7,26.32,0,1,0,1,13.66
2404,59,Male,2024-10-13,2026-05-01,Australia,Basic,6.12,52.77,0,0,1,1,8.09
2405,61,Female,2025-07-07,2026-08-14,Ireland,Basic,6.87,41.94,2,0,0,0,9.07
2406,31,Male,2024-11-20,2026-08-12,UK,Standard,7.41,32.09,0,0,1,0,14.04
2407,31,Female,2023-11-28,2026-08-11,France,Basic,13.86,75.55,0,1,0,0,8.6
2408,19,Female,2025-02-11,2026-08-03,Germany,Standard,3.6,54.22,3,0,1,1,13.78
2409,72,Male,2024-12-22,2026-06-14,Australia,Premium,5.03,16.24,2,1,0,1,18.25
2410,54,Female,2023-12-27,2026-08-19,Ireland,Standard,6.28,49.15,1,1,0,0,13.13
2411,22,Male,2024-09-27,2026-08-14,USA,Premium,2.87,21.39,1,0,0,0,18.48
2412,55,Female,2024-02-26,2026-08-13,India,Basic,9.35,50.65,0,1,0,0,8.85
2413,62,Male,2026-07-09,2026-08-12,Ireland,Standard,11.08,33.16,1,0,0,0,14.03
2414,58,Female,2025-06-28,2026-08-10,USA,Premium,6.06,25.7,0,0,0,0,18.23
2415,71,Male,2026-04-29,2026-06-01,USA,Standard,2.51,19.58,0,0,0,1,14.07
2416,64,Male,2023-11-18,2026-06-29,Australia,Standard,4.13,56.1,0,0,1,1,13.79
2417,31,Male,2025-06-20,2026-08-18,Ireland,Standard,4.97,44.35,1,1,0,0,14.41
2418,73,Male,2025-01-22,2026-06-28,India,Premium,1.55,20.8,1,0,1,1,18.03
2419,56,Male,2024-09-28,2026-08-11,Ireland,Basic,3.8,29.16,2,0,0,0,8.6
2420,42,Female,2024-10-19,2026-08-14,USA,Basic,6.77,63.7,2,0,1,0,9.4
2421,37,Female,2026-04-12,2026-08-16,Canada,Basic,22.83,68.87,0,0,1,0,8.06
2422,19,Male,2025-04-20,2026-08-11,Germany,Premium,14.05,32.25,2,1,1,0,18.04
2423,56,Male,2024-02-28,2026-04-29,UK,Premium,7.13,42.22,2,0,0,1,18.43
2424,23,Female,2025-08-27,2026-08-19,Ireland,Basic,23.91,48.26,0,0,1,0,9.18
2425,34,Female,2024-07-27,2026-08-13,Germany,Basic,12.14,75.55,0,1,0,0,9.17
2426,42,Male,2026-05-08,2026-06-16,Germany,Premium,5.08,58.09,0,1,0,1,17.67
2427,74,Female,2026-04-20,2026-08-12,France,Basic,5.62,69.49,0,1,0,0,8.71
2428,45,Male,2025-08-25,2026-08-16,Canada,Basic,5.56,19.16,0,0,0,0,9.11
2429,19,Female,2026-01-27,2026-08-16,Germany,Basic,9.37,33.88,0,0,1,0,9.25
2430,52,Male,2025-09-09,2026-06-25,Ireland,Basic,13.54,13.89,0,0,0,1,9.58
2431,54,Male,2025-03-11,2026-08-13,Australia,Standard,4.66,34.88,3,1,1,0,13.85
2432,22,Female,2025-05-19,2026-05-08,Australia,Standard,3.35,66.07,0,1,0,1,14.43
2433,18,Male,2026-06-16,2026-06-16,France,Standard,6.11,36.6,1,0,0,1,13.5
2434,57,Female,2026-03-24,2026-04-22,Germany,Premium,2.92,57.08,2,0,0,1,18.31
2435,29,Male,2024-01-08,2026-05-31,Ireland,Basic,5.3,20.02,0,0,0,1,9.21
2436,73,Female,2024-04-14,2026-08-15,Ireland,Basic,3.86,27.79,0,0,0,0,8.47
2437,53,Female,2025-06-26,2026-04-28,USA,Premium,1.44,29.41,0,1,0,1,18.13
2438,62,Male,2026-01-26,2026-06-08,Canada,Standard,5.79,71.48,1,1,1,1,13.85
2439,40,Female,2026-04-06,2026-07-12,India,Basic,2.02,27.66,0,0,0,1,9.15
2440,64,Female,2024-12-06,2026-05-17,UK,Basic,0.87,14.05,3,0,0,1,8.64
2441,48,Female,2024-01-19,2026-08-17,India,Basic,20.74,58.64,0,0,0,0,8.95
2442,28,Female,2023-12-09,2026-05-16,France,Standard,19.4,88.94,1,0,0,1,13.83
2443,27,Female,2023-12-11,2026-08-16,USA,Basic,8.79,54.3,1,1,1,0,8.82
2444,20,Male,2024-03-12,2026-08-18,UK,Standard,4.52,26.77,1,1,0,0,13.62
2445,71,Male,2026-03-16,2026-08-18,India,Basic,1.91,88.82,1,0,0,0,9.28
2446,31,Female,2024-04-18,2026-08-17,Ireland,Premium,7.48,49.37,2,1,0,0,18.8
2447,33,Female,2025-11-29,2026-05-26,Australia,Basic,4.09,25.29,1,1,0,1,9.05
2448,27,Male,2024-09-22,2026-08-11,USA,Standard,21.13,64.48,1,0,1,0,14.79
2449,46,Female,2024-01-02,2026-08-18,India,Basic,7.29,60.26,1,0,0,0,9.24
2450,27,Female,2026-03-06,2026-08-17,France,Basic,5.4,62.64,1,0,0,0,8.6
2451,29,Male,2025-01-11,2026-08-17,Germany,Standard,28.39,66.88,0,0,1,0,14.22
2452,47,Male,2024-06-22,2026-08-13,France,Standard,6.9,34.74,0,0,1,0,13.96
2453,58,Female,2026-05-26,2026-06-12,France,Standard,10.61,2.22,0,0,0,1,14.3
2454,18,Male,2025-07-30,2026-08-17,France,Standard,8.65,35.46,0,0,0,0,13.81
2455,22,Female,2024-01-10,2026-08-17,Germany,Basic,5.71,54.42,2,0,0,0,9.37
2456,37,Female,2024-04-29,2026-04-29,UK,Standard,13.45,55.32,0,1,0,1,13.54
2457,25,Male,2024-05-06,2026-08-15,Ireland,Basic,34.68,31.4,0,1,0,0,9.07
2458,60,Male,2023-09-02,2026-08-11,Australia,Basic,2.42,84.22,0,1,0,0,8.88
2459,29,Male,2024-11-28,2026-08-16,UK,Standard,4.83,36.64,0,0,0,0,14.22
2460,18,Female,2024-12-30,2026-08-10,India,Premium,6.8,75.87,1,1,1,0,17.84
2461,74,Female,2024-08-15,2026-08-13,India,Standard,9.77,16.17,0,1,0,0,13.33
2462,71,Male,2024-11-16,2026-08-14,Australia,Premium,28.1,70.44,2,0,1,0,17.61
2463,37,Female,2026-03-02,2026-04-27,India,Premium,5.9,38.56,1,1,0,1,17.85
2464,45,Male,2025-01-06,2026-08-12,Canada,Basic,13.88,72.51,1,0,0,0,8.65
2465,74,Male,2025-03-09,2026-06-28,Australia,Premium,10.44,56.83,1,1,0,1,18.23
2466,60,Male,2024-11-01,2026-05-24,Germany,Standard,3.15,10.45,0,0,0,1,14.04
2467,54,Male,2025-03-06,2026-08-13,India,Premium,6.76,23.14,0,0,0,0,17.48
2468,64,Male,2024-07-10,2026-07-15,India,Standard,8.37,43.62,1,0,0,1,13.96
2469,54,Male,2024-06-17,2026-05-07,USA,Standard,3.54,12.98,1,0,0,1,13.65
2470,29,Female,2024-09-14,2026-04-28,USA,Standard,1.5,60.02,1,0,0,1,14.02
2471,54,Female,2026-06-02,2026-08-19,USA,Basic,5.02,62.91,2,1,0,0,9.1
2472,66,Male,2024-11-01,2026-07-11,Australia,Premium,3.37,74.99,1,0,1,1,18.29
2473,66,Male,2024-09-09,2026-08-19,Germany,Basic,2.24,38.18,0,1,0,0,9.1
2474,73,Male,2025-10-17,2026-08-10,Australia,Basic,3.73,34.09,0,0,1,0,9.23
2475,61,Male,2026-06-04,2026-06-04,France,Basic,16.39,5.79,1,1,0,1,8.19
2476,73,Female,2024-01-07,2026-08-13,Ireland,Basic,2.27,35.49,0,0,1,0,8.16
2477,45,Male,2025-12-17,2026-08-14,Germany,Basic,10.57,82.92,1,0,1,0,8.82
2478,64,Male,2025-12-03,2026-08-13,Germany,Basic,6.47,12.79,1,0,0,0,8.91
2479,32,Male,2025-09-01,2026-06-18,France,Standard,6.62,57.12,1,1,0,1,14.38
2480,23,Male,2025-12-08,2026-06-25,Australia,Standard,13.45,68.14,1,0,1,1,13.95
2481,61,Male,2026-06-05,2026-08-10,Australia,Basic,9.83,28.04,0,0,0,0,8.95
2482,37,Female,2023-09-17,2026-08-17,USA,Basic,9.42,7.59,1,0,0,0,9.12
2483,67,Male,2024-10-26,2026-06-19,Germany,Premium,1.33,61.21,1,0,0,1,17.79
2484,31,Male,2025-07-11,2026-08-15,USA,Basic,4.65,31.86,0,1,0,0,9.32
2485,19,Female,2024-08-17,2026-08-16,Ireland,Basic,22.13,57.88,1,0,0,0,9.25
2486,26,Female,2023-11-07,2026-08-13,Canada,Basic,2.95,18.3,1,0,0,0,8.81
2487,54,Female,2025-08-22,2026-08-13,USA,Basic,24.77,61.57,0,0,0,0,8.74
2488,37,Female,2026-02-05,2026-06-05,Australia,Standard,4.55,12.16,1,0,0,1,13.43
2489,43,Male,2025-03-01,2026-06-11,India,Basic,3.36,70.2,1,0,0,1,9.5
2490,46,Female,2026-03-26,2026-05-25,UK,Standard,0.98,61.3,1,0,0,1,14.49
2491,18,Female,2023-12-21,2026-08-14,Canada,Basic,2.04,47.4,1,1,0,0,9.07
2492,72,Male,2024-10-23,2026-07-17,Ireland,Standard,1.79,26.03,2,0,1,1,14.04
2493,52,Female,2025-04-20,2026-05-12,India,Standard,1.98,36.17,0,0,0,1,13.62
2494,23,Female,2024-03-04,2026-08-14,Australia,Basic,13.07,50.87,1,0,1,0,9.38
2495,54,Male,2025-12-17,2026-04-30,Canada,Basic,2.63,33.88,0,1,1,1,9.01
2496,70,Male,2026-03-30,2026-08-18,France,Basic,10.9,40.76,0,1,0,0,8.31
2497,22,Male,2023-09-15,2026-08-16,Australia,Standard,7.56,59.19,0,0,1,0,14.18
2498,50,Male,2025-12-17,2026-08-13,USA,Basic,9.5,45.06,1,1,0,0,8.78
2499,66,Male,2025-05-20,2026-08-14,India,Standard,16.43,45.75,0,0,1,0,13.7
2500,68,Female,2023-08-19,2026-08-16,Australia,Basic,2.35,82.71,0,1,1,0,8.64
2501,31,Female,2024-06-17,2026-08-19,India,Basic,1.99,31.52,0,0,1,0,8.71
2502,29,Male,2025-10-10,2026-08-16,Ireland,Basic,11.22,52.26,1,1,0,0,9.21
2503,59,Female,2024-04-08,2026-08-17,UK,Basic,15.85,48.85,0,1,0,0,8.83
2504,37,Male,2025-12-03,2026-08-17,USA,Basic,4.05,66.33,2,1,0,0,9.03
2505,70,Male,2025-07-01,2026-08-16,USA,Basic,4.58,46.52,1,0,0,0,9.42
2506,67,Female,2026-02-12,2026-07-16,India,Standard,4.82,38.79,1,0,1,1,13.99
2507,41,Female,2024-04-18,2026-06-16,Ireland,Basic,2.45,61.92,0,1,0,1,9.34
2508,60,Female,2025-04-06,2026-08-11,Ireland,Standard,13.39,88.43,0,0,1,0,14.56
2509,51,Female,2025-12-25,2026-04-26,Canada,Standard,10.51,41.68,3,0,0,1,13.42
2510,42,Female,2026-01-28,2026-07-19,UK,Standard,0.2,38.78,0,0,0,1,14.34
2511,67,Female,2023-09-13,2026-08-17,Australia,Premium,21.74,91.26,1,0,0,0,18.66
2512,46,Male,2023-10-08,2026-08-11,Canada,Basic,3.82,38.67,1,0,1,0,9.2
2513,74,Female,2024-08-12,2026-08-11,Australia,Basic,7.73,3.13,1,0,0,0,8.9
2514,56,Other,2023-11-19,2026-08-14,Australia,Standard,6.42,67.67,0,1,0,0,14.34
2515,48,Female,2025-06-19,2026-08-12,Australia,Standard,4.39,72.41,1,0,1,0,13.88
2516,73,Male,2023-11-20,2026-08-14,Canada,Standard,10.5,78.27,1,0,1,0,15.26
2517,64,Female,2024-06-15,2026-08-11,USA,Basic,7.56,56.58,1,1,0,0,9.14
2518,60,Female,2024-09-12,2026-08-14,Ireland,Standard,26.38,43.62,1,0,0,0,13.05
2519,67,Male,2025-02-19,2026-08-10,USA,Premium,4.74,60.55,0,0,0,0,17.63
2520,40,Other,2024-09-27,2026-05-31,UK,Basic,11.92,68.63,1,0,0,1,9.28
2521,61,Male,2025-09-18,2026-06-17,Canada,Premium,10.37,57.24,0,1,0,1,17.64
2522,55,Male,2025-07-28,2026-06-20,France,Basic,16.46,30.52,1,0,0,1,8.61
2523,37,Female,2025-05-28,2026-08-16,UK,Basic,17.95,71.35,1,1,0,0,9.02
2524,40,Male,2024-10-17,2026-04-27,Ireland,Basic,7.32,71.41,1,1,0,1,9.07
2525,62,Male,2025-03-01,2026-06-10,Ireland,Standard,2.31,32.42,1,1,0,1,13.88
2526,69,Female,2025-09-12,2026-08-18,Germany,Standard,5.74,95.41,1,0,1,0,14.05
2527,33,Female,2024-08-16,2026-04-22,UK,Standard,6.27,35.34,2,0,0,1,15.05
2528,67,Male,2025-11-18,2026-08-19,France,Standard,11.18,34.34,1,1,0,0,13.71
2529,59,Other,2025-03-31,2026-05-22,USA,Basic,3.12,86.56,1,1,0,1,8.57
2530,72,Female,2024-11-13,2026-08-17,India,Basic,11.63,68.46,0,0,0,0,8.76
2531,25,Female,2025-05-11,2026-08-12,France,Basic,19.94,45.32,0,1,0,0,9.32
2532,67,Female,2025-11-13,2026-08-15,UK,Premium,23.19,66.44,0,0,0,0,18.19
2533,38,Female,2023-09-09,2026-08-13,Canada,Basic,6.05,7.4,2,1,0,0,8.58
2534,18,Male,2025-03-31,2026-07-07,Ireland,Premium,3.97,9.35,3,0,0,1,17.74
2535,72,Male,2025-02-25,2026-07-25,Ireland,Basic,2.24,90.02,2,0,1,1,9.2
2536,25,Female,2024-06-07,2026-08-13,UK,Basic,17.14,62.98,0,0,0,0,8.36
2537,46,Female,2024-01-09,2026-08-14,France,Basic,9.0,66.7,0,0,0,0,9.23
2538,49,Male,2023-08-20,2026-08-11,UK,Basic,7.44,26.9,2,1,0,0,9.22
2539,55,Female,2026-05-08,2026-08-14,Australia,Premium,19.2,41.68,0,1,0,0,18.23
2540,22,Female,2024-05-03,2026-08-16,UK,Standard,21.51,27.21,0,1,0,0,13.88
2541,64,Male,2024-04-11,2026-08-12,Australia,Premium,14.4,49.9,0,1,0,0,18.05
2542,39,Male,2023-09-09,2026-08-14,France,Premium,1.48,14.47,0,0,0,0,18.19
2543,64,Male,2025-12-13,2026-07-11,Canada,Standard,14.0,46.35,1,0,1,1,13.95
2544,51,Female,2026-05-03,2026-07-02,Canada,Standard,2.89,22.01,0,1,1,1,13.33
2545,18,Male,2025-11-28,2026-05-29,USA,Standard,2.5,49.55,0,0,0,1,14.74
2546,72,Male,2026-02-14,2026-08-13,UK,Standard,17.91,46.63,1,0,0,0,13.99
2547,72,Female,2025-08-28,2026-05-17,France,Basic,9.96,7.12,1,0,0,1,9.22
2548,43,Female,2024-10-17,2026-08-17,France,Standard,7.03,23.03,0,0,0,0,14.11
2549,60,Male,2024-11-07,2026-08-19,USA,Standard,19.73,79.01,0,0,1,0,14.99
2550,27,Male,2023-11-09,2026-08-14,India,Basic,9.36,17.6,1,0,0,0,8.67
2551,47,Female,2023-09-11,2026-08-14,France,Standard,28.81,71.87,0,0,1,0,14.46
2552,67,Female,2024-11-22,2026-07-17,Germany,Premium,15.32,56.23,0,0,0,1,17.95
2553,35,Female,2024-03-09,2026-08-18,Canada,Standard,8.6,19.65,0,0,0,0,13.51
2554,34,Female,2024-07-02,2026-05-05,Ireland,Standard,13.24,29.96,0,0,0,1,13.89
2555,43,Male,2024-01-18,2026-05-17,Australia,Basic,3.11,25.05,2,0,1,1,9.68
2556,25,Male,2024-02-03,2026-08-16,Germany,Standard,6.78,63.21,1,0,0,0,13.81
2557,64,Male,2023-10-27,2026-08-19,Ireland,Basic,2.9,60.68,1,0,0,0,8.84
2558,57,Male,2024-03-13,2026-08-18,Germany,Premium,5.83,59.95,0,1,0,0,17.39
2559,66,Female,2024-12-25,2026-06-20,USA,Premium,14.72,63.0,1,0,0,1,18.37
2560,29,Male,2026-06-13,2026-06-13,USA,Premium,4.51,66.04,0,1,0,1,18.24
2561,44,Male,2026-03-25,2026-08-18,Australia,Basic,6.43,75.61,0,0,0,0,8.87
2562,25,Other,2025-06-26,2026-08-16,Canada,Basic,7.03,49.24,0,1,0,0,8.72
2563,42,Male,2024-09-09,2026-08-10,India,Premium,1.01,95.92,2,0,0,0,17.91
2564,63,Male,2025-07-09,2026-07-02,France,Premium,18.23,41.79,1,0,0,1,17.73
2565,21,Male,2024-03-24,2026-08-14,Australia,Premium,18.77,16.14,0,0,1,0,18.17
2566,50,Female,2025-07-10,2026-08-11,India,Standard,2.99,40.92,0,1,0,0,14.43
2567,18,Female,2024-12-03,2026-08-17,Ireland,Standard,15.63,26.6,2,1,1,0,14.43
2568,36,Male,2024-07-04,2026-08-17,France,Basic,10.42,44.38,0,0,0,0,9.72
2569,48,Female,2023-08-20,2026-07-24,Germany,Premium,11.25,5.25,1,1,0,1,18.69
2570,33,Female,2025-04-19,2026-06-25,Australia,Standard,4.48,31.32,0,1,0,1,13.57
2571,31,Female,2023-09-03,2026-08-16,India,Basic,14.23,20.07,0,0,0,0,8.28
2572,70,Female,2024-07-10,2026-08-17,UK,Basic,19.04,77.99,2,0,0,0,9.05
2573,65,Female,2024-10-30,2026-05-04,UK,Standard,5.75,35.57,0,0,0,1,13.58
2574,22,Female,2025-08-29,2026-08-19,Canada,Standard,7.37,71.96,1,0,0,0,13.7
2575,58,Male,2024-11-09,2026-08-11,India,Basic,2.45,66.17,0,1,0,0,9.15
2576,43,Male,2025-08-30,2026-08-15,Australia,Basic,11.02,84.07,1,0,0,0,9.2
2577,45,Male,2025-02-20,2026-06-17,Ireland,Basic,8.54,19.31,0,1,1,1,8.87
2578,19,Female,2024-07-05,2026-08-14,UK,Basic,16.64,52.69,1,0,0,0,9.23
2579,67,Female,2025-11-15,2026-07-15,Canada,Premium,6.24,52.03,0,0,1,1,18.48
2580,23,Female,2025-06-18,2026-08-13,Australia,Standard,4.13,53.49,2,1,0,0,14.33
2581,26,Male,2024-12-16,2026-07-23,Canada,Standard,2.47,32.46,0,0,1,1,13.79
2582,50,Female,2025-12-30,2026-08-17,Ireland,Standard,14.68,21.08,0,1,0,0,14.04
2583,58,Female,2025-12-12,2026-06-25,UK,Basic,1.83,9.1,0,0,1,1,8.95
2584,42,Female,2024-03-06,2026-08-17,France,Standard,4.44,91.06,0,0,1,0,13.7
2585,65,Female,2025-10-31,2026-07-05,UK,Premium,10.37,64.56,0,0,0,1,18.49
2586,30,Female,2025-09-28,2026-08-13,UK,Standard,8.3,48.01,0,1,0,0,13.9
2587,26,Female,2023-10-05,2026-05-21,India,Standard,4.49,50.78,0,0,0,1,13.48
2588,70,Female,2025-10-02,2026-05-17,USA,Standard,5.88,91.32,1,0,0,1,13.97
2589,30,Female,2024-09-05,2026-08-15,India,Premium,9.77,36.16,1,1,0,0,17.55
2590,48,Male,2024-02-26,2026-08-10,UK,Basic,8.41,54.14,0,1,0,0,8.24
2591,58,Male,2023-08-31,2026-08-12,Germany,Basic,5.76,47.8,2,0,0,0,9.11
2592,28,Female,2023-08-18,2026-08-13,USA,Premium,16.43,37.42,0,0,0,0,17.36
2593,21,Male,2025-01-12,2026-08-14,France,Premium,19.26,58.11,0,1,0,0,18.36
2594,51,Other,2025-08-06,2026-08-12,Australia,Standard,9.65,27.8,0,1,0,0,14.44
2595,55,Male,2025-12-14,2026-08-15,India,Basic,3.79,38.94,2,1,1,0,9.49
2596,63,Female,2023-10-02,2026-08-18,USA,Basic,14.3,16.49,1,0,0,0,9.17
2597,21,Male,2025-04-27,2026-08-17,USA,Standard,0.89,78.27,0,0,0,0,13.81
2598,55,Male,2025-03-04,2026-08-14,India,Premium,9.09,58.01,0,1,0,0,17.86
2599,36,Female,2026-04-26,2026-07-20,India,Basic,9.94,11.72,0,1,0,1,8.79
2600,23,Male,2025-02-13,2026-07-21,USA,Standard,11.96,47.96,0,0,0,1,13.26
2601,51,Male,2025-04-16,2026-08-17,Canada,Premium,14.07,28.71,1,1,0,0,18.66
2602,35,Male,2023-10-11,2026-08-15,France,Basic,5.28,44.0,0,1,0,0,9.28
2603,30,Female,2024-10-29,2026-08-14,Germany,Standard,10.47,75.74,0,0,0,0,13.64
2604,58,Male,2025-11-11,2026-08-10,Ireland,Basic,13.23,51.52,0,1,0,0,8.95
2605,40,Female,2026-07-03,2026-07-30,UK,Premium,3.97,49.21,0,1,1,1,17.98
2606,36,Female,2025-03-08,2026-08-17,France,Premium,7.49,51.81,0,0,0,0,18.08
2607,62,Female,2025-04-19,2026-08-18,India,Basic,4.55,87.74,0,1,0,0,8.95
2608,28,Female,2026-03-28,2026-08-19,USA,Premium,4.7,64.56,0,0,0,0,18.07
2609,18,Female,2024-06-28,2026-08-17,Ireland,Premium,5.67,28.27,0,0,1,0,17.58
2610,41,Male,2024-06-12,2026-08-19,India,Premium,15.85,88.1,1,0,0,0,18.0
2611,71,Female,2025-04-30,2026-08-16,Canada,Standard,2.19,27.33,1,0,1,0,14.16
2612,24,Male,2025-08-02,2026-06-26,Ireland,Standard,3.17,87.16,0,0,0,1,14.38
2613,42,Female,2024-11-03,2026-08-12,USA,Basic,1.22,24.94,0,1,1,0,8.32
2614,38,Male,2025-01-26,2026-07-10,France,Basic,3.55,64.23,0,0,0,1,9.32
2615,32,Female,2025-09-02,2026-04-30,Australia,Standard,8.2,84.48,1,0,0,1,13.7
2616,18,Male,2025-12-07,2026-05-24,France,Basic,5.72,47.71,1,1,0,1,8.84
2617,29,Male,2025-07-25,2026-04-22,France,Standard,15.25,11.78,2,0,0,1,14.36
2618,24,Female,2024-04-08,2026-08-17,Germany,Standard,13.15,50.41,2,0,0,0,14.23
2619,32,Female,2026-03-31,2026-07-29,Ireland,Premium,3.03,45.08,1,1,0,1,18.18
2620,38,Male,2025-12-21,2026-07-26,India,Premium,3.66,38.08,0,1,0,1,18.22
2621,36,Female,2023-12-16,2026-08-19,USA,Basic,1.79,57.29,3,1,1,0,8.94
2622,46,Female,2026-02-12,2026-07-18,India,Standard,4.38,68.52,1,1,0,1,13.82
2623,42,Other,2024-12-26,2026-06-24,USA,Standard,14.14,18.09,0,0,1,1,14.75
2624,50,Female,2024-09-19,2026-08-19,UK,Basic,5.54,61.63,0,1,0,0,8.96
2625,66,Male,2024-01-22,2026-08-14,Australia,Basic,3.56,49.78,0,0,0,0,9.97
2626,49,Male,2023-10-02,2026-08-14,UK,Premium,9.94,52.66,0,0,1,0,17.93
2627,66,Female,2025-06-12,2026-08-17,France,Basic,1.89,42.95,0,1,0,0,8.49
2628,52,Female,2025-06-12,2026-07-22,Australia,Premium,3.48,47.3,0,0,0,1,17.51
2629,61,Male,2024-11-27,2026-05-30,Germany,Premium,5.31,33.59,0,0,0,1,18.07
2630,55,Male,2026-01-09,2026-07-03,UK,Standard,1.45,20.16,0,1,0,1,14.08
2631,43,Female,2023-10-25,2026-08-15,Germany,Premium,15.32,38.57,1,0,1,0,18.35
2632,28,Male,2025-02-13,2026-04-30,India,Basic,7.73,78.39,0,0,1,1,9.58
2633,52,Male,2025-08-05,2026-06-27,France,Premium,7.09,37.7,0,1,0,1,17.91
2634,25,Male,2025-09-08,2026-06-23,Canada,Premium,8.34,78.19,1,0,0,1,17.76
2635,63,Male,2023-12-21,2026-08-12,Canada,Basic,7.55,48.63,0,1,0,0,9.53
2636,31,Male,2024-01-20,2026-08-16,Australia,Standard,15.07,72.32,0,1,0,0,13.41
2637,27,Female,2024-10-07,2026-06-29,Australia,Standard,9.17,58.64,3,0,0,1,12.98
2638,19,Male,2024-10-24,2026-08-17,UK,Basic,11.84,46.3,0,1,0,0,9.17
2639,63,Male,2023-10-14,2026-08-12,Canada,Premium,11.32,67.06,2,0,1,0,17.7
2640,26,Male,2024-12-05,2026-05-20,Ireland,Standard,8.5,18.16,1,0,0,1,13.75
2641,20,Male,2025-05-03,2026-08-12,Ireland,Standard,2.75,55.02,0,1,0,0,14.09
2642,38,Male,2024-11-07,2026-08-17,India,Basic,9.15,47.65,1,0,0,0,8.84
2643,43,Female,2024-06-25,2026-08-13,Ireland,Standard,13.97,78.56,2,0,0,0,14.33
2644,25,Female,2025-03-11,2026-08-12,India,Premium,9.87,26.69,1,1,1,0,17.83
2645,65,Male,2024-06-08,2026-08-16,Canada,Standard,5.65,38.07,0,1,0,0,13.4
2646,19,Male,2025-07-12,2026-08-16,Ireland,Standard,11.86,84.01,2,1,0,0,13.53
2647,23,Male,2026-01-18,2026-08-18,Germany,Standard,7.3,51.02,1,1,0,0,13.97
2648,45,Female,2026-06-19,2026-08-19,USA,Basic,10.88,69.81,0,0,0,0,9.99
2649,70,Female,2025-10-11,2026-08-19,Australia,Standard,11.28,67.48,0,0,0,0,14.09
2650,46,Male,2024-04-06,2026-08-19,France,Basic,9.37,62.81,1,0,0,0,9.04
2651,43,Female,2024-02-29,2026-06-30,UK,Basic,2.81,41.24,1,0,0,1,9.86
2652,42,Male,2024-09-03,2026-07-05,India,Basic,16.28,29.2,1,0,0,1,8.9
2653,29,Female,2025-04-15,2026-07-07,Germany,Premium,8.7,83.42,1,0,1,1,17.94
2654,22,Female,2024-03-02,2026-08-15,Ireland,Premium,17.28,42.76,1,1,0,0,17.78
2655,51,Female,2023-11-10,2026-08-14,France,Basic,11.35,21.53,1,0,1,0,8.87
2656,65,Female,2025-07-18,2026-08-19,France,Basic,6.38,94.12,1,1,1,0,9.14
2657,54,Male,2024-10-01,2026-06-15,USA,Basic,4.48,40.69,0,0,1,1,9.96
2658,32,Female,2026-02-05,2026-06-09,UK,Premium,4.75,80.3,2,1,1,1,17.62
2659,61,Female,2023-10-25,2026-07-31,Germany,Standard,0.99,25.72,0,0,0,1,13.46
2660,53,Female,2024-11-26,2026-08-19,UK,Standard,0.93,66.14,1,0,1,0,14.08
2661,32,Male,2024-12-04,2026-05-15,India,Standard,8.69,32.01,0,0,0,1,14.41
2662,60,Male,2026-03-17,2026-08-16,India,Standard,5.33,74.37,0,0,1,0,13.55
2663,65,Female,2026-06-13,2026-06-13,Australia,Basic,3.4,31.0,0,1,0,1,8.89
2664,40,Female,2025-08-07,2026-08-17,Canada,Basic,11.52,40.81,0,0,0,0,9.33
2665,23,Female,2024-07-14,2026-08-19,India,Basic,15.87,84.98,2,0,1,0,8.87
2666,63,Female,2024-07-17,2026-08-17,Ireland,Standard,5.83,55.6,0,0,0,0,14.55
2667,67,Female,2025-05-21,2026-05-05,France,Premium,5.47,51.95,0,1,1,1,17.48
2668,61,Female,2024-10-11,2026-07-17,Germany,Basic,3.47,44.05,2,0,1,1,9.23
2669,60,Female,2025-10-08,2026-08-11,Germany,Basic,16.08,25.74,0,0,0,0,8.88
2670,62,Female,2025-09-04,2026-08-12,USA,Premium,20.78,26.77,1,1,0,0,18.02
2671,38,Male,2025-02-24,2026-07-10,France,Basic,8.03,7.8,1,0,0,1,8.92
2672,40,Male,2025-12-08,2026-08-19,USA,Basic,9.71,30.31,1,1,1,0,9.63
2673,60,Female,2025-03-02,2026-08-15,USA,Premium,11.63,36.4,1,0,0,0,18.21
2674,72,Male,2024-07-09,2026-08-19,France,Standard,8.29,33.19,0,0,1,0,14.23
2675,33,Female,2023-09-26,2026-05-17,UK,Standard,5.2,44.32,0,0,0,1,13.46
2676,64,Male,2025-04-09,2026-08-12,Ireland,Standard,7.15,21.49,1,1,0,0,14.41
2677,70,Male,2023-12-26,2026-08-11,UK,Standard,9.16,20.12,0,1,0,0,14.22
2678,32,Female,2024-06-16,2026-08-18,Ireland,Basic,7.8,42.32,3,1,0,0,8.62
2679,42,Female,2026-02-08,2026-05-10,Germany,Standard,2.75,62.31,0,1,0,1,13.86
2680,53,Male,2024-10-06,2026-06-26,India,Standard,5.58,43.09,2,1,0,1,13.18
2681,28,Female,2024-02-01,2026-04-24,India,Premium,12.5,67.97,0,0,1,1,18.34
2682,68,Female,2024-05-04,2026-08-15,UK,Premium,4.16,73.6,0,1,0,0,17.85
2683,32,Female,2026-04-30,2026-08-16,UK,Basic,1.82,78.29,1,1,1,0,9.47
2684,21,Male,2025-03-27,2026-08-11,UK,Standard,0.91,79.02,0,0,0,0,14.25
2685,38,Female,2025-02-20,2026-05-14,Canada,Basic,7.62,30.79,0,0,0,1,9.0
2686,30,Female,2026-01-15,2026-08-12,Australia,Basic,5.89,73.18,0,0,0,0,9.56
2687,39,Male,2026-02-25,2026-07-09,France,Standard,6.39,10.73,2,0,0,1,14.05
2688,36,Female,2023-10-19,2026-08-14,Ireland,Standard,1.27,61.16,1,0,0,0,13.68
2689,51,Female,2026-02-19,2026-07-22,India,Standard,12.98,27.51,1,1,0,1,14.33
2690,31,Female,2026-04-19,2026-06-11,Ireland,Standard,11.59,25.74,0,0,0,1,13.52
2691,21,Female,2023-08-31,2026-08-19,UK,Premium,10.81,62.8,0,0,0,0,18.04
2692,65,Male,2025-01-27,2026-05-05,Canada,Standard,3.6,21.24,0,1,0,1,14.29
2693,70,Male,2024-10-10,2026-05-24,UK,Standard,11.33,24.99,0,0,0,1,14.15
2694,69,Female,2024-11-26,2026-08-19,Ireland,Basic,19.21,35.34,1,0,0,0,8.78
2695,63,Female,2026-06-02,2026-07-12,Australia,Standard,11.23,55.6,0,1,0,1,13.47
2696,44,Female,2025-01-26,2026-08-12,India,Premium,2.92,18.58,0,1,1,0,18.17
2697,46,Female,2026-02-15,2026-08-19,Australia,Basic,20.28,51.08,1,0,1,0,9.21
2698,64,Male,2024-06-06,2026-08-17,France,Standard,6.97,58.38,0,1,0,0,13.59
2699,45,Male,2025-01-21,2026-05-08,Germany,Premium,5.65,12.65,0,1,1,1,18.41
2700,52,Male,2024-10-09,2026-04-24,Canada,Standard,1.29,47.58,2,0,0,1,13.06
2701,25,Male,2023-10-24,2026-08-17,Australia,Standard,11.01,64.07,1,0,0,0,13.12
2702,33,Female,2026-01-27,2026-08-13,Canada,Basic,7.33,89.08,2,1,0,0,9.05
2703,59,Male,2026-06-24,2026-06-24,UK,Standard,2.43,13.61,1,0,0,1,14.18
2704,53,Female,2026-02-24,2026-08-12,Germany,Standard,18.81,38.47,1,1,0,0,14.06
2705,47,Male,2024-03-05,2026-08-11,Ireland,Basic,9.31,49.3,0,1,0,0,8.13
2706,35,Female,2025-10-29,2026-08-18,Australia,Standard,4.11,78.8,0,0,1,0,14.12
2707,19,Female,2025-11-05,2026-06-07,Australia,Basic,7.35,33.19,0,0,0,1,9.22
2708,66,Male,2024-04-15,2026-08-12,USA,Standard,7.07,50.72,1,1,0,0,14.33
2709,30,Male,2024-07-08,2026-08-11,India,Premium,4.4,61.39,0,0,0,0,18.89
2710,21,Male,2024-08-10,2026-08-17,Ireland,Standard,1.6,32.63,0,0,1,0,12.77
2711,43,Female,2023-09-06,2026-08-16,Australia,Standard,4.63,77.31,0,0,0,0,14.17
2712,42,Male,2025-12-14,2026-07-28,Australia,Standard,2.48,62.9,1,0,0,1,14.42
2713,47,Female,2025-01-06,2026-08-12,Ireland,Basic,6.14,46.25,1,0,0,0,8.58
2714,28,Other,2024-02-10,2026-08-12,Germany,Premium,11.86,86.17,0,0,1,0,17.94
2715,24,Female,2023-08-22,2026-08-12,Canada,Basic,3.47,83.32,0,0,0,0,9.19
2716,48,Male,2024-12-01,2026-08-18,Ireland,Basic,11.46,49.59,1,0,0,0,9.04
2717,61,Female,2025-08-12,2026-08-12,Canada,Standard,15.47,77.61,1,1,0,0,14.41
2718,27,Male,2025-03-05,2026-05-17,Germany,Standard,8.47,69.93,0,0,0,1,14.29
2719,56,Male,2025-04-27,2026-08-16,Germany,Basic,6.85,84.18,1,1,1,0,8.89
2720,30,Female,2025-08-19,2026-08-15,France,Basic,6.37,34.96,0,1,0,0,9.54
2721,48,Female,2026-07-17,2026-08-13,UK,Premium,15.74,48.07,0,1,0,0,18.21
2722,24,Male,2024-06-22,2026-08-16,USA,Basic,6.38,65.68,1,1,0,0,8.75
2723,73,Male,2025-02-19,2026-06-22,Germany,Basic,4.69,54.01,1,0,0,1,8.41
2724,66,Male,2025-11-25,2026-08-15,France,Basic,5.36,64.03,0,0,0,0,8.51
2725,59,Female,2026-04-09,2026-05-17,France,Basic,10.47,49.03,0,0,0,1,9.25
2726,59,Male,2023-10-15,2026-08-11,France,Standard,20.51,7.63,0,0,0,0,13.3
2727,73,Other,2023-08-28,2026-08-12,Germany,Standard,15.0,84.06,0,0,0,0,13.33
2728,53,Female,2025-02-18,2026-08-16,Canada,Standard,12.65,55.27,1,1,0,0,14.14
2729,37,Female,2025-05-07,2026-08-16,Germany,Basic,5.95,81.34,2,0,0,0,9.59
2730,21,Male,2025-12-08,2026-05-29,Ireland,Basic,1.09,10.52,0,0,1,1,8.68
2731,71,Female,2025-01-02,2026-08-13,UK,Basic,8.27,39.13,1,0,0,0,9.13
2732,24,Female,2025-11-17,2026-08-14,UK,Basic,9.63,82.4,0,1,0,0,9.63
2733,71,Female,2024-01-05,2026-08-18,Ireland,Basic,11.62,82.22,0,1,0,0,9.56
2734,18,Male,2023-12-11,2026-08-11,Australia,Basic,2.76,33.37,0,0,1,0,8.61
2735,61,Male,2024-04-23,2026-08-10,Germany,Basic,3.04,79.07,1,0,0,0,9.02
2736,73,Male,2025-12-17,2026-05-10,India,Standard,9.04,79.11,1,0,0,1,14.09
2737,62,Female,2025-10-11,2026-07-12,USA,Basic,15.04,34.18,1,1,0,1,9.6
2738,59,Female,2024-12-25,2026-06-07,France,Basic,10.87,33.97,2,0,0,1,9.46
2739,64,Female,2025-07-04,2026-06-11,Germany,Basic,1.78,66.23,0,1,0,1,9.05
2740,30,Male,2023-08-17,2026-08-17,UK,Basic,11.88,16.26,1,1,0,0,9.01
2741,72,Male,2026-01-30,2026-08-15,USA,Standard,4.81,79.67,1,0,0,0,13.34
2742,39,Male,2026-06-07,2026-06-07,India,Basic,5.7,66.72,1,1,1,1,9.14
2743,71,Male,2025-12-05,2026-05-17,Australia,Basic,4.06,55.09,1,0,0,1,9.08
2744,38,Male,2024-12-24,2026-06-21,Canada,Basic,5.34,15.33,0,0,0,1,9.16
2745,39,Female,2025-09-07,2026-08-17,Canada,Basic,1.9,61.72,0,1,0,0,9.21
2746,45,Female,2024-07-20,2026-08-10,India,Standard,1.04,40.51,2,0,1,0,13.84
2747,26,Female,2024-11-27,2026-06-24,Germany,Premium,4.54,68.17,1,0,0,1,18.23
2748,43,Male,2024-11-04,2026-08-18,Germany,Basic,17.54,68.62,1,0,1,0,9.14
2749,26,Male,2025-04-10,2026-08-14,USA,Standard,6.59,72.65,1,0,0,0,13.97
2750,32,Male,2025-09-27,2026-08-11,USA,Basic,9.05,25.6,1,1,0,0,8.28
2751,27,Female,2025-01-22,2026-08-14,Australia,Basic,7.47,26.27,0,0,0,0,9.21
2752,41,Male,2025-03-19,2026-08-18,Germany,Basic,2.84,37.11,3,1,1,0,9.04
2753,74,Female,2023-10-05,2026-08-18,UK,Premium,11.09,7.34,0,0,1,0,18.21
2754,59,Male,2025-12-18,2026-07-22,Canada,Basic,2.03,56.83,2,0,0,1,8.88
2755,25,Female,2023-09-29,2026-08-14,Australia,Premium,3.76,35.68,1,0,0,0,18.34
2756,41,Female,2024-09-28,2026-08-12,France,Standard,18.99,40.94,2,0,0,0,13.48
2757,33,Male,2024-10-05,2026-08-15,USA,Basic,5.57,50.53,0,0,0,0,9.52
2758,66,Female,2024-05-10,2026-07-14,France,Standard,11.38,67.27,0,0,0,1,14.0
2759,43,Male,2025-08-14,2026-08-13,UK,Premium,6.72,60.03,0,0,0,0,18.07
2760,44,Female,2024-08-16,2026-08-10,Germany,Premium,10.73,64.38,0,0,0,0,17.58
2761,54,Male,2025-06-09,2026-05-21,Ireland,Standard,6.05,35.74,0,0,0,1,14.43
2762,21,Male,2024-03-20,2026-08-11,USA,Basic,7.05,37.34,1,0,1,0,8.84
2763,67,Female,2025-09-18,2026-08-12,Australia,Basic,8.06,41.58,0,0,1,0,9.58
2764,41,Female,2024-02-28,2026-08-15,Ireland,Basic,19.71,69.72,0,0,1,0,9.03
2765,36,Male,2025-03-13,2026-08-14,UK,Standard,12.1,64.33,0,1,0,0,14.36
2766,53,Female,2024-12-20,2026-08-10,France,Premium,7.87,75.05,0,1,0,0,18.45
2767,56,Male,2025-01-26,2026-06-23,India,Standard,11.7,61.1,1,0,0,1,13.82
2768,27,Male,2024-06-13,2026-07-02,Canada,Premium,6.86,62.8,1,1,0,1,18.52
2769,42,Female,2024-02-06,2026-07-29,India,Basic,11.78,60.03,3,0,0,1,9.18
2770,35,Male,2025-04-22,2026-04-29,India,Standard,0.64,17.54,0,0,0,1,13.89
2771,36,Male,2025-09-25,2026-07-12,India,Premium,9.75,58.77,1,0,1,1,18.74
2772,53,Female,2025-05-20,2026-08-19,UK,Standard,20.1,57.6,2,0,0,0,14.47
2773,27,Male,2024-08-04,2026-08-13,Canada,Standard,6.63,49.9,1,1,1,0,14.29
2774,50,Female,2024-06-24,2026-08-14,UK,Standard,7.54,50.19,1,0,0,0,13.57
2775,72,Male,2026-06-20,2026-06-20,India,Standard,6.4,8.32,0,0,1,1,14.46
2776,67,Male,2025-08-23,2026-07-25,USA,Premium,2.65,76.26,2,0,0,1,18.2
2777,22,Male,2026-05-30,2026-08-16,India,Standard,26.43,17.65,0,1,0,0,13.94
2778,64,Female,2025-11-20,2026-05-31,USA,Basic,8.14,17.94,1,0,0,1,9.37
2779,66,Female,2024-06-06,2026-08-13,Australia,Standard,12.39,23.68,3,0,0,0,13.76
2780,52,Male,2024-09-03,2026-08-12,India,Basic,19.86,70.29,0,1,0,0,8.82
2781,61,Male,2024-12-25,2026-08-11,Ireland,Standard,13.91,85.12,0,0,0,0,13.51
2782,51,Female,2024-03-01,2026-04-25,UK,Basic,5.49,39.29,2,0,0,1,9.44
2783,50,Male,2024-08-20,2026-06-11,India,Premium,2.47,72.69,0,0,1,1,17.37
2784,72,Female,2025-02-17,2026-06-29,UK,Premium,0.39,58.74,1,0,0,1,18.06
2785,38,Male,2024-12-03,2026-06-03,France,Basic,9.88,49.89,0,1,1,1,9.12
2786,34,Female,2025-10-11,2026-08-12,India,Basic,2.98,63.46,0,0,0,0,9.18
2787,39,Male,2024-11-29,2026-08-16,Ireland,Standard,11.32,37.21,1,0,0,0,13.7
2788,65,Female,2026-02-23,2026-08-14,India,Standard,6.94,70.31,0,0,0,0,13.86
2789,54,Female,2026-05-12,2026-08-10,Germany,Basic,5.22,19.04,1,1,1,0,9.34
2790,32,Male,2025-11-29,2026-08-13,Australia,Basic,19.23,86.32,0,1,0,0,9.33
2791,52,Male,2024-09-10,2026-05-01,France,Standard,6.23,42.89,1,0,0,1,14.55
2792,45,Female,2024-10-23,2026-08-18,UK,Standard,30.66,46.18,1,0,0,0,13.88
2793,24,Female,2025-04-10,2026-08-14,France,Basic,15.29,76.9,0,0,0,0,8.75
2794,49,Male,2025-01-10,2026-08-18,Australia,Standard,13.4,49.78,0,1,1,0,14.76
2795,28,Male,2024-02-08,2026-05-13,UK,Premium,3.87,46.58,1,1,0,1,18.82
2796,27,Female,2024-04-06,2026-08-04,UK,Basic,11.54,54.39,0,0,1,1,9.26
2797,26,Male,2024-11-10,2026-08-16,Germany,Standard,6.92,72.5,0,1,0,0,13.29
2798,31,Female,2026-03-09,2026-06-22,India,Basic,3.94,68.55,1,0,0,1,9.11
2799,30,Male,2026-07-13,2026-08-14,USA,Basic,9.76,77.44,0,0,1,0,8.63
2800,74,Female,2026-06-23,2026-06-23,Australia,Basic,0.89,77.76,1,0,0,1,9.03
2801,42,Female,2024-05-29,2026-07-25,Ireland,Standard,10.77,12.48,0,1,1,1,14.06
2802,19,Other,2025-01-26,2026-07-04,Australia,Premium,1.52,38.84,2,1,1,1,18.47
2803,52,Male,2024-11-01,2026-08-15,India,Standard,3.26,25.99,0,1,1,0,13.62
2804,24,Female,2023-08-28,2026-08-13,Germany,Basic,16.22,10.69,0,0,0,0,9.77
2805,38,Male,2026-07-14,2026-08-17,Canada,Basic,14.74,27.78,0,0,0,0,8.8
2806,35,Female,2026-06-11,2026-06-27,France,Standard,2.85,75.2,0,0,0,1,13.38
2807,20,Female,2024-01-24,2026-08-17,Canada,Basic,3.26,16.03,0,0,0,0,8.17
2808,59,Male,2026-05-20,2026-06-07,Germany,Basic,15.7,44.46,0,0,0,1,9.11
2809,71,Female,2025-07-07,2026-08-17,France,Standard,12.56,15.79,0,0,0,0,13.89
2810,56,Male,2025-09-02,2026-08-12,India,Premium,2.72,79.72,0,0,0,0,17.91
2811,58,Female,2024-07-18,2026-08-10,Germany,Basic,4.85,68.18,0,0,0,0,9.3
2812,66,Female,2024-04-03,2026-08-10,USA,Standard,14.77,40.85,1,0,0,0,13.55
2813,28,Female,2025-05-28,2026-05-10,Australia,Basic,8.0,37.22,2,1,0,1,8.85
2814,56,Male,2026-07-01,2026-07-08,India,Standard,14.94,32.65,0,0,0,1,14.4
2815,41,Male,2025-06-04,2026-08-12,France,Standard,6.76,75.11,0,0,1,0,13.75
2816,63,Female,2025-01-18,2026-08-17,Australia,Premium,4.91,56.4,4,0,0,0,18.54
2817,36,Male,2024-11-23,2026-08-19,Canada,Standard,7.91,67.15,0,0,0,0,13.83
2818,21,Male,2025-07-29,2026-06-16,India,Basic,6.19,49.05,0,0,0,1,8.83
2819,43,Male,2026-01-01,2026-08-19,Ireland,Basic,5.1,27.24,0,1,0,0,9.36
2820,55,Male,2024-06-16,2026-08-10,Australia,Basic,4.76,41.04,0,0,0,0,9.0
2821,59,Female,2025-12-02,2026-08-13,UK,Standard,17.12,30.4,1,0,1,0,14.05
2822,49,Male,2025-09-21,2026-07-12,France,Premium,4.17,6.2,0,1,0,1,17.68
2823,56,Female,2025-06-29,2026-08-13,UK,Standard,9.88,61.83,0,0,1,0,13.86
2824,62,Male,2024-08-05,2026-08-11,USA,Standard,23.11,68.39,1,0,0,0,13.64
2825,63,Male,2024-01-08,2026-08-13,France,Basic,9.45,29.26,1,1,0,0,8.81
2826,53,Male,2026-05-24,2026-08-12,India,Standard,13.11,93.17,2,0,0,0,13.68
2827,57,Male,2025-05-13,2026-06-06,France,Basic,8.49,54.62,0,0,0,1,9.34
2828,54,Male,2025-02-14,2026-08-15,USA,Basic,39.8,45.02,0,1,0,0,8.47
2829,50,Female,2024-06-13,2026-08-15,France,Standard,7.2,49.05,0,0,1,0,13.54
2830,53,Male,2024-04-13,2026-08-11,India,Standard,6.98,84.03,1,0,0,0,13.33
2831,20,Male,2025-03-25,2026-08-12,Canada,Basic,7.07,77.47,1,1,0,0,9.46
2832,26,Male,2025-07-19,2026-06-06,Ireland,Standard,9.83,48.01,0,0,0,1,14.13
2833,25,Male,2024-02-13,2026-08-18,Ireland,Standard,2.36,26.9,0,1,0,0,13.59
2834,50,Female,2024-02-19,2026-08-14,Germany,Basic,6.62,51.98,0,0,0,0,9.64
2835,23,Female,2025-06-05,2026-08-14,USA,Standard,1.25,71.86,0,1,0,0,14.01
2836,58,Male,2026-01-19,2026-08-12,India,Basic,20.33,73.07,0,0,0,0,9.23
2837,56,Male,2026-02-13,2026-08-17,Australia,Basic,4.7,51.42,0,0,0,0,8.82
2838,21,Other,2026-07-08,2026-08-11,UK,Basic,18.72,6.0,2,1,0,0,9.59
2839,30,Male,2025-01-01,2026-08-18,Australia,Basic,3.93,58.09,0,0,0,0,8.42
2840,66,Female,2024-03-01,2026-08-14,UK,Standard,7.6,78.91,0,0,0,0,13.29
2841,19,Male,2025-01-12,2026-04-26,Canada,Premium,5.39,20.51,1,0,0,1,18.04
2842,22,Female,2024-09-11,2026-07-12,UK,Basic,8.92,81.4,1,0,0,1,8.68
2843,61,Female,2024-03-10,2026-08-19,Australia,Basic,2.5,67.03,0,0,1,0,8.91
2844,44,Female,2024-11-10,2026-08-13,France,Basic,3.41,65.08,0,0,1,0,8.68
2845,49,Male,2025-12-29,2026-05-05,Australia,Standard,2.56,81.76,0,0,0,1,13.5
2846,38,Male,2023-12-07,2026-06-11,Ireland,Basic,7.63,42.32,1,1,1,1,9.13
2847,25,Male,2025-09-22,2026-07-30,India,Standard,7.94,20.31,2,0,0,1,12.95
2848,55,Male,2023-08-19,2026-06-26,Ireland,Standard,7.53,68.15,1,0,0,1,13.94
2849,25,Male,2024-05-17,2026-08-19,USA,Standard,6.02,61.71,0,0,0,0,14.17
2850,67,Male,2024-12-01,2026-08-15,France,Premium,15.67,67.72,2,1,0,0,17.99
2851,20,Female,2024-07-22,2026-08-10,Australia,Basic,8.75,29.48,1,1,0,0,9.15
2852,71,Female,2025-03-02,2026-08-13,France,Premium,13.66,52.83,1,1,0,0,17.78
2853,61,Male,2024-10-20,2026-06-14,France,Basic,6.0,34.04,0,1,0,1,9.1
2854,20,Male,2026-01-11,2026-08-12,India,Basic,6.15,49.62,1,0,0,0,8.74
2855,39,Other,2024-02-03,2026-04-29,Canada,Standard,17.35,16.14,3,0,1,1,14.11
2856,23,Female,2026-05-22,2026-05-22,UK,Standard,9.86,45.93,0,0,0,1,13.17
2857,19,Female,2026-05-20,2026-08-15,USA,Premium,8.32,31.57,0,1,0,0,18.16
2858,40,Male,2025-09-22,2026-08-17,Germany,Basic,6.35,44.51,0,1,1,0,8.76
2859,61,Male,2024-10-21,2026-07-07,France,Premium,12.16,27.05,2,0,0,1,17.89
2860,19,Male,2023-10-26,2026-07-15,Germany,Basic,11.64,17.23,1,0,0,1,9.2
2861,55,Male,2026-01-30,2026-07-28,India,Basic,2.83,29.9,0,1,0,1,9.73
2862,34,Female,2026-05-19,2026-08-10,UK,Basic,14.29,28.04,2,1,1,0,9.11
2863,52,Female,2024-06-09,2026-08-17,UK,Standard,3.86,75.54,1,1,0,0,13.96
2864,51,Male,2026-07-05,2026-07-05,India,Standard,4.76,54.64,0,0,0,1,14.02
2865,40,Other,2024-08-29,2026-08-17,UK,Standard,6.53,44.52,0,0,0,0,13.89
2866,47,Male,2024-03-31,2026-07-05,Ireland,Basic,7.54,23.89,1,0,1,1,9.46
2867,69,Other,2024-02-03,2026-08-15,UK,Basic,10.35,31.75,0,1,0,0,8.96
2868,25,Other,2023-12-31,2026-05-31,Germany,Basic,5.44,20.7,1,1,0,1,8.77
2869,39,Male,2026-01-27,2026-07-20,UK,Standard,6.93,22.22,1,0,0,1,14.17
2870,61,Male,2025-05-30,2026-07-09,Australia,Standard,6.45,62.88,1,1,0,1,14.57
2871,53,Female,2025-04-26,2026-06-14,India,Standard,15.64,37.85,1,0,0,1,13.63
2872,22,Female,2024-04-06,2026-08-19,Canada,Premium,14.51,81.45,0,0,0,0,18.67
2873,30,Female,2025-10-14,2026-08-19,Germany,Basic,4.35,2.46,1,0,0,0,8.67
2874,46,Other,2025-11-19,2026-06-22,Canada,Basic,3.72,50.97,0,0,0,1,9.15
2875,48,Female,2024-09-14,2026-08-14,Germany,Standard,6.98,41.97,1,1,0,0,14.26
2876,64,Male,2026-02-25,2026-08-13,France,Standard,12.07,81.79,0,1,0,0,14.56
2877,74,Male,2026-04-09,2026-08-11,USA,Standard,13.0,36.04,0,1,1,0,14.07
2878,72,Female,2025-09-14,2026-07-04,Australia,Premium,5.57,25.98,0,0,0,1,17.89
2879,33,Male,2026-03-26,2026-08-16,Germany,Standard,3.47,73.51,1,1,0,0,14.38
2880,59,Female,2024-06-18,2026-05-24,France,Basic,1.65,29.29,0,0,0,1,9.12
2881,47,Male,2024-07-13,2026-07-04,Australia,Basic,9.31,9.44,2,0,0,1,9.15
2882,74,Male,2026-01-15,2026-08-17,Germany,Standard,12.5,38.61,0,0,0,0,13.74
2883,72,Male,2024-05-27,2026-08-15,Canada,Standard,0.95,61.22,1,0,1,0,13.94
2884,33,Female,2024-08-13,2026-08-12,Canada,Basic,10.27,61.33,0,0,0,0,8.9
2885,29,Male,2024-02-26,2026-08-15,India,Basic,6.7,18.24,1,1,0,0,9.12
2886,34,Female,2024-05-16,2026-08-18,Germany,Standard,3.77,51.95,0,1,0,0,14.14
2887,33,Female,2025-04-04,2026-08-12,Germany,Standard,10.03,65.51,0,1,0,0,14.27
2888,29,Female,2025-01-11,2026-06-15,Ireland,Basic,2.42,76.53,1,1,1,1,8.78
2889,25,Female,2024-09-07,2026-05-30,Australia,Standard,3.28,12.53,2,1,1,1,13.88
2890,37,Male,2026-04-18,2026-08-14,Australia,Basic,6.3,55.99,0,0,0,0,8.94
2891,20,Female,2024-07-15,2026-08-10,Australia,Premium,1.23,73.01,0,0,1,0,17.29
2892,33,Male,2024-05-22,2026-08-11,Australia,Basic,2.58,50.73,0,1,0,0,8.97
2893,47,Male,2026-06-13,2026-06-20,USA,Standard,4.47,39.8,1,0,1,1,14.06
2894,62,Male,2024-05-30,2026-08-18,USA,Standard,3.65,59.8,1,1,0,0,13.87
2895,40,Female,2025-03-26,2026-08-13,France,Basic,5.62,32.91,3,0,0,0,9.09
2896,45,Female,2026-04-01,2026-08-13,UK,Standard,5.79,66.45,0,0,1,0,13.69
2897,68,Female,2025-06-06,2026-08-15,Germany,Basic,7.21,51.21,2,0,0,0,9.57
2898,57,Female,2025-06-19,2026-08-15,Germany,Standard,13.03,76.37,1,1,0,0,14.08
2899,71,Female,2026-06-09,2026-08-14,Germany,Standard,5.29,32.52,1,0,0,0,13.91
2900,22,Male,2026-06-10,2026-08-15,Germany,Basic,11.11,31.68,1,0,0,0,8.14
2901,37,Female,2025-06-17,2026-05-03,Australia,Basic,6.81,64.45,1,0,0,1,9.33
2902,57,Male,2026-01-20,2026-08-15,Australia,Standard,8.95,77.7,1,0,0,0,13.71
2903,73,Other,2024-07-07,2026-08-12,USA,Basic,4.92,21.37,1,1,0,0,8.93
2904,61,Female,2024-08-02,2026-08-16,Canada,Standard,10.64,17.75,0,0,1,0,14.7
2905,18,Female,2025-04-13,2026-06-18,Ireland,Basic,1.67,46.9,1,1,0,1,8.97
2906,74,Female,2025-09-26,2026-06-04,Australia,Premium,10.85,34.16,2,0,0,1,18.15
2907,47,Male,2026-02-26,2026-08-17,Australia,Standard,14.83,46.72,0,0,0,0,14.14
2908,38,Female,2026-07-05,2026-08-12,India,Standard,1.32,12.43,0,0,1,0,14.07
2909,37,Male,2026-04-05,2026-08-12,Australia,Basic,26.67,48.03,0,1,1,0,9.07
2910,23,Female,2025-12-14,2026-08-10,Canada,Basic,10.68,49.86,2,0,1,0,7.99
2911,39,Female,2023-12-29,2026-08-19,Canada,Basic,10.06,70.76,0,0,0,0,8.52
2912,35,Female,2025-08-18,2026-04-25,USA,Basic,8.97,51.41,2,0,1,1,8.86
2913,25,Female,2024-01-12,2026-08-17,Australia,Standard,7.0,18.79,0,0,0,0,13.74
2914,56,Male,2025-07-15,2026-08-15,France,Standard,14.11,63.66,0,1,1,0,14.21
2915,49,Male,2023-10-27,2026-08-19,India,Basic,9.62,62.76,1,0,1,0,8.45
2916,50,Female,2024-05-02,2026-08-10,Ireland,Standard,11.05,76.2,1,1,0,0,14.14
2917,70,Male,2025-11-09,2026-05-09,Germany,Basic,4.4,50.27,0,1,1,1,8.19
2918,33,Male,2024-12-18,2026-05-17,Australia,Basic,3.09,12.48,0,0,0,1,9.33
2919,29,Female,2024-10-23,2026-05-22,USA,Premium,27.31,25.2,1,1,0,1,17.88
2920,55,Female,2023-09-01,2026-08-14,USA,Standard,8.9,59.69,0,0,0,0,14.46
2921,69,Female,2026-01-17,2026-07-27,France,Standard,3.8,35.8,0,0,0,1,13.88
2922,51,Male,2025-04-03,2026-07-19,Ireland,Basic,1.57,22.24,1,1,1,1,9.36
2923,31,Female,2023-11-09,2026-06-17,India,Basic,1.23,21.66,3,0,0,1,9.4
2924,53,Male,2023-11-10,2026-08-12,UK,Basic,4.85,51.62,1,0,0,0,8.99
2925,50,Female,2025-03-06,2026-05-07,USA,Premium,10.46,62.01,3,1,0,1,17.82
2926,40,Male,2024-02-28,2026-08-19,Canada,Standard,9.84,54.0,0,0,1,0,13.95
2927,67,Female,2025-08-05,2026-08-13,Canada,Basic,4.84,49.92,1,1,0,0,9.1
2928,62,Female,2026-05-22,2026-06-25,Germany,Premium,10.09,36.59,3,1,0,1,18.78
2929,19,Male,2024-02-23,2026-08-16,USA,Standard,3.86,66.13,1,0,0,0,13.86
2930,58,Female,2025-04-12,2026-07-21,India,Standard,12.31,33.94,2,0,0,1,14.12
2931,38,Female,2025-09-13,2026-08-17,Germany,Basic,7.52,46.01,1,0,0,0,8.39
2932,19,Male,2024-01-02,2026-08-11,USA,Basic,6.25,87.77,0,1,0,0,8.68
2933,44,Female,2023-11-29,2026-08-14,Ireland,Basic,1.21,58.18,0,0,0,0,9.75
2934,74,Male,2025-10-14,2026-05-19,Australia,Basic,4.96,28.16,0,0,1,1,9.18
2935,26,Female,2024-08-09,2026-08-12,India,Standard,4.8,62.73,0,0,0,0,13.82
2936,18,Female,2023-11-27,2026-07-25,USA,Standard,3.56,71.33,1,0,0,1,14.27
2937,28,Male,2024-08-25,2026-06-29,India,Standard,5.0,31.53,1,1,0,1,14.51
2938,20,Female,2024-01-23,2026-08-19,UK,Premium,11.43,37.4,0,0,0,0,17.43
2939,69,Male,2024-12-31,2026-08-17,India,Basic,9.28,37.05,1,0,0,0,9.08
2940,40,Male,2025-10-23,2026-05-15,India,Premium,1.86,26.52,0,0,0,1,17.69
2941,43,Other,2023-11-14,2026-07-03,Canada,Premium,3.28,18.76,1,0,0,1,17.85
2942,21,Female,2024-04-01,2026-08-13,Ireland,Standard,15.0,48.25,0,0,0,0,14.25
2943,35,Male,2023-10-21,2026-08-19,Australia,Basic,10.24,42.25,1,0,0,0,8.24
2944,72,Male,2025-11-23,2026-06-23,Australia,Standard,7.86,68.87,0,1,0,1,14.09
2945,23,Male,2025-07-25,2026-08-18,Canada,Basic,28.76,61.44,1,0,0,0,9.63
2946,52,Other,2024-07-17,2026-05-09,India,Standard,3.76,26.01,1,0,0,1,13.79
2947,39,Male,2024-03-21,2026-08-12,Australia,Basic,5.32,94.27,0,0,1,0,7.86
2948,60,Male,2024-03-13,2026-08-19,Germany,Standard,5.23,69.68,0,0,0,0,14.04
2949,32,Female,2024-08-19,2026-08-13,Ireland,Standard,3.43,25.7,0,0,0,0,14.49
2950,39,Male,2024-04-06,2026-08-13,UK,Basic,13.73,47.37,0,1,0,0,8.8
2951,54,Male,2024-04-19,2026-08-13,Canada,Basic,5.41,61.98,1,0,0,0,8.8
2952,69,Male,2026-04-15,2026-05-26,USA,Basic,2.29,46.77,0,1,0,1,8.41
2953,59,Male,2025-08-28,2026-05-11,USA,Standard,1.29,48.1,0,1,0,1,13.99
2954,29,Male,2026-05-09,2026-08-19,USA,Premium,12.47,37.02,0,0,1,0,18.14
2955,64,Female,2023-10-31,2026-08-18,France,Basic,4.71,30.76,3,0,1,0,9.1
2956,66,Male,2023-10-31,2026-08-16,Ireland,Standard,21.52,41.02,2,0,0,0,13.9
2957,59,Female,2025-08-22,2026-08-10,UK,Basic,10.86,29.26,1,1,0,0,8.51
2958,55,Female,2025-04-19,2026-05-24,Australia,Standard,1.26,53.46,0,0,0,1,13.87
2959,35,Female,2024-07-17,2026-08-11,UK,Premium,9.86,59.24,0,1,1,0,18.06
2960,62,Female,2024-02-26,2026-08-14,UK,Basic,17.34,65.2,0,0,1,0,9.46
2961,52,Male,2024-03-15,2026-08-12,Canada,Premium,8.36,38.15,1,1,0,0,18.87
2962,47,Male,2026-04-13,2026-06-04,Ireland,Standard,3.1,44.34,0,0,0,1,13.26
2963,41,Male,2024-07-19,2026-08-14,USA,Basic,11.48,26.6,0,0,0,0,8.95
2964,59,Male,2024-01-08,2026-08-18,Canada,Premium,3.06,48.69,0,0,1,0,18.11
2965,47,Female,2025-11-19,2026-07-16,Australia,Basic,8.3,55.32,0,0,0,1,8.88
2966,31,Female,2024-09-27,2026-08-02,UK,Basic,2.11,30.68,0,0,0,1,8.54
2967,23,Female,2023-10-19,2026-07-20,India,Standard,11.28,54.61,0,0,0,1,14.15
2968,20,Male,2025-07-19,2026-08-17,USA,Standard,8.13,72.68,1,0,0,0,14.89
2969,33,Female,2025-03-09,2026-08-10,France,Standard,12.86,30.53,1,1,1,0,13.85
2970,24,Male,2026-03-30,2026-08-14,Ireland,Basic,8.31,76.78,0,1,1,0,8.9
2971,69,Female,2023-12-19,2026-08-14,Germany,Premium,4.47,66.42,0,1,0,0,18.01
2972,31,Male,2023-09-07,2026-08-13,France,Standard,6.61,70.32,1,0,0,0,14.32
2973,26,Female,2025-10-11,2026-07-18,UK,Premium,1.46,7.9,2,1,0,1,18.06
2974,32,Male,2025-06-15,2026-08-12,UK,Basic,10.12,66.23,2,0,0,0,9.4
2975,38,Female,2024-12-30,2026-08-13,UK,Standard,7.15,59.97,0,1,1,0,14.77
2976,52,Female,2024-08-06,2026-07-06,UK,Premium,9.08,26.24,0,0,0,1,18.05
2977,19,Female,2025-05-25,2026-08-12,USA,Basic,6.54,81.92,0,0,0,0,9.64
2978,44,Male,2024-03-24,2026-07-20,Ireland,Premium,6.31,15.23,1,0,0,1,17.7
2979,19,Female,2025-04-02,2026-08-10,France,Basic,15.94,42.98,0,0,1,0,9.21
2980,52,Female,2025-06-11,2026-08-10,Canada,Basic,26.03,72.53,0,0,0,0,8.94
2981,35,Male,2026-06-15,2026-06-27,USA,Premium,13.81,36.75,1,1,0,1,18.31
2982,31,Male,2025-07-28,2026-06-26,Ireland,Premium,0.72,70.28,0,0,0,1,18.55
2983,37,Male,2025-01-09,2026-08-17,France,Basic,6.49,64.63,2,1,0,0,8.72
2984,35,Male,2023-08-18,2026-08-18,Canada,Basic,12.02,56.07,2,0,0,0,8.4
2985,27,Female,2025-09-04,2026-06-03,UK,Standard,11.18,35.99,0,0,0,1,14.19
2986,42,Other,2024-07-13,2026-06-29,Ireland,Premium,2.06,69.94,0,1,0,1,18.32
2987,19,Male,2024-10-01,2026-08-14,UK,Standard,12.69,45.2,0,0,0,0,13.45
2988,42,Female,2025-04-05,2026-05-28,India,Standard,2.8,14.83,0,1,1,1,13.42
2989,71,Other,2025-02-11,2026-08-16,Ireland,Standard,14.25,80.27,1,0,0,0,13.29
2990,50,Male,2026-06-26,2026-06-26,Australia,Basic,7.68,28.71,0,1,1,1,9.41
2991,53,Female,2024-10-19,2026-08-17,Germany,Premium,6.87,55.86,1,1,0,0,18.61
2992,48,Female,2024-02-26,2026-04-27,UK,Basic,4.78,42.14,2,0,0,1,9.47
2993,31,Female,2026-01-28,2026-08-18,UK,Standard,15.55,63.62,0,0,0,0,13.51
2994,18,Male,2026-01-16,2026-07-28,UK,Standard,5.42,53.26,1,1,1,1,13.95
2995,63,Female,2023-10-24,2026-08-18,Australia,Standard,11.96,65.94,2,1,1,0,14.3
2996,33,Male,2025-02-08,2026-08-13,USA,Standard,8.94,50.32,1,0,0,0,14.81
2997,71,Female,2023-11-22,2026-06-07,Canada,Premium,8.82,51.3,2,1,1,1,17.95
2998,63,Male,2024-09-05,2026-08-11,UK,Standard,12.33,85.41,0,1,0,0,13.53
2999,69,Female,2026-01-16,2026-08-16,UK,Standard,13.71,43.54,1,0,0,0,13.45
3000,20,Male,2024-12-23,2026-07-23,France,Basic,3.89,43.56,1,0,0,1,8.32
3001,52,Male,2025-09-15,2026-08-12,France,Premium,12.59,75.79,0,1,0,0,18.32
3002,58,Female,2025-01-29,2026-08-10,USA,Basic,9.6,94.04,2,0,0,0,9.39
3003,23,Male,2024-03-15,2026-05-16,USA,Basic,6.94,49.91,0,0,0,1,8.74
3004,42,Female,2026-01-09,2026-08-16,Germany,Basic,6.29,50.24,2,0,0,0,9.4
3005,30,Other,2026-05-29,2026-06-27,Ireland,Standard,3.17,53.35,0,0,1,1,13.54
3006,70,Female,2025-04-02,2026-07-19,UK,Premium,6.4,86.43,0,0,0,1,18.38
3007,51,Male,2026-01-28,2026-08-14,Ireland,Standard,2.75,59.39,0,0,0,0,13.41
3008,25,Female,2024-08-20,2026-08-11,India,Basic,5.46,43.68,0,1,0,0,9.12
3009,38,Female,2025-06-26,2026-08-18,USA,Basic,10.66,75.95,0,0,0,0,9.68
3010,51,Female,2025-04-20,2026-08-02,USA,Standard,7.86,37.27,1,1,1,1,13.56
3011,21,Male,2023-09-02,2026-08-17,Germany,Basic,1.97,30.98,0,1,0,0,9.18
3012,42,Female,2026-03-21,2026-08-16,Canada,Basic,6.91,49.95,0,0,0,0,9.47
3013,32,Female,2025-05-29,2026-07-19,Australia,Standard,11.24,13.91,0,0,0,1,14.17
3014,21,Male,2026-02-12,2026-08-01,Australia,Premium,2.4,69.43,1,1,1,1,17.82
3015,62,Male,2024-11-30,2026-08-18,Australia,Standard,6.04,55.52,1,0,0,0,13.7
3016,29,Male,2025-02-20,2026-08-17,USA,Basic,23.9,35.24,1,0,0,0,9.22
3017,49,Female,2023-09-29,2026-08-11,UK,Premium,1.63,41.55,0,0,0,0,18.46
3018,49,Female,2024-09-30,2026-08-14,France,Standard,7.26,27.95,0,0,0,0,13.75
3019,45,Female,2024-09-11,2026-08-10,Germany,Premium,8.37,36.36,1,0,0,0,17.66
3020,30,Male,2025-09-09,2026-08-14,Canada,Basic,3.83,47.8,0,0,0,0,8.9
3021,48,Male,2025-08-27,2026-05-17,India,Standard,4.0,53.83,2,1,0,1,14.3
3022,31,Other,2025-10-18,2026-05-22,Australia,Premium,7.73,83.15,1,0,1,1,18.1
3023,37,Other,2024-08-04,2026-08-13,Germany,Basic,13.69,39.87,0,0,1,0,8.72
3024,35,Female,2025-04-25,2026-08-15,France,Standard,24.68,31.47,0,1,1,0,14.6
3025,46,Female,2025-03-22,2026-08-11,France,Basic,2.43,42.17,0,1,0,0,8.73
3026,23,Male,2024-12-31,2026-08-10,USA,Standard,12.02,69.14,1,0,0,0,13.85
3027,49,Female,2025-11-17,2026-04-30,Australia,Premium,9.81,69.49,1,0,0,1,17.72
3028,46,Male,2023-12-29,2026-07-18,Canada,Standard,1.36,62.24,1,1,0,1,14.52
3029,60,Male,2024-02-13,2026-07-28,India,Premium,4.68,14.55,1,0,0,1,17.23
3030,19,Female,2026-02-07,2026-05-08,Ireland,Standard,16.55,69.71,0,0,0,1,13.77
3031,40,Male,2025-02-09,2026-07-07,France,Premium,4.21,18.32,0,0,0,1,17.59
3032,36,Male,2026-07-20,2026-07-20,France,Standard,12.58,40.78,0,0,0,1,13.72
3033,48,Male,2024-03-10,2026-08-11,India,Basic,12.45,36.96,0,0,0,0,9.22
3034,68,Male,2026-03-06,2026-08-16,France,Standard,19.81,25.83,0,1,0,0,13.42
3035,22,Female,2026-02-20,2026-05-26,Canada,Standard,2.28,30.53,0,0,0,1,13.36
3036,36,Male,2023-10-21,2026-08-16,India,Premium,7.8,89.49,0,0,0,0,18.14
3037,51,Male,2023-09-13,2026-08-14,UK,Standard,6.76,75.09,1,0,1,0,13.87
3038,27,Male,2023-10-26,2026-08-15,Australia,Standard,1.67,56.55,0,1,0,0,13.03
3039,42,Male,2024-08-22,2026-07-21,Australia,Premium,8.88,49.55,2,1,0,1,18.12
3040,19,Male,2025-08-22,2026-05-26,Ireland,Premium,8.33,30.63,2,0,1,1,17.73
3041,28,Female,2025-07-14,2026-08-12,India,Standard,4.42,87.73,0,0,1,0,13.86
3042,67,Male,2024-12-17,2026-05-20,Ireland,Premium,4.59,77.46,0,0,0,1,18.41
3043,48,Female,2024-09-03,2026-07-17,India,Standard,2.81,27.38,1,0,0,1,14.07
3044,73,Other,2024-08-11,2026-08-12,Australia,Basic,22.15,68.42,0,0,0,0,9.22
3045,32,Female,2024-01-05,2026-06-21,UK,Basic,3.78,29.4,1,1,0,1,8.3
3046,26,Male,2024-07-11,2026-08-19,France,Premium,4.57,83.12,1,0,1,0,17.51
3047,40,Male,2025-10-23,2026-08-17,India,Basic,7.82,54.4,1,0,0,0,9.52
3048,36,Female,2024-08-09,2026-04-30,Ireland,Standard,11.57,26.58,1,0,0,1,13.56
3049,26,Female,2025-08-30,2026-06-04,USA,Premium,7.09,56.67,1,0,1,1,17.88
3050,52,Female,2023-11-04,2026-08-19,France,Basic,1.82,35.74,0,0,0,0,9.02
3051,38,Female,2024-05-14,2026-08-19,Australia,Premium,7.17,62.75,0,0,0,0,18.4
3052,26,Female,2024-01-13,2026-08-13,Canada,Premium,27.3,63.12,0,1,0,0,17.68
3053,45,Female,2025-01-20,2026-08-18,Canada,Premium,8.44,90.28,2,0,0,0,18.52
3054,63,Female,2024-01-25,2026-08-15,France,Basic,4.51,92.97,0,1,1,0,8.59
3055,68,Male,2025-12-21,2026-06-26,UK,Basic,7.13,81.17,0,1,0,1,8.97
3056,24,Other,2024-12-01,2026-05-20,USA,Premium,9.87,39.79,2,0,0,1,18.23
3057,33,Female,2026-06-03,2026-08-19,Ireland,Basic,4.56,55.83,0,1,0,0,8.68
3058,33,Male,2025-12-02,2026-08-11,India,Standard,13.26,64.83,1,1,0,0,13.84
3059,50,Female,2024-12-19,2026-08-11,Australia,Standard,16.55,82.22,0,0,0,0,14.24
3060,21,Female,2023-12-14,2026-08-16,Canada,Basic,11.77,41.58,0,1,0,0,8.77
3061,21,Female,2024-01-01,2026-08-18,Canada,Premium,6.52,81.86,1,0,0,0,17.87
3062,56,Female,2026-05-30,2026-08-13,Canada,Standard,6.61,32.43,0,1,0,0,14.36
3063,57,Male,2025-05-25,2026-08-15,Canada,Basic,0.86,22.37,0,0,0,0,8.91
3064,34,Other,2024-11-17,2026-08-18,Germany,Basic,2.54,45.76,0,1,0,0,9.18
3065,54,Female,2025-05-01,2026-05-07,UK,Basic,6.64,25.4,0,0,1,1,8.76
3066,56,Female,2023-12-03,2026-08-12,Ireland,Basic,8.3,67.13,1,1,0,0,8.73
3067,69,Male,2026-03-12,2026-06-04,Australia,Standard,3.51,65.46,0,1,0,1,13.74
3068,46,Male,2024-11-28,2026-08-13,Australia,Basic,4.62,77.29,0,0,0,0,9.12
3069,69,Female,2025-07-12,2026-06-08,Australia,Basic,2.3,1.63,0,1,0,1,8.96
3070,53,Male,2025-01-16,2026-08-17,Ireland,Premium,9.58,24.07,0,0,0,0,18.12
3071,55,Male,2025-02-06,2026-08-11,UK,Standard,10.3,32.5,0,1,0,0,13.27
3072,56,Female,2025-06-29,2026-06-24,France,Basic,3.44,48.24,2,0,0,1,8.65
3073,67,Female,2025-08-19,2026-05-19,France,Premium,13.48,20.42,2,0,1,1,18.41
3074,54,Male,2024-07-15,2026-07-14,USA,Basic,4.27,54.92,1,1,0,1,9.48
3075,69,Male,2023-09-30,2026-07-31,India,Premium,6.83,81.06,0,0,0,1,17.62
3076,52,Male,2024-02-06,2026-08-15,France,Standard,10.09,41.11,0,0,1,0,14.57
3077,24,Female,2025-01-29,2026-06-07,India,Standard,1.77,67.0,0,0,1,1,13.49
3078,44,Male,2025-03-12,2026-06-23,UK,Standard,3.29,62.91,1,0,0,1,14.06
3079,45,Male,2023-09-19,2026-08-15,Canada,Standard,10.14,91.13,0,1,1,0,14.3
3080,39,Female,2025-02-28,2026-04-26,India,Premium,6.82,54.05,2,0,0,1,18.02
3081,31,Other,2024-09-08,2026-06-24,Canada,Premium,4.98,39.31,0,1,1,1,18.2
3082,24,Female,2025-01-02,2026-05-23,UK,Basic,3.09,18.84,0,0,0,1,8.88
3083,54,Male,2024-05-31,2026-06-23,UK,Standard,2.58,52.86,1,0,1,1,14.38
3084,39,Male,2024-06-21,2026-08-16,Ireland,Premium,10.53,27.6,0,0,1,0,18.14
3085,22,Female,2026-03-15,2026-08-15,Ireland,Standard,9.27,42.24,0,0,0,0,14.16
3086,72,Male,2026-02-25,2026-05-08,Germany,Premium,7.08,24.62,0,0,0,1,18.52
3087,19,Female,2025-03-09,2026-08-14,Australia,Standard,12.44,58.42,0,0,0,0,14.92
3088,44,Male,2023-11-28,2026-06-14,Germany,Standard,2.67,51.9,0,1,0,1,13.59
3089,38,Male,2025-01-07,2026-08-10,Australia,Basic,3.97,36.75,2,0,0,0,8.9
3090,71,Female,2024-01-09,2026-08-14,Canada,Basic,6.59,67.6,3,0,0,0,8.4
3091,55,Female,2025-06-13,2026-07-23,Germany,Standard,7.06,43.65,1,0,0,1,14.41
3092,32,Female,2023-11-18,2026-08-10,Germany,Standard,8.59,64.24,1,0,0,0,13.75
3093,38,Male,2025-08-13,2026-08-19,USA,Standard,16.26,83.45,1,1,1,0,13.67
3094,27,Male,2025-01-26,2026-08-13,UK,Standard,5.38,80.35,1,1,0,0,14.5
3095,40,Female,2025-02-25,2026-08-10,Ireland,Standard,7.16,79.76,0,0,0,0,13.43
3096,73,Female,2026-07-02,2026-07-02,Germany,Premium,8.01,74.27,1,0,0,1,17.75
3097,56,Male,2025-03-13,2026-08-17,Ireland,Basic,2.8,78.43,0,1,0,0,8.74
3098,22,Male,2025-07-31,2026-05-24,Australia,Standard,2.96,53.98,0,0,0,1,13.8
3099,18,Male,2025-01-08,2026-08-18,Germany,Basic,7.91,50.68,2,0,0,0,8.75
3100,30,Other,2025-08-10,2026-08-19,Australia,Standard,7.73,57.55,0,0,0,0,14.05
3101,38,Female,2024-09-01,2026-08-19,France,Basic,11.32,81.12,0,0,0,0,8.88
3102,43,Female,2025-12-04,2026-06-22,France,Basic,5.76,29.0,1,0,0,1,8.98
3103,67,Male,2026-02-24,2026-08-12,Germany,Basic,7.62,54.88,0,1,0,0,8.29
3104,62,Other,2025-08-23,2026-06-01,France,Basic,10.2,38.58,0,0,0,1,9.01
3105,38,Male,2025-05-14,2026-08-11,India,Standard,20.28,77.99,0,0,0,0,13.98
3106,70,Female,2025-06-17,2026-06-12,Canada,Premium,3.21,62.83,0,0,0,1,17.69
3107,35,Female,2024-04-06,2026-08-17,USA,Basic,8.0,60.49,1,1,0,0,8.17
3108,54,Male,2024-12-11,2026-08-14,Australia,Standard,15.06,53.88,0,1,0,0,13.65
3109,62,Male,2024-11-29,2026-08-15,UK,Standard,5.11,67.77,0,0,0,0,13.38
3110,49,Male,2024-06-24,2026-08-14,UK,Basic,11.79,50.23,0,0,0,0,9.22
3111,53,Male,2025-08-09,2026-08-13,Canada,Basic,16.68,38.14,2,0,0,0,8.96
3112,34,Female,2023-09-18,2026-08-14,France,Basic,10.41,43.51,0,0,1,0,8.4
3113,52,Female,2024-07-13,2026-08-17,Canada,Standard,5.5,56.3,2,1,0,0,13.67
3114,66,Female,2025-07-06,2026-08-19,France,Basic,12.36,61.35,1,1,0,0,8.69
3115,28,Female,2025-05-26,2026-08-12,India,Basic,8.0,24.24,2,1,1,0,8.84
3116,38,Female,2023-10-14,2026-08-16,UK,Basic,16.32,44.65,0,1,0,0,8.83
3117,69,Male,2025-05-29,2026-05-02,Australia,Standard,4.79,39.02,0,0,0,1,13.76
3118,72,Male,2025-07-30,2026-08-15,UK,Standard,3.75,56.72,0,0,0,0,13.79
3119,70,Other,2026-07-05,2026-08-10,USA,Basic,11.36,67.59,1,0,1,0,8.59
3120,43,Male,2025-09-09,2026-08-15,Germany,Standard,4.05,46.69,0,0,0,0,14.07
3121,21,Female,2025-02-03,2026-08-17,France,Standard,11.78,36.71,1,1,0,0,13.55
3122,51,Male,2023-09-15,2026-08-14,USA,Basic,10.12,92.39,1,0,1,0,8.99
3123,69,Female,2025-01-22,2026-07-26,India,Basic,9.18,55.11,2,0,0,1,9.25
3124,65,Female,2024-08-26,2026-08-12,India,Standard,9.61,39.49,0,0,0,0,13.46
3125,35,Male,2026-05-13,2026-08-16,France,Standard,8.21,41.37,0,0,0,0,13.9
3126,57,Male,2025-06-05,2026-06-30,France,Standard,10.31,46.47,0,0,1,1,14.22
3127,52,Female,2024-04-30,2026-08-14,UK,Standard,27.15,12.51,0,0,1,0,13.47
3128,58,Male,2024-01-14,2026-08-18,Germany,Basic,18.56,70.25,0,1,1,0,9.62
3129,46,Male,2024-03-26,2026-08-18,UK,Basic,21.01,67.81,0,0,1,0,9.22
3130,69,Female,2024-07-11,2026-08-19,USA,Standard,6.53,61.08,1,0,1,0,13.61
3131,46,Male,2025-05-08,2026-08-10,USA,Standard,18.11,8.56,1,0,0,0,14.32
3132,55,Female,2025-02-06,2026-06-16,France,Basic,6.75,52.27,0,0,0,1,9.13
3133,59,Female,2024-07-21,2026-08-10,Australia,Premium,6.58,21.36,1,0,0,0,17.84
3134,38,Male,2025-10-21,2026-07-06,Australia,Standard,9.51,64.68,1,0,0,1,13.58
3135,59,Female,2025-04-18,2026-08-19,USA,Basic,23.16,54.98,0,0,0,0,8.5
3136,30,Female,2024-04-22,2026-08-18,Germany,Standard,6.49,37.43,2,0,1,0,13.78
3137,66,Male,2024-12-30,2026-08-17,France,Basic,7.58,64.48,2,0,0,0,8.94
3138,58,Male,2024-03-12,2026-08-11,India,Standard,17.53,66.15,0,0,1,0,14.85
3139,34,Male,2025-03-11,2026-08-15,Australia,Standard,5.14,21.47,0,0,1,0,13.94
3140,73,Male,2024-05-17,2026-08-18,Australia,Basic,7.53,94.12,0,0,0,0,9.86
3141,26,Male,2024-05-07,2026-08-17,Ireland,Premium,13.52,41.83,0,0,1,0,17.95
3142,58,Male,2023-12-30,2026-05-21,Ireland,Standard,10.4,30.53,0,0,0,1,13.94
3143,18,Male,2023-11-02,2026-08-12,Australia,Basic,4.28,28.91,0,0,0,0,9.14
3144,19,Female,2024-04-02,2026-08-17,UK,Basic,8.1,36.72,1,0,0,0,9.04
3145,65,Female,2024-10-24,2026-08-19,Germany,Basic,5.16,46.94,1,1,1,0,9.38
3146,46,Female,2024-11-25,2026-07-17,Canada,Premium,5.73,24.26,1,1,0,1,18.32
3147,50,Female,2024-07-15,2026-08-14,Australia,Basic,16.58,41.86,0,1,0,0,9.2
3148,27,Female,2023-11-03,2026-06-16,Ireland,Standard,4.36,8.88,1,0,0,1,13.66
3149,67,Female,2025-07-19,2026-08-18,Germany,Basic,13.71,59.29,0,0,0,0,8.46
3150,57,Female,2025-11-07,2026-08-16,Germany,Basic,5.69,26.98,0,1,1,0,8.94
3151,38,Male,2025-05-07,2026-08-13,Ireland,Standard,4.39,77.33,2,0,0,0,13.7
3152,45,Female,2025-05-12,2026-05-31,France,Standard,5.23,41.83,0,0,0,1,14.0
3153,28,Male,2024-08-30,2026-08-12,Germany,Standard,13.15,74.25,0,0,0,0,14.04
3154,72,Male,2025-09-16,2026-08-12,France,Standard,5.24,48.79,3,0,1,0,13.54
3155,51,Female,2025-06-07,2026-08-17,Germany,Standard,4.2,86.4,0,0,0,0,13.72
3156,25,Male,2024-04-16,2026-08-14,Ireland,Basic,1.41,39.66,2,0,0,0,8.16
3157,39,Male,2026-04-25,2026-08-12,USA,Basic,2.32,30.17,0,1,1,0,8.1
3158,25,Female,2026-07-18,2026-08-10,Australia,Basic,15.48,49.04,0,1,0,0,9.17
3159,66,Female,2025-07-14,2026-06-16,UK,Standard,3.77,29.63,0,0,1,1,13.61
3160,32,Female,2024-10-17,2026-04-24,France,Premium,5.74,63.67,0,0,0,1,18.7
3161,34,Female,2023-09-08,2026-08-19,Canada,Basic,5.38,55.56,0,0,0,0,8.52
3162,40,Male,2026-04-14,2026-08-10,UK,Basic,7.03,73.6,0,1,0,0,8.92
3163,41,Male,2024-09-19,2026-08-16,USA,Basic,11.73,19.8,2,1,0,0,9.07
3164,62,Female,2025-09-03,2026-08-16,India,Premium,9.77,46.04,0,0,0,0,18.46
3165,36,Male,2025-02-02,2026-08-13,USA,Premium,12.32,41.4,0,1,0,0,17.9
3166,22,Female,2024-04-22,2026-04-30,Germany,Basic,2.13,35.06,2,0,0,1,8.61
3167,49,Male,2025-07-19,2026-08-11,UK,Standard,9.91,45.73,0,1,0,0,14.43
3168,61,Male,2025-05-30,2026-05-21,France,Standard,8.61,50.56,0,0,0,1,13.74
3169,18,Female,2024-07-22,2026-08-15,France,Basic,16.27,55.52,2,0,0,0,9.54
3170,40,Female,2024-03-25,2026-08-10,USA,Standard,8.36,92.87,0,0,0,0,14.04
3171,54,Female,2024-09-19,2026-08-14,UK,Standard,9.99,60.66,0,0,0,0,13.95
3172,25,Female,2026-03-10,2026-08-17,USA,Basic,6.51,29.55,0,1,0,0,9.67
3173,30,Male,2026-05-29,2026-07-03,Canada,Standard,10.51,33.53,2,1,0,1,13.98
3174,25,Male,2024-07-10,2026-08-13,USA,Basic,8.78,73.14,0,0,0,0,8.92
3175,74,Male,2024-08-25,2026-06-06,UK,Standard,8.3,44.74,1,1,0,1,13.9
3176,40,Male,2026-06-28,2026-06-28,Germany,Premium,5.44,65.44,0,0,0,1,18.37
3177,60,Male,2025-04-17,2026-07-20,UK,Standard,6.65,40.35,2,0,0,1,14.51
3178,18,Female,2024-10-09,2026-07-21,Ireland,Basic,2.28,44.54,1,0,0,1,9.09
3179,62,Male,2025-03-26,2026-04-24,UK,Basic,2.38,84.91,0,0,0,1,9.25
3180,68,Female,2026-03-23,2026-05-25,Canada,Standard,10.63,29.25,0,1,1,1,13.75
3181,41,Female,2024-09-16,2026-08-18,Australia,Basic,4.65,73.64,0,0,0,0,8.99
3182,52,Male,2025-12-25,2026-07-16,Canada,Standard,3.38,84.13,1,1,0,1,14.09
3183,41,Male,2025-09-06,2026-08-10,Canada,Basic,5.36,83.06,1,0,0,0,8.73
3184,34,Male,2025-08-17,2026-05-24,USA,Standard,1.22,32.72,1,1,0,1,14.19
3185,22,Female,2026-02-16,2026-07-26,Canada,Premium,3.73,47.23,1,0,1,1,18.36
3186,37,Male,2024-03-05,2026-08-18,UK,Premium,4.4,23.66,1,1,0,0,18.42
3187,38,Male,2025-06-22,2026-08-14,France,Basic,16.49,72.74,1,0,0,0,8.81
3188,57,Female,2025-03-03,2026-08-13,Australia,Standard,11.22,35.53,1,1,0,0,14.41
3189,48,Male,2023-11-23,2026-08-16,France,Basic,16.0,26.5,0,1,0,0,8.99
3190,63,Female,2025-09-11,2026-08-18,India,Standard,1.42,83.01,0,0,0,0,13.99
3191,53,Female,2026-07-07,2026-07-07,Germany,Basic,5.11,51.74,1,0,0,1,8.6
3192,28,Female,2026-05-05,2026-05-09,India,Standard,12.97,64.28,2,1,0,1,13.74
3193,69,Male,2025-06-07,2026-07-13,Canada,Standard,3.26,33.16,1,0,0,1,13.73
3194,32,Female,2025-06-22,2026-08-11,France,Premium,11.87,66.37,2,0,0,0,17.87
3195,36,Female,2025-12-13,2026-08-12,UK,Standard,1.4,55.39,0,0,0,0,14.12
3196,24,Male,2024-07-07,2026-08-18,USA,Basic,8.51,41.05,0,1,0,0,9.22
3197,68,Male,2025-05-14,2026-08-16,USA,Premium,15.47,59.67,0,0,0,0,17.16
3198,45,Male,2024-05-06,2026-04-24,Germany,Basic,5.04,23.14,1,0,0,1,8.97
3199,68,Female,2023-11-06,2026-08-10,Germany,Premium,9.57,58.73,0,0,0,0,18.27
3200,60,Female,2024-10-05,2026-08-17,UK,Standard,12.83,81.29,0,0,1,0,13.91
3201,22,Female,2024-04-25,2026-08-13,Germany,Premium,7.39,77.96,1,0,0,0,17.91
3202,22,Female,2024-06-26,2026-05-17,France,Basic,4.92,69.25,1,1,0,1,9.3
3203,47,Male,2024-09-13,2026-04-23,France,Basic,9.15,19.86,2,1,1,1,8.91
3204,71,Male,2024-04-10,2026-08-15,Germany,Standard,2.45,71.3,0,1,0,0,13.28
3205,49,Female,2026-06-23,2026-08-18,USA,Premium,23.32,13.24,1,0,1,0,17.44
3206,25,Female,2023-11-06,2026-08-13,UK,Basic,14.44,59.56,2,0,0,0,9.16
3207,27,Male,2025-05-31,2026-08-11,Australia,Basic,5.4,97.69,0,0,0,0,8.95
3208,55,Female,2026-06-26,2026-08-13,Germany,Basic,10.14,78.78,1,0,0,0,8.88
3209,64,Female,2024-09-16,2026-08-15,UK,Premium,18.47,56.11,2,0,0,0,17.85
3210,49,Female,2025-01-25,2026-06-22,Canada,Standard,3.49,53.46,0,0,0,1,13.19
3211,65,Female,2026-02-06,2026-08-12,USA,Basic,12.34,39.28,0,1,0,0,8.54
3212,45,Female,2025-12-25,2026-08-16,Australia,Basic,9.67,47.65,0,0,0,0,8.93
3213,34,Male,2023-12-15,2026-08-17,France,Standard,21.49,28.76,1,0,0,0,13.37
3214,48,Female,2023-11-09,2026-08-16,USA,Basic,7.85,49.26,0,0,0,0,8.71
3215,25,Male,2024-11-14,2026-05-11,USA,Standard,4.28,6.65,0,0,0,1,14.18
3216,57,Female,2025-07-13,2026-06-11,France,Standard,1.69,53.48,0,0,0,1,13.87
3217,42,Male,2024-11-10,2026-08-13,Ireland,Standard,10.3,48.56,0,0,0,0,13.96
3218,26,Female,2026-05-13,2026-08-12,UK,Premium,15.73,92.13,2,0,0,0,17.6
3219,19,Female,2026-04-11,2026-08-15,France,Standard,7.15,50.36,0,1,0,0,13.78
3220,32,Male,2026-07-20,2026-08-16,Canada,Basic,13.95,34.88,1,0,0,0,8.38
3221,67,Male,2025-08-04,2026-08-11,Germany,Standard,6.94,75.88,1,0,0,0,14.06
3222,20,Other,2026-07-14,2026-08-15,Canada,Basic,5.73,51.34,1,0,0,0,8.07
3223,66,Other,2025-09-06,2026-06-21,UK,Premium,1.63,55.97,2,0,0,1,18.41
3224,53,Male,2024-11-05,2026-08-13,France,Basic,4.94,41.32,0,0,1,0,9.63
3225,21,Other,2025-02-27,2026-05-15,USA,Premium,12.27,42.42,4,1,0,1,18.93
3226,31,Female,2026-01-16,2026-08-12,France,Basic,8.38,56.41,1,1,1,0,9.69
3227,58,Female,2024-07-23,2026-08-19,Ireland,Basic,4.4,57.89,0,0,0,0,9.57
3228,58,Male,2025-04-15,2026-08-18,UK,Basic,1.5,49.48,0,0,1,0,8.45
3229,42,Female,2025-08-12,2026-07-22,Australia,Premium,6.23,31.54,0,0,0,1,17.72
3230,72,Female,2024-10-24,2026-08-16,Australia,Premium,4.17,48.67,0,1,0,0,18.02
3231,67,Female,2024-08-07,2026-08-11,UK,Basic,15.28,32.26,1,1,1,0,8.82
3232,27,Female,2023-09-23,2026-08-15,Germany,Basic,7.61,45.98,0,0,0,0,8.82
3233,38,Female,2024-12-22,2026-08-17,Canada,Basic,11.11,51.67,0,0,0,0,9.17
3234,53,Female,2026-03-07,2026-07-22,Canada,Basic,3.17,46.42,1,1,0,1,8.71
3235,29,Male,2025-07-03,2026-08-14,Germany,Standard,7.86,14.28,1,0,0,0,14.05
3236,44,Male,2026-01-16,2026-08-14,Ireland,Standard,2.51,38.69,1,1,0,0,13.87
3237,57,Male,2024-10-20,2026-08-17,USA,Standard,3.57,27.87,0,1,0,0,14.22
3238,19,Male,2024-01-05,2026-08-15,India,Standard,15.09,91.38,0,0,0,0,13.01
3239,71,Female,2023-11-30,2026-08-14,India,Standard,7.65,49.17,0,0,0,0,13.9
3240,30,Female,2025-01-06,2026-08-12,USA,Premium,6.86,81.78,0,0,0,0,17.29
3241,70,Female,2024-02-04,2026-08-16,Australia,Basic,10.18,47.63,1,0,1,0,9.29
3242,49,Male,2024-10-20,2026-05-26,Ireland,Basic,0.65,30.84,0,0,0,1,8.9
3243,48,Female,2025-09-03,2026-08-11,Germany,Standard,5.82,75.08,1,0,0,0,14.2
3244,33,Male,2024-03-15,2026-08-19,India,Basic,17.48,42.76,0,0,0,0,8.01
3245,49,Male,2023-10-27,2026-08-11,UK,Basic,6.21,49.1,0,1,0,0,9.22
3246,49,Male,2025-10-09,2026-08-13,France,Premium,3.78,65.44,1,0,0,0,18.05
3247,51,Female,2023-09-03,2026-08-10,Canada,Standard,9.13,45.26,0,0,0,0,14.81
3248,28,Male,2025-08-04,2026-08-11,France,Standard,4.83,26.96,1,0,0,0,14.05
3249,27,Female,2026-04-29,2026-06-17,UK,Standard,6.04,57.38,1,0,0,1,14.87
3250,32,Male,2024-09-23,2026-08-12,Canada,Basic,4.18,63.42,0,0,0,0,8.68
3251,34,Female,2025-01-26,2026-08-02,UK,Premium,3.72,19.67,1,0,0,1,18.27
3252,57,Female,2025-03-28,2026-05-19,Germany,Basic,2.67,79.58,0,0,0,1,9.15
3253,35,Female,2025-12-20,2026-05-03,Germany,Standard,7.34,55.12,0,1,0,1,13.96
3254,72,Female,2024-01-03,2026-08-11,Ireland,Standard,11.7,37.04,1,1,1,0,13.71
3255,26,Female,2025-07-26,2026-08-13,UK,Standard,19.2,69.39,0,0,1,0,13.78
3256,42,Female,2025-12-19,2026-06-16,UK,Standard,6.81,77.56,1,0,0,1,14.14
3257,57,Female,2025-09-20,2026-08-17,Ireland,Premium,20.43,14.2,1,1,0,0,18.03
3258,31,Male,2026-01-02,2026-08-13,Ireland,Standard,10.04,13.22,0,1,0,0,14.39
3259,42,Male,2025-11-25,2026-08-11,France,Basic,15.11,89.62,0,1,0,0,8.72
3260,67,Male,2024-09-18,2026-08-15,Germany,Standard,9.65,13.7,0,1,1,0,13.81
3261,39,Female,2024-02-23,2026-07-11,France,Premium,3.5,14.78,0,0,1,1,17.63
3262,69,Female,2025-11-12,2026-05-17,Germany,Standard,6.92,42.43,2,0,1,1,13.36
3263,47,Female,2025-04-01,2026-08-14,France,Standard,2.8,23.94,1,0,0,0,14.12
3264,37,Female,2025-03-10,2026-08-19,Australia,Standard,3.71,70.72,2,1,0,0,13.98
3265,38,Male,2023-11-16,2026-08-13,UK,Basic,7.46,39.33,0,0,0,0,9.18
3266,61,Female,2023-10-28,2026-08-17,France,Basic,13.46,51.58,0,1,0,0,8.96
3267,49,Other,2024-08-19,2026-08-14,France,Premium,13.74,70.2,1,1,0,0,18.11
3268,68,Male,2024-05-28,2026-08-12,Germany,Standard,3.38,39.99,0,0,0,0,13.87
3269,63,Female,2025-05-18,2026-08-14,India,Basic,7.47,43.05,0,0,0,0,9.09
3270,66,Male,2025-01-28,2026-08-17,Germany,Premium,24.86,77.0,0,1,0,0,17.93
3271,73,Female,2024-02-01,2026-08-16,UK,Standard,7.42,17.86,0,1,0,0,13.8
3272,38,Male,2023-11-26,2026-08-16,Ireland,Standard,6.47,46.73,1,0,0,0,13.98
3273,52,Female,2025-12-23,2026-08-17,UK,Basic,1.52,25.57,0,0,0,0,8.76
3274,49,Female,2025-03-17,2026-05-04,India,Premium,3.23,74.93,1,0,0,1,17.65
3275,47,Male,2025-04-06,2026-07-01,USA,Standard,2.16,50.41,2,0,1,1,14.11
3276,72,Male,2024-12-30,2026-08-14,UK,Standard,4.97,76.62,0,0,0,0,14.32
3277,56,Female,2024-09-25,2026-05-26,USA,Basic,7.99,47.9,2,0,1,1,8.93
3278,66,Other,2025-01-17,2026-06-14,France,Basic,4.48,63.37,1,1,0,1,8.9
3279,29,Female,2026-01-04,2026-07-12,UK,Basic,5.02,53.09,1,0,0,1,10.13
3280,58,Female,2025-02-15,2026-08-16,India,Premium,2.89,49.73,1,1,1,0,18.32
3281,64,Male,2024-09-01,2026-08-14,USA,Basic,4.21,69.45,1,1,1,0,9.11
3282,35,Female,2025-04-10,2026-07-17,USA,Standard,10.18,45.9,0,0,0,1,13.74
3283,38,Female,2024-12-02,2026-08-14,India,Basic,11.36,55.75,0,0,0,0,9.3
3284,30,Female,2026-03-04,2026-08-10,UK,Basic,21.51,29.8,2,1,0,0,8.94
3285,38,Male,2023-10-10,2026-05-01,Australia,Basic,8.01,5.84,0,1,0,1,9.35
3286,25,Female,2025-11-21,2026-08-14,Germany,Standard,8.66,72.83,0,0,0,0,14.31
3287,63,Female,2025-09-08,2026-06-12,Canada,Standard,1.68,63.83,0,1,0,1,14.28
3288,57,Female,2024-09-22,2026-08-14,Germany,Premium,11.07,65.26,1,1,1,0,17.51
3289,63,Female,2024-07-18,2026-08-14,USA,Premium,15.32,76.04,1,1,0,0,18.17
3290,24,Female,2026-03-08,2026-08-18,France,Basic,8.08,36.35,0,1,1,0,7.89
3291,40,Female,2024-12-19,2026-08-17,UK,Premium,2.44,42.58,0,1,1,0,18.71
3292,61,Male,2025-05-08,2026-06-10,UK,Standard,3.06,42.45,0,1,0,1,14.4
3293,49,Female,2026-05-05,2026-07-29,France,Premium,6.35,73.8,0,0,0,1,18.16
3294,28,Male,2025-06-16,2026-05-18,UK,Basic,5.93,26.6,3,1,0,1,8.98
3295,39,Male,2025-07-12,2026-05-14,UK,Premium,2.77,48.58,1,0,0,1,17.95
3296,39,Male,2023-09-19,2026-08-10,Australia,Basic,5.2,54.55,1,1,0,0,9.27
3297,60,Female,2024-06-23,2026-08-13,Canada,Basic,12.94,82.22,0,0,0,0,9.21
3298,42,Male,2024-07-02,2026-08-16,Ireland,Basic,7.67,29.3,0,0,1,0,8.79
3299,39,Male,2024-06-17,2026-08-14,USA,Basic,1.89,71.08,0,1,1,0,8.56
3300,45,Female,2025-05-30,2026-08-19,Canada,Standard,14.65,68.36,2,1,1,0,15.07
3301,46,Male,2025-12-26,2026-07-08,Germany,Premium,2.87,76.06,0,0,0,1,18.0
3302,30,Male,2025-08-14,2026-06-13,Ireland,Standard,4.39,30.56,1,1,0,1,14.61
3303,35,Female,2024-07-30,2026-08-13,Ireland,Basic,8.44,44.42,0,1,0,0,8.69
3304,19,Female,2025-09-13,2026-08-16,France,Basic,17.23,48.62,2,0,0,0,8.2
3305,46,Male,2024-11-03,2026-08-14,UK,Basic,7.89,83.83,1,1,0,0,8.77
3306,38,Female,2026-04-29,2026-05-11,Canada,Premium,4.36,42.05,0,0,0,1,17.5
3307,32,Female,2023-09-28,2026-07-17,France,Basic,10.38,23.88,1,1,1,1,8.88
3308,69,Male,2024-02-29,2026-08-13,Germany,Standard,7.89,75.98,1,0,0,0,14.13
3309,44,Female,2025-11-27,2026-08-11,UK,Basic,9.65,73.01,1,0,0,0,8.59
3310,67,Other,2025-06-27,2026-08-15,UK,Standard,15.71,70.19,1,0,0,0,14.24
3311,48,Male,2025-06-23,2026-08-18,India,Basic,5.77,82.26,0,0,1,0,8.94
3312,32,Male,2024-07-04,2026-08-17,India,Basic,2.03,71.14,0,1,0,0,9.48
3313,68,Female,2026-06-21,2026-08-14,India,Basic,9.99,34.09,0,1,0,0,8.44
3314,40,Female,2023-11-12,2026-08-19,Australia,Basic,11.13,30.63,0,1,0,0,9.38
3315,41,Male,2024-11-23,2026-08-18,France,Basic,4.86,65.36,0,0,0,0,9.26
3316,61,Female,2025-10-11,2026-08-19,USA,Standard,12.42,84.86,0,0,0,0,13.89
3317,30,Female,2025-11-25,2026-08-10,Ireland,Basic,13.79,87.26,0,0,0,0,8.08
3318,39,Female,2024-07-20,2026-06-11,Germany,Basic,1.19,48.18,0,1,0,1,9.16
3319,60,Female,2026-06-20,2026-08-12,Ireland,Basic,6.22,35.8,0,0,0,0,9.12
3320,54,Male,2023-11-16,2026-06-22,Canada,Premium,2.21,42.61,2,1,0,1,17.6
3321,50,Female,2024-01-18,2026-08-13,USA,Standard,6.65,5.29,0,1,0,0,13.67
3322,73,Female,2025-12-26,2026-08-11,UK,Standard,6.77,42.85,2,1,0,0,14.38
3323,20,Male,2024-01-30,2026-08-15,USA,Basic,1.4,44.9,4,1,0,0,8.29
3324,71,Female,2024-12-15,2026-08-16,UK,Basic,9.51,25.42,1,0,0,0,9.17
3325,36,Female,2025-04-17,2026-08-11,France,Basic,6.02,64.09,0,0,1,0,9.41
3326,40,Male,2026-03-07,2026-07-15,India,Standard,4.19,52.69,0,0,0,1,14.61
3327,46,Female,2023-11-16,2026-08-15,USA,Standard,12.41,34.48,0,1,0,0,14.12
3328,47,Male,2025-10-10,2026-05-13,UK,Premium,2.21,7.14,1,0,0,1,17.07
3329,56,Male,2024-03-23,2026-08-10,Ireland,Premium,17.92,40.39,0,0,0,0,18.03
3330,61,Male,2025-08-04,2026-08-16,India,Standard,16.43,45.13,1,0,1,0,14.12
3331,64,Male,2026-07-04,2026-07-27,India,Standard,9.54,31.43,0,0,0,1,13.46
3332,42,Female,2025-06-02,2026-08-10,India,Basic,4.33,69.92,1,0,1,0,9.44
3333,54,Male,2026-07-15,2026-08-11,Ireland,Basic,6.52,35.33,0,1,1,0,9.14
3334,64,Female,2024-06-01,2026-05-12,Ireland,Premium,1.53,47.13,0,1,0,1,18.03
3335,25,Male,2026-04-25,2026-08-13,Ireland,Basic,7.28,13.26,1,0,0,0,9.67
3336,59,Female,2026-01-13,2026-07-06,India,Premium,6.52,14.17,1,1,0,1,17.93
3337,33,Female,2025-05-27,2026-08-16,USA,Standard,15.7,77.77,1,1,0,0,14.04
3338,25,Female,2025-11-15,2026-05-05,UK,Standard,10.91,57.8,1,0,1,1,14.3
3339,18,Male,2024-03-13,2026-08-13,Ireland,Basic,7.76,43.31,1,0,0,0,8.67
3340,61,Male,2025-12-26,2026-06-25,USA,Standard,12.79,32.32,0,0,0,1,14.67
3341,22,Male,2025-05-23,2026-08-10,UK,Standard,4.48,56.01,1,0,1,0,13.27
3342,20,Female,2025-01-18,2026-08-17,India,Basic,7.13,65.69,1,0,0,0,8.91
3343,18,Female,2025-03-21,2026-05-11,USA,Basic,2.2,11.27,0,0,0,1,9.23
3344,21,Female,2026-03-10,2026-08-10,India,Basic,5.49,47.12,0,0,0,0,9.58
3345,57,Female,2026-03-28,2026-08-17,Australia,Standard,12.38,47.8,0,0,0,0,14.57
3346,52,Male,2025-07-09,2026-08-17,Ireland,Basic,2.15,36.49,0,0,0,0,8.85
3347,49,Female,2023-11-17,2026-08-10,Canada,Standard,5.08,19.59,0,0,1,0,13.28
3348,59,Female,2025-12-22,2026-08-16,USA,Standard,5.72,27.98,0,1,0,0,14.69
3349,51,Female,2026-03-11,2026-04-26,Ireland,Basic,11.57,24.63,0,0,0,1,8.67
3350,60,Female,2026-02-17,2026-07-14,Germany,Standard,3.3,41.5,0,1,0,1,14.32
3351,42,Male,2024-01-13,2026-08-18,UK,Basic,4.27,35.38,0,0,0,0,9.07
3352,27,Male,2023-12-12,2026-08-14,Australia,Standard,8.09,58.37,0,0,0,0,14.22
3353,38,Female,2024-05-06,2026-08-11,Ireland,Basic,11.48,36.8,0,1,0,0,8.41
3354,63,Female,2026-02-24,2026-08-13,Germany,Basic,8.68,34.6,0,1,0,0,8.86
3355,56,Male,2024-08-05,2026-05-17,USA,Basic,3.53,22.66,0,0,0,1,9.05
3356,44,Female,2025-12-02,2026-08-18,USA,Standard,3.41,30.64,0,1,1,0,14.47
3357,44,Male,2025-04-26,2026-06-26,Germany,Basic,9.93,66.34,2,0,1,1,9.68
3358,19,Female,2024-01-26,2026-07-12,Australia,Basic,10.62,81.72,1,0,0,1,8.51
3359,58,Other,2026-04-05,2026-08-11,Germany,Basic,12.51,32.13,0,1,0,0,8.85
3360,65,Female,2026-04-19,2026-08-19,UK,Basic,19.53,51.13,1,0,0,0,8.17
3361,30,Female,2024-04-13,2026-08-10,USA,Standard,6.02,67.5,1,0,1,0,14.3
3362,26,Male,2026-03-03,2026-08-14,Germany,Standard,7.91,66.43,0,1,0,0,13.71
3363,69,Male,2026-07-10,2026-08-16,Canada,Premium,9.02,64.09,0,0,1,0,17.52
3364,53,Female,2025-04-29,2026-05-01,Canada,Basic,5.07,20.71,1,1,0,1,8.63
3365,39,Male,2024-01-06,2026-06-12,Germany,Basic,2.65,45.07,0,0,0,1,9.41
3366,59,Male,2025-06-21,2026-08-17,UK,Standard,15.5,51.02,2,0,1,0,14.12
3367,43,Female,2025-07-08,2026-08-18,USA,Standard,7.06,69.78,0,0,0,0,13.79
3368,71,Male,2025-07-25,2026-08-11,Canada,Basic,5.85,94.86,1,0,0,0,9.23
3369,29,Female,2024-09-06,2026-08-01,Germany,Standard,5.92,33.46,0,0,0,1,13.75
3370,34,Female,2023-10-08,2026-08-15,India,Standard,4.68,54.44,0,0,0,0,13.64
3371,31,Female,2024-10-17,2026-08-13,Germany,Basic,8.92,79.84,0,1,0,0,8.72
3372,31,Female,2024-12-25,2026-08-13,Ireland,Standard,17.14,31.31,2,1,1,0,13.74
3373,74,Female,2023-10-28,2026-08-18,Germany,Basic,10.0,14.48,0,1,0,0,9.11
3374,51,Female,2024-01-10,2026-08-18,UK,Premium,13.87,68.87,0,0,0,0,17.73
3375,70,Female,2025-06-20,2026-05-11,Canada,Standard,5.52,41.84,3,0,0,1,13.91
3376,74,Male,2026-01-16,2026-08-12,Ireland,Basic,7.85,61.38,0,0,0,0,8.8
3377,37,Female,2025-07-15,2026-08-18,Canada,Standard,11.58,25.71,0,0,0,0,13.83
3378,28,Female,2024-11-20,2026-08-10,Canada,Premium,12.8,26.24,0,0,0,0,18.12
3379,33,Male,2025-10-12,2026-08-10,UK,Standard,15.54,95.6,1,0,1,0,14.51
3380,68,Male,2023-08-29,2026-08-18,Germany,Basic,10.79,74.53,0,0,0,0,9.21
3381,48,Female,2026-04-30,2026-08-11,UK,Standard,3.91,62.02,1,1,1,0,14.02
3382,72,Male,2026-02-23,2026-08-13,Germany,Standard,5.1,62.19,0,0,1,0,13.56
3383,23,Female,2023-11-29,2026-08-16,Ireland,Basic,5.5,73.61,1,0,0,0,8.99
3384,73,Other,2023-11-02,2026-04-30,UK,Basic,9.34,44.22,1,0,0,1,8.99
3385,36,Male,2023-12-16,2026-08-10,UK,Standard,11.7,91.59,0,1,1,0,14.34
3386,54,Female,2025-03-13,2026-05-08,India,Standard,7.58,71.51,0,0,1,1,13.87
3387,21,Male,2024-07-28,2026-08-16,Australia,Basic,31.66,39.58,1,0,0,0,9.15
3388,64,Female,2024-08-17,2026-08-14,USA,Standard,4.08,10.65,1,0,1,0,13.48
3389,21,Male,2023-09-24,2026-08-16,UK,Standard,9.62,8.58,1,1,0,0,14.33
3390,37,Female,2024-04-16,2026-08-16,Australia,Basic,13.23,63.36,0,1,0,0,9.42
3391,27,Male,2025-05-13,2026-08-10,France,Basic,12.46,68.68,1,1,0,0,9.06
3392,41,Male,2023-08-28,2026-08-17,USA,Standard,8.98,26.26,1,0,0,0,13.89
3393,71,Male,2025-01-04,2026-08-12,India,Standard,6.13,86.81,2,0,0,0,13.26
3394,52,Male,2026-03-05,2026-08-10,Germany,Standard,6.47,28.4,3,0,1,0,14.94
3395,43,Female,2025-07-19,2026-08-19,France,Basic,3.04,85.4,1,0,0,0,9.1
3396,54,Male,2026-04-06,2026-07-17,Germany,Standard,6.75,81.51,0,1,1,1,13.87
3397,55,Female,2024-05-18,2026-05-25,Germany,Premium,1.92,41.36,0,0,0,1,18.08
3398,38,Female,2023-08-30,2026-08-19,Australia,Basic,8.26,67.97,0,0,0,0,8.53
3399,71,Female,2024-10-23,2026-08-15,Australia,Basic,13.16,64.71,1,0,0,0,9.04
3400,57,Female,2023-11-07,2026-08-12,USA,Standard,21.79,24.96,0,0,0,0,13.98
3401,56,Female,2023-12-06,2026-08-12,Germany,Basic,12.23,71.53,0,1,0,0,8.45
3402,38,Male,2024-03-18,2026-08-12,Canada,Basic,17.44,59.33,0,0,0,0,8.94
3403,27,Male,2026-05-04,2026-08-15,France,Basic,12.93,76.1,0,0,0,0,8.46
3404,55,Female,2025-12-24,2026-08-19,UK,Basic,2.4,17.54,0,1,0,0,8.81
3405,63,Female,2026-07-13,2026-07-13,Australia,Standard,8.42,11.05,0,1,0,1,13.52
3406,21,Other,2024-07-14,2026-08-12,Australia,Basic,2.99,25.32,0,0,1,0,9.1
3407,74,Male,2025-12-06,2026-08-13,Australia,Premium,22.23,16.85,1,0,0,0,18.0
3408,62,Male,2026-01-27,2026-07-06,USA,Standard,6.15,31.33,1,0,0,1,13.7
3409,37,Male,2026-05-01,2026-05-15,Germany,Standard,1.46,67.43,0,0,0,1,14.16
3410,34,Female,2025-11-25,2026-08-10,Canada,Basic,2.0,65.7,0,1,0,0,9.32
3411,72,Female,2023-09-05,2026-06-17,UK,Standard,10.16,46.75,0,0,0,1,14.48
3412,24,Male,2026-01-15,2026-08-11,UK,Standard,5.16,37.99,1,1,0,0,13.99
3413,21,Female,2024-10-29,2026-08-10,Germany,Standard,10.4,61.86,1,0,0,0,14.44
3414,46,Female,2023-10-11,2026-08-19,Canada,Premium,21.89,37.94,0,0,0,0,17.29
3415,31,Female,2024-04-27,2026-05-13,USA,Standard,6.49,42.43,1,0,0,1,14.57
3416,20,Male,2024-11-14,2026-08-14,Australia,Standard,2.78,48.21,1,1,0,0,14.01
3417,41,Female,2024-02-10,2026-08-16,Australia,Standard,24.31,69.02,1,1,0,0,13.9
3418,54,Female,2026-01-24,2026-08-18,France,Standard,26.11,8.19,0,1,0,0,13.86
3419,33,Female,2023-11-09,2026-08-11,France,Basic,6.66,70.63,0,0,0,0,8.51
3420,72,Female,2025-10-14,2026-08-15,France,Basic,6.5,58.41,1,0,0,0,9.11
3421,69,Male,2024-05-14,2026-08-14,India,Premium,14.09,12.96,0,1,1,0,18.44
3422,21,Male,2026-05-15,2026-07-02,Germany,Basic,3.84,24.37,0,0,0,1,9.44
3423,73,Female,2025-01-23,2026-08-16,UK,Premium,22.63,64.19,1,0,0,0,18.0
3424,41,Male,2025-02-16,2026-08-19,Australia,Basic,17.6,55.52,0,1,0,0,8.63
3425,51,Female,2025-03-09,2026-08-12,India,Standard,12.89,25.53,1,0,0,0,13.4
3426,47,Female,2023-12-18,2026-08-14,UK,Standard,13.02,70.82,1,1,0,0,13.52
3427,35,Female,2024-07-24,2026-08-12,UK,Basic,6.6,19.96,0,1,0,0,8.85
3428,36,Male,2023-08-16,2026-07-22,Germany,Standard,4.93,62.23,1,0,0,1,14.14
3429,48,Male,2023-08-27,2026-08-16,Ireland,Standard,7.6,30.47,0,0,0,0,14.03
3430,36,Female,2026-01-13,2026-07-05,France,Standard,5.27,82.52,1,0,0,1,14.08
3431,66,Male,2023-12-17,2026-08-14,India,Standard,18.3,40.56,1,0,1,0,13.71
3432,63,Female,2026-03-07,2026-08-15,Ireland,Basic,7.52,12.0,0,0,1,0,9.07
3433,36,Female,2025-01-21,2026-08-16,Ireland,Standard,10.61,63.56,1,1,1,0,13.59
3434,39,Male,2024-05-19,2026-08-18,India,Basic,1.48,57.13,2,0,1,0,8.79
3435,41,Female,2025-01-12,2026-08-12,Canada,Basic,19.39,91.28,0,0,0,0,8.97
3436,62,Male,2024-02-08,2026-08-12,France,Premium,2.79,78.28,0,1,1,0,18.47
3437,29,Male,2023-12-18,2026-08-13,Germany,Standard,11.07,54.2,1,0,0,0,13.75
3438,47,Other,2025-02-11,2026-08-19,India,Standard,5.97,22.16,0,0,0,0,14.02
3439,55,Other,2026-01-28,2026-08-10,UK,Standard,14.1,54.44,0,1,0,0,13.43
3440,70,Female,2024-10-22,2026-08-15,India,Basic,11.37,13.62,1,0,0,0,9.09
3441,48,Female,2025-12-26,2026-06-27,Australia,Standard,3.09,62.18,2,0,0,1,13.93
3442,53,Female,2023-12-15,2026-08-10,India,Standard,12.6,60.07,0,0,0,0,14.06
3443,36,Male,2026-04-08,2026-06-13,Canada,Basic,3.48,18.67,0,0,0,1,9.12
3444,65,Male,2023-08-22,2026-08-14,France,Premium,4.56,60.06,1,1,0,0,18.19
3445,62,Female,2023-09-08,2026-08-11,France,Standard,2.22,94.47,1,1,0,0,14.73
3446,53,Male,2025-10-04,2026-08-10,Ireland,Basic,7.41,78.55,0,0,0,0,9.34
3447,47,Female,2024-12-31,2026-05-10,USA,Standard,5.74,26.39,0,0,0,1,14.95
3448,72,Female,2023-11-30,2026-08-13,France,Basic,17.14,76.09,0,1,0,0,8.33
3449,66,Female,2024-04-04,2026-08-14,France,Basic,24.53,54.62,2,0,0,0,9.11
3450,72,Female,2025-06-05,2026-08-11,Canada,Standard,7.24,59.84,3,0,0,0,13.89
3451,50,Male,2024-02-20,2026-08-19,Canada,Premium,21.08,74.2,3,0,1,0,17.42
3452,35,Male,2024-02-16,2026-08-10,Germany,Standard,4.41,52.47,1,1,1,0,14.56
3453,69,Female,2025-05-23,2026-04-27,Australia,Premium,9.11,11.08,0,0,0,1,18.49
3454,66,Female,2026-02-16,2026-08-15,Canada,Premium,10.89,59.24,1,0,1,0,18.52
3455,45,Female,2026-02-20,2026-05-09,India,Premium,11.83,43.65,0,1,1,1,18.03
3456,64,Female,2025-12-21,2026-08-15,Australia,Basic,7.42,88.38,0,1,0,0,8.64
3457,28,Male,2024-02-21,2026-08-16,Germany,Standard,20.45,20.36,0,0,0,0,14.3
3458,74,Female,2024-06-26,2026-08-15,India,Basic,6.52,59.38,0,0,0,0,9.0
3459,71,Female,2025-01-26,2026-08-12,France,Standard,1.01,45.1,0,1,0,0,14.48
3460,62,Male,2024-08-19,2026-08-17,USA,Premium,8.73,62.82,0,0,1,0,18.51
3461,50,Male,2026-01-30,2026-08-16,UK,Basic,8.72,53.46,1,0,0,0,8.74
3462,34,Female,2025-07-15,2026-08-15,UK,Standard,2.43,79.94,0,1,0,0,14.04
3463,23,Female,2024-01-20,2026-08-11,Ireland,Standard,8.54,34.4,2,0,0,0,13.69
3464,21,Male,2024-05-10,2026-08-15,France,Basic,5.16,36.26,0,1,0,0,9.42
3465,37,Female,2025-11-07,2026-08-13,Ireland,Basic,2.54,81.03,2,1,0,0,9.04
3466,65,Male,2023-11-04,2026-07-20,USA,Standard,3.94,29.53,0,0,0,1,13.53
3467,64,Male,2024-09-13,2026-06-27,UK,Basic,4.36,43.35,1,1,0,1,8.56
3468,44,Female,2024-03-09,2026-08-18,Ireland,Standard,9.24,23.73,1,0,0,0,14.03
3469,32,Female,2025-05-31,2026-08-14,France,Standard,4.58,82.06,3,1,0,0,13.63
3470,23,Female,2025-08-26,2026-08-12,Australia,Standard,5.91,19.53,2,1,0,0,13.86
3471,64,Male,2024-01-15,2026-08-12,Canada,Basic,4.69,24.12,0,0,0,0,8.37
3472,31,Male,2023-12-02,2026-08-17,Germany,Standard,11.9,44.98,0,0,0,0,13.81
3473,28,Male,2024-04-18,2026-05-30,India,Basic,11.96,18.22,1,0,0,1,8.62
3474,56,Male,2025-11-14,2026-05-14,Ireland,Premium,3.02,64.04,1,0,0,1,18.33
3475,26,Male,2024-07-06,2026-08-15,USA,Basic,4.1,70.79,0,1,0,0,8.76
3476,43,Male,2025-09-16,2026-06-04,India,Premium,2.28,25.78,0,0,0,1,17.93
3477,33,Male,2024-12-25,2026-08-15,UK,Standard,2.53,64.65,1,1,0,0,13.94
3478,22,Male,2024-05-14,2026-08-12,France,Standard,9.88,47.8,0,0,0,0,14.26
3479,74,Female,2023-10-24,2026-08-14,USA,Basic,5.39,56.68,0,0,0,0,9.67
3480,69,Male,2024-06-20,2026-08-13,Germany,Basic,11.1,92.28,1,0,0,0,9.04
3481,27,Male,2025-10-01,2026-07-13,Germany,Standard,7.27,26.39,0,0,0,1,13.44
3482,67,Female,2025-06-06,2026-08-13,USA,Basic,7.59,34.72,1,0,0,0,8.28
3483,20,Male,2026-01-04,2026-06-05,Ireland,Premium,4.14,53.92,2,0,0,1,18.18
3484,30,Female,2026-05-02,2026-08-13,Ireland,Basic,8.01,44.61,0,1,1,0,8.82
3485,60,Male,2026-03-06,2026-08-18,UK,Premium,21.14,69.39,0,1,0,0,17.92
3486,66,Male,2025-12-20,2026-08-15,Australia,Standard,5.32,24.27,1,0,0,0,14.34
3487,47,Male,2024-11-09,2026-08-19,UK,Basic,18.4,50.77,2,0,0,0,9.16
3488,71,Male,2023-12-04,2026-08-16,Canada,Standard,12.73,41.36,1,0,0,0,14.05
3489,62,Female,2026-02-05,2026-08-19,Australia,Basic,16.14,94.04,1,1,0,0,8.34
3490,23,Female,2025-05-17,2026-07-01,France,Basic,3.36,62.92,1,0,0,1,8.97
3491,34,Male,2026-03-22,2026-06-03,India,Basic,1.15,62.74,2,0,0,1,8.95
3492,62,Male,2025-08-24,2026-08-11,France,Premium,5.71,33.34,1,0,0,0,17.39
3493,68,Female,2024-11-08,2026-08-13,Canada,Standard,13.59,46.93,0,1,0,0,13.99
3494,70,Male,2026-06-14,2026-08-14,UK,Standard,1.48,36.57,0,1,0,0,14.13
3495,36,Female,2023-11-30,2026-08-18,Australia,Basic,5.67,57.6,1,1,1,0,8.81
3496,59,Male,2024-03-28,2026-08-13,Australia,Standard,6.8,50.73,1,1,0,0,13.93
3497,52,Female,2024-05-15,2026-08-14,Canada,Basic,7.58,34.22,1,0,0,0,8.79
3498,63,Male,2025-10-08,2026-08-17,France,Basic,39.0,41.34,2,1,0,0,9.55
3499,43,Male,2024-02-15,2026-08-10,USA,Basic,17.07,62.87,0,0,0,0,8.69
3500,68,Female,2025-12-13,2026-08-14,Ireland,Standard,3.09,64.75,0,1,0,0,13.73
3501,22,Female,2023-09-24,2026-08-15,Australia,Standard,3.68,33.78,0,0,0,0,13.63
3502,46,Female,2025-12-17,2026-05-06,India,Basic,3.42,29.89,2,0,1,1,9.19
3503,54,Female,2024-09-08,2026-08-19,India,Premium,10.24,87.83,0,0,0,0,17.94
3504,37,Female,2025-10-01,2026-08-14,Australia,Basic,9.6,32.16,1,1,1,0,8.1
3505,66,Male,2026-06-08,2026-08-18,Canada,Standard,9.93,60.87,0,0,1,0,14.63
3506,38,Female,2024-08-27,2026-08-11,Australia,Basic,18.18,24.19,0,0,0,0,8.33
3507,27,Male,2023-12-05,2026-08-15,France,Basic,7.39,49.38,1,0,0,0,8.4
3508,22,Female,2026-03-29,2026-07-28,Canada,Premium,1.99,19.39,0,1,0,1,18.04
3509,53,Other,2024-01-12,2026-08-11,USA,Premium,20.89,42.69,2,0,1,0,18.06
3510,23,Male,2025-11-26,2026-07-08,India,Standard,11.13,30.19,0,0,1,1,13.76
3511,43,Male,2024-10-06,2026-07-09,Australia,Premium,5.18,24.2,1,1,0,1,17.6
3512,21,Male,2026-02-13,2026-08-17,Germany,Premium,11.43,17.52,0,0,1,0,18.17
3513,56,Male,2024-01-25,2026-08-16,UK,Standard,9.28,35.31,0,0,0,0,14.24
3514,56,Female,2023-12-03,2026-08-19,India,Premium,2.59,39.15,0,1,0,0,17.91
3515,67,Male,2024-03-20,2026-08-13,USA,Basic,4.98,72.26,2,0,0,0,8.64
3516,52,Male,2024-02-16,2026-08-18,Germany,Standard,3.72,46.45,0,0,0,0,14.45
3517,18,Female,2026-05-22,2026-08-16,India,Standard,18.23,73.01,0,0,0,0,13.98
3518,41,Female,2025-06-15,2026-06-06,USA,Basic,10.75,27.25,0,1,1,1,8.94
3519,74,Female,2024-04-14,2026-08-15,Ireland,Premium,15.06,72.23,0,0,1,0,18.04
3520,53,Female,2025-04-01,2026-08-17,USA,Basic,2.01,39.29,1,0,0,0,9.24
3521,23,Female,2024-10-04,2026-06-06,USA,Premium,6.36,37.38,1,0,0,1,18.04
3522,58,Other,2024-03-28,2026-08-17,Ireland,Basic,2.49,18.16,2,0,0,0,8.9
3523,71,Female,2024-01-09,2026-08-12,Australia,Basic,10.93,63.52,0,1,0,0,8.73
3524,63,Female,2024-10-21,2026-08-14,UK,Basic,4.1,42.87,0,0,0,0,8.59
3525,61,Male,2024-10-10,2026-05-13,France,Premium,6.31,20.14,0,0,0,1,17.79
3526,74,Male,2025-12-20,2026-06-20,Germany,Basic,4.37,33.65,1,1,0,1,8.87
3527,48,Female,2023-11-04,2026-08-19,India,Standard,25.26,73.21,0,0,1,0,14.04
3528,37,Female,2024-05-08,2026-07-14,France,Standard,2.56,97.78,2,0,0,1,14.6
3529,41,Female,2026-03-15,2026-08-13,Canada,Basic,2.94,59.84,0,0,0,0,8.41
3530,42,Other,2023-12-12,2026-08-11,UK,Premium,7.72,81.53,0,0,0,0,18.7
3531,53,Female,2025-12-16,2026-08-16,France,Basic,5.29,64.07,1,0,1,0,8.95
3532,38,Female,2024-08-09,2026-08-18,India,Standard,4.09,71.16,0,0,0,0,14.2
3533,47,Female,2026-07-01,2026-07-30,USA,Standard,5.47,35.15,0,0,1,1,14.25
3534,41,Female,2024-09-14,2026-08-14,France,Basic,12.49,75.04,0,0,0,0,9.02
3535,61,Male,2024-08-06,2026-06-29,Canada,Basic,6.27,64.45,0,0,0,1,9.26
3536,59,Male,2024-07-12,2026-05-02,Ireland,Standard,2.42,42.38,0,0,0,1,13.85
3537,47,Female,2025-01-10,2026-08-17,France,Premium,5.75,82.82,1,0,1,0,17.99
3538,39,Male,2026-01-05,2026-05-01,UK,Basic,9.89,71.13,0,0,0,1,9.16
3539,45,Female,2023-12-28,2026-08-14,Australia,Basic,8.2,24.86,1,1,0,0,8.19
3540,24,Male,2024-09-11,2026-06-16,Germany,Premium,3.5,45.0,0,0,1,1,18.34
3541,52,Female,2025-03-04,2026-08-19,UK,Basic,3.33,10.04,1,0,0,0,9.67
3542,72,Female,2024-07-13,2026-08-18,UK,Standard,3.18,45.02,1,0,1,0,14.52
3543,45,Female,2024-05-20,2026-08-11,Australia,Standard,18.24,15.83,1,0,0,0,14.34
3544,31,Male,2026-01-05,2026-05-06,Canada,Basic,5.73,39.36,1,0,0,1,9.51
3545,73,Female,2024-05-31,2026-07-30,Ireland,Standard,13.97,70.56,1,0,0,1,13.98
3546,27,Female,2024-07-07,2026-05-16,Australia,Premium,1.15,30.15,0,0,0,1,18.45
3547,33,Male,2025-05-25,2026-06-22,India,Standard,6.93,65.84,1,0,0,1,14.26
3548,33,Female,2025-05-15,2026-08-19,Ireland,Standard,15.03,85.81,4,1,0,0,13.69
3549,71,Male,2024-01-07,2026-08-19,Australia,Standard,8.44,49.72,1,0,0,0,14.11
3550,48,Male,2025-11-28,2026-08-19,UK,Standard,8.9,63.04,0,0,0,0,13.87
3551,59,Male,2025-08-28,2026-08-17,Ireland,Basic,9.33,14.77,0,1,1,0,8.87
3552,42,Female,2023-12-30,2026-08-16,Canada,Standard,6.43,49.19,0,0,0,0,13.72
3553,30,Female,2025-03-29,2026-08-13,Canada,Basic,7.15,45.07,0,0,0,0,9.03
3554,23,Female,2025-05-19,2026-08-15,Germany,Basic,8.44,77.66,0,0,0,0,9.32
3555,61,Male,2024-09-23,2026-08-18,Ireland,Premium,20.2,67.19,0,0,0,0,17.41
3556,26,Male,2024-03-15,2026-08-10,Germany,Standard,13.6,54.52,0,0,1,0,13.76
3557,62,Female,2024-10-17,2026-08-17,India,Premium,14.31,67.35,1,1,0,0,17.76
3558,53,Female,2024-05-01,2026-08-19,Australia,Basic,9.16,40.95,1,0,0,0,9.07
3559,73,Female,2023-08-19,2026-08-19,USA,Premium,19.2,64.91,0,0,0,0,18.5
3560,60,Male,2024-12-23,2026-08-19,India,Standard,7.51,74.06,1,1,0,0,14.19
3561,37,Male,2023-10-06,2026-06-24,Canada,Premium,2.76,78.62,1,0,0,1,17.23
3562,35,Female,2023-09-26,2026-08-17,UK,Premium,10.02,90.55,0,0,1,0,18.23
3563,60,Female,2024-05-09,2026-06-19,France,Premium,3.15,51.88,0,0,0,1,17.95
3564,74,Male,2025-06-16,2026-08-19,Canada,Premium,8.57,48.98,1,1,1,0,18.23
3565,38,Male,2024-12-03,2026-08-16,USA,Basic,21.04,39.3,0,0,1,0,8.56
3566,21,Female,2026-03-26,2026-08-10,UK,Standard,3.48,58.37,0,1,1,0,14.09
3567,67,Male,2025-07-03,2026-08-13,Ireland,Basic,17.69,42.75,1,1,0,0,9.17
3568,50,Female,2024-03-14,2026-08-18,France,Standard,7.35,24.91,1,0,0,0,14.56
3569,44,Male,2026-04-30,2026-06-02,Ireland,Premium,4.76,14.62,2,0,1,1,17.73
3570,24,Male,2024-04-10,2026-08-15,India,Basic,2.8,46.63,1,1,0,0,9.3
3571,23,Other,2024-02-29,2026-08-10,France,Standard,3.39,27.72,0,1,0,0,13.61
3572,32,Male,2024-10-06,2026-08-10,Canada,Standard,5.82,90.95,0,0,0,0,13.77
3573,35,Female,2024-07-17,2026-08-14,UK,Basic,5.26,95.42,0,0,1,0,9.49
3574,49,Female,2026-05-12,2026-06-13,Australia,Basic,8.53,38.38,0,0,0,1,9.8
3575,73,Male,2025-06-29,2026-08-14,France,Basic,5.43,23.04,0,0,1,0,9.68
3576,28,Male,2025-02-12,2026-08-12,UK,Basic,2.76,55.63,1,0,0,0,8.44
3577,37,Female,2025-09-27,2026-06-10,Germany,Standard,3.63,40.54,1,1,0,1,14.09
3578,41,Female,2024-11-11,2026-08-02,USA,Standard,7.87,37.17,0,0,0,1,13.5
3579,32,Male,2024-08-01,2026-08-16,India,Basic,3.34,15.23,1,0,0,0,9.68
3580,65,Male,2026-01-24,2026-07-24,Ireland,Premium,0.69,59.73,2,0,0,1,18.21
3581,24,Female,2023-09-23,2026-08-14,Canada,Standard,2.36,83.9,0,1,1,0,14.26
3582,38,Female,2026-07-10,2026-08-02,UK,Standard,4.26,63.3,2,0,0,1,13.97
3583,59,Female,2024-05-27,2026-08-18,Ireland,Basic,3.83,57.55,2,0,0,0,9.3
3584,43,Male,2025-06-05,2026-08-12,Canada,Standard,8.25,43.54,0,0,0,0,13.74
3585,61,Female,2024-02-10,2026-06-07,France,Basic,7.86,40.93,0,0,0,1,9.05
3586,73,Female,2024-11-21,2026-08-12,Ireland,Standard,14.8,56.48,0,0,1,0,14.41
3587,31,Female,2026-02-16,2026-07-17,Canada,Standard,3.94,23.75,1,0,0,1,13.66
3588,74,Female,2024-11-29,2026-08-16,Ireland,Basic,20.08,33.48,0,1,0,0,8.76
3589,54,Female,2024-04-18,2026-08-18,Australia,Premium,6.56,49.7,0,0,0,0,17.86
3590,38,Female,2025-08-05,2026-08-18,Germany,Standard,4.31,76.9,0,0,0,0,13.96
3591,35,Female,2023-12-21,2026-08-14,USA,Basic,10.81,72.92,2,1,0,0,8.71
3592,22,Male,2026-07-02,2026-07-02,Ireland,Premium,4.32,18.4,1,0,0,1,17.86
3593,20,Male,2025-09-11,2026-08-17,USA,Standard,10.77,85.19,0,0,0,0,14.35
3594,40,Male,2024-01-06,2026-08-15,Ireland,Standard,1.77,53.68,0,1,0,0,13.68
3595,43,Male,2025-02-08,2026-07-10,India,Standard,13.73,71.28,0,1,0,1,14.74
3596,54,Male,2025-01-10,2026-08-12,UK,Basic,13.85,18.06,1,1,0,0,9.24
3597,41,Female,2025-05-02,2026-07-08,Germany,Premium,5.92,74.79,3,0,0,1,18.22
3598,66,Male,2025-12-02,2026-08-13,India,Standard,6.47,68.15,1,0,0,0,13.93
3599,36,Female,2024-11-03,2026-08-19,Australia,Basic,22.29,67.01,0,0,0,0,9.16
3600,68,Female,2023-10-14,2026-08-17,Germany,Premium,4.62,44.35,1,0,1,0,18.85
3601,42,Male,2024-02-13,2026-08-19,USA,Standard,7.48,36.03,1,0,0,0,13.82
3602,38,Female,2025-07-27,2026-06-07,UK,Standard,1.76,36.0,2,0,0,1,13.65
3603,29,Female,2026-06-07,2026-08-15,Canada,Premium,6.8,77.48,0,1,1,0,17.99
3604,74,Male,2024-02-25,2026-08-15,India,Basic,4.53,54.28,2,1,0,0,8.67
3605,58,Male,2025-12-10,2026-08-14,Germany,Basic,7.91,49.84,1,0,1,0,9.11
3606,50,Male,2024-01-31,2026-08-19,Australia,Basic,8.54,54.29,1,0,0,0,8.78
3607,67,Female,2025-10-23,2026-07-17,India,Premium,11.63,25.43,1,0,0,1,18.16
3608,70,Male,2025-12-21,2026-08-14,UK,Basic,12.38,96.02,1,0,1,0,8.52
3609,21,Female,2025-11-16,2026-08-11,UK,Basic,8.04,32.07,2,0,1,0,8.9
3610,59,Female,2023-12-16,2026-08-13,USA,Basic,7.46,34.59,0,0,0,0,8.59
3611,74,Male,2024-04-21,2026-08-15,Australia,Basic,8.33,73.83,0,1,1,0,8.63
3612,24,Female,2026-05-10,2026-08-13,UK,Standard,6.56,77.94,0,1,0,0,13.85
3613,39,Male,2025-09-29,2026-06-14,France,Premium,13.96,39.04,0,1,0,1,18.12
3614,72,Female,2026-01-31,2026-08-12,UK,Basic,18.4,30.48,1,1,1,0,8.68
3615,50,Male,2025-11-17,2026-06-05,Canada,Standard,14.33,10.1,2,0,0,1,13.99
3616,34,Female,2024-11-11,2026-07-06,USA,Standard,10.84,23.88,2,0,0,1,14.51
3617,41,Male,2025-11-23,2026-08-15,USA,Standard,6.27,28.04,0,1,1,0,13.84
3618,51,Female,2025-09-13,2026-05-15,Australia,Premium,15.67,40.8,0,1,0,1,17.31
3619,45,Female,2025-06-18,2026-05-19,UK,Standard,4.46,71.06,0,0,0,1,14.04
3620,60,Male,2024-01-10,2026-04-24,Canada,Basic,3.49,38.88,0,0,1,1,9.5
3621,58,Female,2024-05-20,2026-05-24,Ireland,Premium,2.29,39.13,0,1,0,1,17.14
3622,56,Male,2026-06-29,2026-08-13,Germany,Standard,27.53,67.77,1,0,0,0,13.45
3623,39,Female,2024-04-29,2026-08-12,France,Basic,16.11,45.75,0,0,1,0,9.0
3624,66,Female,2024-01-29,2026-08-15,India,Basic,9.16,49.5,0,0,0,0,9.07
3625,34,Male,2024-04-10,2026-07-28,USA,Premium,4.57,30.71,1,0,0,1,18.02
3626,51,Male,2023-09-10,2026-08-14,Canada,Standard,3.34,41.51,1,0,0,0,14.67
3627,23,Male,2025-03-01,2026-04-26,Australia,Standard,6.38,67.43,1,0,0,1,14.2
3628,63,Female,2026-02-11,2026-07-13,Canada,Premium,1.77,56.97,0,1,0,1,18.2
3629,23,Male,2024-07-07,2026-04-25,UK,Standard,5.84,37.54,1,0,0,1,13.79
3630,51,Male,2024-04-29,2026-08-16,France,Basic,20.96,59.67,1,0,1,0,8.83
3631,18,Male,2026-01-22,2026-08-19,Germany,Standard,8.62,81.35,0,0,0,0,14.3
3632,27,Male,2025-12-20,2026-08-12,USA,Standard,13.35,29.42,0,1,1,0,13.22
3633,38,Other,2025-02-06,2026-08-14,Ireland,Standard,8.7,52.55,1,1,0,0,14.1
3634,22,Male,2026-06-24,2026-08-10,UK,Basic,9.48,63.35,0,0,0,0,8.55
3635,19,Female,2023-12-25,2026-08-13,USA,Basic,8.31,68.99,0,0,0,0,9.26
3636,39,Female,2024-03-03,2026-08-19,India,Standard,11.17,90.94,1,0,1,0,14.53
3637,65,Female,2025-05-09,2026-07-17,Australia,Premium,8.52,34.86,1,1,1,1,17.47
3638,74,Male,2025-10-09,2026-08-17,USA,Standard,7.49,61.35,1,0,0,0,14.21
3639,19,Female,2024-09-28,2026-08-14,Canada,Premium,19.34,18.42,1,0,0,0,18.4
3640,27,Female,2024-10-10,2026-08-12,India,Standard,4.44,45.36,1,0,0,0,14.0
3641,51,Male,2026-01-13,2026-05-07,Germany,Premium,7.41,27.51,1,1,0,1,18.07
3642,33,Male,2025-03-29,2026-08-19,France,Basic,10.07,31.72,0,0,0,0,9.81
3643,65,Male,2024-11-25,2026-08-14,Ireland,Basic,7.14,31.83,0,0,1,0,9.42
3644,68,Male,2023-10-10,2026-08-14,Germany,Standard,7.38,43.42,1,0,1,0,14.6
3645,56,Male,2025-02-19,2026-05-20,Canada,Basic,7.32,38.69,1,1,0,1,9.06
3646,39,Female,2024-01-17,2026-08-15,Ireland,Standard,24.88,42.13,0,1,0,0,14.31
3647,29,Male,2025-12-03,2026-08-17,Ireland,Premium,10.36,46.43,0,0,1,0,17.99
3648,41,Female,2024-03-04,2026-08-15,France,Standard,14.65,65.76,0,1,1,0,14.06
3649,64,Female,2024-06-22,2026-06-02,UK,Premium,3.89,35.98,0,0,0,1,17.54
3650,57,Female,2026-06-17,2026-08-18,Ireland,Standard,1.18,50.22,0,0,0,0,13.4
3651,55,Female,2025-09-28,2026-05-05,USA,Standard,5.84,81.7,2,0,0,1,14.01
3652,27,Male,2025-04-24,2026-05-21,Germany,Standard,6.69,53.95,0,0,1,1,13.99
3653,52,Female,2026-03-01,2026-05-13,Australia,Basic,13.75,44.36,1,0,0,1,8.97
3654,68,Female,2024-10-11,2026-08-13,Australia,Basic,3.29,8.61,0,0,0,0,8.82
3655,66,Female,2026-03-15,2026-08-14,Germany,Standard,10.47,28.32,1,0,0,0,13.61
3656,49,Female,2024-04-07,2026-04-23,UK,Premium,4.48,48.41,1,0,0,1,17.51
3657,24,Male,2024-01-08,2026-06-29,Ireland,Standard,2.1,67.75,2,0,0,1,13.47
3658,38,Male,2024-07-21,2026-08-16,Canada,Basic,5.08,51.42,1,1,1,0,9.2
3659,37,Female,2025-04-14,2026-08-14,India,Basic,8.47,42.78,0,0,1,0,10.07
3660,43,Female,2025-01-03,2026-06-04,India,Premium,6.5,68.87,1,0,0,1,18.65
3661,21,Female,2025-02-22,2026-08-19,USA,Standard,11.21,51.14,0,1,0,0,12.92
3662,63,Other,2026-07-20,2026-07-20,UK,Premium,6.58,71.86,2,1,0,1,17.4
3663,69,Male,2025-08-17,2026-07-11,India,Standard,3.92,41.87,0,1,0,1,14.22
3664,39,Male,2024-01-25,2026-08-13,France,Standard,11.82,65.69,0,0,0,0,14.08
3665,32,Male,2024-04-24,2026-08-12,France,Standard,8.53,25.13,1,1,0,0,14.52
3666,73,Male,2023-09-21,2026-08-19,Ireland,Basic,10.11,57.65,0,0,0,0,8.69
3667,57,Female,2025-08-10,2026-06-23,Australia,Standard,6.52,43.87,0,0,0,1,13.77
3668,38,Female,2023-11-17,2026-08-10,Canada,Standard,9.58,52.24,0,0,0,0,14.05
3669,32,Male,2024-02-19,2026-07-28,Ireland,Standard,7.54,36.19,0,0,1,1,14.62
3670,39,Male,2026-01-04,2026-08-10,UK,Premium,6.92,37.33,1,1,0,0,18.15
3671,69,Male,2023-09-17,2026-05-12,France,Basic,2.48,29.87,0,0,1,1,8.84
3672,45,Male,2024-03-01,2026-04-26,Canada,Standard,5.35,59.13,0,1,1,1,13.57
3673,31,Female,2025-01-25,2026-08-13,India,Basic,7.4,52.07,0,0,0,0,9.47
3674,44,Male,2025-04-20,2026-08-18,Canada,Basic,11.66,31.87,2,1,1,0,8.63
3675,58,Female,2024-07-01,2026-08-18,Canada,Standard,23.08,21.73,0,0,0,0,13.7
3676,57,Female,2025-07-20,2026-08-18,Canada,Basic,19.03,55.9,0,1,1,0,8.95
3677,45,Female,2025-06-15,2026-08-14,France,Standard,6.55,85.3,1,0,0,0,14.19
3678,43,Male,2024-12-24,2026-08-17,India,Basic,4.17,34.98,0,0,0,0,8.88
3679,66,Female,2025-03-26,2026-08-18,Ireland,Basic,14.09,87.0,1,0,0,0,8.72
3680,19,Female,2026-04-02,2026-08-16,Canada,Basic,7.49,57.39,1,0,0,0,8.46
3681,42,Female,2023-10-06,2026-08-12,Ireland,Basic,14.55,22.06,0,1,0,0,8.68
3682,73,Male,2025-06-10,2026-07-31,Canada,Premium,4.5,21.16,0,0,1,1,18.3
3683,20,Male,2025-09-15,2026-07-10,France,Standard,6.93,55.1,0,1,0,1,13.6
3684,25,Female,2026-02-11,2026-07-31,Canada,Premium,4.22,63.44,0,0,0,1,18.38
3685,61,Male,2024-03-29,2026-08-19,UK,Basic,5.64,34.82,1,0,0,0,9.58
3686,50,Male,2026-05-27,2026-08-11,Ireland,Standard,3.81,42.38,0,1,1,0,13.41
3687,59,Other,2024-06-20,2026-06-04,Australia,Standard,6.44,47.31,3,0,0,1,14.56
3688,69,Male,2025-11-07,2026-05-09,France,Basic,2.79,31.06,0,1,0,1,8.61
3689,52,Male,2025-02-02,2026-08-14,Ireland,Standard,1.83,81.97,0,0,0,0,13.34
3690,23,Male,2025-05-25,2026-08-12,France,Standard,8.73,33.31,0,0,1,0,13.8
3691,56,Female,2023-12-18,2026-08-16,Germany,Standard,4.59,91.71,1,0,1,0,13.89
3692,69,Male,2023-12-02,2026-06-02,India,Standard,17.96,23.43,1,0,1,1,13.77
3693,40,Female,2024-04-29,2026-08-10,Australia,Standard,8.01,13.23,0,1,0,0,13.66
3694,42,Male,2024-02-15,2026-08-10,UK,Basic,11.9,27.13,1,1,0,0,9.19
3695,67,Male,2025-10-30,2026-07-05,Ireland,Standard,16.44,63.65,1,1,0,1,13.92
3696,60,Female,2024-07-03,2026-08-19,UK,Premium,12.53,86.84,0,0,0,0,18.01
3697,36,Male,2024-04-09,2026-08-16,Australia,Basic,14.38,65.25,1,0,0,0,9.55
3698,22,Other,2025-11-30,2026-04-22,UK,Standard,19.61,32.56,0,1,1,1,13.58
3699,68,Male,2024-09-09,2026-07-13,UK,Standard,5.22,60.39,3,1,0,1,14.19
3700,28,Male,2025-11-30,2026-08-16,USA,Standard,5.37,52.12,1,1,0,0,14.55
3701,73,Male,2023-08-17,2026-08-12,Ireland,Standard,14.87,23.25,0,0,0,0,14.07
3702,29,Male,2025-01-09,2026-08-02,UK,Basic,2.07,65.85,2,0,0,1,9.17
3703,27,Other,2024-01-20,2026-08-10,USA,Standard,16.4,84.3,0,1,1,0,13.77
3704,25,Female,2024-09-08,2026-07-22,USA,Standard,9.28,56.21,0,0,0,1,13.43
3705,41,Male,2025-08-20,2026-08-16,France,Standard,6.38,18.97,1,0,0,0,13.89
3706,45,Female,2025-06-12,2026-06-24,Canada,Standard,18.2,30.72,1,0,0,1,14.17
3707,58,Female,2025-11-07,2026-06-27,Canada,Standard,12.67,49.14,2,0,0,1,13.8
3708,53,Male,2023-10-05,2026-08-17,India,Premium,8.24,38.15,0,1,1,0,18.32
3709,54,Male,2023-12-23,2026-08-16,Australia,Standard,5.22,60.44,0,1,1,0,14.02
3710,38,Female,2024-06-09,2026-08-17,Ireland,Standard,11.95,41.26,1,0,0,0,13.77
3711,25,Other,2023-12-18,2026-08-16,Canada,Basic,2.96,23.68,1,0,0,0,9.26
3712,72,Other,2025-09-13,2026-08-19,Australia,Basic,7.77,69.46,0,0,0,0,9.42
3713,26,Female,2024-09-07,2026-08-19,Ireland,Premium,12.37,31.81,0,1,0,0,17.65
3714,64,Female,2026-03-14,2026-08-14,Australia,Standard,13.14,20.63,1,1,0,0,14.13
3715,32,Male,2024-05-31,2026-06-21,India,Standard,3.38,19.96,0,0,0,1,13.52
3716,65,Male,2025-08-29,2026-06-04,India,Standard,5.4,70.81,0,0,0,1,13.29
3717,63,Male,2024-05-22,2026-08-11,USA,Basic,20.3,61.12,1,1,0,0,8.64
3718,57,Female,2026-07-04,2026-07-22,USA,Premium,3.28,69.72,0,1,1,1,18.05
3719,35,Female,2024-08-21,2026-08-12,Ireland,Standard,16.68,41.16,4,1,0,0,14.22
3720,59,Female,2023-10-16,2026-07-29,Australia,Standard,6.9,69.4,0,1,0,1,13.96
3721,37,Female,2025-08-13,2026-08-10,Australia,Basic,6.01,48.66,0,0,0,0,8.51
3722,23,Female,2023-10-22,2026-08-14,Canada,Standard,13.6,56.31,0,0,0,0,14.31
3723,29,Other,2024-04-04,2026-08-16,Canada,Basic,11.16,74.31,0,0,0,0,9.24
3724,19,Male,2024-10-31,2026-08-15,Ireland,Standard,2.99,23.12,0,1,0,0,13.7
3725,24,Female,2024-06-10,2026-08-19,Germany,Standard,21.89,18.16,2,0,1,0,14.19
3726,33,Female,2024-02-24,2026-06-17,Canada,Basic,2.29,10.14,1,0,0,1,8.99
3727,20,Male,2024-08-10,2026-08-19,UK,Standard,6.67,70.23,1,0,0,0,14.31
3728,62,Other,2024-03-24,2026-08-15,Canada,Standard,7.58,89.21,0,0,0,0,13.55
3729,20,Female,2024-07-12,2026-06-29,Germany,Premium,9.07,40.19,1,0,0,1,18.38
3730,44,Male,2026-01-25,2026-08-01,Australia,Standard,3.23,30.41,0,1,0,1,14.17
3731,67,Male,2023-12-18,2026-08-16,USA,Basic,11.66,43.5,2,1,0,0,9.88
3732,60,Female,2025-07-29,2026-08-10,France,Basic,6.85,85.61,2,0,0,0,9.01
3733,57,Female,2025-03-13,2026-05-16,France,Premium,1.07,22.99,0,0,0,1,17.97
3734,55,Female,2026-06-16,2026-06-16,USA,Standard,2.9,11.61,2,0,0,1,13.42
3735,50,Male,2024-04-24,2026-08-12,Australia,Standard,0.59,93.58,1,0,1,0,14.46
3736,45,Male,2026-07-11,2026-08-16,USA,Basic,9.3,70.16,1,0,0,0,9.38
3737,18,Male,2023-11-08,2026-05-14,Canada,Basic,2.69,40.39,0,1,1,1,9.11
3738,72,Male,2025-02-05,2026-08-10,India,Premium,1.34,59.16,0,0,0,0,17.14
3739,25,Male,2026-04-17,2026-07-30,USA,Standard,8.0,46.2,2,0,1,1,14.56
3740,54,Female,2024-12-22,2026-08-19,India,Basic,20.03,49.81,0,1,0,0,8.45
3741,49,Male,2025-04-27,2026-07-22,Germany,Standard,5.91,30.99,0,1,0,1,14.48
3742,65,Male,2023-10-07,2026-08-17,India,Basic,4.18,44.98,0,1,0,0,8.13
3743,60,Male,2026-04-16,2026-06-07,Germany,Premium,2.87,66.72,1,1,1,1,18.6
3744,54,Male,2024-03-08,2026-08-13,Canada,Standard,18.03,75.88,0,1,0,0,13.75
3745,21,Female,2024-09-20,2026-08-19,Australia,Standard,19.06,78.0,0,0,0,0,13.78
3746,47,Female,2025-12-26,2026-04-22,UK,Standard,2.64,70.38,1,0,0,1,13.38
3747,23,Female,2024-03-23,2026-08-12,Canada,Premium,15.39,42.84,0,1,0,0,17.96
3748,63,Male,2025-11-17,2026-08-15,USA,Premium,9.45,53.08,2,1,1,0,18.3
3749,71,Male,2024-02-18,2026-06-03,Canada,Basic,5.33,40.46,1,0,1,1,9.07
3750,36,Female,2026-04-29,2026-08-17,France,Premium,7.03,71.97,0,0,0,0,18.41
3751,49,Male,2025-09-07,2026-08-10,France,Premium,11.85,87.93,0,0,1,0,17.94
3752,26,Female,2024-10-14,2026-08-10,Germany,Basic,7.56,45.45,2,1,0,0,9.05
3753,29,Male,2025-07-16,2026-05-24,Canada,Premium,11.83,30.2,1,0,1,1,18.25
3754,28,Female,2024-07-02,2026-08-16,Canada,Standard,27.34,82.18,1,0,0,0,14.66
3755,63,Male,2024-10-29,2026-08-17,UK,Standard,4.33,65.45,1,1,0,0,14.27
3756,72,Female,2026-01-22,2026-05-23,Germany,Basic,3.41,33.09,0,0,0,1,9.11
3757,33,Female,2024-11-26,2026-08-16,Ireland,Standard,7.33,43.82,0,0,1,0,13.58
3758,18,Female,2024-11-28,2026-08-11,Ireland,Basic,3.89,80.38,0,0,1,0,8.39
3759,62,Female,2024-04-01,2026-08-17,Germany,Premium,2.92,32.51,0,0,0,0,18.12
3760,72,Other,2025-08-07,2026-06-26,Ireland,Premium,3.66,21.49,1,1,1,1,18.36
3761,70,Female,2025-08-24,2026-08-15,USA,Standard,7.03,10.48,0,1,0,0,14.24
3762,38,Male,2024-11-18,2026-08-17,Ireland,Standard,18.87,12.67,0,1,0,0,13.47
3763,47,Male,2024-07-07,2026-08-15,France,Standard,16.81,69.62,0,0,1,0,14.02
3764,30,Female,2024-12-29,2026-08-18,USA,Basic,3.62,97.81,0,1,0,0,8.96
3765,51,Female,2025-06-27,2026-04-25,Germany,Standard,5.82,71.22,0,1,0,1,13.82
3766,21,Male,2023-11-23,2026-08-12,Ireland,Standard,13.0,64.63,4,0,0,0,14.62
3767,45,Male,2024-07-04,2026-08-14,Ireland,Basic,7.0,66.8,0,1,0,0,9.14
3768,55,Other,2026-03-06,2026-07-30,Australia,Basic,5.92,55.55,2,1,1,1,8.5
3769,48,Male,2025-10-12,2026-08-12,India,Standard,19.61,3.78,1,0,0,0,13.76
3770,72,Male,2023-10-06,2026-08-16,USA,Standard,4.27,74.93,0,0,1,0,13.99
3771,44,Male,2024-07-07,2026-08-11,USA,Premium,11.8,43.46,0,0,1,0,17.16
3772,22,Female,2025-02-05,2026-08-17,Canada,Basic,5.54,74.73,0,0,0,0,9.44
3773,42,Male,2026-07-05,2026-08-16,UK,Basic,22.28,60.41,0,1,0,0,9.56
3774,20,Female,2023-10-20,2026-08-16,France,Standard,0.46,58.83,0,1,0,0,13.32
3775,50,Male,2024-12-30,2026-05-28,Ireland,Standard,7.02,20.83,0,0,0,1,14.07
3776,21,Female,2026-06-21,2026-08-18,Australia,Standard,4.4,53.11,0,1,1,0,14.72
3777,42,Female,2024-09-25,2026-07-31,UK,Standard,2.78,44.27,0,0,0,1,14.23
3778,37,Male,2023-10-26,2026-08-14,India,Standard,13.29,28.16,2,0,1,0,14.72
3779,51,Female,2024-02-27,2026-06-19,India,Standard,10.74,26.07,1,0,0,1,14.49
3780,43,Male,2026-06-29,2026-08-11,France,Basic,6.7,48.63,2,1,1,0,9.11
3781,22,Male,2023-09-01,2026-08-14,Australia,Basic,15.53,32.33,2,1,0,0,8.42
3782,52,Female,2023-12-08,2026-08-15,UK,Basic,5.51,54.37,0,0,0,0,9.27
3783,45,Male,2024-09-29,2026-08-19,France,Basic,3.88,64.5,1,1,0,0,9.2
3784,46,Female,2025-08-30,2026-06-29,France,Basic,6.94,57.41,0,0,0,1,8.85
3785,26,Male,2026-01-21,2026-08-18,France,Basic,4.27,61.4,0,0,1,0,9.45
3786,69,Male,2026-03-21,2026-07-01,France,Premium,2.62,27.87,1,0,0,1,17.87
3787,55,Male,2026-03-19,2026-08-17,Ireland,Basic,3.74,44.24,0,0,0,0,9.15
3788,67,Female,2025-10-28,2026-05-18,India,Basic,4.19,26.36,1,0,1,1,8.65
3789,23,Male,2026-06-23,2026-08-03,France,Premium,3.45,71.49,1,0,1,1,18.2
3790,36,Female,2026-05-05,2026-08-18,Australia,Standard,4.81,31.62,1,1,1,0,14.02
3791,61,Male,2025-05-15,2026-06-05,USA,Standard,7.67,37.61,1,0,0,1,14.08
3792,74,Male,2024-02-23,2026-04-27,Canada,Standard,4.17,30.79,0,0,0,1,14.26
3793,28,Female,2024-02-08,2026-08-12,Australia,Standard,3.87,77.52,0,1,0,0,14.55
3794,19,Female,2023-08-27,2026-08-14,Germany,Basic,7.57,55.25,0,1,0,0,8.21
3795,64,Male,2025-05-11,2026-08-10,India,Basic,6.47,45.35,0,0,0,0,8.67
3796,61,Female,2026-05-30,2026-05-30,France,Premium,10.88,26.51,1,0,0,1,18.35
3797,61,Male,2026-03-27,2026-08-15,India,Basic,6.15,72.88,1,1,0,0,8.72
3798,26,Female,2026-06-04,2026-08-10,France,Basic,3.62,46.76,0,0,0,0,9.21
3799,38,Female,2025-05-09,2026-08-11,Ireland,Standard,29.86,24.0,1,1,0,0,13.83
3800,41,Female,2026-04-11,2026-05-07,Ireland,Basic,6.67,68.44,1,0,0,1,8.78
3801,51,Female,2026-04-05,2026-08-18,Germany,Standard,8.21,59.54,0,1,0,0,14.58
3802,39,Male,2023-11-11,2026-08-17,India,Premium,9.55,41.56,1,0,0,0,18.44
3803,20,Female,2023-08-27,2026-08-16,France,Premium,8.29,63.51,0,0,1,0,18.2
3804,29,Female,2023-10-24,2026-08-17,UK,Standard,4.96,62.11,0,1,0,0,13.96
3805,45,Male,2025-07-27,2026-08-12,Canada,Basic,13.66,26.88,2,0,0,0,9.15
3806,47,Male,2024-02-15,2026-08-19,UK,Premium,2.46,59.59,0,0,0,0,17.62
3807,43,Female,2024-05-12,2026-08-15,Germany,Basic,3.71,89.43,0,0,0,0,9.22
3808,65,Female,2023-09-29,2026-08-18,Germany,Basic,3.68,56.48,1,1,0,0,9.46
3809,38,Male,2025-05-12,2026-08-12,Canada,Standard,13.7,38.8,1,1,1,0,13.79
3810,45,Female,2024-11-24,2026-08-17,Germany,Standard,17.22,24.79,0,0,1,0,14.37
3811,73,Female,2025-01-01,2026-05-24,Germany,Basic,6.53,63.4,1,0,1,1,8.96
3812,43,Male,2024-01-17,2026-08-10,India,Standard,5.91,43.6,0,0,0,0,14.0
3813,50,Male,2025-12-05,2026-08-03,Australia,Premium,1.63,56.86,0,0,0,1,17.85
3814,38,Female,2025-01-22,2026-05-11,France,Basic,8.31,67.86,1,0,0,1,8.83
3815,52,Male,2024-10-11,2026-07-19,India,Standard,3.78,25.58,0,0,0,1,14.5
3816,69,Male,2025-11-15,2026-06-07,Canada,Basic,2.43,13.43,0,0,1,1,8.62
3817,51,Female,2025-09-10,2026-08-16,Ireland,Standard,8.69,55.75,0,0,1,0,13.65
3818,58,Female,2026-06-14,2026-08-17,UK,Basic,5.78,31.71,0,1,0,0,9.53
3819,68,Female,2024-07-27,2026-08-10,Ireland,Standard,9.06,41.59,0,0,0,0,13.69
3820,64,Female,2023-11-14,2026-08-13,Ireland,Basic,1.69,70.83,0,0,0,0,9.12
3821,35,Male,2026-04-28,2026-06-06,Australia,Premium,6.35,36.79,0,0,0,1,17.5
3822,28,Male,2024-02-02,2026-08-16,UK,Premium,11.6,32.87,0,0,0,0,18.06
3823,74,Female,2024-08-01,2026-08-16,Ireland,Premium,13.5,54.7,0,0,0,0,17.4
3824,40,Male,2025-01-17,2026-06-05,France,Basic,6.16,33.84,1,1,0,1,8.79
3825,65,Female,2024-08-05,2026-08-14,Canada,Basic,6.36,42.43,0,0,1,0,9.14
3826,39,Male,2024-12-11,2026-06-05,UK,Standard,5.36,33.99,0,0,0,1,14.65
3827,34,Male,2026-02-19,2026-08-14,USA,Standard,10.17,38.6,0,0,0,0,14.22
3828,22,Male,2023-08-24,2026-04-24,Australia,Premium,6.46,32.02,2,0,0,1,17.81
3829,61,Female,2026-02-06,2026-07-19,France,Standard,3.58,45.5,1,1,0,1,14.23
3830,28,Male,2023-12-26,2026-08-19,Ireland,Standard,9.59,89.04,0,0,0,0,14.12
3831,47,Male,2025-12-21,2026-06-23,France,Basic,4.27,79.67,0,0,1,1,8.59
3832,32,Male,2025-02-10,2026-08-10,France,Premium,13.83,70.21,1,1,0,0,18.53
3833,44,Female,2024-07-09,2026-08-18,Germany,Basic,7.8,30.21,1,0,0,0,8.39
3834,52,Male,2026-03-11,2026-08-04,UK,Basic,3.11,68.83,2,0,0,1,8.67
3835,50,Male,2026-04-16,2026-07-25,USA,Premium,6.56,23.9,1,0,1,1,17.68
3836,37,Male,2023-10-12,2026-07-05,Germany,Standard,4.93,90.59,1,1,0,1,13.68
3837,33,Female,2025-02-14,2026-08-16,France,Basic,2.3,75.4,0,0,0,0,9.37
3838,51,Male,2025-07-12,2026-08-10,USA,Basic,2.3,44.88,0,0,1,0,9.05
3839,19,Male,2023-09-15,2026-08-13,France,Basic,2.99,72.63,0,0,0,0,9.18
3840,52,Male,2024-11-20,2026-08-14,Ireland,Standard,16.95,78.6,0,1,0,0,13.78
3841,57,Female,2026-07-03,2026-08-13,France,Basic,11.04,27.78,1,0,1,0,9.51
3842,73,Female,2023-09-24,2026-08-15,Germany,Premium,18.56,47.02,0,0,1,0,17.14
3843,45,Female,2023-11-16,2026-08-12,Ireland,Basic,10.33,62.34,1,1,0,0,9.52
3844,64,Female,2024-02-23,2026-08-14,Germany,Standard,16.08,76.41,1,0,0,0,14.08
3845,56,Female,2024-12-04,2026-08-13,UK,Basic,7.59,41.6,1,0,0,0,8.95
3846,23,Male,2024-10-16,2026-08-14,France,Basic,11.28,37.89,0,0,0,0,8.49
3847,26,Female,2026-03-14,2026-08-12,India,Standard,27.21,46.52,0,0,0,0,14.25
3848,37,Female,2024-05-11,2026-08-18,Canada,Standard,6.13,85.78,0,0,0,0,14.44
3849,18,Female,2025-04-22,2026-08-18,India,Basic,21.89,47.49,0,1,0,0,8.42
3850,25,Male,2024-02-26,2026-05-09,Canada,Standard,10.85,20.61,0,1,0,1,13.63
3851,72,Female,2024-12-27,2026-08-16,India,Premium,7.65,11.87,1,0,0,0,18.25
3852,40,Male,2023-10-11,2026-05-24,USA,Basic,5.9,29.45,0,0,0,1,8.93
3853,20,Female,2025-06-15,2026-08-19,Australia,Basic,10.87,83.26,1,0,0,0,8.34
3854,21,Male,2025-04-15,2026-08-17,Germany,Standard,8.4,66.92,0,0,0,0,14.49
3855,42,Male,2026-04-23,2026-08-16,Ireland,Standard,5.4,78.75,0,0,0,0,14.33
3856,64,Male,2024-04-19,2026-08-12,Australia,Basic,9.79,91.3,0,1,0,0,8.43
3857,55,Male,2026-07-15,2026-07-15,UK,Basic,5.73,70.94,0,1,0,1,9.15
3858,32,Female,2023-12-19,2026-08-16,UK,Standard,5.04,36.39,0,1,0,0,13.85
3859,38,Male,2026-04-28,2026-08-11,UK,Premium,4.52,79.04,1,0,0,0,17.97
3860,52,Male,2024-11-07,2026-08-12,Canada,Standard,1.63,70.08,2,0,0,0,13.87
3861,74,Female,2026-01-30,2026-04-23,Ireland,Basic,2.36,57.7,0,0,1,1,8.99
3862,70,Male,2024-08-21,2026-08-19,UK,Standard,11.0,60.01,0,0,0,0,13.78
3863,70,Female,2025-10-21,2026-08-14,UK,Basic,7.18,66.72,0,0,0,0,9.45
3864,63,Male,2025-02-06,2026-08-12,India,Basic,6.47,48.04,1,0,0,0,8.75
3865,69,Male,2025-09-05,2026-07-06,USA,Standard,1.31,86.62,1,0,0,1,13.83
3866,31,Female,2025-05-18,2026-06-15,Germany,Premium,10.17,60.92,1,1,0,1,17.84
3867,53,Female,2024-03-26,2026-08-16,Germany,Premium,11.82,70.13,0,0,0,0,18.31
3868,29,Male,2025-11-14,2026-08-11,France,Basic,8.88,72.1,0,0,1,0,8.78
3869,34,Female,2025-06-29,2026-06-12,Germany,Standard,8.71,63.87,0,1,0,1,14.12
3870,56,Female,2025-07-23,2026-08-11,Australia,Basic,12.74,78.15,0,0,0,0,9.01
3871,26,Other,2026-05-14,2026-08-18,India,Basic,8.91,59.62,1,1,0,0,9.11
3872,52,Male,2025-05-09,2026-08-14,India,Premium,11.06,47.79,1,0,0,0,18.26
3873,30,Male,2023-10-09,2026-08-10,USA,Premium,6.87,59.41,0,1,0,0,18.11
3874,32,Female,2025-09-28,2026-08-12,Canada,Basic,10.99,12.36,0,1,0,0,9.48
3875,35,Female,2024-10-12,2026-07-20,Australia,Basic,5.9,22.63,0,0,0,1,9.02
3876,68,Male,2026-06-18,2026-08-16,USA,Basic,3.89,58.72,0,0,1,0,9.17
3877,50,Female,2026-06-19,2026-08-18,UK,Standard,5.23,17.4,0,0,0,0,14.0
3878,23,Male,2025-01-12,2026-06-09,Ireland,Premium,7.92,58.28,0,0,0,1,18.36
3879,44,Female,2025-09-19,2026-08-15,Australia,Basic,4.79,52.41,0,0,0,0,9.07
3880,40,Male,2024-05-19,2026-05-22,Australia,Standard,9.68,38.44,0,0,0,1,12.76
3881,44,Female,2026-04-16,2026-08-19,UK,Basic,26.75,62.18,0,0,0,0,8.77
3882,51,Male,2025-02-15,2026-08-13,UK,Basic,12.98,55.36,0,1,0,0,9.4
3883,73,Female,2025-12-03,2026-08-10,Ireland,Standard,10.77,43.14,0,0,0,0,14.07
3884,63,Female,2024-07-18,2026-06-24,Germany,Premium,1.91,38.59,1,1,0,1,17.99
3885,55,Female,2025-07-28,2026-08-19,Australia,Basic,3.86,37.92,1,1,0,0,8.87
3886,31,Other,2025-06-14,2026-08-16,USA,Basic,20.49,79.41,1,0,0,0,8.99
3887,53,Female,2024-05-22,2026-08-12,Canada,Basic,9.58,32.72,2,0,0,0,9.1
3888,70,Other,2026-04-13,2026-06-13,UK,Standard,6.7,43.49,0,1,1,1,13.91
3889,25,Male,2025-10-23,2026-05-24,UK,Basic,8.6,49.35,0,1,1,1,8.54
3890,52,Male,2025-07-24,2026-08-11,Canada,Standard,10.2,52.6,2,1,1,0,14.17
3891,36,Male,2025-02-08,2026-08-15,USA,Basic,7.65,58.6,3,1,0,0,8.94
3892,47,Male,2023-09-10,2026-08-18,France,Basic,12.58,63.12,0,1,0,0,8.89
3893,31,Female,2025-01-27,2026-08-19,UK,Standard,5.49,88.4,0,1,0,0,13.37
3894,37,Male,2024-12-03,2026-05-27,Canada,Basic,7.11,40.08,0,1,0,1,8.47
3895,66,Female,2024-04-09,2026-05-30,India,Standard,7.21,14.78,1,0,0,1,14.11
3896,42,Female,2025-06-19,2026-08-11,UK,Standard,15.05,56.54,0,1,1,0,13.46
3897,57,Female,2023-08-26,2026-08-16,Germany,Premium,8.83,44.47,1,0,0,0,18.14
3898,41,Male,2025-03-13,2026-05-02,Germany,Basic,3.54,56.02,0,1,0,1,9.3
3899,31,Female,2025-09-10,2026-08-13,UK,Standard,4.3,60.6,0,0,0,0,12.96
3900,43,Male,2025-03-18,2026-08-17,India,Basic,10.28,78.53,0,1,0,0,8.88
3901,55,Male,2025-11-30,2026-05-03,UK,Premium,2.57,32.48,2,0,0,1,17.76
3902,40,Female,2023-09-25,2026-08-14,France,Standard,11.71,84.47,0,1,0,0,13.19
3903,39,Female,2024-09-25,2026-08-15,France,Basic,1.21,69.26,1,0,0,0,9.59
3904,65,Male,2025-11-19,2026-08-17,Germany,Basic,2.87,26.61,0,0,0,0,9.6
3905,74,Female,2025-11-22,2026-08-16,France,Premium,4.5,49.56,0,1,0,0,18.04
3906,36,Male,2025-01-09,2026-08-15,India,Premium,12.64,61.78,1,0,0,0,18.38
3907,63,Male,2026-05-07,2026-07-20,France,Premium,6.44,40.09,1,1,0,1,18.33
3908,68,Male,2025-10-11,2026-08-18,UK,Premium,10.24,61.99,2,1,0,0,18.4
3909,20,Female,2026-04-25,2026-05-09,India,Premium,9.75,60.72,0,0,0,1,17.97
3910,59,Female,2024-02-21,2026-08-16,USA,Standard,3.67,53.83,1,0,0,0,13.77
3911,36,Male,2024-01-03,2026-08-15,USA,Basic,4.26,49.95,0,0,0,0,9.57
3912,26,Male,2026-02-11,2026-04-28,Ireland,Basic,7.58,59.34,0,0,0,1,8.24
3913,45,Female,2025-05-01,2026-05-05,USA,Standard,6.25,29.77,0,1,0,1,13.53
3914,37,Male,2026-04-30,2026-08-12,Australia,Standard,5.18,82.93,0,0,0,0,14.69
3915,62,Male,2023-09-24,2026-08-10,India,Standard,1.73,80.23,1,0,1,0,14.01
3916,24,Female,2026-01-20,2026-08-15,Australia,Basic,2.44,54.28,0,0,0,0,8.56
3917,31,Male,2024-03-03,2026-08-10,Australia,Standard,4.49,70.53,0,0,0,0,13.7
3918,26,Female,2023-11-28,2026-08-15,UK,Basic,5.47,16.99,1,0,0,0,9.51
3919,72,Male,2025-03-30,2026-08-18,UK,Standard,4.02,49.52,1,0,0,0,13.71
3920,74,Female,2026-01-19,2026-07-15,Canada,Standard,1.72,33.89,1,0,0,1,14.02
3921,36,Female,2026-01-28,2026-06-07,India,Basic,3.56,39.98,0,0,0,1,8.59
3922,64,Female,2026-07-07,2026-08-10,Australia,Premium,3.13,95.67,0,1,1,0,17.75
3923,69,Male,2026-05-09,2026-08-19,Australia,Standard,3.49,28.72,0,1,0,0,13.02
3924,31,Female,2025-02-22,2026-08-16,USA,Premium,14.56,69.41,0,1,1,0,18.48
3925,73,Female,2024-11-26,2026-08-18,Germany,Basic,15.75,48.81,0,0,1,0,8.87
3926,55,Female,2025-08-12,2026-08-15,India,Basic,11.07,40.52,1,0,0,0,9.05
3927,70,Female,2025-08-22,2026-07-23,Germany,Basic,2.46,59.69,0,0,0,1,9.0
3928,53,Female,2025-07-31,2026-08-11,India,Basic,22.33,10.8,1,1,0,0,8.83
3929,57,Female,2024-03-26,2026-08-11,India,Basic,15.44,38.57,1,0,0,0,9.09
3930,34,Male,2026-02-08,2026-06-30,Ireland,Basic,9.0,31.38,1,0,0,1,8.38
3931,47,Male,2026-03-27,2026-08-18,Canada,Premium,5.11,58.74,0,1,1,0,17.56
3932,26,Female,2023-09-23,2026-08-15,Germany,Premium,19.47,3.29,1,0,0,0,18.94
3933,50,Male,2023-09-08,2026-05-06,Ireland,Premium,4.09,47.0,1,1,1,1,17.92
3934,73,Other,2024-05-21,2026-08-12,USA,Premium,5.52,77.4,1,0,1,0,18.27
3935,69,Female,2025-01-24,2026-08-11,Canada,Standard,3.16,27.21,0,0,0,0,13.45
3936,42,Female,2025-06-02,2026-08-15,Canada,Standard,8.07,68.72,0,1,0,0,13.76
3937,31,Male,2024-09-07,2026-08-12,Australia,Basic,12.46,42.96,1,0,0,0,8.84
3938,28,Male,2024-10-17,2026-08-13,India,Basic,13.41,62.84,0,0,0,0,7.98
3939,70,Female,2024-09-20,2026-07-17,France,Standard,17.92,28.9,1,0,0,1,15.06
3940,52,Female,2026-06-29,2026-06-29,India,Premium,2.1,66.37,3,0,0,1,18.32
3941,58,Other,2023-11-25,2026-08-11,UK,Standard,7.49,59.64,0,0,1,0,13.03
3942,31,Male,2025-08-25,2026-04-29,India,Premium,17.01,17.99,1,0,0,1,19.06
3943,47,Male,2023-09-09,2026-08-19,India,Basic,1.81,24.06,3,0,0,0,8.99
3944,58,Male,2024-01-31,2026-08-16,India,Standard,4.53,59.64,2,0,0,0,13.99
3945,21,Female,2024-07-27,2026-08-17,Australia,Standard,12.16,42.79,1,1,0,0,14.44
3946,21,Male,2025-11-11,2026-08-11,USA,Premium,8.93,48.05,0,0,1,0,17.83
3947,45,Male,2025-12-28,2026-06-14,India,Premium,13.17,53.2,1,1,0,1,18.06
3948,25,Male,2024-04-10,2026-08-11,France,Standard,24.72,45.66,0,0,0,0,14.01
3949,19,Male,2024-05-21,2026-08-11,Australia,Basic,2.83,38.54,0,0,0,0,9.2
3950,58,Other,2025-04-12,2026-05-24,France,Basic,7.19,64.87,0,0,0,1,9.16
3951,63,Female,2025-06-22,2026-08-10,Canada,Basic,20.51,60.65,1,0,0,0,9.24
3952,39,Male,2023-10-04,2026-07-07,Australia,Premium,8.5,15.84,1,1,1,1,18.08
3953,58,Male,2024-09-29,2026-08-13,India,Basic,4.19,34.59,1,0,0,0,9.31
3954,73,Male,2024-01-21,2026-08-10,Ireland,Basic,5.28,70.48,1,1,0,0,9.45
3955,72,Male,2025-02-06,2026-08-10,Australia,Basic,6.52,77.24,0,0,0,0,8.69
3956,33,Male,2023-08-27,2026-08-11,Germany,Premium,8.21,71.99,1,0,1,0,17.59
3957,46,Female,2026-05-25,2026-08-12,USA,Standard,9.49,21.32,1,1,0,0,13.63
3958,66,Male,2025-02-14,2026-08-15,USA,Standard,6.9,66.52,1,0,0,0,13.74
3959,65,Male,2025-07-25,2026-08-14,Canada,Basic,19.25,29.6,1,0,0,0,9.37
3960,47,Male,2025-11-29,2026-08-11,Australia,Basic,15.89,42.13,0,0,0,0,9.54
3961,29,Female,2025-12-10,2026-08-13,France,Basic,2.11,67.84,0,1,0,0,8.79
3962,52,Female,2025-08-28,2026-05-08,France,Premium,18.51,55.94,0,0,0,1,17.96
3963,28,Female,2024-04-06,2026-08-18,Canada,Premium,1.68,43.42,0,1,0,0,17.91
3964,63,Female,2025-03-19,2026-08-15,Canada,Standard,8.54,80.87,0,0,0,0,14.39
3965,67,Female,2025-03-30,2026-08-13,Ireland,Basic,5.6,85.2,1,0,0,0,9.21
3966,38,Male,2023-11-09,2026-08-17,UK,Premium,8.32,73.65,0,0,0,0,18.76
3967,38,Female,2024-05-20,2026-08-18,Canada,Standard,7.65,77.69,0,0,0,0,14.28
3968,22,Male,2025-02-24,2026-08-15,UK,Basic,19.08,54.93,0,0,0,0,8.96
3969,65,Male,2023-10-12,2026-08-14,France,Basic,6.08,54.65,0,0,0,0,9.11
3970,37,Female,2025-07-04,2026-08-14,UK,Standard,3.76,72.19,0,1,1,0,13.9
3971,54,Male,2025-04-25,2026-05-03,USA,Standard,5.25,55.16,1,0,0,1,14.71
3972,20,Female,2025-12-19,2026-06-04,France,Premium,9.87,57.07,0,1,0,1,17.19
3973,61,Male,2025-01-02,2026-08-11,Germany,Premium,2.01,35.94,0,0,1,0,18.24
3974,50,Female,2024-07-19,2026-06-28,France,Basic,8.0,42.79,0,0,0,1,9.28
3975,70,Female,2025-05-08,2026-06-21,Germany,Standard,15.36,56.15,1,0,0,1,14.56
3976,26,Other,2024-06-26,2026-08-19,Australia,Basic,17.37,77.41,1,1,1,0,9.33
3977,26,Female,2024-10-30,2026-08-11,Ireland,Standard,4.93,24.62,0,1,0,0,14.2
3978,21,Female,2024-01-30,2026-04-26,Ireland,Standard,2.63,65.74,1,0,0,1,13.82
3979,52,Female,2023-08-20,2026-07-08,Germany,Standard,3.96,34.47,0,0,0,1,13.98
3980,34,Male,2025-06-21,2026-08-19,Australia,Premium,11.84,60.33,0,0,0,0,17.78
3981,51,Male,2025-11-16,2026-07-26,France,Standard,6.3,27.8,1,1,1,1,13.81
3982,41,Female,2024-01-28,2026-08-17,India,Premium,6.85,69.66,0,1,1,0,18.28
3983,49,Other,2025-11-15,2026-05-31,Germany,Basic,1.07,37.79,1,0,0,1,9.27
3984,18,Female,2024-11-29,2026-08-01,France,Basic,10.06,39.1,1,0,0,1,8.83
3985,25,Female,2024-03-08,2026-08-15,Australia,Standard,1.14,9.18,3,0,0,0,13.68
3986,62,Female,2026-04-28,2026-06-19,Australia,Premium,6.66,10.83,0,0,0,1,17.62
3987,40,Male,2024-06-08,2026-08-17,Australia,Basic,24.16,50.03,1,1,0,0,9.25
3988,64,Male,2026-05-31,2026-06-04,Australia,Basic,18.06,20.73,1,0,0,1,8.49
3989,57,Male,2025-01-17,2026-06-05,USA,Standard,4.61,72.6,0,1,0,1,13.42
3990,29,Male,2024-06-10,2026-08-12,France,Standard,8.66,73.51,0,0,1,0,14.27
3991,71,Female,2023-11-13,2026-08-17,USA,Premium,10.18,17.1,0,0,0,0,17.64
3992,29,Other,2025-04-12,2026-05-20,Germany,Standard,4.32,59.79,0,0,0,1,14.39
3993,63,Female,2025-05-28,2026-08-14,Australia,Premium,16.31,79.74,0,0,1,0,17.64
3994,64,Male,2026-04-25,2026-05-03,Canada,Standard,4.33,72.68,0,0,0,1,13.66
3995,32,Male,2025-11-04,2026-07-28,Australia,Basic,6.52,9.39,1,1,0,1,9.0
3996,58,Male,2025-09-13,2026-04-24,Canada,Standard,8.77,15.85,2,0,0,1,13.66
3997,36,Female,2026-01-29,2026-08-17,USA,Standard,4.8,1.72,1,0,0,0,13.47
3998,43,Male,2023-12-24,2026-08-10,Australia,Premium,4.91,47.48,0,1,0,0,17.84
3999,69,Male,2025-03-03,2026-08-10,UK,Basic,6.11,18.76,1,0,0,0,9.71
4000,46,Male,2025-08-26,2026-08-18,Germany,Basic,16.4,72.92,0,0,0,0,8.85
4001,39,Male,2026-01-06,2026-07-21,Australia,Basic,2.06,48.36,0,0,0,1,9.02
4002,57,Female,2026-05-20,2026-05-20,Ireland,Standard,13.17,54.69,2,0,0,1,13.93
4003,38,Male,2023-09-06,2026-08-16,Canada,Basic,2.22,82.03,0,0,1,0,9.1
4004,68,Male,2025-01-05,2026-06-17,India,Standard,5.6,31.47,1,0,0,1,14.16
4005,55,Male,2024-02-05,2026-06-16,India,Premium,13.9,5.41,1,1,0,1,18.05
4006,37,Male,2024-03-29,2026-08-10,Australia,Standard,10.37,49.72,1,1,0,0,14.47
4007,74,Female,2026-06-11,2026-07-05,France,Standard,8.76,42.87,0,1,0,1,14.29
4008,46,Female,2024-07-23,2026-07-10,UK,Premium,8.14,74.22,0,0,0,1,18.01
4009,68,Male,2025-04-20,2026-08-19,Canada,Standard,13.24,37.3,0,0,1,0,14.04
4010,21,Female,2024-02-24,2026-08-11,UK,Basic,5.86,50.67,0,0,0,0,10.29
4011,72,Male,2024-05-24,2026-08-13,India,Basic,15.24,39.7,1,0,1,0,9.25
4012,24,Female,2026-07-19,2026-07-19,Germany,Standard,13.48,5.99,1,1,0,1,14.57
4013,45,Male,2025-12-17,2026-08-10,India,Basic,36.32,30.87,0,1,1,0,9.95
4014,45,Male,2024-06-04,2026-08-15,Germany,Standard,10.32,72.95,1,0,1,0,13.53
4015,21,Female,2024-09-10,2026-08-15,Germany,Premium,12.83,57.48,1,1,1,0,18.0
4016,39,Female,2025-06-02,2026-08-01,USA,Standard,8.29,38.41,2,0,1,1,13.68
4017,29,Female,2025-12-23,2026-05-29,India,Basic,13.22,20.78,1,0,0,1,8.35
4018,62,Male,2026-06-08,2026-08-16,France,Basic,26.09,78.81,1,0,1,0,8.46
4019,20,Male,2026-03-05,2026-08-15,India,Premium,19.45,78.73,2,0,0,0,17.77
4020,39,Other,2024-10-21,2026-08-17,UK,Premium,10.68,43.24,1,1,0,0,18.35
4021,61,Male,2025-04-08,2026-08-11,Australia,Standard,11.47,65.53,0,1,0,0,14.05
4022,19,Male,2024-07-25,2026-08-13,Ireland,Basic,4.44,63.94,0,1,0,0,9.23
4023,41,Male,2025-12-31,2026-07-03,Ireland,Standard,5.29,76.73,0,0,0,1,14.13
4024,51,Male,2026-01-10,2026-08-10,France,Basic,24.16,41.82,1,1,0,0,9.55
4025,44,Male,2026-04-05,2026-08-18,Germany,Basic,9.91,42.42,0,0,0,0,8.46
4026,72,Female,2025-08-28,2026-08-14,France,Basic,10.13,26.12,2,0,0,0,9.45
4027,58,Male,2024-07-01,2026-04-27,Ireland,Standard,2.4,63.25,0,0,0,1,13.81
4028,18,Female,2024-10-15,2026-08-15,France,Basic,11.51,24.02,0,0,0,0,9.28
4029,25,Male,2025-07-29,2026-08-03,Canada,Basic,2.86,40.98,0,0,0,1,9.27
4030,40,Male,2024-12-03,2026-08-16,UK,Basic,5.92,22.34,1,0,0,0,9.14
4031,55,Female,2025-03-07,2026-06-09,UK,Standard,5.52,36.79,2,0,0,1,13.86
4032,23,Female,2025-04-09,2026-08-12,France,Standard,3.81,87.84,0,0,0,0,13.22
4033,39,Female,2025-02-28,2026-08-13,UK,Basic,4.6,61.81,0,1,0,0,8.92
4034,42,Female,2026-04-06,2026-08-10,Canada,Premium,7.27,55.83,0,1,1,0,17.89
4035,35,Male,2026-01-07,2026-08-11,Australia,Standard,20.79,22.73,0,0,0,0,13.58
4036,34,Female,2026-06-04,2026-06-04,USA,Basic,3.2,48.26,1,1,0,1,8.8
4037,29,Female,2023-10-16,2026-08-15,Canada,Basic,8.52,62.03,0,1,0,0,8.33
4038,23,Male,2025-01-30,2026-08-17,UK,Standard,23.61,82.09,1,0,0,0,13.95
4039,43,Female,2024-03-26,2026-08-13,UK,Basic,7.18,80.21,1,1,0,0,8.9
4040,44,Female,2024-08-11,2026-08-12,India,Basic,2.74,61.44,1,1,1,0,9.08
4041,25,Male,2024-05-04,2026-08-10,UK,Standard,14.41,3.84,0,1,0,0,13.8
4042,36,Male,2024-11-16,2026-08-17,Australia,Standard,10.15,25.72,0,0,1,0,14.45
4043,59,Male,2026-03-28,2026-08-14,Ireland,Standard,4.36,75.03,1,0,0,0,14.57
4044,18,Female,2024-09-09,2026-08-15,USA,Standard,8.68,47.85,0,0,0,0,13.68
4045,74,Male,2024-10-28,2026-08-10,Canada,Premium,17.0,83.61,2,0,0,0,17.9
4046,46,Male,2025-12-14,2026-05-16,France,Basic,7.14,19.92,1,0,0,1,9.11
4047,62,Male,2026-01-05,2026-06-05,UK,Basic,10.01,31.3,0,1,0,1,8.86
4048,66,Female,2025-06-15,2026-07-21,India,Premium,3.66,53.9,0,1,0,1,17.61
4049,52,Female,2024-07-02,2026-05-22,India,Standard,1.3,40.98,2,1,0,1,14.56
4050,57,Female,2024-09-08,2026-05-04,Germany,Standard,0.45,55.39,0,1,1,1,14.67
4051,31,Male,2026-05-06,2026-08-14,USA,Basic,15.25,50.5,0,0,0,0,8.63
4052,52,Female,2025-10-07,2026-08-10,India,Basic,4.95,61.56,1,0,0,0,8.91
4053,65,Female,2024-03-12,2026-08-15,Germany,Basic,10.4,61.7,0,0,0,0,9.89
4054,62,Female,2024-07-09,2026-05-30,USA,Standard,6.37,30.99,0,0,0,1,13.68
4055,37,Male,2025-09-30,2026-08-19,UK,Basic,34.06,46.97,0,0,0,0,9.26
4056,73,Male,2024-05-03,2026-08-04,USA,Standard,7.95,81.43,0,1,1,1,13.84
4057,66,Female,2024-02-16,2026-05-20,USA,Standard,1.62,44.03,1,0,0,1,13.92
4058,30,Male,2025-06-02,2026-08-11,France,Basic,9.41,68.21,1,0,1,0,9.59
4059,55,Female,2025-05-16,2026-06-25,UK,Basic,4.69,78.24,0,0,1,1,9.16
4060,66,Female,2026-01-31,2026-08-17,Australia,Basic,13.36,52.21,0,0,0,0,8.09
4061,63,Female,2025-01-23,2026-08-16,India,Basic,1.38,77.89,2,0,0,0,9.16
4062,66,Female,2023-11-05,2026-08-19,Germany,Basic,14.14,67.63,0,0,0,0,9.1
4063,25,Female,2026-05-10,2026-08-16,France,Basic,0.69,43.7,2,0,0,0,8.44
4064,60,Male,2023-10-02,2026-08-18,France,Standard,16.01,47.6,1,0,0,0,14.04
4065,37,Male,2025-02-04,2026-07-18,Australia,Standard,3.92,46.29,0,0,0,1,13.54
4066,50,Male,2025-11-24,2026-08-13,Germany,Basic,22.05,85.37,2,0,0,0,8.71
4067,43,Female,2024-08-09,2026-07-01,Ireland,Standard,15.55,37.1,1,0,0,1,14.21
4068,56,Male,2024-12-21,2026-07-08,India,Premium,3.82,37.14,2,0,0,1,18.68
4069,38,Male,2024-08-07,2026-08-11,Germany,Standard,14.7,83.42,1,0,0,0,14.17
4070,70,Female,2024-10-17,2026-08-11,Germany,Basic,8.43,45.79,0,0,1,0,8.38
4071,66,Female,2024-12-08,2026-07-24,USA,Standard,4.84,86.53,1,0,1,1,14.71
4072,59,Other,2026-01-12,2026-08-10,Ireland,Standard,6.03,28.23,0,1,0,0,14.24
4073,60,Female,2024-04-30,2026-05-01,UK,Premium,8.73,32.38,0,1,0,1,17.88
4074,71,Female,2023-10-10,2026-08-16,UK,Premium,7.28,20.6,1,1,0,0,18.03
4075,58,Female,2024-11-03,2026-08-16,Canada,Basic,14.52,89.21,2,0,0,0,9.03
4076,26,Other,2024-10-30,2026-06-25,Ireland,Standard,14.46,62.64,1,0,0,1,13.53
4077,41,Female,2024-02-13,2026-08-13,USA,Premium,8.52,31.5,0,0,0,0,17.2
4078,54,Female,2023-08-27,2026-08-12,Canada,Premium,4.85,54.95,0,0,0,0,17.49
4079,66,Female,2024-05-28,2026-08-12,Canada,Standard,6.13,59.7,0,0,0,0,14.42
4080,58,Female,2024-09-18,2026-05-31,UK,Basic,11.2,7.86,0,0,0,1,9.55
4081,34,Male,2024-07-29,2026-06-14,Germany,Basic,4.6,24.91,0,0,1,1,8.62
4082,41,Male,2025-02-10,2026-08-17,USA,Standard,10.62,43.37,0,0,0,0,13.53
4083,38,Male,2025-01-30,2026-06-09,France,Standard,1.45,91.82,0,0,0,1,13.53
4084,68,Male,2024-03-26,2026-08-18,France,Premium,7.45,59.78,0,0,0,0,17.08
4085,56,Male,2023-10-29,2026-08-13,Ireland,Premium,25.89,60.61,0,1,0,0,19.02
4086,72,Male,2024-01-19,2026-08-18,Canada,Basic,16.79,38.96,0,1,0,0,8.31
4087,58,Male,2026-01-24,2026-07-16,USA,Standard,6.51,65.29,1,1,0,1,13.73
4088,56,Female,2025-10-18,2026-07-27,UK,Basic,16.3,36.48,1,1,0,1,9.17
4089,30,Female,2025-09-12,2026-04-24,Canada,Standard,6.05,69.62,2,0,0,1,13.91
4090,28,Male,2024-05-21,2026-08-10,Canada,Standard,6.8,22.27,0,0,0,0,14.17
4091,63,Female,2024-08-22,2026-08-16,Australia,Basic,3.11,88.07,0,1,0,0,9.44
4092,36,Female,2026-06-24,2026-08-15,UK,Basic,21.45,55.24,1,1,0,0,9.06
4093,28,Female,2024-01-20,2026-06-24,France,Basic,4.06,50.31,1,1,0,1,9.5
4094,30,Female,2025-05-25,2026-08-15,Australia,Basic,11.68,52.4,0,0,0,0,8.96
4095,63,Male,2023-09-17,2026-08-17,UK,Premium,19.9,20.23,0,0,0,0,17.63
4096,62,Male,2025-03-07,2026-08-12,UK,Basic,18.03,35.58,0,0,0,0,9.35
4097,18,Male,2024-01-25,2026-08-10,Australia,Basic,2.8,50.17,0,1,0,0,9.41
4098,57,Male,2025-08-30,2026-08-19,France,Basic,5.52,83.89,1,0,0,0,9.32
4099,61,Female,2025-10-09,2026-08-10,India,Premium,3.82,55.56,4,1,1,0,17.83
4100,36,Male,2023-08-17,2026-08-10,USA,Basic,10.05,73.92,1,0,0,0,8.53
4101,29,Male,2025-03-10,2026-08-11,USA,Basic,6.24,59.6,0,1,0,0,9.25
4102,25,Male,2024-01-21,2026-08-12,India,Standard,3.47,31.44,1,0,0,0,14.42
4103,25,Male,2026-02-26,2026-08-12,USA,Basic,18.23,26.89,0,1,0,0,9.17
4104,70,Female,2023-12-16,2026-08-10,Germany,Basic,4.31,65.58,1,0,0,0,8.78
4105,62,Female,2026-04-30,2026-08-15,Canada,Standard,1.95,48.19,0,1,1,0,13.73
4106,29,Male,2023-11-14,2026-08-10,USA,Basic,11.39,63.05,0,0,1,0,8.68
4107,65,Male,2025-03-20,2026-08-15,Germany,Premium,13.1,37.97,0,0,1,0,18.68
4108,50,Male,2026-04-30,2026-05-10,Canada,Standard,10.14,32.13,1,0,0,1,13.66
4109,62,Male,2026-04-18,2026-08-19,USA,Standard,13.24,61.74,0,0,0,0,13.85
4110,43,Female,2025-08-12,2026-08-12,UK,Basic,6.73,61.6,0,1,0,0,8.97
4111,56,Male,2024-05-15,2026-08-12,India,Premium,11.55,43.38,0,1,1,0,17.73
4112,45,Female,2025-07-25,2026-06-12,Ireland,Standard,4.8,22.29,1,1,0,1,13.84
4113,22,Female,2024-11-04,2026-05-16,USA,Basic,0.8,29.84,0,1,0,1,7.94
4114,25,Male,2024-03-05,2026-07-20,Ireland,Basic,6.95,43.96,1,0,0,1,8.5
4115,42,Male,2025-05-18,2026-08-10,USA,Standard,8.46,68.37,0,1,0,0,14.35
4116,44,Other,2026-01-31,2026-08-10,UK,Standard,0.96,30.8,0,0,0,0,13.99
4117,63,Female,2024-12-20,2026-08-13,India,Premium,15.55,73.72,0,0,0,0,17.98
4118,40,Female,2026-05-14,2026-08-11,France,Standard,18.89,88.11,1,0,0,0,13.9
4119,47,Female,2023-08-28,2026-08-17,India,Standard,6.42,27.06,0,0,0,0,14.07
4120,62,Female,2026-07-20,2026-08-16,Ireland,Basic,3.6,57.35,0,1,0,0,8.94
4121,64,Male,2026-02-20,2026-06-26,Germany,Standard,7.7,40.49,0,1,0,1,14.21
4122,40,Female,2024-01-31,2026-06-12,UK,Premium,1.45,19.68,0,0,0,1,18.62
4123,66,Male,2025-11-05,2026-08-16,Ireland,Standard,4.32,48.33,0,0,0,0,14.14
4124,64,Female,2024-07-01,2026-08-19,Ireland,Basic,4.29,32.42,0,0,0,0,9.32
4125,37,Other,2024-10-31,2026-08-10,Australia,Basic,9.32,65.27,0,0,0,0,9.26
4126,35,Female,2024-05-17,2026-08-16,Australia,Basic,3.91,79.56,2,0,0,0,9.45
4127,35,Male,2026-07-02,2026-08-14,UK,Standard,14.23,35.07,1,0,0,0,14.6
4128,19,Male,2026-06-16,2026-07-17,UK,Premium,4.14,66.59,0,1,0,1,17.73
4129,21,Female,2025-07-15,2026-07-07,UK,Basic,5.33,40.79,2,0,1,1,9.08
4130,47,Female,2025-03-17,2026-08-12,Canada,Basic,8.62,24.08,1,0,0,0,8.54
4131,50,Female,2024-04-25,2026-08-12,Germany,Standard,13.31,25.62,1,1,0,0,14.05
4132,53,Other,2026-07-14,2026-07-22,USA,Premium,3.94,49.87,1,1,1,1,17.93
4133,35,Female,2025-01-18,2026-05-18,France,Standard,1.33,53.89,0,1,0,1,14.22
4134,54,Male,2025-07-15,2026-08-19,Australia,Basic,2.49,56.76,0,0,0,0,9.29
4135,36,Male,2024-06-24,2026-08-17,India,Basic,10.56,29.75,1,0,0,0,8.67
4136,64,Male,2024-12-24,2026-05-02,India,Standard,7.8,28.9,0,0,0,1,14.16
4137,45,Female,2024-09-08,2026-05-06,Ireland,Premium,2.02,58.73,1,1,0,1,17.85
4138,57,Female,2026-04-24,2026-06-25,Australia,Basic,10.4,52.15,0,1,0,1,8.77
4139,37,Female,2025-04-14,2026-08-18,USA,Standard,6.94,84.27,1,0,0,0,14.28
4140,66,Male,2025-03-27,2026-08-11,UK,Standard,22.04,77.83,1,0,1,0,13.92
4141,50,Male,2024-04-19,2026-08-11,India,Standard,8.42,78.98,1,0,0,0,13.96
4142,29,Male,2025-02-12,2026-08-10,Australia,Basic,6.4,61.12,0,0,0,0,8.65
4143,68,Female,2025-12-22,2026-08-12,Germany,Premium,17.06,72.81,1,0,0,0,17.79
4144,32,Male,2025-11-19,2026-05-13,Germany,Standard,2.66,31.22,0,1,1,1,14.05
4145,58,Male,2025-11-24,2026-08-18,France,Standard,15.71,33.69,1,0,1,0,14.21
4146,56,Male,2024-06-12,2026-08-15,Canada,Standard,12.5,64.24,1,0,0,0,13.19
4147,19,Female,2025-11-28,2026-08-14,Australia,Premium,10.62,24.45,0,0,1,0,17.06
4148,46,Male,2026-01-15,2026-04-25,UK,Standard,15.12,21.57,1,0,1,1,13.46
4149,58,Female,2024-08-07,2026-08-18,Ireland,Standard,1.98,45.1,1,0,1,0,14.27
4150,27,Female,2025-03-11,2026-08-12,France,Basic,7.46,16.3,2,1,1,0,9.1
4151,19,Female,2026-01-15,2026-06-26,France,Basic,6.11,42.5,0,1,1,1,9.85
4152,68,Female,2023-12-28,2026-08-11,Canada,Basic,6.87,27.17,0,0,0,0,9.35
4153,28,Male,2025-09-11,2026-05-25,UK,Premium,1.26,17.33,1,0,1,1,18.61
4154,30,Male,2024-04-23,2026-06-13,France,Premium,3.36,59.74,1,0,0,1,18.09
4155,27,Female,2026-06-29,2026-07-26,Canada,Basic,5.05,25.91,1,0,0,1,8.33
4156,31,Female,2026-05-14,2026-08-11,Australia,Basic,16.75,39.67,0,1,0,0,8.95
4157,35,Other,2025-06-24,2026-05-01,USA,Basic,15.02,67.41,3,0,0,1,9.13
4158,68,Female,2024-07-22,2026-08-11,France,Premium,4.14,83.83,1,1,0,0,18.37
4159,71,Male,2025-01-26,2026-08-14,India,Basic,12.75,87.97,1,0,0,0,8.59
4160,26,Male,2024-12-30,2026-08-13,Australia,Standard,7.28,25.0,1,1,0,0,13.83
4161,74,Female,2024-02-02,2026-07-02,UK,Premium,3.54,46.52,0,0,0,1,18.54
4162,56,Male,2025-12-21,2026-08-01,Ireland,Standard,6.64,59.76,0,1,0,1,13.4
4163,45,Male,2026-01-02,2026-07-06,Ireland,Premium,7.45,63.98,1,0,0,1,18.25
4164,20,Female,2023-11-07,2026-08-12,UK,Standard,5.55,59.71,0,1,0,0,13.98
4165,37,Male,2026-01-24,2026-05-01,Canada,Standard,13.71,64.33,2,0,1,1,14.75
4166,23,Male,2024-01-02,2026-06-14,Germany,Standard,8.4,59.99,1,0,1,1,14.09
4167,44,Female,2026-06-07,2026-06-07,UK,Basic,6.27,33.43,0,0,0,1,8.88
4168,70,Female,2026-02-03,2026-08-12,India,Premium,6.19,24.24,1,0,1,0,17.88
4169,19,Male,2025-10-07,2026-08-11,France,Standard,15.77,78.05,1,0,0,0,14.28
4170,46,Female,2024-08-11,2026-08-15,Australia,Basic,43.79,76.6,0,0,0,0,9.51
4171,55,Female,2025-08-18,2026-08-03,Ireland,Basic,10.38,13.69,0,1,0,1,8.75
4172,20,Male,2024-12-12,2026-08-15,USA,Basic,5.54,27.91,0,0,0,0,9.02
4173,33,Male,2026-01-19,2026-08-19,Ireland,Standard,10.68,64.44,1,1,0,0,14.45
4174,47,Male,2026-07-05,2026-08-16,Germany,Basic,2.46,55.19,0,0,0,0,9.05
4175,57,Female,2024-02-15,2026-08-01,France,Premium,3.86,12.83,1,0,0,1,17.93
4176,19,Male,2024-04-05,2026-07-27,Ireland,Basic,11.25,58.47,2,1,0,1,9.45
4177,34,Other,2026-04-02,2026-07-26,Germany,Basic,15.52,12.21,1,0,0,1,9.55
4178,58,Female,2025-09-18,2026-08-17,France,Standard,4.87,50.2,0,0,1,0,13.68
4179,29,Female,2023-11-14,2026-07-28,India,Standard,3.46,48.82,0,0,0,1,14.11
4180,52,Female,2026-07-15,2026-07-15,France,Premium,8.17,16.18,1,0,0,1,18.25
4181,60,Female,2024-03-30,2026-06-07,UK,Standard,11.2,50.09,1,0,0,1,13.66
4182,18,Male,2025-07-25,2026-08-13,Ireland,Basic,1.02,51.88,0,1,0,0,9.28
4183,72,Male,2024-10-03,2026-08-16,Canada,Standard,0.52,77.15,0,0,0,0,13.74
4184,62,Female,2023-11-10,2026-08-19,Australia,Basic,9.29,39.59,0,0,0,0,9.36
4185,32,Male,2024-07-27,2026-07-11,Canada,Basic,3.63,53.82,0,1,0,1,9.34
4186,43,Male,2026-03-28,2026-08-14,Australia,Basic,14.42,68.02,1,1,1,0,9.61
4187,54,Female,2025-10-18,2026-06-13,Ireland,Standard,10.16,69.5,3,0,0,1,13.18
4188,38,Female,2026-05-02,2026-07-11,India,Basic,3.3,35.75,0,1,0,1,9.65
4189,66,Male,2026-01-23,2026-07-21,Ireland,Basic,7.76,33.61,0,0,0,1,8.84
4190,48,Female,2025-01-06,2026-08-19,Australia,Basic,19.29,32.02,1,0,0,0,8.94
4191,42,Male,2025-02-27,2026-08-10,India,Basic,6.59,72.78,0,0,0,0,8.58
4192,40,Female,2025-11-03,2026-07-31,USA,Basic,10.14,55.31,0,0,0,1,8.73
4193,41,Male,2025-10-02,2026-08-19,India,Basic,9.01,2.06,0,0,0,0,9.26
4194,74,Female,2024-02-17,2026-08-18,Ireland,Basic,10.57,85.47,0,1,0,0,8.29
4195,55,Male,2025-10-03,2026-08-11,USA,Basic,5.59,74.3,0,0,0,0,8.78
4196,45,Female,2025-01-25,2026-08-15,USA,Basic,2.4,21.05,0,0,0,0,8.74
4197,38,Male,2024-06-17,2026-08-11,Australia,Premium,12.77,70.65,0,0,1,0,17.96
4198,71,Male,2024-12-04,2026-08-11,USA,Standard,4.09,41.53,1,0,0,0,13.0
4199,60,Female,2023-12-16,2026-08-13,USA,Standard,5.17,69.05,0,0,0,0,13.73
4200,35,Male,2025-03-28,2026-08-11,UK,Premium,3.53,45.82,2,0,0,0,17.72
4201,53,Male,2025-07-05,2026-08-18,India,Basic,3.93,44.2,0,1,1,0,8.81
4202,52,Male,2025-09-14,2026-07-09,France,Basic,1.21,44.97,0,0,1,1,8.95
4203,62,Female,2024-03-26,2026-08-13,Canada,Premium,5.01,20.61,0,1,1,0,17.7
4204,72,Female,2025-05-22,2026-07-27,USA,Standard,16.72,63.43,0,1,0,1,14.59
4205,26,Male,2024-09-28,2026-08-15,France,Premium,7.1,22.29,0,1,1,0,18.35
4206,70,Female,2025-12-07,2026-06-20,Canada,Premium,5.72,16.2,1,1,0,1,17.98
4207,55,Male,2026-06-26,2026-06-26,France,Basic,10.35,59.39,0,0,0,1,9.21
4208,47,Female,2026-04-17,2026-08-13,USA,Premium,9.74,66.94,0,0,0,0,18.77
4209,61,Male,2025-02-28,2026-08-10,Canada,Premium,7.29,25.87,0,1,1,0,18.57
4210,51,Female,2025-01-02,2026-08-10,Ireland,Basic,7.62,23.14,1,1,1,0,8.78
4211,49,Male,2024-10-15,2026-08-12,Ireland,Premium,14.84,36.34,2,0,0,0,18.6
4212,20,Other,2025-03-18,2026-08-18,Canada,Basic,11.73,62.33,1,1,1,0,8.99
4213,20,Male,2025-04-18,2026-04-29,India,Standard,3.43,30.9,2,1,0,1,14.13
4214,45,Male,2024-02-01,2026-08-16,USA,Basic,8.49,73.37,0,0,1,0,9.14
4215,61,Male,2025-08-17,2026-07-20,UK,Basic,2.22,84.85,0,1,0,1,8.77
4216,32,Female,2023-12-01,2026-06-30,France,Standard,7.52,50.08,1,1,0,1,14.86
4217,58,Female,2025-08-10,2026-08-16,India,Basic,7.34,35.58,0,0,0,0,9.1
4218,40,Female,2024-12-22,2026-08-16,Canada,Standard,26.35,47.41,1,0,0,0,14.86
4219,57,Female,2023-12-21,2026-08-14,India,Standard,5.18,79.63,1,1,0,0,14.07
4220,28,Female,2025-08-09,2026-08-19,France,Basic,12.53,32.78,0,0,0,0,8.11
4221,65,Female,2025-08-30,2026-05-29,Germany,Basic,1.35,88.02,1,0,0,1,8.61
4222,49,Male,2025-04-10,2026-05-18,UK,Standard,3.02,46.91,1,1,0,1,13.77
4223,74,Female,2026-04-21,2026-08-12,France,Premium,6.85,66.19,1,0,0,0,17.58
4224,71,Male,2025-09-30,2026-05-05,Germany,Standard,8.81,43.07,1,0,0,1,13.99
4225,53,Female,2025-02-12,2026-08-12,France,Standard,15.64,28.66,0,1,0,0,13.77
4226,50,Female,2024-03-23,2026-08-19,France,Standard,5.83,8.17,1,0,0,0,13.6
4227,41,Female,2025-11-04,2026-08-14,Canada,Basic,15.42,30.54,1,0,1,0,8.92
4228,56,Female,2026-01-16,2026-08-15,USA,Standard,8.28,65.91,1,0,0,0,14.37
4229,51,Female,2025-08-11,2026-08-13,India,Premium,17.48,75.99,1,1,0,0,18.05
4230,73,Female,2024-04-21,2026-08-11,India,Standard,22.8,44.59,1,1,0,0,13.73
4231,45,Male,2024-07-10,2026-08-16,Germany,Standard,8.45,90.38,1,1,0,0,14.0
4232,54,Male,2024-12-29,2026-08-10,India,Standard,13.69,69.5,0,1,0,0,14.32
4233,24,Female,2023-12-14,2026-08-10,Canada,Standard,11.07,42.11,1,0,1,0,13.92
4234,21,Other,2025-02-27,2026-08-12,UK,Standard,2.56,30.53,0,1,0,0,13.2
4235,54,Male,2026-07-05,2026-08-19,USA,Standard,8.5,62.03,0,1,0,0,13.54
4236,73,Male,2025-02-11,2026-08-14,Germany,Standard,10.6,44.07,0,1,1,0,13.69
4237,18,Male,2026-01-02,2026-04-29,India,Basic,8.92,82.53,1,0,0,1,8.81
4238,18,Male,2025-09-15,2026-07-12,Canada,Standard,5.71,62.2,0,1,0,1,14.11
4239,64,Female,2025-11-04,2026-06-22,USA,Premium,4.46,84.77,2,1,0,1,18.25
4240,37,Female,2025-05-22,2026-08-18,USA,Basic,15.33,16.14,0,0,0,0,8.17
4241,36,Female,2024-06-02,2026-04-25,Ireland,Premium,5.14,26.16,0,0,0,1,17.31
4242,46,Female,2023-09-10,2026-08-16,USA,Basic,3.65,37.09,1,0,1,0,9.67
4243,27,Female,2024-10-20,2026-08-15,France,Basic,9.86,77.98,0,1,0,0,9.04
4244,35,Male,2024-01-13,2026-08-12,Canada,Standard,6.77,61.05,1,1,0,0,14.13
4245,45,Male,2023-10-13,2026-08-13,UK,Standard,10.49,45.65,0,0,0,0,14.03
4246,52,Female,2025-08-05,2026-08-17,Australia,Standard,9.12,71.3,1,0,0,0,14.57
4247,60,Male,2023-12-03,2026-06-27,Ireland,Basic,1.21,25.65,0,0,0,1,8.74
4248,64,Male,2025-05-09,2026-08-16,Canada,Basic,7.92,25.64,0,1,0,0,8.3
4249,48,Male,2025-04-21,2026-08-19,Canada,Standard,3.38,56.52,2,1,1,0,13.29
4250,44,Male,2024-11-04,2026-08-10,Canada,Basic,5.98,53.55,2,1,0,0,8.77
4251,28,Male,2024-10-16,2026-08-19,Germany,Standard,9.52,88.99,0,0,0,0,13.8
4252,66,Female,2025-06-24,2026-08-11,India,Standard,13.52,41.91,0,1,0,0,13.55
4253,66,Male,2024-12-24,2026-08-15,Germany,Standard,7.47,47.19,0,0,0,0,13.91
4254,55,Female,2026-06-18,2026-08-10,France,Basic,1.31,17.04,0,1,0,0,8.65
4255,22,Male,2024-01-12,2026-08-17,UK,Basic,24.71,10.94,0,1,0,0,8.97
4256,25,Female,2025-06-06,2026-08-19,France,Basic,7.5,29.63,1,1,0,0,8.76
4257,51,Female,2023-10-02,2026-05-06,Canada,Basic,10.96,48.88,1,0,0,1,9.75
4258,65,Female,2025-06-03,2026-08-18,India,Standard,6.45,67.24,0,1,0,0,13.85
4259,69,Female,2025-09-25,2026-08-15,France,Premium,11.51,85.58,0,1,0,0,18.18
4260,73,Male,2026-05-09,2026-08-04,Germany,Basic,6.55,39.18,1,0,0,1,8.65
4261,29,Male,2025-11-02,2026-08-19,Germany,Basic,0.74,79.91,2,0,0,0,8.96
4262,55,Male,2024-08-30,2026-08-18,Germany,Basic,11.73,31.08,0,1,0,0,8.18
4263,18,Male,2023-12-05,2026-07-06,UK,Premium,4.93,44.87,1,1,0,1,18.69
4264,48,Male,2024-07-19,2026-07-19,UK,Basic,2.91,56.99,1,0,0,1,8.14
4265,21,Female,2024-09-04,2026-08-14,Canada,Premium,9.12,33.48,0,1,0,0,17.85
4266,66,Female,2024-04-02,2026-06-12,Ireland,Basic,4.54,23.88,1,0,0,1,9.01
4267,62,Female,2025-08-20,2026-07-10,France,Basic,2.48,40.85,0,0,1,1,7.84
4268,67,Female,2024-07-19,2026-06-20,Canada,Basic,8.11,59.51,2,0,1,1,8.95
4269,22,Female,2024-05-08,2026-08-19,Germany,Standard,7.85,28.87,0,0,0,0,14.17
4270,47,Female,2025-06-26,2026-08-11,Australia,Standard,11.26,66.96,1,1,0,0,14.32
4271,73,Female,2024-06-21,2026-06-05,France,Standard,11.79,11.04,0,1,0,1,14.35
4272,41,Male,2024-02-19,2026-08-16,India,Basic,1.63,38.87,0,0,0,0,9.05
4273,20,Male,2023-11-22,2026-08-19,Germany,Basic,13.13,42.42,0,1,0,0,8.66
4274,28,Other,2023-12-23,2026-08-17,USA,Basic,30.17,18.99,0,0,1,0,9.93
4275,62,Female,2024-01-30,2026-08-13,Australia,Standard,1.73,59.93,0,0,0,0,13.81
4276,21,Female,2026-06-27,2026-08-19,Australia,Basic,7.78,66.28,0,1,0,0,9.62
4277,43,Male,2025-01-10,2026-07-01,India,Standard,8.32,17.59,0,0,0,1,14.07
4278,44,Female,2024-08-19,2026-05-19,Canada,Basic,4.85,78.26,0,0,0,1,9.02
4279,63,Male,2025-06-13,2026-08-15,Germany,Basic,5.21,47.32,1,0,0,0,9.39
4280,71,Male,2025-05-06,2026-08-13,Germany,Standard,0.65,47.93,0,1,0,0,14.19
4281,60,Male,2024-02-20,2026-08-14,Ireland,Basic,14.81,37.37,2,0,0,0,8.84
4282,44,Female,2024-01-07,2026-06-14,USA,Standard,2.58,76.07,0,0,0,1,13.25
4283,59,Male,2025-03-23,2026-08-11,Canada,Basic,6.82,40.81,0,0,0,0,9.47
4284,68,Male,2026-06-20,2026-08-12,UK,Basic,5.54,76.58,0,1,1,0,8.77
4285,67,Male,2025-09-02,2026-08-15,Canada,Premium,9.68,47.15,0,0,0,0,17.92
4286,23,Female,2025-01-01,2026-08-10,France,Basic,15.26,19.16,1,0,0,0,8.65
4287,32,Female,2026-07-11,2026-07-11,France,Standard,7.9,94.95,0,1,0,1,13.45
4288,70,Female,2024-09-11,2026-06-29,Australia,Premium,12.79,40.91,0,0,0,1,17.93
4289,47,Male,2024-03-22,2026-06-19,Canada,Basic,4.04,36.21,2,0,0,1,8.67
4290,59,Female,2024-01-06,2026-08-10,Ireland,Premium,6.86,47.91,1,0,0,0,18.2
4291,54,Female,2025-10-09,2026-07-20,Canada,Basic,5.9,49.83,1,0,1,1,8.94
4292,54,Female,2026-02-18,2026-08-13,Ireland,Standard,2.58,78.82,0,1,0,0,14.83
4293,59,Male,2025-07-15,2026-08-14,Australia,Standard,16.91,66.94,0,1,1,0,13.85
4294,54,Female,2025-09-23,2026-08-15,Ireland,Premium,10.97,45.78,1,1,0,0,18.15
4295,52,Other,2026-02-25,2026-08-16,India,Standard,10.45,55.84,1,1,1,0,14.93
4296,40,Male,2024-08-18,2026-08-13,India,Standard,4.52,82.6,0,0,0,0,13.78
4297,23,Male,2026-03-02,2026-08-18,France,Standard,2.72,54.6,1,0,0,0,13.22
4298,21,Male,2026-04-28,2026-08-11,Germany,Basic,3.55,70.01,0,1,0,0,8.9
4299,35,Female,2026-06-30,2026-07-20,UK,Standard,9.15,37.54,1,0,0,1,13.97
4300,26,Male,2023-09-25,2026-08-16,Australia,Basic,5.59,51.89,0,1,0,0,9.25
4301,66,Male,2023-11-27,2026-08-18,France,Standard,7.2,68.5,1,0,0,0,14.64
4302,46,Male,2025-04-24,2026-08-14,Ireland,Standard,3.29,58.71,0,1,0,0,13.9
4303,30,Female,2025-08-13,2026-08-16,USA,Premium,31.01,49.56,0,0,0,0,18.09
4304,64,Female,2025-06-23,2026-08-15,Australia,Standard,10.37,77.74,1,0,0,0,13.12
4305,69,Female,2023-10-22,2026-07-29,USA,Standard,1.77,75.22,0,0,0,1,14.24
4306,34,Female,2023-11-23,2026-08-18,UK,Basic,8.02,57.21,1,0,1,0,9.1
4307,62,Male,2026-02-13,2026-07-07,Ireland,Basic,8.75,82.62,1,0,0,1,8.52
4308,49,Female,2024-05-01,2026-08-14,Australia,Standard,18.96,71.66,1,0,0,0,15.28
4309,65,Female,2024-08-21,2026-06-09,Australia,Standard,2.25,29.88,1,0,0,1,14.1
4310,39,Male,2026-02-05,2026-08-17,UK,Standard,2.26,28.96,0,1,0,0,13.92
4311,21,Female,2026-06-17,2026-08-13,Germany,Standard,18.7,37.56,1,1,0,0,13.73
4312,22,Female,2025-11-08,2026-07-02,USA,Basic,3.23,44.85,1,0,1,1,9.48
4313,54,Female,2025-09-22,2026-06-08,Australia,Standard,7.22,60.77,0,0,1,1,13.92
4314,58,Male,2025-12-13,2026-05-27,Canada,Basic,4.09,34.99,0,0,0,1,9.17
4315,66,Other,2023-08-30,2026-08-13,USA,Basic,9.73,33.56,0,1,1,0,8.85
4316,30,Female,2023-12-29,2026-08-11,France,Basic,4.52,63.63,0,0,0,0,8.98
4317,51,Male,2025-02-27,2026-08-18,Ireland,Standard,10.07,84.76,0,0,1,0,13.97
4318,62,Male,2023-12-11,2026-08-17,UK,Standard,2.84,85.11,0,1,0,0,13.95
4319,39,Male,2025-12-18,2026-08-10,France,Basic,6.12,78.59,0,1,0,0,9.08
4320,70,Other,2025-11-18,2026-07-21,USA,Standard,3.35,66.41,0,0,0,1,13.68
4321,40,Female,2026-07-01,2026-08-10,Canada,Basic,10.23,30.19,0,0,0,0,9.56
4322,68,Male,2025-12-23,2026-08-03,India,Premium,4.21,70.87,1,0,0,1,18.05
4323,20,Male,2025-05-21,2026-08-15,Canada,Standard,20.05,61.16,0,1,1,0,14.41
4324,59,Male,2023-10-25,2026-08-13,France,Basic,4.64,83.06,0,0,0,0,9.21
4325,51,Female,2023-11-13,2026-08-13,UK,Premium,13.23,20.75,0,0,0,0,17.44
4326,49,Male,2026-05-10,2026-08-13,France,Basic,14.61,40.8,1,1,0,0,9.76
4327,62,Other,2026-01-24,2026-06-16,UK,Standard,7.58,20.07,2,0,0,1,14.11
4328,68,Female,2025-09-25,2026-05-10,India,Standard,5.81,32.35,2,0,0,1,13.57
4329,66,Female,2025-10-28,2026-08-17,USA,Basic,12.32,31.17,1,0,0,0,9.62
4330,38,Male,2025-02-16,2026-08-11,Ireland,Standard,6.77,95.99,0,0,0,0,13.32
4331,63,Male,2025-10-19,2026-05-08,Germany,Basic,1.74,7.16,1,0,0,1,9.64
4332,61,Female,2023-12-16,2026-08-17,Canada,Premium,5.89,55.88,0,0,0,0,17.93
4333,38,Male,2026-05-29,2026-06-08,UK,Basic,9.11,18.86,2,1,0,1,9.33
4334,61,Male,2024-04-30,2026-08-19,Germany,Basic,8.74,20.29,0,0,1,0,9.19
4335,28,Female,2025-03-19,2026-08-15,France,Standard,13.38,41.56,0,0,0,0,13.46
4336,56,Male,2025-03-06,2026-08-16,Germany,Basic,6.07,54.34,2,1,0,0,8.71
4337,21,Male,2025-09-17,2026-07-23,Germany,Standard,10.3,48.39,0,0,0,1,14.03
4338,68,Male,2025-05-30,2026-08-13,Ireland,Premium,8.5,40.39,1,1,1,0,18.05
4339,18,Male,2025-02-27,2026-05-21,UK,Standard,4.46,50.59,0,0,0,1,14.11
4340,45,Other,2024-01-12,2026-08-12,France,Basic,4.47,49.82,0,1,0,0,9.4
4341,41,Male,2024-10-21,2026-07-17,Canada,Standard,8.15,31.43,1,0,0,1,13.37
4342,52,Male,2024-09-23,2026-05-28,UK,Premium,7.06,59.83,0,1,0,1,18.47
4343,30,Female,2026-07-15,2026-08-15,USA,Basic,13.29,27.32,0,0,0,0,8.75
4344,64,Male,2025-05-25,2026-08-19,France,Standard,17.43,66.54,1,1,0,0,13.96
4345,51,Male,2025-06-26,2026-04-22,Canada,Basic,7.12,11.99,0,1,0,1,9.57
4346,28,Male,2025-08-21,2026-08-17,France,Premium,4.85,7.98,0,0,0,0,17.76
4347,53,Male,2025-08-17,2026-04-30,UK,Standard,7.38,45.46,0,1,0,1,14.54
4348,68,Male,2024-03-25,2026-08-17,Canada,Premium,9.92,69.37,0,1,1,0,17.52
4349,34,Male,2025-10-25,2026-08-14,USA,Premium,11.53,73.23,0,1,1,0,18.44
4350,52,Female,2026-05-17,2026-08-11,Australia,Basic,20.89,62.15,0,0,0,0,9.03
4351,35,Male,2024-09-11,2026-04-22,Canada,Basic,4.23,52.4,1,0,0,1,8.94
4352,57,Female,2024-10-02,2026-08-11,Australia,Basic,9.45,79.19,0,0,0,0,8.98
4353,39,Female,2024-05-31,2026-08-11,Germany,Basic,4.18,39.81,0,1,1,0,8.78
4354,74,Female,2025-08-26,2026-05-13,India,Standard,5.46,59.18,0,1,0,1,13.34
4355,41,Male,2025-02-18,2026-05-23,France,Standard,3.57,14.27,1,0,0,1,14.79
4356,36,Male,2024-03-11,2026-08-18,Ireland,Basic,10.86,57.27,1,1,0,0,9.24
4357,54,Female,2025-05-26,2026-08-17,USA,Standard,17.19,47.99,2,1,1,0,13.63
4358,56,Female,2025-09-15,2026-08-13,Canada,Standard,24.4,78.73,0,1,0,0,14.4
4359,38,Female,2024-04-28,2026-07-21,USA,Basic,9.92,68.53,0,0,0,1,8.65
4360,25,Male,2024-03-27,2026-08-15,Germany,Basic,6.06,49.61,0,0,0,0,8.79
4361,45,Female,2023-12-02,2026-08-17,Australia,Standard,11.45,80.26,0,0,0,0,13.94
4362,22,Male,2024-07-30,2026-06-03,Ireland,Standard,5.75,62.21,1,1,0,1,14.75
4363,34,Male,2023-08-20,2026-04-26,USA,Premium,10.96,44.39,0,0,1,1,17.64
4364,54,Male,2024-12-08,2026-08-14,Australia,Basic,14.25,82.08,1,0,1,0,9.02
4365,53,Male,2025-09-04,2026-05-19,Germany,Standard,0.68,24.91,1,1,0,1,13.95
4366,71,Female,2023-10-14,2026-05-25,Germany,Standard,10.48,9.07,1,0,0,1,14.32
4367,36,Female,2025-05-02,2026-08-16,Germany,Basic,9.76,76.31,0,0,1,0,9.07
4368,44,Female,2025-10-08,2026-08-11,France,Basic,6.39,46.04,0,1,1,0,8.24
4369,70,Female,2026-01-31,2026-08-11,India,Basic,17.02,58.54,1,0,0,0,8.68
4370,51,Female,2025-10-31,2026-08-19,France,Basic,5.71,26.3,0,1,0,0,9.16
4371,28,Female,2023-12-22,2026-08-14,Australia,Basic,1.74,33.08,2,1,0,0,9.36
4372,71,Male,2026-03-01,2026-07-01,Canada,Standard,7.98,60.53,0,1,0,1,14.31
4373,62,Female,2024-10-31,2026-08-12,UK,Standard,7.07,8.06,1,1,1,0,13.88
4374,64,Male,2024-12-05,2026-08-10,USA,Standard,10.11,61.08,0,0,0,0,14.14
4375,29,Male,2025-05-31,2026-07-25,India,Basic,5.03,18.04,2,0,1,1,8.9
4376,71,Male,2026-06-26,2026-08-12,UK,Standard,9.13,72.28,1,0,1,0,13.84
4377,38,Male,2024-11-01,2026-08-13,Germany,Standard,6.37,34.48,0,0,0,0,14.51
4378,71,Female,2026-04-18,2026-08-10,UK,Premium,10.85,37.75,1,0,0,0,18.33
4379,28,Female,2025-09-19,2026-08-12,Australia,Premium,13.71,47.56,0,0,0,0,17.86
4380,56,Male,2026-01-17,2026-08-13,France,Standard,15.17,84.23,0,1,0,0,14.62
4381,45,Other,2025-10-11,2026-08-18,Germany,Standard,3.23,58.2,0,1,0,0,13.96
4382,22,Female,2024-09-03,2026-08-17,France,Basic,7.64,79.69,1,1,0,0,8.56
4383,34,Female,2024-03-10,2026-08-19,India,Basic,1.61,67.6,1,1,0,0,9.18
4384,73,Female,2024-09-04,2026-05-05,Germany,Premium,4.96,54.85,0,1,0,1,18.09
4385,37,Male,2024-09-23,2026-08-17,Ireland,Standard,7.83,64.82,0,1,0,0,14.31
4386,58,Female,2023-09-17,2026-08-11,Ireland,Standard,7.8,59.86,1,1,1,0,13.54
4387,63,Female,2024-02-12,2026-05-19,India,Premium,4.8,48.18,0,0,0,1,17.43
4388,29,Other,2024-04-26,2026-08-17,Australia,Standard,6.16,57.19,1,0,0,0,14.18
4389,23,Female,2025-08-14,2026-07-06,Australia,Basic,5.91,28.59,0,0,1,1,8.41
4390,34,Female,2024-11-24,2026-08-11,UK,Basic,5.56,61.54,0,1,0,0,8.79
4391,68,Female,2024-07-17,2026-08-17,India,Basic,13.83,51.05,1,0,0,0,8.54
4392,36,Male,2024-04-23,2026-07-10,France,Standard,3.08,10.55,0,0,0,1,13.72
4393,43,Male,2024-01-26,2026-08-18,USA,Standard,8.67,51.94,0,1,0,0,14.15
4394,65,Male,2025-01-27,2026-08-18,India,Premium,15.91,42.6,0,0,0,0,18.4
4395,61,Male,2025-05-08,2026-06-17,UK,Standard,9.27,20.93,1,1,0,1,13.23
4396,61,Male,2023-11-06,2026-08-12,Australia,Basic,7.77,77.72,0,0,0,0,9.18
4397,69,Female,2024-09-23,2026-08-13,USA,Basic,12.1,22.07,2,0,0,0,8.52
4398,49,Female,2025-07-02,2026-05-19,India,Standard,5.43,16.41,1,1,1,1,13.31
4399,23,Other,2024-12-16,2026-05-18,UK,Premium,4.41,17.46,1,0,0,1,17.92
4400,72,Female,2026-02-11,2026-05-01,Canada,Basic,9.15,54.95,0,1,1,1,9.34
4401,53,Female,2025-05-15,2026-07-22,France,Premium,2.15,45.37,0,1,1,1,18.28
4402,55,Female,2024-11-13,2026-08-14,Canada,Basic,25.3,55.5,1,0,0,0,9.29
4403,28,Female,2025-03-20,2026-08-17,France,Basic,10.31,78.73,0,0,0,0,9.2
4404,50,Female,2025-08-12,2026-06-15,USA,Premium,6.48,14.5,1,0,0,1,18.46
4405,41,Male,2026-04-03,2026-08-10,Ireland,Basic,14.14,82.88,1,0,1,0,9.45
4406,40,Male,2024-03-24,2026-08-18,France,Standard,12.01,83.39,0,0,0,0,14.83
4407,32,Male,2025-09-23,2026-07-17,USA,Basic,3.07,57.56,0,0,0,1,8.4
4408,44,Female,2024-08-15,2026-07-12,UK,Premium,9.77,63.81,1,0,1,1,18.08
4409,28,Female,2025-10-25,2026-06-15,Germany,Premium,10.08,27.3,0,0,0,1,18.79
4410,74,Female,2025-03-30,2026-08-19,Canada,Premium,3.38,38.04,0,1,1,0,18.28
4411,68,Male,2026-01-26,2026-08-03,Germany,Basic,6.49,44.07,0,0,0,1,9.13
4412,67,Female,2025-11-24,2026-07-02,Canada,Basic,1.32,82.54,1,0,1,1,8.33
4413,34,Female,2024-02-09,2026-08-14,UK,Standard,2.13,40.52,1,0,0,0,13.19
4414,68,Male,2024-11-18,2026-06-21,Canada,Basic,6.36,28.56,0,0,0,1,8.71
4415,70,Female,2024-03-14,2026-08-13,USA,Standard,7.89,72.54,1,1,0,0,14.42
4416,31,Female,2025-03-16,2026-08-10,Germany,Standard,24.82,62.57,1,0,0,0,13.91
4417,44,Other,2026-04-13,2026-07-02,Australia,Basic,1.19,46.06,0,0,1,1,8.71
4418,35,Female,2025-08-26,2026-08-17,Germany,Standard,8.11,39.71,1,0,0,0,13.27
4419,45,Male,2025-05-02,2026-05-07,UK,Premium,5.75,13.64,2,1,0,1,18.04
4420,68,Male,2023-10-27,2026-06-21,Australia,Premium,26.64,30.55,0,0,0,1,18.16
4421,64,Male,2025-09-29,2026-04-23,Germany,Basic,12.86,30.51,0,0,0,1,9.78
4422,64,Female,2025-05-05,2026-05-27,France,Basic,11.87,59.27,0,0,0,1,8.64
4423,21,Male,2024-05-17,2026-08-10,India,Basic,4.23,21.92,0,0,1,0,8.78
4424,24,Female,2024-02-11,2026-08-13,France,Basic,8.95,54.79,0,1,1,0,8.42
4425,62,Female,2026-06-20,2026-08-14,UK,Basic,1.06,53.24,0,1,0,0,8.58
4426,52,Other,2025-05-09,2026-08-12,India,Premium,5.98,7.36,0,1,0,0,18.35
4427,65,Male,2025-10-08,2026-08-18,Ireland,Basic,12.36,80.7,1,0,0,0,8.82
4428,26,Female,2025-10-03,2026-08-19,USA,Basic,22.02,15.32,0,0,0,0,9.93
4429,25,Female,2025-07-18,2026-06-29,France,Basic,6.04,34.88,0,0,0,1,8.53
4430,69,Other,2025-03-22,2026-08-15,Canada,Basic,11.65,67.73,0,0,1,0,9.51
4431,62,Male,2025-01-12,2026-08-17,India,Basic,2.81,60.55,1,1,0,0,9.82
4432,34,Male,2026-02-03,2026-07-22,Canada,Standard,2.92,78.94,0,0,1,1,14.04
4433,34,Female,2024-06-10,2026-08-17,Canada,Standard,3.55,41.85,2,0,0,0,14.25
4434,66,Male,2026-05-04,2026-08-14,Ireland,Basic,8.73,43.57,2,0,0,0,9.21
4435,50,Male,2024-03-22,2026-08-19,USA,Basic,14.27,37.18,0,1,0,0,9.05
4436,49,Male,2024-02-10,2026-05-10,Germany,Standard,4.56,29.2,1,0,1,1,13.52
4437,25,Female,2024-09-28,2026-08-01,India,Basic,13.37,22.23,1,0,0,1,9.31
4438,36,Female,2024-12-09,2026-06-17,Germany,Basic,8.09,60.92,1,0,0,1,9.03
4439,55,Male,2024-06-19,2026-08-12,France,Premium,6.64,1.92,1,1,1,0,18.49
4440,20,Male,2025-01-02,2026-07-25,USA,Standard,8.26,31.09,0,1,0,1,14.66
4441,22,Female,2024-04-30,2026-08-18,Australia,Standard,0.98,32.04,1,0,0,0,13.51
4442,30,Female,2025-09-22,2026-05-13,USA,Premium,1.4,73.18,1,0,1,1,18.16
4443,64,Male,2025-10-01,2026-08-15,Canada,Standard,8.92,4.48,1,0,1,0,14.78
4444,63,Male,2025-09-30,2026-08-10,Germany,Premium,7.69,52.24,0,0,1,0,17.68
4445,48,Female,2026-04-03,2026-06-05,USA,Premium,5.75,2.31,1,0,0,1,18.09
4446,72,Other,2025-07-21,2026-07-21,Germany,Basic,7.72,31.67,0,0,0,1,9.12
4447,33,Other,2024-11-28,2026-07-25,USA,Premium,4.01,53.29,1,1,0,1,18.38
4448,67,Female,2024-09-11,2026-08-11,UK,Basic,4.01,89.62,1,1,0,0,9.1
4449,49,Male,2026-04-19,2026-08-10,France,Basic,14.91,41.96,0,1,1,0,9.1
4450,39,Female,2025-05-19,2026-08-11,India,Premium,8.0,38.7,0,1,0,0,17.55
4451,46,Male,2024-10-21,2026-07-04,Canada,Premium,6.97,14.91,0,0,1,1,18.39
4452,39,Female,2025-07-18,2026-08-14,USA,Standard,18.57,33.17,1,0,0,0,13.71
4453,60,Male,2026-04-07,2026-08-11,Ireland,Basic,10.92,56.56,0,1,0,0,9.44
4454,20,Female,2025-12-24,2026-05-14,USA,Standard,6.67,45.77,0,1,0,1,14.5
4455,71,Female,2023-10-13,2026-08-11,UK,Standard,14.26,63.91,1,0,0,0,13.5
4456,27,Male,2025-04-03,2026-08-13,France,Basic,11.74,65.41,1,1,0,0,8.94
4457,59,Female,2026-07-09,2026-08-16,Ireland,Premium,1.8,57.11,0,1,1,0,18.35
4458,38,Male,2025-04-11,2026-08-19,Ireland,Basic,0.93,47.61,0,0,1,0,8.4
4459,33,Male,2024-10-10,2026-08-18,France,Basic,8.9,90.9,2,0,0,0,9.12
4460,29,Male,2024-02-27,2026-08-15,USA,Basic,4.2,34.1,0,0,0,0,8.5
4461,19,Male,2025-06-30,2026-08-14,UK,Basic,10.71,37.28,1,0,0,0,9.42
4462,58,Male,2024-02-18,2026-08-03,Ireland,Standard,12.1,47.14,0,0,0,1,14.5
4463,41,Female,2025-01-12,2026-07-17,India,Basic,11.03,37.11,0,0,1,1,8.96
4464,52,Male,2023-08-23,2026-08-11,Canada,Standard,7.37,38.32,0,0,0,0,13.94
4465,73,Male,2024-10-05,2026-06-28,Australia,Basic,5.32,13.26,1,0,0,1,8.24
4466,47,Male,2024-03-08,2026-06-19,Canada,Standard,10.55,75.62,1,1,0,1,14.45
4467,74,Female,2023-11-05,2026-08-16,Germany,Standard,10.37,47.58,2,0,0,0,14.19
4468,47,Female,2025-08-02,2026-08-10,Germany,Basic,10.62,83.63,0,0,1,0,9.21
4469,64,Female,2025-02-22,2026-08-17,UK,Standard,8.68,36.7,1,1,0,0,13.96
4470,52,Female,2024-05-08,2026-08-14,Ireland,Standard,19.36,20.58,0,1,0,0,14.07
4471,36,Female,2025-08-12,2026-08-11,Canada,Standard,11.17,70.53,0,0,1,0,13.86
4472,67,Female,2025-08-19,2026-08-17,Canada,Standard,14.36,40.02,1,1,1,0,13.46
4473,25,Female,2026-06-27,2026-07-22,Australia,Premium,5.87,9.51,1,0,0,1,18.73
4474,43,Male,2024-02-17,2026-08-19,UK,Premium,10.24,40.05,1,0,1,0,17.64
4475,66,Female,2026-04-08,2026-08-14,India,Basic,3.15,92.62,0,0,0,0,8.41
4476,57,Female,2024-12-24,2026-08-18,Ireland,Standard,1.16,54.32,1,1,0,0,14.39
4477,24,Female,2024-06-06,2026-08-14,UK,Basic,7.02,51.81,0,1,0,0,8.91
4478,47,Female,2024-02-15,2026-08-16,USA,Basic,7.19,84.2,0,1,0,0,8.72
4479,24,Female,2025-11-20,2026-08-13,Canada,Basic,14.76,33.05,2,0,0,0,8.59
4480,20,Female,2025-08-13,2026-08-18,UK,Premium,7.63,82.31,0,0,0,0,18.36
4481,18,Male,2024-10-26,2026-08-14,UK,Standard,11.78,51.66,0,1,1,0,12.79
4482,53,Male,2024-03-08,2026-08-12,Australia,Basic,13.5,75.95,1,1,0,0,9.26
4483,42,Male,2026-01-29,2026-07-11,India,Basic,17.12,12.75,0,1,0,1,8.91
4484,54,Female,2026-04-09,2026-07-01,USA,Premium,25.16,35.05,0,0,0,1,18.37
4485,18,Female,2026-02-11,2026-08-13,Germany,Basic,4.55,58.25,1,0,1,0,9.43
4486,32,Female,2024-08-06,2026-08-14,Canada,Basic,6.09,60.85,1,0,0,0,9.61
4487,54,Female,2025-01-10,2026-04-24,Australia,Premium,10.94,8.62,0,0,0,1,18.81
4488,30,Female,2024-12-22,2026-08-10,India,Standard,2.59,55.93,0,0,0,0,13.3
4489,57,Female,2026-01-06,2026-07-27,India,Basic,1.16,48.68,1,0,0,1,8.21
4490,25,Female,2023-11-05,2026-08-17,UK,Standard,8.86,55.34,0,1,0,0,14.04
4491,22,Female,2023-12-30,2026-05-12,Canada,Premium,2.29,42.83,1,0,0,1,18.25
4492,26,Female,2026-05-12,2026-07-11,France,Premium,8.43,74.08,0,0,1,1,17.86
4493,18,Male,2024-03-30,2026-08-18,Germany,Basic,7.27,78.43,1,0,0,0,7.94
4494,53,Female,2025-11-16,2026-08-12,France,Basic,27.6,49.81,2,0,0,0,8.91
4495,52,Male,2025-08-26,2026-05-05,France,Basic,11.3,23.02,0,0,0,1,9.22
4496,19,Male,2026-02-13,2026-07-29,France,Standard,3.05,14.81,2,1,0,1,13.56
4497,57,Female,2024-01-15,2026-08-17,India,Standard,5.27,42.35,0,0,1,0,13.88
4498,40,Female,2024-08-22,2026-08-18,UK,Basic,10.42,38.18,0,1,0,0,8.7
4499,26,Other,2024-07-08,2026-08-11,India,Standard,8.06,53.0,0,0,1,0,13.35
4500,51,Male,2024-12-13,2026-08-19,USA,Standard,15.66,36.74,2,1,0,0,13.55
4501,63,Female,2026-05-27,2026-07-06,India,Standard,19.96,17.66,0,0,0,1,14.06
4502,31,Male,2025-03-22,2026-07-27,Canada,Premium,5.7,30.53,0,1,0,1,18.29
4503,21,Male,2025-06-06,2026-06-16,India,Standard,4.15,41.45,1,1,0,1,13.95
4504,47,Male,2023-12-04,2026-08-15,India,Basic,3.18,59.71,0,0,0,0,8.68
4505,48,Male,2024-01-28,2026-08-10,France,Standard,18.82,58.86,0,0,0,0,14.0
4506,55,Male,2024-07-24,2026-07-18,Australia,Premium,4.6,75.05,1,1,0,1,18.21
4507,28,Male,2023-09-16,2026-07-07,USA,Basic,12.65,82.64,0,0,1,1,8.77
4508,52,Male,2026-02-24,2026-08-13,Germany,Premium,15.69,52.93,0,1,0,0,18.32
4509,25,Female,2023-09-06,2026-08-14,Germany,Basic,4.23,71.72,0,1,0,0,8.81
4510,20,Male,2025-08-22,2026-06-23,Canada,Basic,2.18,3.46,0,0,0,1,9.2
4511,31,Female,2025-10-04,2026-08-16,Germany,Basic,19.42,67.18,1,1,0,0,8.27
4512,30,Female,2024-12-28,2026-08-18,Ireland,Premium,5.39,62.84,0,0,0,0,18.7
4513,62,Female,2024-05-21,2026-08-16,Australia,Standard,3.97,61.55,2,0,0,0,14.39
4514,49,Female,2024-01-24,2026-08-12,Canada,Basic,12.88,64.86,1,1,0,0,8.75
4515,51,Female,2026-06-24,2026-07-01,India,Premium,11.33,37.52,1,0,0,1,18.24
4516,62,Female,2024-01-07,2026-08-11,Ireland,Standard,23.99,4.94,0,1,0,0,14.26
4517,36,Male,2025-06-28,2026-07-19,Germany,Premium,6.11,37.52,1,0,0,1,17.37
4518,55,Female,2025-11-13,2026-08-12,India,Basic,24.0,29.97,0,0,0,0,9.18
4519,33,Female,2026-03-01,2026-08-13,Canada,Basic,8.26,61.81,1,1,1,0,8.46
4520,19,Male,2025-10-27,2026-08-14,France,Standard,9.38,50.88,0,0,0,0,14.08
4521,57,Male,2025-12-18,2026-07-26,Ireland,Standard,6.22,39.77,0,0,1,1,13.47
4522,34,Male,2025-03-19,2026-08-15,Germany,Standard,2.62,29.66,0,0,1,0,13.18
4523,72,Female,2025-03-12,2026-08-19,UK,Standard,6.91,52.73,0,1,1,0,13.65
4524,51,Male,2025-03-28,2026-08-19,UK,Standard,4.88,58.27,0,1,0,0,13.73
4525,59,Female,2024-10-16,2026-07-13,USA,Basic,5.86,32.39,1,0,1,1,9.32
4526,33,Male,2026-07-20,2026-07-20,UK,Standard,9.1,60.02,1,1,0,1,13.46
4527,55,Female,2023-09-22,2026-08-12,France,Basic,2.74,75.49,2,0,0,0,8.91
4528,19,Male,2024-04-01,2026-08-11,Ireland,Basic,3.04,45.11,1,0,1,0,8.83
4529,19,Male,2025-07-06,2026-08-19,France,Basic,2.88,59.92,1,1,0,0,9.55
4530,43,Female,2024-03-29,2026-07-16,Australia,Standard,19.52,22.96,1,0,0,1,13.54
4531,30,Male,2025-09-22,2026-08-10,UK,Premium,0.84,76.91,0,0,0,0,18.13
4532,73,Male,2024-10-09,2026-08-14,Canada,Basic,7.3,37.81,0,0,0,0,9.43
4533,64,Male,2024-05-03,2026-08-19,Canada,Basic,11.71,32.96,1,1,0,0,8.85
4534,48,Female,2025-08-16,2026-08-12,Canada,Basic,6.42,73.11,0,1,0,0,9.16
4535,51,Female,2023-10-26,2026-08-17,UK,Premium,5.85,50.37,0,0,1,0,17.75
4536,56,Female,2024-09-23,2026-08-12,India,Standard,4.21,89.92,0,1,0,0,14.07
4537,20,Female,2025-06-12,2026-08-17,France,Premium,7.05,66.2,0,0,0,0,18.51
4538,25,Male,2025-11-16,2026-08-18,UK,Premium,7.85,80.34,0,1,0,0,18.56
4539,40,Female,2025-01-08,2026-08-02,USA,Basic,6.84,52.34,3,1,0,1,9.13
4540,31,Female,2024-06-03,2026-08-16,Australia,Basic,8.19,39.17,1,1,0,0,8.71
4541,73,Male,2026-04-01,2026-06-20,India,Standard,11.64,24.74,0,0,0,1,13.77
4542,72,Male,2023-11-06,2026-08-14,Australia,Basic,12.91,60.55,1,0,0,0,8.96
4543,44,Male,2024-04-29,2026-08-18,India,Basic,11.33,79.5,0,0,1,0,9.67
4544,71,Female,2024-01-03,2026-08-13,India,Basic,15.09,64.34,1,1,0,0,8.86
4545,46,Male,2024-02-16,2026-07-25,Germany,Standard,9.23,38.15,0,0,0,1,14.14
4546,56,Female,2024-01-24,2026-08-10,USA,Standard,6.93,78.2,1,0,0,0,14.79
4547,70,Male,2024-05-21,2026-08-10,Ireland,Basic,4.48,26.81,0,0,0,0,8.69
4548,56,Male,2025-10-02,2026-08-19,Canada,Standard,6.89,72.18,1,0,0,0,14.32
4549,18,Male,2026-01-27,2026-08-15,UK,Basic,4.5,66.56,0,0,0,0,8.79
4550,34,Male,2026-04-03,2026-06-30,Germany,Standard,11.46,31.02,2,0,0,1,13.6
4551,58,Male,2023-12-02,2026-08-14,Germany,Standard,8.24,82.3,0,0,0,0,13.94
4552,47,Male,2024-03-25,2026-08-11,India,Basic,2.92,32.83,0,1,1,0,9.2
4553,70,Male,2023-09-17,2026-08-12,UK,Standard,11.59,13.69,1,0,0,0,13.41
4554,30,Male,2024-08-27,2026-08-14,USA,Standard,5.37,57.34,0,0,1,0,14.45
4555,38,Male,2023-11-30,2026-08-19,Germany,Basic,12.86,27.65,0,0,1,0,9.42
4556,36,Other,2026-06-08,2026-06-26,Australia,Basic,2.88,48.31,1,0,0,1,9.19
4557,70,Female,2025-04-16,2026-08-11,USA,Premium,7.82,77.06,1,0,0,0,17.74
4558,36,Female,2024-08-15,2026-08-11,UK,Basic,3.16,48.83,0,1,0,0,9.29
4559,74,Male,2023-09-22,2026-08-17,India,Standard,11.08,79.6,1,0,0,0,14.39
4560,42,Male,2026-02-22,2026-06-10,USA,Premium,9.93,27.48,1,0,0,1,17.8
4561,39,Male,2025-08-17,2026-08-10,India,Basic,6.75,46.96,1,1,1,0,8.84
4562,48,Female,2023-10-22,2026-08-17,Australia,Basic,8.77,65.61,0,1,0,0,8.82
4563,34,Female,2025-12-09,2026-08-14,Canada,Premium,6.0,26.7,2,0,0,0,17.77
4564,72,Male,2025-08-01,2026-08-12,India,Basic,6.34,59.78,0,0,0,0,9.18
4565,40,Female,2025-01-12,2026-08-17,India,Standard,19.12,67.74,2,1,0,0,14.38
4566,49,Female,2026-05-16,2026-08-11,France,Standard,10.71,59.65,0,1,1,0,14.3
4567,27,Male,2024-11-07,2026-08-16,UK,Standard,8.9,57.03,0,1,0,0,14.17
4568,27,Male,2026-04-28,2026-06-05,Australia,Premium,4.72,60.61,2,0,0,1,17.71
4569,53,Female,2025-12-06,2026-08-15,UK,Premium,21.34,79.25,0,0,0,0,17.98
4570,25,Female,2024-02-10,2026-08-17,Australia,Standard,7.85,35.15,0,0,0,0,14.49
4571,71,Male,2023-10-12,2026-08-16,Australia,Premium,11.01,74.98,0,0,0,0,18.6
4572,69,Male,2026-07-01,2026-07-01,Germany,Premium,1.19,12.58,0,0,0,1,17.59
4573,37,Female,2023-08-27,2026-07-09,Germany,Premium,6.37,36.57,1,1,0,1,18.04
4574,49,Male,2024-06-26,2026-08-10,Germany,Standard,26.98,83.22,0,0,0,0,14.87
4575,67,Female,2023-12-23,2026-08-10,Canada,Basic,5.33,62.96,0,0,0,0,8.83
4576,31,Female,2025-10-24,2026-06-03,Canada,Standard,0.7,33.53,2,0,0,1,14.17
4577,67,Male,2025-06-10,2026-08-15,Australia,Basic,6.06,44.98,0,1,0,0,9.69
4578,45,Male,2025-09-20,2026-08-14,Ireland,Basic,16.83,79.72,0,1,0,0,9.3
4579,63,Female,2023-10-16,2026-08-13,UK,Basic,5.7,44.43,0,0,0,0,9.3
4580,69,Male,2024-05-02,2026-08-11,Germany,Premium,13.52,45.84,1,0,1,0,17.81
4581,70,Male,2023-09-02,2026-08-16,UK,Basic,28.15,56.56,2,1,0,0,8.86
4582,41,Female,2025-06-25,2026-08-14,India,Standard,17.84,41.53,1,0,0,0,13.43
4583,32,Male,2024-01-24,2026-08-10,Australia,Standard,9.23,90.34,0,1,0,0,14.46
4584,39,Male,2026-03-01,2026-07-21,USA,Basic,6.99,46.23,0,0,0,1,8.97
4585,47,Male,2024-10-13,2026-08-10,Australia,Standard,8.49,14.49,0,0,0,0,13.87
4586,21,Female,2024-05-03,2026-08-15,Canada,Standard,6.88,67.82,1,0,0,0,14.26
4587,30,Male,2023-12-16,2026-08-10,Ireland,Premium,5.68,28.97,0,0,0,0,18.08
4588,40,Other,2025-11-18,2026-08-16,USA,Basic,9.28,38.63,0,0,1,0,8.54
4589,25,Female,2024-06-15,2026-08-15,UK,Basic,6.71,60.53,0,0,0,0,8.91
4590,35,Male,2024-02-26,2026-05-08,Canada,Standard,4.89,68.73,3,0,1,1,14.59
4591,29,Male,2024-01-21,2026-08-12,Germany,Basic,1.91,40.0,3,0,0,0,8.83
4592,72,Male,2023-09-26,2026-08-18,USA,Basic,3.43,26.41,2,1,0,0,8.86
4593,48,Female,2024-01-13,2026-08-10,Canada,Basic,8.04,76.74,0,0,0,0,8.3
4594,31,Female,2023-12-25,2026-08-11,UK,Standard,5.07,23.1,0,0,0,0,14.04
4595,51,Female,2025-04-28,2026-08-12,Australia,Basic,5.09,18.35,0,1,1,0,9.06
4596,35,Male,2025-10-28,2026-07-31,UK,Standard,5.1,76.91,0,0,1,1,14.47
4597,73,Female,2025-11-13,2026-04-27,USA,Premium,4.59,36.53,0,0,0,1,18.18
4598,51,Male,2023-12-09,2026-08-14,France,Standard,5.3,85.09,0,1,0,0,13.95
4599,28,Female,2025-01-24,2026-07-16,USA,Basic,5.6,63.11,2,1,0,1,9.4
4600,58,Female,2024-10-27,2026-08-16,Australia,Standard,10.51,61.72,1,1,0,0,14.09
4601,29,Male,2024-01-26,2026-08-19,USA,Basic,2.77,42.52,0,0,0,0,9.05
4602,66,Male,2025-02-15,2026-08-17,Ireland,Basic,14.13,41.26,0,1,0,0,9.62
4603,32,Female,2024-02-18,2026-08-16,Germany,Basic,10.43,84.02,0,0,0,0,9.07
4604,74,Female,2024-07-17,2026-08-11,Canada,Basic,9.48,33.64,1,0,0,0,8.98
4605,48,Male,2026-02-27,2026-08-19,Australia,Standard,6.55,33.35,0,1,0,0,14.14
4606,66,Male,2023-12-20,2026-06-28,UK,Premium,1.7,56.79,1,0,0,1,17.75
4607,46,Female,2025-01-02,2026-05-14,UK,Premium,14.81,33.79,2,0,1,1,18.76
4608,43,Male,2026-05-12,2026-08-14,Germany,Basic,7.86,56.82,1,0,1,0,8.68
4609,35,Male,2024-10-26,2026-08-17,USA,Standard,20.46,91.7,0,0,0,0,14.59
4610,49,Male,2024-02-13,2026-08-17,USA,Basic,5.71,73.52,1,1,0,0,9.28
4611,39,Male,2024-05-11,2026-08-19,UK,Standard,1.69,94.08,0,1,0,0,14.18
4612,55,Female,2026-01-22,2026-07-06,Germany,Basic,9.73,37.2,2,1,0,1,9.11
4613,34,Other,2024-12-05,2026-08-15,UK,Premium,8.95,14.65,2,0,0,0,18.16
4614,40,Female,2024-12-31,2026-08-18,USA,Premium,11.54,33.38,0,1,0,0,18.53
4615,41,Male,2024-08-29,2026-08-18,Australia,Basic,10.93,90.02,0,0,0,0,8.93
4616,67,Female,2024-09-24,2026-08-15,Canada,Standard,10.64,3.18,0,1,0,0,14.6
4617,25,Female,2025-06-10,2026-08-19,USA,Standard,13.42,84.34,0,0,0,0,13.73
4618,58,Male,2023-11-08,2026-08-17,Australia,Standard,4.46,24.49,0,1,0,0,13.62
4619,23,Female,2024-10-22,2026-08-15,Canada,Standard,2.47,69.47,1,1,0,0,14.69
4620,22,Male,2023-08-25,2026-08-13,India,Standard,12.59,28.54,3,0,0,0,13.77
4621,61,Other,2025-02-19,2026-08-16,Ireland,Premium,12.24,72.87,0,0,0,0,17.8
4622,74,Male,2024-03-23,2026-08-16,Germany,Standard,4.75,54.29,2,0,1,0,13.85
4623,46,Female,2024-01-25,2026-08-12,Australia,Standard,8.07,6.61,0,0,0,0,14.33
4624,45,Male,2025-09-08,2026-07-24,Ireland,Premium,17.64,14.82,0,1,1,1,17.83
4625,28,Male,2026-06-24,2026-06-24,USA,Premium,6.93,66.41,0,0,0,1,18.15
4626,74,Male,2026-05-27,2026-08-10,India,Basic,2.4,49.55,2,0,0,0,8.05
4627,18,Female,2025-11-14,2026-08-11,Germany,Basic,2.31,39.16,0,0,1,0,8.4
4628,60,Female,2025-10-21,2026-06-15,Australia,Standard,7.88,61.95,2,0,0,1,13.72
4629,36,Female,2026-01-11,2026-08-17,India,Premium,12.15,18.11,0,1,0,0,17.75
4630,26,Female,2024-12-23,2026-08-18,France,Basic,12.31,82.07,0,0,0,0,7.76
4631,44,Female,2024-03-16,2026-07-13,USA,Standard,9.56,77.63,2,0,1,1,13.85
4632,51,Male,2024-11-12,2026-06-29,Germany,Basic,1.78,59.64,0,1,0,1,8.94
4633,61,Male,2023-10-07,2026-08-15,France,Standard,1.94,33.47,0,1,0,0,14.59
4634,21,Female,2024-09-16,2026-08-10,Germany,Premium,10.41,71.24,0,0,0,0,17.9
4635,53,Female,2024-09-06,2026-05-11,USA,Standard,6.44,25.08,3,1,1,1,13.16
4636,35,Female,2026-04-03,2026-08-13,USA,Standard,1.25,23.53,0,0,0,0,14.09
4637,32,Male,2024-10-07,2026-08-19,India,Premium,6.4,87.23,0,1,1,0,18.2
4638,68,Male,2023-11-13,2026-08-13,India,Basic,5.04,81.5,0,1,1,0,8.69
4639,30,Female,2025-12-07,2026-06-20,Australia,Premium,9.9,42.49,0,1,1,1,18.74
4640,36,Female,2025-08-02,2026-08-13,Germany,Basic,1.58,74.18,0,1,0,0,9.52
4641,66,Male,2026-02-26,2026-07-13,Australia,Standard,4.92,77.66,1,1,0,1,13.69
4642,23,Female,2024-01-18,2026-08-10,India,Standard,6.08,40.27,2,1,0,0,14.63
4643,65,Female,2025-10-21,2026-08-19,Germany,Standard,8.91,44.22,0,1,0,0,14.45
4644,73,Male,2025-02-02,2026-07-24,Australia,Premium,1.06,32.72,0,0,1,1,17.76
4645,29,Female,2025-04-17,2026-08-13,USA,Premium,3.68,48.19,0,1,0,0,18.05
4646,68,Female,2023-12-23,2026-06-13,USA,Premium,7.78,32.69,2,0,0,1,17.09
4647,54,Female,2023-09-20,2026-08-12,France,Basic,7.9,72.73,1,0,0,0,9.09
4648,34,Female,2026-01-21,2026-08-17,UK,Basic,12.92,76.72,1,1,0,0,9.14
4649,40,Female,2026-06-22,2026-08-18,India,Standard,2.52,53.98,3,0,0,0,14.51
4650,43,Male,2025-02-04,2026-07-31,Australia,Premium,7.73,48.11,1,1,0,1,18.05
4651,46,Male,2023-09-26,2026-07-17,UK,Standard,6.68,27.29,0,0,0,1,13.98
4652,50,Male,2026-03-03,2026-06-16,UK,Premium,8.58,19.41,0,0,0,1,18.29
4653,44,Male,2023-09-03,2026-08-18,Ireland,Premium,10.51,12.46,0,0,0,0,18.13
4654,42,Male,2026-04-14,2026-08-15,Germany,Standard,10.89,70.95,0,1,0,0,14.06
4655,73,Male,2025-11-01,2026-04-26,Canada,Premium,3.58,68.26,1,0,0,1,18.1
4656,72,Male,2026-07-02,2026-07-02,Ireland,Premium,10.02,62.58,0,0,0,1,17.89
4657,27,Male,2026-07-09,2026-08-10,India,Premium,6.2,53.46,2,0,0,0,16.91
4658,64,Female,2025-01-30,2026-08-19,France,Standard,7.21,51.78,0,1,0,0,14.14
4659,40,Male,2025-11-04,2026-06-17,Germany,Premium,6.96,33.82,2,0,0,1,17.56
4660,38,Female,2026-06-27,2026-08-17,Canada,Basic,10.13,76.63,0,0,1,0,8.39
4661,38,Female,2023-09-23,2026-08-13,UK,Standard,2.38,0.79,1,0,0,0,14.02
4662,60,Male,2025-12-05,2026-07-02,France,Basic,9.78,57.96,0,1,0,1,8.95
4663,30,Female,2025-07-10,2026-08-15,Canada,Basic,13.57,47.69,0,1,0,0,8.85
4664,54,Female,2025-12-09,2026-08-13,USA,Premium,20.73,38.83,1,0,0,0,18.49
4665,50,Male,2024-07-15,2026-08-13,India,Standard,6.09,29.35,0,0,0,0,15.01
4666,41,Male,2025-11-06,2026-08-02,France,Basic,3.29,67.49,3,0,0,1,8.38
4667,61,Male,2025-02-21,2026-08-14,USA,Basic,1.57,15.92,1,0,0,0,9.07
4668,28,Male,2024-04-09,2026-08-17,Australia,Premium,12.29,29.46,1,1,0,0,18.06
4669,34,Male,2024-08-19,2026-05-31,France,Premium,7.7,37.05,1,0,1,1,18.27
4670,21,Female,2024-01-22,2026-08-10,France,Basic,3.5,70.38,3,0,0,0,9.22
4671,64,Female,2024-08-21,2026-06-18,Germany,Premium,7.39,64.65,1,0,0,1,18.32
4672,42,Female,2025-05-09,2026-07-09,Ireland,Basic,9.19,15.86,0,0,0,1,9.23
4673,47,Male,2026-06-14,2026-08-12,India,Standard,8.1,38.13,2,1,0,0,15.11
4674,26,Male,2026-04-06,2026-08-14,UK,Standard,27.44,16.44,1,0,0,0,14.76
4675,38,Male,2024-11-13,2026-05-20,India,Premium,9.78,71.51,0,0,0,1,17.21
4676,37,Male,2025-12-01,2026-04-26,Germany,Premium,7.46,88.06,1,0,0,1,17.81
4677,36,Male,2024-03-06,2026-08-13,France,Basic,3.07,39.17,1,1,0,0,8.48
4678,36,Female,2023-09-14,2026-08-17,UK,Standard,22.61,94.25,0,0,1,0,14.66
4679,29,Male,2023-12-04,2026-08-17,USA,Basic,2.99,39.12,1,0,0,0,9.14
4680,54,Female,2025-10-16,2026-07-15,India,Standard,5.8,42.85,1,0,0,1,14.17
4681,59,Male,2026-03-18,2026-07-27,Ireland,Standard,7.31,20.98,1,1,0,1,14.13
4682,34,Other,2024-09-14,2026-08-10,Ireland,Basic,20.98,74.11,1,1,0,0,9.41
4683,54,Female,2024-08-05,2026-04-22,USA,Standard,3.84,45.6,0,1,0,1,13.29
4684,71,Female,2024-09-22,2026-08-15,Canada,Basic,4.13,90.25,0,0,1,0,8.05
4685,65,Male,2024-01-20,2026-06-20,Ireland,Standard,4.93,16.21,2,1,0,1,14.35
4686,56,Female,2025-06-21,2026-05-13,Canada,Standard,2.05,16.4,0,1,1,1,13.89
4687,45,Female,2024-06-08,2026-08-14,UK,Standard,14.82,76.53,0,0,1,0,13.9
4688,58,Female,2026-01-16,2026-06-04,Ireland,Premium,2.72,17.01,1,0,0,1,17.6
4689,52,Female,2025-04-11,2026-05-31,Australia,Basic,6.02,90.06,2,0,0,1,8.44
4690,64,Female,2025-04-19,2026-06-09,France,Standard,3.29,32.23,0,0,0,1,14.35
4691,65,Male,2023-10-24,2026-08-16,USA,Standard,7.37,3.76,1,1,1,0,13.72
4692,35,Female,2026-05-08,2026-08-10,France,Basic,2.34,20.03,0,0,0,0,8.74
4693,31,Female,2024-10-27,2026-05-05,France,Basic,8.84,75.63,1,0,0,1,8.67
4694,52,Male,2023-09-17,2026-08-11,India,Premium,8.56,27.62,0,1,0,0,17.26
4695,61,Male,2024-04-02,2026-08-19,Canada,Standard,3.17,30.15,0,1,0,0,14.0
4696,58,Male,2024-01-21,2026-05-11,Australia,Standard,15.19,50.03,2,0,0,1,14.09
4697,24,Female,2024-05-18,2026-08-17,UK,Standard,21.06,38.46,2,1,0,0,14.33
4698,58,Male,2026-06-02,2026-08-02,UK,Premium,9.59,41.31,0,1,1,1,17.76
4699,30,Male,2023-11-28,2026-08-14,Ireland,Basic,8.22,78.97,1,1,0,0,8.19
4700,35,Male,2025-07-27,2026-08-02,Ireland,Premium,1.76,60.03,1,1,0,1,18.36
4701,54,Female,2025-11-21,2026-06-04,Australia,Basic,6.61,68.87,0,1,0,1,8.92
4702,30,Male,2026-05-26,2026-06-06,Germany,Standard,8.49,54.47,0,1,0,1,13.26
4703,53,Female,2024-02-23,2026-07-26,Germany,Basic,3.26,58.04,0,0,0,1,9.47
4704,48,Male,2025-11-08,2026-05-11,Ireland,Premium,1.14,33.96,0,0,0,1,17.08
4705,19,Female,2026-07-16,2026-07-16,Germany,Standard,0.42,27.33,0,0,0,1,13.96
4706,33,Other,2025-08-26,2026-07-28,USA,Standard,1.61,12.24,1,0,1,1,13.33
4707,26,Male,2026-04-14,2026-08-14,Australia,Basic,9.41,38.7,0,0,0,0,8.98
4708,26,Male,2023-11-13,2026-06-04,USA,Standard,3.8,29.34,0,0,0,1,13.72
4709,55,Female,2023-10-22,2026-08-11,Germany,Basic,16.16,45.07,2,0,0,0,8.76
4710,28,Male,2024-05-29,2026-07-27,Ireland,Standard,4.07,25.72,3,0,0,1,13.6
4711,71,Male,2024-12-21,2026-08-18,France,Premium,4.15,67.68,0,1,0,0,17.99
4712,73,Female,2025-08-28,2026-05-13,France,Standard,7.22,40.99,0,1,1,1,14.97
4713,39,Other,2025-11-20,2026-08-03,USA,Basic,2.45,76.53,2,1,0,1,9.18
4714,50,Female,2025-07-19,2026-04-27,UK,Premium,2.96,57.79,1,1,0,1,18.08
4715,53,Male,2024-06-07,2026-08-11,India,Premium,4.78,75.28,1,1,0,0,18.13
4716,62,Male,2024-07-27,2026-08-18,France,Standard,9.66,28.93,1,1,0,0,14.43
4717,40,Male,2025-11-29,2026-08-11,France,Standard,11.3,21.3,1,0,0,0,14.21
4718,62,Female,2024-10-07,2026-06-21,Ireland,Premium,7.2,32.95,1,0,0,1,18.17
4719,62,Female,2025-08-22,2026-04-26,Australia,Standard,3.73,46.41,1,0,0,1,13.14
4720,51,Female,2025-03-13,2026-06-26,Canada,Standard,4.64,25.43,0,0,0,1,14.01
4721,26,Male,2025-07-17,2026-05-14,Canada,Standard,12.62,66.21,0,0,1,1,13.65
4722,41,Female,2026-04-17,2026-08-12,Ireland,Basic,39.5,11.8,0,1,0,0,9.3
4723,25,Male,2024-01-26,2026-08-14,Germany,Premium,20.63,48.03,0,0,0,0,17.91
4724,24,Male,2024-05-10,2026-08-13,France,Standard,7.38,74.64,1,0,0,0,14.42
4725,53,Female,2025-12-25,2026-08-13,France,Standard,13.0,41.02,0,1,0,0,13.54
4726,35,Male,2024-11-21,2026-04-28,USA,Basic,10.81,72.93,2,1,0,1,9.44
4727,20,Female,2025-04-04,2026-08-18,USA,Basic,9.14,50.2,0,1,1,0,9.39
4728,45,Female,2023-09-23,2026-08-18,Ireland,Standard,7.27,75.47,2,1,1,0,14.29
4729,23,Female,2026-03-07,2026-08-10,UK,Standard,11.85,78.69,0,0,1,0,14.13
4730,61,Female,2024-11-18,2026-08-18,Australia,Standard,5.22,68.12,1,1,1,0,14.42
4731,61,Female,2024-01-22,2026-08-16,Germany,Basic,7.36,91.79,2,1,0,0,9.11
4732,38,Female,2025-11-02,2026-08-17,France,Basic,21.27,75.24,0,0,0,0,9.3
4733,45,Male,2025-04-19,2026-06-18,UK,Standard,14.97,75.85,0,0,0,1,14.13
4734,57,Male,2025-12-01,2026-08-11,Ireland,Standard,10.35,77.35,0,1,0,0,13.86
4735,71,Female,2026-04-11,2026-08-10,Ireland,Basic,9.76,37.81,1,0,1,0,9.68
4736,71,Female,2026-02-24,2026-08-19,France,Basic,17.7,42.9,1,0,0,0,9.17
4737,18,Female,2024-08-03,2026-08-19,UK,Premium,11.5,57.75,0,1,0,0,17.89
4738,53,Male,2025-03-01,2026-08-18,Canada,Basic,7.05,60.39,1,1,1,0,9.45
4739,38,Male,2025-01-09,2026-08-14,Ireland,Premium,5.04,53.46,1,1,1,0,18.63
4740,60,Male,2026-04-08,2026-08-10,Australia,Basic,15.2,44.31,1,0,0,0,8.26
4741,52,Female,2025-08-19,2026-05-15,India,Standard,4.44,40.4,1,1,0,1,14.12
4742,30,Female,2025-05-01,2026-06-19,Germany,Basic,7.32,40.89,1,1,0,1,8.78
4743,74,Female,2024-07-17,2026-08-17,UK,Premium,5.92,82.0,0,0,0,0,18.95
4744,66,Male,2025-05-03,2026-06-04,Canada,Basic,7.62,28.96,2,0,0,1,9.66
4745,71,Male,2026-03-25,2026-06-25,UK,Basic,8.96,10.71,1,1,0,1,8.51
4746,71,Female,2024-01-04,2026-08-15,Canada,Basic,8.09,45.48,1,0,0,0,9.06
4747,27,Female,2024-07-28,2026-08-17,Canada,Premium,2.11,20.49,1,0,0,0,17.69
4748,70,Male,2024-12-31,2026-07-07,Australia,Premium,4.11,59.48,3,0,0,1,16.94
4749,61,Female,2026-04-24,2026-04-25,Germany,Basic,3.88,35.89,1,1,1,1,8.41
4750,64,Male,2025-04-01,2026-08-10,Ireland,Basic,6.47,66.17,0,1,0,0,8.98
4751,70,Female,2025-09-29,2026-05-15,Canada,Standard,3.65,30.58,1,0,0,1,13.67
4752,27,Female,2024-07-31,2026-08-11,Ireland,Premium,12.18,87.43,1,0,1,0,18.11
4753,63,Female,2023-10-30,2026-08-16,Germany,Standard,5.87,37.24,0,0,0,0,13.86
4754,30,Female,2024-03-29,2026-08-16,Ireland,Premium,14.38,64.58,0,1,0,0,18.07
4755,54,Male,2024-09-03,2026-08-17,France,Basic,2.66,13.2,0,1,1,0,9.23
4756,55,Female,2024-10-20,2026-08-14,Australia,Basic,4.67,51.46,1,0,1,0,8.99
4757,41,Female,2023-12-03,2026-08-12,Australia,Basic,4.87,62.4,2,0,0,0,9.48
4758,19,Female,2023-12-29,2026-08-10,USA,Standard,3.33,36.3,0,0,0,0,14.43
4759,39,Female,2024-02-12,2026-08-11,Australia,Standard,3.3,45.96,0,0,0,0,13.83
4760,34,Male,2024-01-19,2026-04-29,Canada,Basic,16.49,65.57,3,0,0,1,9.93
4761,53,Female,2025-06-10,2026-08-10,Germany,Basic,7.42,85.13,0,1,1,0,8.77
4762,31,Female,2026-03-24,2026-04-23,Australia,Standard,7.5,48.98,1,0,0,1,13.65
4763,27,Male,2025-08-14,2026-08-19,UK,Basic,14.7,72.58,0,1,1,0,9.43
4764,52,Female,2025-09-11,2026-08-13,Germany,Basic,19.08,65.34,0,1,0,0,8.61
4765,42,Male,2026-02-08,2026-08-15,Canada,Premium,22.11,3.53,1,1,1,0,18.06
4766,20,Male,2025-10-01,2026-08-01,Germany,Basic,5.25,41.3,2,0,0,1,8.97
4767,64,Male,2024-08-30,2026-08-10,Australia,Basic,3.99,16.11,0,0,1,0,9.22
4768,55,Female,2024-09-16,2026-07-31,UK,Standard,9.16,26.39,2,1,0,1,13.95
4769,34,Female,2025-06-17,2026-08-17,USA,Premium,3.34,38.25,0,0,0,0,18.14
4770,29,Female,2024-01-24,2026-04-25,Canada,Standard,5.06,15.55,0,0,0,1,13.21
4771,71,Female,2025-03-21,2026-08-18,India,Basic,11.0,31.13,0,0,0,0,8.87
4772,69,Male,2023-09-07,2026-08-15,France,Premium,15.99,50.94,0,1,0,0,18.26
4773,41,Male,2024-07-02,2026-05-17,Canada,Standard,1.12,72.74,0,1,0,1,14.17
4774,46,Male,2025-11-23,2026-05-10,Germany,Basic,2.3,5.66,0,0,0,1,8.43
4775,60,Female,2025-09-13,2026-05-25,India,Standard,8.35,76.67,2,0,0,1,13.86
4776,42,Female,2025-09-03,2026-06-18,India,Standard,9.57,22.01,1,0,1,1,14.04
4777,53,Male,2024-09-17,2026-08-10,Ireland,Standard,19.12,52.34,3,0,1,0,13.28
4778,43,Female,2024-12-26,2026-08-15,India,Premium,10.9,39.73,1,1,1,0,18.24
4779,55,Female,2025-06-02,2026-06-01,Ireland,Standard,8.19,61.15,1,0,0,1,13.92
4780,18,Male,2025-06-14,2026-07-10,France,Premium,6.24,43.29,2,0,0,1,17.82
4781,37,Female,2026-05-23,2026-07-07,India,Standard,4.64,44.96,0,0,0,1,14.19
4782,72,Female,2026-05-29,2026-08-13,UK,Basic,4.13,78.02,1,1,0,0,8.33
4783,45,Female,2024-10-26,2026-06-30,USA,Standard,2.99,22.36,0,0,1,1,14.32
4784,33,Male,2025-10-08,2026-08-16,USA,Basic,6.73,17.3,2,0,0,0,9.12
4785,64,Female,2026-07-03,2026-08-14,India,Basic,11.56,73.82,1,0,1,0,8.28
4786,34,Female,2023-09-26,2026-07-11,Germany,Standard,6.38,15.52,0,1,0,1,13.95
4787,57,Male,2026-02-11,2026-08-19,Germany,Standard,14.65,34.75,0,0,0,0,14.23
4788,45,Female,2026-03-01,2026-06-21,Ireland,Basic,6.78,52.71,1,0,0,1,8.6
4789,29,Male,2025-06-19,2026-06-26,Australia,Standard,5.06,84.89,0,1,0,1,13.65
4790,44,Female,2023-09-13,2026-08-19,USA,Basic,13.28,74.12,2,0,1,0,8.78
4791,71,Female,2024-12-18,2026-08-13,Australia,Premium,4.29,35.38,0,1,0,0,17.25
4792,70,Female,2025-02-02,2026-08-18,USA,Basic,5.49,75.88,0,0,0,0,8.84
4793,59,Male,2024-01-22,2026-08-17,Australia,Standard,3.96,27.76,1,1,0,0,14.3
4794,64,Male,2025-04-16,2026-08-10,Australia,Standard,4.96,53.93,2,1,0,0,14.2
4795,47,Male,2025-10-08,2026-06-03,USA,Standard,3.56,34.55,1,1,0,1,13.34
4796,58,Male,2023-09-26,2026-08-14,France,Basic,13.09,65.33,1,0,0,0,8.48
4797,51,Male,2026-03-14,2026-08-13,UK,Standard,20.33,68.67,0,0,0,0,14.85
4798,54,Female,2023-12-08,2026-05-21,UK,Premium,9.76,50.56,0,1,0,1,17.78
4799,23,Male,2024-09-18,2026-07-13,Germany,Standard,10.0,30.22,0,1,0,1,13.78
4800,24,Female,2025-03-09,2026-08-15,Australia,Standard,9.62,81.15,3,1,0,0,13.26
4801,49,Male,2025-10-18,2026-08-10,Australia,Standard,11.61,98.29,1,1,0,0,14.06
4802,49,Female,2026-06-22,2026-08-16,France,Basic,5.8,38.48,0,0,1,0,9.05
4803,70,Female,2023-10-20,2026-08-11,Australia,Basic,3.52,75.6,0,0,0,0,8.92
4804,42,Female,2024-10-09,2026-07-23,France,Premium,9.58,62.54,0,0,0,1,18.26
4805,50,Other,2026-06-20,2026-06-20,Australia,Premium,8.46,50.62,0,0,1,1,17.92
4806,72,Male,2024-03-30,2026-08-11,Australia,Standard,2.6,95.98,0,1,1,0,13.88
4807,24,Male,2025-08-19,2026-08-10,France,Standard,9.77,83.5,1,0,1,0,13.99
4808,69,Male,2024-12-28,2026-04-26,Ireland,Basic,4.2,51.58,0,0,0,1,8.69
4809,74,Male,2025-09-11,2026-08-10,Canada,Basic,10.45,62.71,0,1,1,0,9.62
4810,29,Female,2024-11-29,2026-08-11,Australia,Standard,2.95,22.34,0,0,0,0,14.19
4811,33,Female,2024-03-08,2026-08-15,Ireland,Premium,5.52,34.84,0,1,0,0,18.55
4812,33,Female,2025-07-15,2026-06-07,UK,Standard,13.62,60.4,0,0,0,1,13.95
4813,60,Male,2024-05-07,2026-08-17,Australia,Basic,4.39,48.27,1,0,0,0,8.54
4814,70,Other,2025-09-10,2026-08-16,UK,Basic,26.9,68.05,0,0,0,0,9.0
4815,53,Female,2026-06-23,2026-08-12,Germany,Basic,2.57,73.06,1,0,0,0,10.18
4816,30,Male,2023-11-28,2026-05-12,Canada,Standard,1.28,25.69,2,1,0,1,14.18
4817,24,Male,2023-09-25,2026-08-16,USA,Premium,3.13,74.38,0,0,0,0,18.15
4818,53,Female,2025-04-04,2026-06-13,Canada,Premium,5.09,4.84,0,1,0,1,17.89
4819,64,Other,2023-08-29,2026-08-19,Australia,Premium,18.67,45.87,0,0,1,0,18.02
4820,68,Male,2026-04-23,2026-05-17,Australia,Standard,2.53,65.5,0,1,0,1,13.48
4821,26,Male,2026-06-11,2026-08-18,France,Standard,16.38,30.05,0,0,0,0,13.41
4822,49,Female,2024-09-08,2026-08-19,Canada,Premium,15.64,58.77,2,0,1,0,17.84
4823,28,Female,2025-07-11,2026-05-16,Canada,Standard,8.66,47.11,0,0,1,1,13.41
4824,25,Male,2023-10-27,2026-08-14,Germany,Premium,13.84,31.17,1,1,0,0,18.22
4825,50,Female,2025-06-23,2026-08-16,India,Standard,7.73,58.06,1,0,0,0,13.7
4826,40,Female,2023-09-13,2026-08-16,UK,Basic,19.08,47.7,1,0,0,0,9.0
4827,42,Female,2026-03-11,2026-08-14,France,Standard,7.8,30.63,0,0,0,0,13.86
4828,73,Female,2025-10-04,2026-08-17,USA,Basic,9.36,96.14,0,1,0,0,9.05
4829,25,Female,2024-05-06,2026-05-03,France,Basic,3.18,36.99,3,0,0,1,8.41
4830,62,Male,2025-12-24,2026-05-22,India,Basic,9.09,13.81,0,0,0,1,9.22
4831,39,Female,2025-08-28,2026-05-23,Canada,Premium,8.57,72.07,0,1,0,1,17.29
4832,21,Male,2023-11-02,2026-08-17,USA,Standard,19.56,77.1,0,0,0,0,13.87
4833,57,Female,2025-03-05,2026-04-30,Canada,Basic,3.81,51.05,0,1,0,1,9.54
4834,20,Male,2025-10-15,2026-08-18,France,Basic,14.44,9.46,0,0,0,0,9.67
4835,46,Female,2024-05-24,2026-08-11,UK,Standard,6.76,67.57,0,0,0,0,13.74
4836,58,Male,2023-10-18,2026-07-01,USA,Standard,2.37,15.65,0,0,0,1,13.87
4837,46,Female,2023-12-12,2026-08-12,India,Standard,9.19,58.91,0,0,0,0,14.04
4838,51,Male,2025-10-17,2026-05-01,Ireland,Standard,7.85,63.04,1,1,0,1,14.17
4839,51,Female,2025-09-26,2026-08-13,UK,Standard,15.85,47.44,0,0,0,0,13.08
4840,45,Female,2025-05-14,2026-08-11,India,Basic,12.26,33.76,0,1,0,0,8.49
4841,30,Female,2023-10-15,2026-08-10,USA,Standard,7.94,79.8,0,0,0,0,13.86
4842,32,Female,2025-09-07,2026-08-15,Canada,Basic,9.61,12.29,0,0,0,0,9.11
4843,40,Male,2023-09-10,2026-08-19,India,Basic,7.18,27.95,0,0,0,0,8.95
4844,61,Female,2026-03-22,2026-05-09,Canada,Basic,6.74,52.22,0,0,1,1,8.68
4845,43,Female,2024-10-06,2026-08-12,UK,Standard,11.06,88.4,0,0,1,0,14.45
4846,21,Female,2025-09-20,2026-08-17,UK,Premium,11.19,38.72,0,0,1,0,18.73
4847,43,Female,2023-12-28,2026-04-23,India,Standard,5.56,49.81,0,0,0,1,13.52
4848,57,Female,2024-07-30,2026-06-25,Canada,Standard,7.35,37.9,0,1,1,1,14.33
4849,26,Male,2025-03-12,2026-05-30,USA,Standard,16.59,79.55,2,1,0,1,14.33
4850,72,Female,2026-01-17,2026-08-19,India,Basic,17.29,54.11,0,1,1,0,8.66
4851,22,Female,2024-02-14,2026-08-14,Ireland,Basic,4.51,88.19,0,0,1,0,9.11
4852,73,Female,2024-05-04,2026-07-08,France,Premium,9.81,11.76,0,0,0,1,17.81
4853,49,Female,2025-08-23,2026-08-19,Germany,Basic,15.34,47.38,0,0,0,0,9.26
4854,37,Male,2024-08-07,2026-08-15,UK,Standard,8.42,26.52,0,0,0,0,13.79
4855,67,Male,2024-12-22,2026-08-10,Canada,Basic,5.25,49.93,1,0,0,0,8.76
4856,28,Male,2025-08-05,2026-08-17,USA,Premium,11.56,6.87,1,0,1,0,17.97
4857,32,Male,2024-04-04,2026-08-19,UK,Premium,16.62,88.11,2,1,0,0,18.8
4858,49,Female,2025-09-04,2026-06-14,USA,Basic,5.84,32.45,1,0,0,1,8.54
4859,45,Female,2025-01-30,2026-08-14,UK,Standard,4.23,70.04,0,1,0,0,14.28
4860,39,Male,2025-06-04,2026-08-17,Canada,Basic,3.64,92.35,1,1,0,0,8.6
4861,58,Male,2024-01-27,2026-08-18,USA,Standard,0.66,35.8,1,1,1,0,14.44
4862,34,Female,2025-02-03,2026-06-17,Canada,Basic,5.55,18.83,0,0,0,1,9.44
4863,43,Female,2025-03-06,2026-08-16,USA,Basic,8.53,52.15,3,1,0,0,8.99
4864,61,Female,2024-01-19,2026-08-19,UK,Basic,7.65,51.98,0,1,0,0,8.52
4865,24,Female,2023-08-21,2026-07-27,Germany,Premium,7.81,80.5,3,1,0,1,17.68
4866,59,Female,2025-02-09,2026-08-14,France,Premium,3.26,67.4,1,0,0,0,18.17
4867,74,Male,2024-08-09,2026-08-14,France,Basic,13.59,54.99,0,1,1,0,9.32
4868,43,Male,2024-07-01,2026-08-19,Germany,Standard,2.8,18.05,0,1,1,0,14.41
4869,42,Male,2023-12-08,2026-08-11,France,Basic,13.98,66.82,0,1,0,0,8.56
4870,27,Male,2026-03-31,2026-08-17,India,Basic,5.18,35.03,0,0,0,0,9.2
4871,62,Female,2025-04-14,2026-07-01,Ireland,Premium,3.07,46.97,2,0,0,1,17.71
4872,36,Female,2026-05-30,2026-07-08,Ireland,Basic,14.84,95.0,1,0,0,1,9.14
4873,28,Male,2025-11-08,2026-04-29,India,Standard,1.01,37.8,0,0,0,1,13.92
4874,30,Female,2025-09-24,2026-08-14,India,Standard,11.92,69.39,2,0,1,0,14.08
4875,70,Male,2023-12-06,2026-06-15,Australia,Basic,9.46,52.37,3,0,1,1,8.75
4876,25,Female,2025-05-20,2026-08-18,Canada,Standard,31.48,12.49,0,1,0,0,15.09
4877,57,Female,2023-11-04,2026-08-12,USA,Premium,3.71,35.84,0,0,0,0,18.64
4878,21,Male,2025-09-17,2026-08-11,Ireland,Standard,6.33,47.77,0,0,0,0,14.63
4879,64,Male,2026-04-13,2026-06-04,UK,Basic,4.0,61.39,0,1,0,1,9.06
4880,48,Female,2026-03-22,2026-06-10,India,Premium,1.25,26.73,1,0,0,1,18.12
4881,45,Female,2023-09-01,2026-08-18,France,Premium,12.82,49.72,2,0,0,0,17.38
4882,28,Male,2025-12-03,2026-08-12,Germany,Basic,19.2,39.02,0,1,0,0,8.57
4883,60,Female,2024-10-08,2026-08-19,USA,Basic,20.28,41.99,2,0,0,0,9.04
4884,18,Female,2023-08-31,2026-08-12,Australia,Basic,4.01,43.64,0,1,0,0,9.41
4885,66,Male,2024-10-30,2026-08-15,Germany,Basic,5.69,65.25,1,0,1,0,9.31
4886,64,Male,2023-12-16,2026-05-21,France,Standard,8.37,17.72,1,0,0,1,14.15
4887,69,Male,2025-02-19,2026-08-15,India,Basic,4.91,46.69,0,0,0,0,9.24
4888,55,Female,2024-03-28,2026-08-17,USA,Basic,4.69,32.81,0,0,0,0,9.19
4889,41,Other,2024-04-09,2026-08-19,India,Basic,9.69,55.95,0,1,0,0,8.47
4890,71,Female,2024-04-22,2026-05-26,Ireland,Standard,9.61,48.85,2,0,0,1,13.6
4891,74,Female,2024-05-01,2026-08-13,Ireland,Standard,7.47,11.84,0,1,0,0,14.15
4892,64,Female,2024-06-19,2026-06-30,Canada,Standard,8.79,82.69,2,1,0,1,13.47
4893,48,Female,2025-09-05,2026-07-24,France,Basic,4.43,18.64,1,0,0,1,8.58
4894,58,Female,2026-04-01,2026-05-16,Australia,Standard,7.58,40.36,1,1,1,1,14.34
4895,63,Male,2024-05-05,2026-08-19,USA,Basic,4.8,44.05,0,1,1,0,9.57
4896,67,Female,2023-09-14,2026-08-14,Australia,Premium,4.98,35.31,0,0,0,0,17.51
4897,43,Female,2025-03-21,2026-08-11,UK,Basic,4.91,30.99,1,0,0,0,8.88
4898,66,Female,2024-05-01,2026-08-15,Australia,Basic,11.46,60.2,0,0,0,0,9.0
4899,67,Male,2025-02-19,2026-08-16,India,Basic,10.04,45.23,0,0,0,0,9.0
4900,22,Female,2024-04-07,2026-08-18,India,Basic,12.72,30.99,0,1,0,0,9.32
4901,37,Female,2024-11-04,2026-08-12,Ireland,Basic,7.84,54.41,0,0,0,0,9.05
4902,69,Male,2023-09-07,2026-08-04,Canada,Standard,6.91,37.7,0,0,0,1,14.47
4903,58,Female,2025-01-11,2026-07-11,France,Premium,2.15,21.43,0,0,0,1,17.41
4904,28,Male,2025-03-11,2026-07-15,India,Basic,8.83,37.96,1,0,0,1,9.29
4905,73,Female,2024-02-14,2026-08-16,Ireland,Standard,9.82,28.12,1,0,0,0,13.65
4906,71,Female,2025-07-04,2026-08-14,Germany,Standard,8.97,24.93,1,0,1,0,13.96
4907,50,Female,2025-12-17,2026-04-27,Ireland,Basic,6.36,46.58,0,0,0,1,8.87
4908,67,Male,2024-06-25,2026-05-21,USA,Basic,2.33,62.6,2,1,0,1,9.57
4909,55,Male,2025-01-24,2026-08-16,France,Basic,12.46,10.36,1,1,0,0,9.11
4910,44,Female,2024-01-17,2026-08-11,Canada,Premium,10.28,56.68,0,0,0,0,17.75
4911,51,Male,2023-09-20,2026-08-15,India,Premium,2.91,89.86,0,0,0,0,18.11
4912,32,Female,2026-04-30,2026-06-20,USA,Basic,5.5,23.41,2,0,0,1,8.66
4913,49,Male,2023-10-31,2026-08-10,UK,Basic,8.43,79.81,0,0,1,0,8.63
4914,38,Female,2026-02-05,2026-04-26,UK,Standard,4.79,25.84,0,0,0,1,14.1
4915,63,Female,2025-12-25,2026-06-19,Ireland,Standard,6.18,16.98,0,1,0,1,14.46
4916,22,Male,2026-06-27,2026-08-12,Canada,Standard,5.39,86.38,0,0,0,0,13.82
4917,23,Female,2024-05-05,2026-08-14,Australia,Basic,10.2,90.95,0,1,0,0,8.97
4918,55,Female,2024-02-15,2026-05-16,Canada,Premium,1.24,23.92,2,1,0,1,18.73
4919,39,Female,2024-08-29,2026-08-10,Canada,Standard,11.19,85.03,0,1,1,0,14.02
4920,35,Male,2025-08-23,2026-08-13,Canada,Basic,6.54,80.82,0,1,1,0,8.98
4921,31,Female,2023-10-23,2026-08-10,Ireland,Standard,16.85,47.79,1,1,0,0,14.16
4922,27,Male,2025-11-22,2026-08-13,USA,Basic,2.27,95.86,0,0,0,0,8.24
4923,63,Male,2024-04-06,2026-08-16,Ireland,Basic,5.14,48.5,1,1,1,0,9.23
4924,30,Male,2026-01-21,2026-08-19,Australia,Standard,7.25,54.03,3,1,1,0,14.06
4925,48,Female,2026-04-22,2026-08-18,USA,Basic,1.69,61.98,0,0,0,0,9.52
4926,47,Male,2025-05-08,2026-06-30,Australia,Standard,10.05,64.04,4,1,0,1,13.64
4927,20,Female,2025-01-24,2026-08-12,Germany,Basic,6.54,44.09,0,1,0,0,8.88
4928,47,Male,2026-01-09,2026-08-13,Germany,Standard,9.07,52.63,0,1,0,0,14.04
4929,23,Male,2025-03-20,2026-08-12,France,Basic,8.34,96.72,2,0,0,0,9.06
4930,46,Female,2024-11-16,2026-05-27,India,Standard,3.46,22.35,0,1,1,1,14.13
4931,25,Male,2023-12-09,2026-06-23,India,Basic,2.37,2.89,0,0,1,1,8.88
4932,61,Female,2026-02-25,2026-07-11,USA,Basic,10.78,32.07,0,0,0,1,9.59
4933,62,Male,2023-09-28,2026-08-13,Ireland,Standard,4.49,59.85,0,0,0,0,14.12
4934,60,Male,2025-08-28,2026-08-13,Australia,Standard,19.98,51.4,3,0,0,0,13.76
4935,61,Male,2023-11-06,2026-08-11,Australia,Standard,1.92,77.41,1,1,0,0,14.07
4936,50,Male,2026-02-18,2026-08-16,India,Standard,11.79,10.38,1,0,0,0,13.8
4937,34,Male,2025-06-14,2026-08-11,India,Premium,15.38,69.49,0,1,0,0,17.38
4938,65,Female,2024-04-22,2026-08-17,UK,Basic,2.21,45.93,0,0,0,0,8.88
4939,28,Female,2025-03-20,2026-07-23,Australia,Standard,13.33,6.2,1,0,0,1,13.65
4940,30,Female,2026-05-15,2026-08-13,Ireland,Standard,11.54,43.92,1,0,0,0,14.01
4941,67,Female,2026-04-23,2026-08-12,UK,Standard,8.38,22.32,0,1,0,0,13.76
4942,28,Female,2025-12-31,2026-08-14,Ireland,Standard,10.91,89.55,0,0,1,0,13.54
4943,48,Female,2025-05-19,2026-06-29,Canada,Premium,3.48,60.82,1,0,1,1,18.4
4944,45,Male,2023-12-24,2026-08-10,Australia,Standard,5.57,77.12,0,0,1,0,13.45
4945,61,Male,2025-08-16,2026-06-22,Canada,Premium,12.84,59.88,1,1,0,1,17.93
4946,23,Male,2026-05-03,2026-08-18,Germany,Basic,17.63,34.55,1,1,1,0,8.86
4947,58,Male,2025-07-08,2026-07-27,Germany,Standard,5.93,19.82,0,0,0,1,13.46
4948,33,Male,2026-02-06,2026-05-10,USA,Basic,10.96,75.65,0,0,0,1,8.67
4949,21,Female,2024-07-02,2026-08-10,Australia,Basic,5.75,39.63,1,0,0,0,8.05
4950,52,Male,2023-12-27,2026-08-16,India,Standard,3.97,32.31,0,1,0,0,13.68
4951,65,Other,2026-02-16,2026-08-19,UK,Standard,2.08,12.57,0,0,1,0,14.18
4952,73,Male,2023-08-22,2026-08-11,Canada,Basic,6.67,41.0,0,1,0,0,8.79
4953,43,Male,2026-02-02,2026-04-28,Ireland,Basic,4.1,63.59,1,0,1,1,9.29
4954,74,Other,2024-05-20,2026-08-18,Australia,Standard,3.76,63.6,1,0,0,0,14.25
4955,29,Female,2023-10-22,2026-08-16,USA,Standard,2.96,58.67,0,0,0,0,13.94
4956,28,Male,2025-08-01,2026-08-18,Ireland,Basic,2.86,78.56,0,1,0,0,8.96
4957,54,Female,2025-08-27,2026-08-12,Canada,Basic,13.36,45.11,0,1,0,0,9.17
4958,42,Female,2025-03-10,2026-08-17,Australia,Standard,14.08,52.44,0,0,0,0,13.73
4959,35,Female,2025-08-10,2026-06-06,India,Standard,1.01,68.31,1,0,0,1,13.82
4960,36,Male,2024-10-16,2026-08-18,Canada,Basic,14.56,69.51,0,0,0,0,9.0
4961,40,Female,2024-05-23,2026-08-12,Australia,Basic,3.88,62.21,0,1,0,0,8.5
4962,72,Female,2025-07-09,2026-08-18,Australia,Basic,9.71,34.5,0,0,0,0,8.57
4963,55,Male,2025-05-13,2026-08-10,Canada,Premium,8.73,38.75,0,1,0,0,18.56
4964,71,Female,2025-03-07,2026-08-10,Canada,Standard,13.6,1.81,0,1,1,0,14.34
4965,35,Male,2025-02-15,2026-08-16,Ireland,Basic,10.64,29.58,1,0,0,0,8.42
4966,43,Female,2025-01-05,2026-08-19,USA,Premium,3.9,73.0,0,1,0,0,18.3
4967,23,Male,2025-02-23,2026-08-19,Canada,Basic,11.52,59.67,3,0,0,0,9.22
4968,21,Female,2025-02-20,2026-08-13,Germany,Basic,10.27,39.74,0,1,0,0,9.32
4969,61,Female,2025-03-11,2026-08-10,France,Premium,10.98,42.16,0,0,0,0,18.01
4970,68,Male,2024-11-26,2026-08-19,USA,Premium,13.97,52.54,0,0,0,0,18.25
4971,46,Male,2023-10-10,2026-04-29,Germany,Standard,13.44,38.61,0,0,0,1,14.25
4972,51,Female,2024-09-22,2026-08-17,Ireland,Standard,18.78,40.39,0,0,0,0,13.68
4973,34,Female,2025-07-21,2026-07-15,Canada,Basic,2.41,31.42,1,0,1,1,9.4
4974,60,Male,2023-11-27,2026-08-17,USA,Premium,7.43,56.41,1,0,1,0,17.6
4975,60,Male,2025-07-22,2026-08-14,India,Standard,4.69,27.39,1,0,0,0,13.57
4976,70,Female,2026-04-04,2026-08-16,Canada,Basic,1.99,87.22,0,1,1,0,9.31
4977,33,Female,2023-09-17,2026-08-12,Australia,Standard,9.27,47.67,0,0,0,0,14.44
4978,19,Male,2023-09-08,2026-08-19,Canada,Premium,8.21,26.57,0,0,0,0,18.64
4979,51,Female,2024-11-05,2026-05-17,India,Premium,13.06,49.62,1,0,0,1,17.82
4980,72,Female,2025-09-03,2026-04-27,USA,Standard,6.02,44.51,0,0,1,1,14.05
4981,25,Male,2025-02-26,2026-06-01,Canada,Standard,14.81,43.52,0,0,0,1,14.19
4982,30,Male,2024-09-17,2026-08-13,Canada,Basic,2.3,42.32,0,0,0,0,8.54
4983,59,Male,2023-08-21,2026-08-11,UK,Standard,4.21,43.73,0,0,0,0,14.5
4984,25,Female,2025-09-20,2026-08-12,UK,Standard,13.95,37.91,1,0,0,0,14.57
4985,47,Female,2023-11-25,2026-08-02,USA,Basic,2.32,46.09,1,0,1,1,9.32
4986,49,Female,2025-07-21,2026-08-11,USA,Premium,2.61,40.36,0,0,0,0,17.65
4987,53,Male,2024-07-13,2026-06-25,Australia,Premium,6.88,24.64,0,0,0,1,17.51
4988,64,Male,2023-11-05,2026-08-12,Australia,Basic,17.23,67.44,3,1,0,0,9.05
4989,47,Female,2023-10-04,2026-05-06,France,Premium,8.4,58.75,1,0,0,1,17.89
4990,18,Male,2026-02-19,2026-08-19,Canada,Standard,4.72,46.44,1,0,0,0,13.44
4991,60,Female,2025-11-04,2026-08-18,Germany,Standard,10.14,64.69,0,0,0,0,14.6
4992,56,Female,2024-08-13,2026-08-17,USA,Premium,8.84,72.92,1,0,0,0,18.78
4993,34,Male,2025-12-10,2026-08-11,India,Basic,11.33,19.05,1,1,0,0,9.14
4994,37,Male,2025-12-03,2026-05-25,Canada,Standard,0.43,25.13,2,1,0,1,14.21
4995,41,Male,2025-05-08,2026-08-17,Germany,Basic,9.46,39.53,1,1,1,0,8.59
4996,67,Male,2026-02-21,2026-08-18,UK,Standard,5.61,64.38,0,0,0,0,14.57
4997,39,Female,2024-01-23,2026-08-13,Australia,Standard,9.18,40.16,0,1,0,0,14.5
4998,46,Male,2023-11-16,2026-08-15,India,Basic,2.54,43.92,0,0,1,0,8.63
4999,39,Male,2024-10-24,2026-05-05,USA,Basic,13.7,23.67,0,1,0,1,8.81
5000,61,Female,2025-06-17,2026-08-18,Canada,Basic,10.41,38.45,0,1,0,0,8.67
5001,26,Male,2024-11-06,2026-08-15,UK,Basic,9.85,90.84,1,0,1,0,8.9
5002,54,Female,2026-02-28,2026-08-10,France,Basic,11.75,50.46,1,0,0,0,9.07
5003,27,Male,2023-12-16,2026-08-15,Ireland,Standard,9.75,27.82,1,0,0,0,13.5
5004,53,Male,2026-05-28,2026-08-14,UK,Premium,6.68,10.35,0,1,0,0,17.5
5005,54,Male,2024-03-29,2026-08-14,Canada,Premium,10.29,74.4,2,0,0,0,18.04
5006,45,Male,2023-12-26,2026-08-16,France,Premium,19.61,40.81,0,0,1,0,18.64
5007,45,Female,2025-01-15,2026-06-22,Australia,Premium,11.31,60.87,0,0,0,1,18.08
5008,59,Female,2023-09-04,2026-08-12,Germany,Basic,8.15,66.9,1,0,0,0,9.22
5009,60,Male,2025-09-25,2026-08-14,India,Standard,3.71,40.41,0,0,0,0,14.36
5010,38,Male,2024-08-28,2026-07-30,India,Standard,5.74,52.56,0,1,0,1,13.9
5011,41,Male,2025-01-09,2026-08-13,Ireland,Basic,14.63,28.55,1,1,0,0,8.43
5012,59,Male,2025-05-02,2026-08-18,India,Standard,7.0,86.15,0,0,0,0,14.22
5013,57,Male,2026-04-14,2026-08-10,Ireland,Standard,7.07,28.73,1,0,0,0,14.3
5014,19,Female,2026-05-24,2026-08-11,France,Premium,10.93,67.99,0,0,1,0,17.82
5015,72,Female,2026-01-25,2026-05-06,Australia,Standard,11.56,41.11,0,0,0,1,14.66
5016,25,Male,2024-08-01,2026-08-18,Ireland,Premium,7.1,35.36,0,0,0,0,17.58
5017,65,Female,2024-09-23,2026-07-31,USA,Basic,6.03,76.7,2,0,0,1,8.82
5018,44,Female,2023-09-04,2026-05-21,Canada,Basic,0.72,31.79,0,0,0,1,9.21
5019,39,Male,2025-09-01,2026-08-11,France,Premium,5.76,77.89,2,0,1,0,17.42
5020,54,Female,2024-09-14,2026-06-24,India,Basic,4.35,40.42,0,0,0,1,9.15
5021,44,Female,2024-03-27,2026-08-12,Ireland,Basic,8.24,59.86,0,0,1,0,9.72
5022,74,Male,2026-04-22,2026-05-13,UK,Standard,4.2,44.59,1,0,0,1,14.62
5023,46,Other,2026-03-12,2026-06-13,Germany,Premium,3.07,35.43,1,0,0,1,18.18
5024,20,Male,2023-09-02,2026-08-10,Canada,Basic,0.96,39.95,0,0,0,0,8.75
5025,61,Male,2024-09-27,2026-08-12,Australia,Basic,5.3,31.3,1,0,0,0,8.97
5026,30,Female,2026-05-24,2026-08-18,India,Standard,9.43,52.02,0,1,1,0,14.15
5027,62,Male,2023-10-31,2026-06-15,UK,Standard,1.38,73.2,1,0,0,1,14.09
5028,27,Male,2023-09-06,2026-08-18,USA,Basic,9.92,82.89,0,0,0,0,9.33
5029,53,Male,2026-01-12,2026-08-19,Ireland,Premium,14.13,35.54,1,0,1,0,17.3
5030,26,Female,2023-12-05,2026-08-19,UK,Standard,25.38,40.68,1,0,1,0,13.77
5031,71,Female,2026-05-06,2026-08-16,Canada,Premium,7.31,75.89,0,0,0,0,18.29
5032,73,Female,2025-07-15,2026-07-19,India,Basic,6.94,46.23,2,0,1,1,9.23
5033,72,Female,2024-02-03,2026-08-18,UK,Standard,1.55,62.48,1,0,1,0,14.12
5034,44,Male,2024-03-22,2026-08-14,USA,Premium,15.25,45.05,0,0,0,0,18.44
5035,51,Male,2025-03-02,2026-07-13,Germany,Standard,5.37,30.71,3,0,1,1,14.46
5036,68,Female,2026-01-19,2026-08-11,France,Basic,6.35,96.4,1,1,1,0,8.48
5037,18,Female,2026-02-17,2026-07-13,Ireland,Premium,11.99,76.77,0,0,0,1,18.13
5038,49,Male,2024-01-30,2026-08-10,Canada,Standard,7.6,45.88,1,0,0,0,14.42
5039,42,Male,2023-09-08,2026-08-16,India,Premium,11.88,56.65,0,0,0,0,17.95
5040,46,Female,2025-02-10,2026-06-08,France,Basic,8.97,17.14,1,1,0,1,8.95
5041,24,Other,2024-11-22,2026-08-15,Ireland,Standard,17.19,35.94,2,0,0,0,14.22
5042,66,Female,2024-02-23,2026-08-16,Ireland,Premium,10.96,30.38,1,1,0,0,17.26
5043,20,Male,2025-08-16,2026-07-16,Australia,Standard,3.65,43.62,0,0,0,1,13.88
5044,37,Other,2023-08-21,2026-08-10,Ireland,Basic,15.11,71.76,0,0,0,0,8.75
5045,37,Female,2025-02-18,2026-08-17,UK,Basic,6.75,77.32,2,0,0,0,8.95
5046,70,Female,2025-06-09,2026-08-15,UK,Basic,7.54,20.85,1,0,0,0,9.64
5047,47,Female,2026-03-05,2026-08-14,France,Basic,5.43,86.06,0,0,0,0,9.24
5048,52,Female,2025-08-14,2026-08-14,Germany,Standard,1.01,63.6,1,1,0,0,13.21
5049,52,Female,2025-01-25,2026-06-22,USA,Basic,7.66,6.63,3,1,0,1,8.64
5050,66,Female,2025-12-08,2026-07-26,India,Basic,9.71,39.88,0,0,0,1,8.12
5051,56,Female,2025-11-02,2026-05-08,France,Basic,22.27,27.96,1,1,0,1,8.91
5052,44,Female,2024-08-23,2026-08-19,India,Standard,8.0,73.33,0,0,0,0,14.02
5053,43,Male,2024-05-01,2026-07-30,France,Standard,7.77,18.86,1,0,0,1,14.09
5054,31,Female,2025-04-04,2026-08-15,Canada,Standard,8.66,85.78,1,1,0,0,13.73
5055,34,Female,2026-05-05,2026-06-07,UK,Premium,8.4,64.16,0,0,0,1,17.57
5056,35,Other,2025-11-01,2026-06-27,Ireland,Basic,7.98,71.02,2,0,0,1,8.73
5057,62,Male,2023-09-29,2026-07-11,USA,Standard,9.34,63.88,0,0,0,1,14.09
5058,69,Female,2026-07-04,2026-07-04,France,Basic,5.48,46.19,1,0,0,1,8.9
5059,46,Male,2025-08-11,2026-08-15,Canada,Basic,7.53,87.34,0,0,0,0,8.96
5060,37,Female,2023-09-19,2026-08-10,India,Standard,26.8,25.47,0,0,1,0,14.41
5061,70,Female,2023-12-24,2026-08-18,Canada,Premium,18.28,39.43,1,0,0,0,18.12
5062,44,Male,2024-08-26,2026-08-15,Canada,Basic,2.01,83.51,2,0,1,0,9.1
5063,35,Female,2024-03-27,2026-08-17,India,Basic,24.77,57.74,0,1,0,0,9.29
5064,21,Male,2023-09-24,2026-08-10,Canada,Standard,23.21,16.53,0,1,0,0,14.23
5065,18,Male,2025-11-17,2026-08-14,Germany,Standard,16.37,63.61,0,1,0,0,14.27
5066,67,Female,2023-11-08,2026-08-14,Canada,Standard,4.96,67.26,0,1,0,0,13.93
5067,18,Male,2026-01-28,2026-04-22,USA,Standard,3.01,55.15,0,0,0,1,13.87
5068,43,Male,2024-03-27,2026-08-16,France,Premium,17.11,70.31,0,1,0,0,18.0
5069,62,Male,2024-08-27,2026-08-17,UK,Basic,4.16,42.26,0,0,0,0,8.65
5070,37,Male,2023-10-16,2026-08-12,USA,Basic,6.78,25.74,2,0,0,0,8.8
5071,69,Female,2025-10-13,2026-08-04,Ireland,Basic,7.79,62.05,0,0,0,1,8.81
5072,40,Female,2023-11-04,2026-08-18,Australia,Standard,3.38,82.42,0,0,0,0,13.76
5073,27,Female,2025-11-26,2026-08-11,Germany,Basic,12.7,19.42,0,1,0,0,8.75
5074,28,Male,2026-02-14,2026-07-31,Germany,Premium,5.98,7.51,0,0,0,1,18.33
5075,58,Male,2023-10-02,2026-08-16,Ireland,Standard,0.29,64.45,1,0,1,0,14.5
5076,58,Male,2025-08-17,2026-08-18,India,Basic,5.24,39.45,0,0,0,0,9.29
5077,22,Female,2025-08-18,2026-04-23,USA,Basic,2.76,52.81,2,0,0,1,8.83
5078,18,Female,2024-06-10,2026-07-27,USA,Standard,6.83,4.71,0,0,0,1,14.11
5079,34,Female,2025-03-13,2026-08-12,Ireland,Basic,27.89,64.93,0,0,1,0,8.82
5080,39,Female,2025-01-20,2026-07-08,India,Premium,13.68,65.1,2,1,0,1,17.72
5081,51,Female,2026-02-10,2026-08-16,Australia,Standard,14.15,73.39,2,1,0,0,14.02
5082,73,Female,2024-11-23,2026-08-15,Canada,Basic,7.24,53.45,0,0,0,0,9.23
5083,62,Female,2025-06-29,2026-05-19,India,Standard,8.51,10.47,2,0,0,1,14.32
5084,58,Male,2023-11-06,2026-08-13,France,Basic,5.94,32.26,0,0,0,0,8.25
5085,46,Male,2025-11-29,2026-05-13,Canada,Standard,1.92,25.86,0,0,0,1,13.88
5086,21,Female,2024-08-09,2026-08-16,France,Basic,2.76,86.48,0,0,0,0,9.22
5087,22,Female,2025-04-18,2026-08-10,UK,Standard,1.75,50.92,1,1,0,0,13.66
5088,28,Other,2025-06-03,2026-06-04,USA,Standard,4.37,26.91,0,0,0,1,14.07
5089,73,Male,2023-09-13,2026-08-18,USA,Standard,7.95,87.05,1,0,0,0,14.76
5090,68,Male,2026-05-10,2026-07-23,Ireland,Standard,6.85,60.43,0,0,0,1,13.97
5091,38,Other,2025-07-08,2026-08-17,Ireland,Basic,11.62,52.09,4,1,0,0,8.57
5092,52,Female,2024-09-07,2026-08-10,Canada,Standard,11.94,29.18,2,0,0,0,13.93
5093,29,Male,2024-04-08,2026-08-18,India,Standard,4.7,48.04,1,1,0,0,14.51
5094,43,Female,2026-02-20,2026-08-16,USA,Standard,13.98,48.89,0,1,0,0,14.0
5095,68,Male,2024-07-31,2026-07-24,USA,Premium,4.86,78.72,2,1,0,1,17.62
5096,36,Male,2026-03-13,2026-08-12,Germany,Basic,21.12,44.51,2,0,0,0,9.1
5097,62,Female,2025-06-10,2026-08-14,France,Standard,7.46,35.17,1,0,0,0,14.5
5098,24,Female,2023-08-29,2026-08-13,UK,Standard,9.91,27.2,0,0,0,0,13.87
5099,64,Male,2025-01-31,2026-08-19,UK,Standard,6.67,60.77,1,0,0,0,13.89
5100,72,Male,2026-01-05,2026-08-12,France,Standard,2.57,85.78,1,1,1,0,13.76
5101,24,Female,2024-01-16,2026-08-11,Canada,Basic,2.26,56.34,0,1,0,0,9.62
5102,43,Male,2023-08-16,2026-08-17,Australia,Standard,17.72,28.09,0,0,0,0,13.83
5103,57,Female,2025-10-20,2026-05-04,India,Basic,11.66,66.77,0,0,0,1,8.81
5104,22,Female,2026-03-10,2026-08-17,USA,Standard,4.55,91.12,0,1,0,0,14.11
5105,38,Male,2025-10-30,2026-05-26,Germany,Standard,13.6,73.39,0,0,1,1,14.05
5106,31,Female,2025-07-19,2026-08-11,India,Basic,8.46,87.87,0,1,0,0,9.1
5107,21,Female,2024-04-17,2026-08-15,USA,Standard,5.8,30.37,0,0,0,0,13.93
5108,40,Male,2026-07-16,2026-08-13,Ireland,Basic,17.29,38.32,0,1,0,0,8.84
5109,59,Male,2025-10-25,2026-05-27,India,Standard,6.54,92.75,0,0,1,1,13.53
5110,37,Male,2024-03-22,2026-08-10,Canada,Standard,17.06,48.92,0,0,0,0,13.37
5111,32,Female,2024-07-18,2026-08-18,India,Standard,10.46,63.87,0,1,1,0,14.07
5112,67,Female,2026-05-13,2026-08-14,Australia,Premium,9.62,50.85,0,1,0,0,18.07
5113,69,Male,2024-05-12,2026-08-17,India,Standard,0.8,33.95,0,0,1,0,13.85
5114,62,Male,2025-07-28,2026-08-11,India,Basic,13.62,67.21,1,1,0,0,9.15
5115,46,Male,2025-08-30,2026-07-04,India,Premium,10.69,22.62,1,1,0,1,17.27
5116,25,Female,2024-06-30,2026-08-18,UK,Basic,3.15,67.57,0,0,0,0,8.84
5117,58,Male,2025-11-07,2026-06-12,USA,Standard,8.22,34.34,0,0,1,1,14.09
5118,65,Female,2025-05-28,2026-08-02,Australia,Premium,5.58,41.83,1,0,0,1,18.5
5119,36,Male,2025-12-22,2026-08-17,France,Standard,12.11,87.02,1,1,0,0,14.01
5120,65,Female,2024-01-22,2026-08-17,Canada,Basic,13.04,38.14,1,0,0,0,9.18
5121,56,Female,2024-12-14,2026-08-18,France,Basic,7.5,17.08,0,1,0,0,8.12
5122,63,Female,2024-12-21,2026-08-16,UK,Basic,6.81,5.36,2,0,0,0,8.57
5123,45,Male,2026-02-05,2026-06-23,USA,Basic,3.59,24.14,0,0,0,1,8.86
5124,63,Female,2025-12-19,2026-07-29,Germany,Basic,9.89,74.61,1,0,0,1,9.15
5125,74,Male,2025-02-07,2026-08-01,Canada,Standard,5.53,55.01,1,1,0,1,13.31
5126,44,Male,2026-07-18,2026-07-18,USA,Basic,0.82,46.47,0,0,0,1,8.81
5127,21,Female,2024-02-07,2026-08-15,UK,Premium,3.17,45.75,0,0,1,0,17.57
5128,32,Female,2024-02-06,2026-08-10,UK,Premium,3.76,64.83,0,0,0,0,18.21
5129,52,Male,2026-05-30,2026-06-07,Germany,Premium,8.77,34.36,2,0,1,1,18.07
5130,54,Male,2025-05-10,2026-08-13,Canada,Basic,8.25,84.33,1,1,0,0,8.7
5131,18,Female,2023-10-03,2026-07-29,Canada,Standard,5.83,68.38,1,0,1,1,13.66
5132,20,Female,2026-04-18,2026-08-16,Australia,Basic,20.47,68.15,0,0,0,0,8.69
5133,64,Male,2024-12-11,2026-08-14,USA,Basic,16.04,25.11,0,0,1,0,9.13
5134,41,Female,2024-11-25,2026-08-12,Australia,Standard,12.73,67.57,0,0,1,0,13.84
5135,44,Male,2026-04-26,2026-08-17,UK,Premium,7.73,64.53,0,0,0,0,17.84
5136,57,Female,2025-02-18,2026-08-13,France,Basic,11.24,65.61,0,1,0,0,8.8
5137,53,Female,2024-07-09,2026-08-12,UK,Basic,4.49,48.47,0,0,0,0,9.84
5138,51,Male,2025-05-17,2026-08-17,India,Basic,8.26,89.26,0,1,0,0,8.84
5139,46,Female,2024-03-10,2026-06-13,Germany,Standard,7.65,68.52,0,0,0,1,13.75
5140,41,Female,2024-04-13,2026-08-17,Germany,Premium,0.99,58.71,1,1,1,0,17.23
5141,41,Female,2026-06-08,2026-06-08,France,Basic,14.56,30.21,1,1,0,1,8.83
5142,59,Female,2025-06-12,2026-08-16,France,Basic,4.83,26.85,1,1,0,0,9.31
5143,21,Female,2026-02-02,2026-08-18,Canada,Premium,8.37,19.24,3,1,0,0,17.93
5144,20,Male,2025-12-30,2026-06-18,France,Basic,4.72,28.28,0,0,1,1,9.46
5145,51,Male,2024-08-14,2026-08-17,Australia,Standard,9.28,35.74,0,0,0,0,13.93
5146,74,Male,2025-01-24,2026-08-17,UK,Basic,4.31,63.85,0,1,0,0,8.8
5147,66,Other,2026-04-10,2026-08-02,India,Standard,13.35,30.34,0,1,0,1,14.68
5148,40,Female,2025-08-09,2026-08-13,USA,Standard,4.07,45.59,1,1,1,0,13.07
5149,70,Female,2024-11-25,2026-07-17,India,Standard,4.66,17.28,1,0,0,1,14.36
5150,73,Male,2025-05-05,2026-07-04,Ireland,Basic,10.03,29.94,0,0,0,1,8.83
5151,69,Female,2025-11-13,2026-08-10,USA,Basic,10.32,51.88,0,0,0,0,8.16
5152,40,Female,2024-02-24,2026-08-19,Germany,Basic,8.2,46.34,0,0,0,0,10.02
5153,62,Female,2024-09-18,2026-07-26,USA,Standard,3.73,52.55,0,0,1,1,13.67
5154,22,Male,2025-11-15,2026-07-14,France,Premium,5.17,5.45,1,1,0,1,17.6
5155,48,Male,2024-10-07,2026-07-07,UK,Premium,7.79,4.2,0,0,0,1,18.18
5156,70,Female,2024-02-01,2026-04-24,Australia,Basic,15.36,27.98,3,0,1,1,8.9
5157,58,Female,2026-04-21,2026-05-14,France,Premium,3.61,48.06,2,1,1,1,17.39
5158,74,Male,2024-12-30,2026-08-19,France,Basic,8.29,41.88,1,1,0,0,9.32
5159,74,Female,2025-01-19,2026-08-17,India,Standard,6.33,32.95,0,0,1,0,13.72
5160,71,Male,2026-05-02,2026-08-17,Canada,Standard,4.03,63.08,1,0,1,0,15.11
5161,23,Female,2023-12-30,2026-08-15,Australia,Basic,5.63,65.49,0,0,1,0,8.39
5162,54,Female,2023-11-13,2026-06-23,Ireland,Basic,7.45,52.17,0,1,0,1,9.66
5163,74,Male,2024-03-03,2026-08-15,Canada,Basic,3.52,32.88,0,1,0,0,9.17
5164,27,Female,2026-02-02,2026-04-23,Ireland,Standard,6.77,54.33,0,1,0,1,14.4
5165,57,Male,2024-11-04,2026-08-14,Ireland,Standard,27.8,12.85,0,0,1,0,14.44
5166,24,Male,2025-07-07,2026-07-27,UK,Standard,1.59,72.66,2,0,0,1,14.05
5167,56,Female,2026-01-08,2026-08-11,UK,Premium,13.76,75.69,3,0,0,0,17.88
5168,55,Male,2025-10-30,2026-08-17,France,Standard,7.88,69.48,1,0,0,0,14.22
5169,38,Male,2025-02-15,2026-08-15,Germany,Standard,5.38,90.22,0,1,1,0,14.46
5170,37,Male,2024-01-14,2026-04-30,Germany,Standard,6.49,27.76,2,1,0,1,13.81
5171,20,Male,2025-03-29,2026-08-16,Ireland,Basic,6.15,6.69,0,1,0,0,9.32
5172,68,Male,2024-12-24,2026-08-03,Australia,Basic,5.43,30.2,2,1,0,1,8.9
5173,39,Male,2024-03-30,2026-07-27,Germany,Standard,11.99,16.73,1,0,0,1,13.79
5174,64,Female,2024-02-06,2026-08-17,UK,Standard,27.27,31.62,0,0,0,0,14.36
5175,21,Male,2025-02-19,2026-05-29,Germany,Premium,1.23,91.67,1,0,0,1,18.29
5176,45,Female,2023-10-01,2026-08-10,Ireland,Basic,4.16,26.55,0,1,1,0,8.54
5177,29,Male,2024-02-06,2026-06-08,India,Basic,6.28,55.21,0,0,0,1,9.15
5178,55,Male,2025-04-12,2026-08-10,Canada,Basic,11.18,28.15,0,0,0,0,8.85
5179,68,Male,2024-11-15,2026-08-17,Australia,Basic,4.56,50.93,3,0,0,0,8.36
5180,53,Female,2024-11-23,2026-05-26,Australia,Standard,3.76,43.15,0,0,0,1,14.41
5181,64,Female,2024-11-07,2026-08-17,USA,Premium,4.79,28.93,0,0,0,0,19.17
5182,58,Female,2023-10-25,2026-08-17,France,Standard,3.53,51.65,0,1,0,0,13.73
5183,22,Male,2025-01-12,2026-05-22,Germany,Standard,2.64,64.09,0,1,0,1,14.15
5184,30,Female,2026-03-07,2026-05-21,France,Standard,9.84,59.41,1,1,0,1,13.73
5185,40,Male,2025-08-25,2026-07-13,France,Basic,7.83,13.36,0,0,0,1,9.95
5186,67,Male,2023-12-09,2026-08-17,Australia,Premium,9.62,60.47,1,0,0,0,17.45
5187,47,Female,2025-06-21,2026-08-15,India,Standard,28.35,33.66,0,0,1,0,13.72
5188,54,Male,2026-02-15,2026-06-15,India,Basic,11.63,26.86,0,1,0,1,8.82
5189,42,Other,2023-08-23,2026-08-12,UK,Standard,13.1,62.67,1,1,0,0,14.29
5190,65,Male,2024-03-03,2026-07-10,Canada,Standard,7.59,39.39,1,0,1,1,14.06
5191,44,Other,2025-01-29,2026-08-10,UK,Basic,28.82,66.24,1,0,0,0,8.75
5192,68,Female,2023-08-16,2026-06-02,Germany,Basic,11.7,11.29,2,1,0,1,8.69
5193,31,Female,2024-09-21,2026-08-15,Ireland,Basic,15.07,31.79,1,1,0,0,8.38
5194,74,Male,2025-11-19,2026-08-19,India,Basic,5.54,61.83,1,0,0,0,9.0
5195,65,Male,2025-01-20,2026-08-11,India,Basic,4.07,31.82,0,0,0,0,8.84
5196,64,Female,2025-04-27,2026-08-11,USA,Standard,18.78,85.32,0,1,1,0,13.73
5197,71,Male,2025-10-16,2026-06-11,USA,Standard,2.08,31.63,1,0,1,1,14.74
5198,53,Female,2024-06-27,2026-08-17,India,Standard,14.38,34.96,2,1,0,0,13.81
5199,56,Other,2025-06-10,2026-08-11,Canada,Premium,13.82,58.47,0,0,1,0,18.87
5200,33,Male,2024-06-10,2026-06-10,Australia,Standard,5.46,42.71,1,1,0,1,14.04
5201,73,Female,2023-08-16,2026-04-23,Australia,Standard,6.79,78.57,2,0,0,1,13.5
5202,39,Female,2024-07-02,2026-06-28,India,Premium,8.82,81.67,0,1,1,1,18.08
5203,38,Male,2024-06-09,2026-08-13,Australia,Standard,4.4,41.49,2,0,0,0,14.26
5204,71,Male,2025-11-25,2026-05-29,USA,Basic,5.47,28.83,1,0,0,1,8.76
5205,38,Male,2026-01-01,2026-05-27,Ireland,Basic,3.8,74.27,1,0,0,1,9.28
5206,25,Male,2024-07-05,2026-08-17,Australia,Standard,10.03,76.95,1,1,0,0,13.35
5207,66,Female,2025-12-01,2026-08-18,France,Standard,4.65,48.21,1,0,0,0,13.74
5208,33,Male,2024-07-27,2026-06-19,UK,Premium,6.83,55.05,0,0,0,1,18.27
5209,72,Other,2024-07-26,2026-08-11,India,Standard,6.64,20.1,0,1,0,0,14.51
5210,48,Male,2026-04-25,2026-08-17,Australia,Premium,5.19,48.58,0,0,0,0,17.94
5211,59,Female,2024-08-17,2026-08-15,France,Basic,13.16,38.39,1,0,0,0,9.0
5212,27,Female,2024-04-22,2026-08-17,Ireland,Standard,8.2,49.07,0,0,0,0,14.26
5213,49,Male,2026-05-28,2026-05-28,India,Premium,4.88,46.56,0,1,0,1,18.13
5214,51,Male,2023-08-20,2026-07-27,France,Basic,4.42,20.79,2,0,0,1,9.14
5215,26,Female,2024-07-09,2026-08-18,Canada,Basic,10.01,66.74,1,0,0,0,9.15
5216,34,Female,2024-08-26,2026-05-04,Canada,Basic,2.02,65.51,1,0,0,1,8.93
5217,28,Male,2025-05-11,2026-07-02,France,Standard,5.84,50.26,1,0,0,1,14.02
5218,49,Male,2024-12-04,2026-08-11,USA,Basic,3.64,41.02,0,1,1,0,9.56
5219,27,Male,2025-05-05,2026-05-22,Ireland,Standard,11.78,7.63,0,1,0,1,13.76
5220,39,Male,2026-02-04,2026-08-18,France,Basic,3.02,53.68,2,0,1,0,9.21
5221,74,Female,2025-01-01,2026-08-10,UK,Standard,14.57,30.98,0,1,0,0,13.54
5222,34,Female,2026-05-09,2026-06-27,Ireland,Premium,18.75,31.94,1,0,1,1,17.84
5223,21,Male,2024-07-26,2026-08-12,UK,Basic,9.41,26.59,1,0,0,0,8.37
5224,65,Other,2023-12-16,2026-08-14,UK,Basic,3.92,32.29,1,0,0,0,8.82
5225,69,Male,2025-10-24,2026-07-12,Ireland,Standard,19.99,80.63,0,0,0,1,13.28
5226,64,Female,2025-12-14,2026-08-15,India,Standard,29.02,20.46,0,1,0,0,13.97
5227,42,Male,2025-01-20,2026-07-07,Germany,Basic,6.89,25.29,0,0,0,1,9.44
5228,38,Male,2025-09-16,2026-08-18,Ireland,Standard,5.2,13.28,1,0,1,0,13.68
5229,54,Male,2025-05-26,2026-05-06,France,Premium,7.03,21.73,0,0,0,1,18.76
5230,55,Male,2024-03-24,2026-08-15,India,Basic,19.53,75.68,1,0,0,0,8.69
5231,66,Female,2024-02-16,2026-08-10,UK,Basic,11.5,81.08,1,1,1,0,9.02
5232,18,Female,2025-04-15,2026-08-14,India,Standard,10.66,81.46,0,0,0,0,14.23
5233,42,Male,2024-12-13,2026-08-17,India,Standard,25.19,29.5,1,0,0,0,14.16
5234,68,Female,2024-01-17,2026-08-12,Australia,Basic,4.77,65.21,0,1,0,0,9.02
5235,53,Male,2026-06-13,2026-08-16,France,Standard,11.41,6.68,0,1,1,0,13.69
5236,34,Female,2025-05-21,2026-08-12,Canada,Premium,13.46,39.89,1,0,0,0,17.52
5237,58,Male,2025-05-13,2026-08-13,Canada,Basic,21.21,4.3,1,0,0,0,8.48
5238,41,Male,2023-08-31,2026-08-18,France,Standard,2.66,93.27,0,0,0,0,14.14
5239,19,Male,2025-12-28,2026-08-18,France,Basic,24.39,43.85,0,0,0,0,9.27
5240,57,Female,2024-08-15,2026-08-15,USA,Standard,11.02,84.38,1,0,1,0,13.98
5241,32,Female,2024-07-09,2026-08-19,Canada,Standard,18.34,61.79,0,1,0,0,14.23
5242,49,Male,2026-06-11,2026-08-14,Germany,Standard,3.21,82.94,0,0,0,0,13.71
5243,56,Male,2024-04-01,2026-08-14,UK,Standard,0.91,58.64,1,0,0,0,14.07
5244,23,Male,2024-01-27,2026-08-16,Ireland,Basic,14.06,51.22,0,1,0,0,8.96
5245,18,Female,2026-02-03,2026-08-13,Ireland,Standard,4.62,50.62,2,0,0,0,14.11
5246,64,Female,2024-10-17,2026-08-16,Germany,Standard,10.7,69.46,1,0,0,0,14.78
5247,40,Male,2024-09-02,2026-08-19,Canada,Basic,6.6,40.67,1,0,0,0,9.61
5248,56,Male,2024-11-28,2026-08-16,UK,Premium,21.16,42.76,0,0,0,0,18.56
5249,74,Female,2026-04-10,2026-08-19,Canada,Basic,9.88,57.53,0,1,0,0,8.9
5250,34,Male,2024-06-21,2026-08-16,India,Standard,6.25,66.67,0,1,0,0,13.41
5251,51,Male,2024-08-02,2026-06-14,USA,Basic,2.95,67.08,0,1,0,1,9.16
5252,58,Male,2026-04-23,2026-08-15,Canada,Standard,5.57,78.93,0,1,0,0,14.14
5253,46,Male,2025-08-10,2026-08-13,USA,Basic,16.67,20.47,0,1,1,0,8.94
5254,26,Female,2024-05-12,2026-08-15,France,Basic,11.24,75.98,0,0,0,0,8.84
5255,30,Female,2024-11-20,2026-08-16,France,Basic,1.46,69.24,1,0,0,0,8.36
5256,23,Male,2026-02-12,2026-08-17,Ireland,Standard,1.41,62.7,3,1,1,0,13.96
5257,23,Female,2025-01-31,2026-08-17,UK,Standard,7.77,80.38,0,0,0,0,13.68
5258,37,Male,2026-02-08,2026-08-13,Australia,Standard,27.75,35.82,0,0,0,0,13.8
5259,69,Female,2025-10-08,2026-08-18,India,Premium,14.21,70.8,0,0,0,0,17.41
5260,70,Female,2024-03-08,2026-07-19,USA,Premium,0.8,22.34,0,0,0,1,17.91
5261,20,Female,2026-05-27,2026-08-11,Canada,Standard,5.06,72.0,0,1,1,0,13.95
5262,34,Male,2024-12-22,2026-06-26,France,Standard,9.17,54.52,2,1,0,1,14.06
5263,66,Male,2026-06-18,2026-06-18,India,Basic,17.17,46.5,2,0,0,1,8.3
5264,29,Male,2025-01-09,2026-05-06,Canada,Premium,14.73,43.32,1,0,0,1,18.08
5265,65,Female,2024-07-20,2026-08-19,India,Premium,1.7,4.1,1,1,1,0,17.7
5266,64,Male,2023-11-01,2026-08-13,Ireland,Basic,7.69,75.91,1,0,0,0,8.62
5267,62,Female,2024-05-11,2026-08-18,Germany,Standard,17.5,87.24,1,1,0,0,14.6
5268,72,Other,2026-01-06,2026-07-15,India,Premium,1.1,81.82,1,1,1,1,18.55
5269,18,Female,2025-04-29,2026-06-16,France,Basic,5.91,81.95,2,0,0,1,9.29
5270,34,Female,2024-01-08,2026-05-14,Australia,Basic,5.42,35.55,1,0,0,1,8.89
5271,20,Male,2026-04-20,2026-08-14,Germany,Basic,4.63,77.86,2,0,1,0,9.57
5272,43,Male,2024-11-20,2026-06-25,France,Basic,2.64,55.79,1,0,0,1,9.35
5273,32,Male,2025-10-08,2026-05-06,Canada,Basic,9.38,46.88,0,0,1,1,9.28
5274,53,Female,2024-02-28,2026-08-11,France,Basic,13.11,65.44,0,1,1,0,8.95
5275,49,Male,2026-04-10,2026-05-18,Germany,Basic,4.73,75.11,1,0,0,1,9.29
5276,49,Female,2026-03-03,2026-08-14,India,Premium,5.51,64.72,0,1,1,0,18.08
5277,21,Male,2024-04-07,2026-08-19,Australia,Basic,7.48,69.6,1,0,1,0,8.51
5278,35,Male,2025-10-28,2026-06-25,Australia,Standard,2.12,54.69,1,0,1,1,14.6
5279,66,Female,2024-12-25,2026-08-15,UK,Basic,15.2,54.87,1,0,0,0,8.94
5280,36,Male,2025-02-01,2026-08-17,France,Basic,5.04,34.3,0,1,0,0,8.63
5281,60,Male,2025-02-13,2026-08-10,Germany,Premium,10.58,48.92,2,1,0,0,18.37
5282,69,Female,2026-07-05,2026-07-05,UK,Premium,5.97,42.39,0,0,0,1,18.06
5283,52,Male,2025-01-06,2026-08-15,Canada,Standard,10.73,73.86,0,0,0,0,13.63
5284,57,Male,2024-02-24,2026-08-14,Canada,Standard,4.48,34.44,2,0,0,0,14.02
5285,31,Male,2025-08-19,2026-08-16,Canada,Standard,14.36,67.92,0,0,0,0,14.8
5286,50,Female,2024-01-23,2026-08-11,Ireland,Basic,20.5,76.47,0,0,0,0,9.46
5287,31,Other,2026-02-01,2026-08-13,Germany,Basic,2.2,63.19,1,0,0,0,9.3
5288,51,Female,2024-01-20,2026-08-14,USA,Standard,1.75,46.88,1,1,0,0,14.04
5289,72,Male,2026-03-24,2026-08-19,Australia,Premium,8.89,17.97,0,1,0,0,16.81
5290,21,Male,2023-08-20,2026-08-12,USA,Basic,9.19,57.56,1,0,0,0,9.52
5291,41,Male,2023-10-12,2026-08-12,Canada,Standard,2.63,30.92,0,1,0,0,14.61
5292,46,Other,2026-07-11,2026-08-17,India,Basic,7.27,23.9,1,0,0,0,8.32
5293,36,Male,2025-05-17,2026-08-17,France,Basic,13.67,80.09,2,1,0,0,8.95
5294,23,Male,2026-06-02,2026-07-22,India,Standard,1.95,21.1,0,0,0,1,13.6
5295,74,Female,2025-12-26,2026-08-16,Germany,Basic,17.76,14.95,0,1,0,0,9.62
5296,50,Other,2025-02-22,2026-06-25,India,Premium,12.25,17.76,0,1,0,1,18.62
5297,66,Male,2026-06-14,2026-06-14,UK,Standard,1.57,39.85,1,0,1,1,12.94
5298,57,Male,2025-12-15,2026-08-10,France,Basic,10.62,41.21,2,0,0,0,9.82
5299,36,Male,2026-01-22,2026-08-13,France,Standard,8.78,56.04,0,0,0,0,13.83
5300,70,Male,2026-03-13,2026-07-30,USA,Standard,15.68,61.04,1,0,1,1,13.23
5301,18,Female,2024-11-17,2026-04-24,India,Basic,2.02,8.12,0,0,0,1,9.04
5302,22,Female,2024-09-30,2026-07-06,Canada,Standard,7.94,41.25,1,0,0,1,14.08
5303,44,Female,2025-07-27,2026-08-14,USA,Standard,10.9,17.14,1,1,0,0,13.78
5304,33,Male,2024-11-01,2026-08-15,USA,Basic,12.08,52.84,1,0,1,0,9.41
5305,23,Male,2023-09-27,2026-07-01,Australia,Premium,6.02,30.19,0,0,1,1,17.81
5306,57,Male,2025-03-02,2026-08-15,USA,Basic,5.07,56.01,0,0,1,0,8.48
5307,30,Male,2024-04-24,2026-08-15,Canada,Basic,12.28,43.69,0,0,0,0,9.75
5308,65,Female,2024-05-18,2026-08-16,Australia,Standard,9.92,59.3,0,0,0,0,13.76
5309,52,Male,2024-04-03,2026-08-17,France,Basic,11.6,59.98,2,0,0,0,9.24
5310,36,Male,2024-11-05,2026-08-18,Canada,Standard,19.97,27.34,0,0,0,0,13.97
5311,29,Male,2024-10-30,2026-07-24,Ireland,Standard,3.23,41.21,0,0,1,1,14.25
5312,33,Male,2026-04-15,2026-08-17,France,Basic,8.31,1.83,0,0,1,0,8.81
5313,60,Male,2024-04-23,2026-08-19,France,Premium,11.7,32.12,0,0,0,0,18.24
5314,27,Female,2024-11-29,2026-07-29,India,Standard,9.77,45.68,1,0,0,1,14.03
5315,42,Male,2023-12-30,2026-08-14,Ireland,Standard,7.36,42.82,0,0,0,0,14.37
5316,37,Female,2025-05-18,2026-06-12,India,Basic,7.12,40.27,1,0,0,1,9.26
5317,48,Male,2025-01-24,2026-08-12,Ireland,Basic,9.05,58.5,1,1,0,0,8.38
5318,21,Male,2025-07-19,2026-06-04,USA,Standard,5.06,56.53,0,0,1,1,13.91
5319,61,Female,2023-08-17,2026-08-13,Germany,Premium,4.04,52.88,2,1,0,0,17.74
5320,40,Male,2026-05-30,2026-08-11,Canada,Basic,4.13,32.21,0,0,0,0,9.84
5321,19,Female,2025-01-03,2026-07-08,Ireland,Standard,5.96,43.13,0,0,0,1,14.94
5322,73,Male,2025-03-09,2026-06-25,France,Standard,16.67,31.01,1,0,0,1,13.8
5323,39,Female,2023-11-17,2026-08-14,France,Basic,9.78,39.49,1,0,0,0,9.04
5324,68,Female,2025-09-01,2026-07-28,Germany,Standard,6.86,63.56,2,1,0,1,13.88
5325,74,Female,2025-01-11,2026-08-16,Ireland,Basic,5.48,63.87,1,0,0,0,9.06
5326,54,Female,2025-12-14,2026-08-16,France,Basic,14.64,32.42,0,1,0,0,9.02
5327,25,Female,2025-02-02,2026-07-19,India,Basic,4.11,29.94,1,0,0,1,9.27
5328,24,Male,2024-10-17,2026-08-19,Ireland,Basic,4.69,87.77,0,0,0,0,9.16
5329,31,Female,2025-02-17,2026-08-18,Germany,Basic,6.98,14.22,1,0,1,0,9.56
5330,73,Female,2026-06-07,2026-06-07,Ireland,Premium,9.41,62.05,3,0,0,1,18.56
5331,72,Male,2026-05-17,2026-05-23,USA,Standard,12.95,16.33,1,0,0,1,13.51
5332,20,Male,2025-11-17,2026-08-16,USA,Basic,17.69,35.77,1,1,0,0,9.19
5333,67,Female,2023-11-07,2026-06-11,Australia,Standard,5.61,54.88,1,1,0,1,13.88
5334,33,Female,2026-02-13,2026-08-12,USA,Standard,14.03,70.93,0,1,1,0,13.75
5335,72,Male,2023-12-26,2026-08-16,UK,Basic,24.14,39.56,1,0,0,0,9.51
5336,36,Female,2023-09-06,2026-08-13,Australia,Basic,5.42,85.98,0,1,0,0,9.17
5337,68,Male,2024-04-17,2026-08-12,Ireland,Basic,26.53,72.33,1,0,0,0,8.63
5338,35,Male,2026-02-11,2026-08-19,UK,Basic,3.03,55.85,0,0,0,0,8.6
5339,69,Female,2024-04-24,2026-07-25,Canada,Premium,8.09,15.27,1,0,0,1,18.37
5340,33,Male,2023-10-20,2026-08-17,Germany,Standard,10.49,74.5,0,0,1,0,13.87
5341,25,Female,2026-05-07,2026-06-28,Canada,Premium,4.85,84.09,1,0,0,1,18.36
5342,50,Male,2026-03-05,2026-08-10,UK,Standard,6.18,83.49,0,1,0,0,13.82
5343,66,Male,2025-03-29,2026-08-15,France,Basic,4.91,48.99,0,1,0,0,9.5
5344,29,Male,2025-01-14,2026-08-19,USA,Premium,4.9,77.1,1,0,1,0,18.23
5345,70,Female,2025-06-29,2026-06-06,India,Basic,9.84,57.78,0,1,0,1,9.18
5346,28,Male,2025-04-05,2026-05-01,Ireland,Basic,3.65,35.63,0,0,0,1,9.09
5347,22,Male,2025-09-15,2026-05-14,Australia,Standard,5.03,61.53,0,0,0,1,13.48
5348,44,Male,2024-02-15,2026-06-29,France,Basic,1.91,41.38,0,0,0,1,8.62
5349,29,Male,2024-08-19,2026-08-17,India,Basic,14.81,73.23,0,0,0,0,9.17
5350,34,Male,2023-10-25,2026-08-17,France,Standard,19.69,27.84,1,0,0,0,14.14
5351,23,Male,2023-12-12,2026-08-17,India,Premium,4.67,34.81,0,1,0,0,17.6
5352,50,Female,2024-05-26,2026-08-11,Ireland,Basic,14.37,11.06,1,0,0,0,8.99
5353,22,Male,2025-09-19,2026-08-16,USA,Basic,9.24,62.32,0,0,0,0,9.19
5354,74,Female,2026-04-10,2026-05-15,Ireland,Standard,3.15,73.04,0,0,0,1,13.91
5355,45,Female,2024-06-06,2026-05-22,Germany,Standard,12.6,30.17,0,1,0,1,14.05
5356,31,Male,2024-12-26,2026-06-02,India,Basic,1.38,39.58,1,0,0,1,8.59
5357,22,Male,2026-02-23,2026-04-28,Germany,Premium,7.94,56.1,1,0,0,1,17.82
5358,71,Female,2024-12-01,2026-08-12,France,Standard,7.11,84.43,0,0,0,0,14.06
5359,73,Female,2023-11-16,2026-05-06,Germany,Standard,11.03,45.5,1,0,1,1,14.02
5360,50,Male,2025-03-09,2026-08-17,Canada,Premium,6.09,86.95,0,0,1,0,17.51
5361,67,Female,2026-02-16,2026-08-10,France,Premium,9.84,53.76,0,1,0,0,17.56
5362,65,Male,2025-12-03,2026-08-16,USA,Basic,16.72,50.84,0,0,0,0,8.62
5363,58,Male,2026-02-13,2026-06-26,Germany,Basic,6.5,61.29,0,0,0,1,8.93
5364,36,Male,2024-01-10,2026-04-28,UK,Standard,2.85,12.32,1,1,0,1,14.09
5365,39,Female,2024-12-30,2026-05-07,Germany,Premium,4.87,32.44,1,1,0,1,18.05
5366,22,Female,2025-09-25,2026-08-10,Australia,Standard,8.66,46.65,2,1,1,0,13.89
5367,19,Female,2024-06-15,2026-08-18,Canada,Standard,11.84,45.22,0,0,1,0,13.7
5368,47,Male,2025-01-02,2026-08-12,UK,Standard,8.4,56.35,0,0,0,0,13.6
5369,64,Female,2025-04-10,2026-05-23,India,Basic,3.66,19.88,2,0,0,1,9.23
5370,56,Male,2025-03-22,2026-06-08,USA,Premium,3.65,76.83,1,1,0,1,18.34
5371,21,Female,2025-05-03,2026-08-18,USA,Standard,5.72,21.78,2,0,0,0,14.5
5372,50,Male,2024-01-28,2026-08-11,Australia,Premium,23.29,64.82,0,0,1,0,18.02
5373,30,Male,2024-03-10,2026-06-12,India,Standard,3.33,18.75,1,0,0,1,14.23
5374,37,Male,2024-01-07,2026-08-14,Germany,Premium,7.45,42.08,0,0,0,0,18.44
5375,71,Female,2025-10-02,2026-08-16,UK,Basic,13.7,86.59,1,0,0,0,7.85
5376,24,Male,2024-06-29,2026-08-17,Australia,Standard,15.11,63.7,0,1,0,0,14.17
5377,32,Male,2024-02-27,2026-08-11,UK,Premium,9.38,45.6,1,0,0,0,18.03
5378,40,Male,2024-09-26,2026-08-11,Germany,Standard,10.05,22.56,0,0,0,0,14.04
5379,31,Other,2024-01-13,2026-08-19,India,Standard,11.15,10.51,0,1,0,0,13.73
5380,40,Female,2024-01-24,2026-08-12,Germany,Basic,7.4,62.01,0,1,1,0,9.19
5381,36,Female,2026-03-19,2026-08-17,Ireland,Standard,3.74,52.04,0,0,0,0,13.99
5382,71,Male,2026-05-14,2026-08-10,Ireland,Premium,10.11,78.68,1,0,0,0,18.15
5383,46,Male,2025-04-02,2026-08-12,Germany,Basic,5.0,7.52,1,0,0,0,9.11
5384,73,Female,2025-07-28,2026-06-17,Canada,Standard,2.6,5.13,0,0,0,1,13.99
5385,37,Male,2025-02-15,2026-06-09,Australia,Standard,15.16,53.16,1,0,1,1,14.65
5386,46,Male,2024-04-09,2026-08-19,Ireland,Basic,3.82,58.02,0,1,0,0,8.55
5387,41,Male,2024-11-04,2026-08-13,France,Basic,4.67,68.81,0,0,0,0,8.45
5388,35,Female,2025-05-20,2026-07-15,Germany,Standard,8.71,12.52,1,1,1,1,13.7
5389,27,Male,2023-10-16,2026-04-24,France,Basic,1.73,17.77,1,0,0,1,9.1
5390,58,Female,2025-05-04,2026-08-10,France,Premium,5.74,86.59,1,0,1,0,18.29
5391,74,Female,2024-11-27,2026-08-17,UK,Standard,17.27,14.62,1,1,1,0,13.51
5392,25,Male,2024-06-19,2026-08-19,Australia,Basic,5.63,42.4,0,0,1,0,9.37
5393,43,Male,2023-12-09,2026-04-25,India,Basic,3.7,54.24,0,0,0,1,8.72
5394,46,Other,2025-03-21,2026-06-28,Ireland,Standard,2.52,62.47,1,0,0,1,14.0
5395,27,Female,2024-07-12,2026-08-15,India,Standard,7.04,68.89,1,1,1,0,14.68
5396,34,Female,2024-10-11,2026-08-13,Canada,Basic,3.52,67.85,0,0,1,0,8.78
5397,19,Female,2024-02-06,2026-08-14,Australia,Standard,15.91,26.36,1,0,0,0,14.17
5398,23,Male,2026-07-16,2026-07-16,Australia,Premium,1.66,49.27,0,1,0,1,17.78
5399,22,Female,2024-10-27,2026-08-13,USA,Basic,21.23,17.05,0,1,0,0,9.21
5400,45,Male,2024-02-25,2026-08-11,UK,Basic,8.92,62.1,2,0,1,0,9.44
5401,58,Female,2023-11-08,2026-05-18,Canada,Premium,1.22,21.56,0,0,0,1,18.42
5402,22,Female,2026-06-25,2026-06-25,France,Basic,4.24,10.85,2,0,0,1,9.35
5403,35,Female,2026-02-09,2026-08-11,Canada,Premium,14.39,38.92,0,1,1,0,18.88
5404,43,Female,2024-07-06,2026-08-11,India,Basic,6.75,43.71,0,1,0,0,9.13
5405,37,Female,2025-02-03,2026-08-12,Canada,Basic,7.66,34.24,0,0,0,0,9.3
5406,58,Male,2024-02-19,2026-08-16,UK,Basic,3.06,69.62,1,0,0,0,9.46
5407,66,Female,2025-06-06,2026-08-16,Canada,Basic,6.78,48.59,1,0,0,0,8.75
5408,44,Male,2024-03-18,2026-08-10,USA,Basic,3.22,18.4,0,1,0,0,8.74
5409,66,Female,2024-02-01,2026-08-12,Ireland,Basic,5.89,54.16,0,0,1,0,8.53
5410,29,Male,2026-07-12,2026-08-11,UK,Basic,14.61,59.45,0,0,0,0,8.88
5411,24,Male,2026-06-01,2026-08-10,Canada,Basic,4.1,13.35,0,1,0,0,9.22
5412,20,Female,2025-05-05,2026-07-27,Germany,Standard,5.81,41.75,0,1,0,1,14.05
5413,27,Other,2026-06-15,2026-06-15,Ireland,Premium,3.8,77.46,0,0,0,1,18.46
5414,51,Male,2026-03-25,2026-08-14,India,Premium,13.26,43.67,0,0,1,0,18.22
5415,42,Female,2024-08-18,2026-08-14,France,Standard,5.69,55.19,1,1,0,0,12.85
5416,52,Female,2024-06-27,2026-06-23,Australia,Premium,7.69,55.94,0,0,1,1,17.88
5417,33,Female,2025-12-03,2026-04-27,UK,Basic,8.23,56.96,1,0,0,1,9.74
5418,19,Male,2025-01-07,2026-08-19,Germany,Basic,10.42,65.04,0,1,0,0,7.92
5419,41,Female,2025-12-25,2026-08-15,Australia,Basic,15.12,45.24,1,1,1,0,8.56
5420,27,Female,2025-11-24,2026-08-11,Germany,Standard,4.64,27.71,0,0,1,0,13.75
5421,55,Male,2024-03-06,2026-08-18,Canada,Premium,7.74,82.04,1,0,1,0,18.25
5422,39,Female,2026-06-03,2026-07-21,France,Standard,1.65,19.96,1,0,0,1,14.72
5423,43,Female,2024-06-24,2026-08-16,UK,Basic,7.12,76.48,1,1,0,0,9.49
5424,60,Female,2025-02-19,2026-08-15,France,Standard,12.81,79.94,1,1,0,0,13.81
5425,72,Male,2025-12-28,2026-08-17,France,Basic,8.52,90.54,1,0,0,0,8.81
5426,56,Male,2026-04-22,2026-07-14,India,Standard,7.11,75.12,1,0,0,1,13.63
5427,44,Female,2025-03-08,2026-06-01,Canada,Standard,3.78,17.07,1,1,0,1,14.29
5428,46,Male,2023-09-11,2026-08-12,Australia,Basic,10.51,22.12,0,1,0,0,8.66
5429,64,Female,2026-07-14,2026-08-12,India,Basic,5.2,29.08,0,0,1,0,8.66
5430,55,Male,2025-09-02,2026-07-04,France,Standard,3.92,79.58,1,0,0,1,14.44
5431,37,Male,2025-10-26,2026-08-12,USA,Standard,6.32,8.74,0,0,1,0,14.5
5432,44,Male,2025-09-28,2026-07-03,Germany,Basic,7.23,24.18,1,0,0,1,8.97
5433,58,Female,2024-12-28,2026-08-10,USA,Standard,7.81,40.2,0,0,0,0,14.23
5434,71,Male,2025-10-30,2026-07-25,Australia,Premium,1.33,29.49,1,0,0,1,17.84
5435,37,Female,2026-04-22,2026-05-23,Canada,Basic,3.92,33.52,0,0,0,1,8.43
5436,61,Female,2024-03-20,2026-08-16,India,Basic,13.99,50.12,0,1,0,0,8.43
5437,36,Female,2025-03-20,2026-08-14,India,Standard,14.69,9.89,1,0,0,0,14.03
5438,37,Female,2025-06-15,2026-08-11,India,Standard,7.28,74.29,2,0,0,0,13.87
5439,52,Male,2025-07-29,2026-08-17,Ireland,Basic,16.51,6.23,0,1,0,0,9.07
5440,64,Male,2024-06-26,2026-08-19,Germany,Basic,8.55,49.47,0,0,0,0,9.08
5441,19,Male,2025-03-09,2026-07-28,Ireland,Basic,8.66,32.41,1,0,1,1,8.78
5442,47,Female,2024-04-08,2026-08-18,UK,Standard,5.99,92.05,0,0,1,0,13.63
5443,70,Female,2025-05-12,2026-08-14,Germany,Basic,6.97,28.35,0,1,0,0,9.47
5444,51,Male,2026-03-24,2026-05-01,USA,Standard,3.81,19.11,1,1,0,1,14.24
5445,39,Male,2023-10-02,2026-08-14,Ireland,Premium,11.07,48.51,1,1,0,0,17.71
5446,20,Female,2025-08-07,2026-08-14,Australia,Premium,5.97,33.05,0,1,1,0,17.85
5447,23,Male,2025-01-28,2026-08-19,UK,Standard,12.6,47.77,2,0,0,0,13.55
5448,32,Female,2025-02-06,2026-08-18,Germany,Standard,10.82,27.55,0,0,0,0,14.62
5449,44,Male,2025-09-21,2026-06-20,India,Premium,13.17,15.75,0,0,0,1,18.84
5450,27,Other,2025-12-31,2026-08-14,Australia,Premium,11.81,80.07,1,1,0,0,18.62
5451,26,Male,2026-02-15,2026-08-11,France,Premium,11.02,58.91,0,0,1,0,17.15
5452,50,Male,2026-07-07,2026-07-07,UK,Basic,8.27,36.41,0,0,0,1,8.52
5453,49,Male,2023-09-11,2026-06-19,USA,Basic,8.05,42.87,0,0,1,1,9.3
5454,65,Male,2024-06-25,2026-08-16,India,Premium,4.88,74.78,0,0,0,0,18.62
5455,23,Male,2024-02-13,2026-08-17,Australia,Premium,4.46,88.33,3,0,0,0,17.62
5456,58,Male,2025-05-02,2026-08-16,Germany,Standard,10.24,71.88,0,0,1,0,13.85
5457,53,Female,2026-03-21,2026-06-21,UK,Premium,6.34,67.79,0,0,0,1,17.65
5458,19,Male,2026-01-18,2026-06-20,Canada,Standard,8.78,9.17,1,1,1,1,13.37
5459,46,Female,2024-09-18,2026-08-14,France,Standard,7.36,26.19,1,0,1,0,13.75
5460,21,Male,2026-06-02,2026-06-27,Germany,Basic,8.01,36.81,0,0,1,1,8.82
5461,18,Female,2026-01-21,2026-08-14,Germany,Standard,15.6,45.3,0,0,0,0,14.54
5462,36,Female,2026-03-02,2026-08-16,India,Standard,11.81,35.75,1,0,0,0,14.14
5463,43,Male,2025-02-06,2026-06-27,Germany,Premium,11.44,60.93,0,0,0,1,17.93
5464,42,Male,2024-12-14,2026-08-15,India,Standard,13.16,41.63,0,0,0,0,14.55
5465,27,Male,2025-04-06,2026-08-19,Germany,Premium,9.99,65.2,0,1,0,0,18.35
5466,70,Male,2026-02-28,2026-07-27,Canada,Premium,3.09,47.47,0,0,0,1,17.83
5467,32,Female,2024-08-13,2026-08-13,Australia,Basic,10.28,93.13,0,0,0,0,9.29
5468,39,Female,2025-09-30,2026-07-18,Australia,Basic,9.35,30.27,1,0,0,1,8.12
5469,68,Female,2025-05-25,2026-05-22,Australia,Standard,2.06,17.08,1,1,0,1,14.5
5470,65,Female,2025-01-03,2026-08-15,USA,Basic,12.0,12.76,0,0,0,0,9.1
5471,38,Other,2025-05-30,2026-08-19,Canada,Standard,5.97,65.25,0,1,0,0,13.86
5472,73,Female,2024-09-28,2026-08-12,Canada,Basic,8.65,46.02,0,1,0,0,8.88
5473,39,Female,2024-01-20,2026-08-13,France,Basic,8.17,72.63,1,1,0,0,8.3
5474,53,Female,2026-05-23,2026-06-30,UK,Basic,6.87,83.05,0,0,0,1,8.84
5475,51,Male,2023-10-09,2026-08-17,Ireland,Basic,6.56,98.33,0,0,0,0,9.35
5476,47,Male,2025-11-05,2026-05-31,Australia,Basic,2.77,86.37,0,0,1,1,8.94
5477,42,Female,2024-05-19,2026-08-10,Ireland,Premium,6.47,79.93,1,1,0,0,18.21
5478,62,Male,2025-02-05,2026-08-14,UK,Basic,3.49,77.91,2,1,0,0,8.93
5479,45,Male,2026-02-05,2026-07-14,Canada,Premium,3.82,48.54,0,0,0,1,18.37
5480,18,Male,2023-09-06,2026-08-17,UK,Premium,6.84,63.4,0,1,1,0,17.24
5481,66,Male,2026-07-17,2026-07-17,Germany,Premium,5.51,72.54,0,0,0,1,17.22
5482,62,Female,2026-07-18,2026-07-18,UK,Standard,7.46,36.03,0,0,0,1,13.99
5483,21,Male,2025-05-29,2026-08-04,UK,Standard,3.15,35.93,1,0,1,1,14.18
5484,24,Female,2025-07-24,2026-08-15,India,Basic,21.47,58.41,0,0,0,0,8.94
5485,66,Female,2024-01-27,2026-06-27,Germany,Basic,2.8,48.0,0,1,0,1,9.22
5486,26,Male,2025-07-17,2026-08-18,India,Premium,8.86,74.81,1,1,1,0,18.11
5487,53,Female,2025-01-28,2026-08-18,Ireland,Basic,6.46,29.57,1,1,0,0,7.97
5488,36,Female,2024-02-22,2026-08-18,France,Premium,5.5,72.92,1,1,0,0,18.13
5489,18,Male,2025-08-09,2026-08-16,Germany,Standard,7.62,53.74,0,1,0,0,12.97
5490,27,Male,2024-07-20,2026-08-18,France,Standard,16.89,10.09,1,0,0,0,13.7
5491,53,Male,2024-02-05,2026-08-17,USA,Basic,18.25,36.01,1,0,0,0,9.11
5492,26,Female,2023-08-18,2026-08-13,UK,Standard,4.01,79.25,1,0,0,0,13.98
5493,62,Female,2024-07-27,2026-08-13,France,Standard,5.34,26.96,1,0,0,0,13.52
5494,63,Male,2025-01-03,2026-05-10,UK,Standard,11.25,39.15,2,0,0,1,13.94
5495,59,Male,2025-12-31,2026-04-23,India,Standard,10.4,35.08,0,1,0,1,13.36
5496,49,Male,2025-09-03,2026-08-13,Ireland,Basic,3.2,31.36,1,0,0,0,8.78
5497,49,Female,2025-04-13,2026-08-18,India,Basic,10.16,21.96,0,0,0,0,9.49
5498,23,Male,2023-09-20,2026-08-11,Canada,Basic,24.92,55.1,0,0,0,0,9.36
5499,65,Female,2024-10-26,2026-08-16,Germany,Basic,3.54,61.16,0,0,0,0,9.3
5500,55,Male,2025-08-22,2026-08-14,Canada,Basic,5.31,37.05,2,0,0,0,8.29
5501,34,Female,2026-07-06,2026-08-18,USA,Basic,5.43,78.21,0,1,1,0,9.11
5502,27,Female,2025-12-03,2026-08-17,Germany,Standard,4.62,53.93,0,0,0,0,13.79
5503,67,Female,2026-07-10,2026-08-17,USA,Standard,5.14,82.73,0,1,0,0,14.48
5504,44,Male,2025-01-25,2026-08-17,USA,Basic,5.48,87.35,1,0,1,0,8.91
5505,71,Female,2025-02-14,2026-08-02,USA,Standard,6.53,34.59,0,1,0,1,15.03
5506,67,Male,2024-06-14,2026-05-12,Australia,Standard,4.71,80.73,0,0,0,1,14.4
5507,52,Male,2024-10-18,2026-08-14,Germany,Standard,12.91,27.01,1,0,1,0,14.14
5508,69,Female,2024-12-28,2026-08-18,France,Standard,7.0,15.68,0,0,1,0,14.26
5509,38,Female,2025-06-11,2026-08-15,Germany,Basic,10.32,29.39,2,0,0,0,8.9
5510,42,Female,2024-08-13,2026-06-29,Australia,Basic,4.45,54.63,2,0,1,1,8.87
5511,45,Male,2024-01-04,2026-08-16,Ireland,Basic,8.23,67.68,2,0,1,0,8.79
5512,64,Female,2024-12-05,2026-08-15,France,Basic,13.24,67.17,1,0,0,0,8.32
5513,32,Female,2026-01-16,2026-08-16,Australia,Standard,10.55,48.95,0,1,1,0,13.89
5514,21,Female,2024-02-07,2026-08-17,France,Premium,13.17,71.51,1,1,0,0,18.32
5515,46,Female,2026-05-03,2026-08-14,UK,Basic,29.1,19.05,0,0,0,0,8.82
5516,26,Female,2026-02-26,2026-08-16,Canada,Standard,16.08,43.77,0,0,0,0,13.89
5517,44,Male,2026-07-07,2026-07-07,Canada,Premium,16.17,30.07,1,1,0,1,18.12
5518,43,Female,2026-07-19,2026-07-19,USA,Basic,2.4,23.82,0,1,0,1,9.82
5519,36,Female,2025-02-20,2026-07-06,Germany,Premium,3.0,39.36,0,0,0,1,18.09
5520,73,Other,2024-06-25,2026-08-18,Germany,Basic,4.53,50.88,1,0,0,0,9.22
5521,45,Male,2026-05-16,2026-05-16,USA,Premium,3.03,53.02,2,1,0,1,17.94
5522,34,Male,2025-11-17,2026-04-28,UK,Basic,25.39,24.68,1,1,1,1,8.12
5523,60,Male,2024-12-26,2026-08-17,Canada,Basic,1.82,60.01,2,0,0,0,9.63
5524,74,Female,2025-05-11,2026-08-17,Australia,Standard,3.64,32.99,0,1,0,0,14.44
5525,58,Female,2025-08-02,2026-08-15,Ireland,Premium,12.68,87.96,0,1,0,0,18.17
5526,59,Male,2024-09-10,2026-08-14,France,Basic,2.11,32.0,0,0,1,0,9.11
5527,67,Female,2025-07-03,2026-08-17,France,Standard,15.12,19.8,2,1,1,0,13.92
5528,37,Female,2025-04-07,2026-08-10,France,Standard,1.31,83.21,1,1,0,0,14.41
5529,62,Female,2026-05-08,2026-08-16,France,Basic,14.33,61.9,0,0,0,0,8.42
5530,57,Male,2026-06-25,2026-08-15,India,Standard,18.43,48.78,0,1,0,0,14.2
5531,56,Female,2024-04-07,2026-08-17,UK,Standard,6.09,96.68,2,0,0,0,14.1
5532,66,Male,2024-10-31,2026-08-14,France,Basic,17.46,37.98,0,0,0,0,9.22
5533,70,Female,2024-06-07,2026-08-16,Germany,Standard,15.1,57.4,1,0,0,0,14.06
5534,40,Male,2023-10-16,2026-08-15,India,Premium,13.68,73.13,0,0,0,0,18.36
5535,64,Male,2025-10-28,2026-08-12,USA,Standard,13.48,60.86,2,0,0,0,14.26
5536,49,Female,2025-01-17,2026-08-11,Canada,Premium,6.76,93.2,0,0,0,0,18.19
5537,69,Male,2026-05-05,2026-08-19,India,Basic,18.29,23.44,0,0,0,0,9.53
5538,64,Male,2023-10-11,2026-08-15,USA,Basic,25.29,37.72,0,0,1,0,8.87
5539,50,Female,2025-04-30,2026-08-14,Germany,Premium,2.88,61.43,2,1,0,0,18.29
5540,74,Female,2025-03-02,2026-08-14,France,Premium,4.44,87.22,0,0,0,0,17.77
5541,63,Female,2023-10-29,2026-08-10,USA,Basic,6.6,45.65,1,0,0,0,8.8
5542,22,Male,2024-03-03,2026-08-18,Australia,Basic,11.51,26.43,0,0,1,0,9.31
5543,60,Male,2025-09-25,2026-06-04,India,Premium,11.58,39.76,1,0,0,1,18.01
5544,65,Male,2024-07-17,2026-08-12,India,Basic,5.8,19.44,1,0,0,0,9.39
5545,51,Male,2026-02-14,2026-08-11,France,Basic,13.86,71.85,0,1,0,0,9.07
5546,57,Female,2025-08-13,2026-08-18,Canada,Standard,8.39,67.68,0,0,0,0,14.17
5547,28,Male,2023-11-20,2026-08-13,USA,Premium,13.48,52.41,0,0,0,0,17.71
5548,67,Male,2024-02-08,2026-08-12,Canada,Standard,9.99,79.07,0,1,0,0,14.0
5549,20,Male,2023-08-27,2026-08-13,India,Standard,4.17,93.07,1,1,0,0,14.13
5550,50,Male,2024-01-16,2026-04-23,USA,Basic,8.1,57.32,1,0,0,1,9.04
5551,28,Female,2023-09-03,2026-08-10,USA,Standard,3.27,32.78,0,0,0,0,14.57
5552,33,Female,2025-09-10,2026-08-10,Canada,Basic,3.39,88.02,0,0,0,0,9.09
5553,35,Male,2025-04-02,2026-08-14,Australia,Premium,5.16,70.46,0,1,0,0,18.4
5554,47,Male,2024-12-01,2026-08-11,USA,Standard,18.67,89.14,0,1,0,0,13.75
5555,65,Male,2024-10-23,2026-04-22,Australia,Standard,7.17,22.82,0,1,0,1,13.71
5556,72,Female,2025-05-02,2026-08-17,UK,Premium,5.51,65.83,0,0,1,0,18.1
5557,27,Female,2025-05-30,2026-08-18,Ireland,Basic,11.79,74.97,0,1,0,0,8.96
5558,35,Male,2025-05-08,2026-08-18,UK,Premium,2.62,25.86,1,0,0,0,17.87
5559,55,Female,2026-02-06,2026-05-16,Ireland,Basic,9.26,31.05,1,0,0,1,9.92
5560,36,Female,2025-05-27,2026-08-15,UK,Basic,15.51,76.16,0,0,0,0,9.34
5561,53,Female,2023-11-06,2026-08-19,Ireland,Basic,8.4,66.78,1,0,0,0,8.87
5562,30,Female,2025-03-26,2026-08-19,USA,Premium,16.94,61.34,2,0,0,0,17.88
5563,73,Male,2025-02-19,2026-08-17,Canada,Premium,6.63,16.04,1,0,0,0,17.23
5564,63,Male,2026-04-30,2026-08-16,Canada,Basic,2.79,67.59,1,0,0,0,8.86
5565,20,Male,2026-03-24,2026-08-14,France,Basic,9.61,63.75,0,0,0,0,8.6
5566,27,Female,2026-06-23,2026-06-23,Germany,Premium,13.78,37.23,0,1,0,1,17.96
5567,55,Other,2024-05-31,2026-08-18,France,Basic,9.87,36.17,2,0,0,0,8.77
5568,18,Male,2025-03-10,2026-05-14,Ireland,Standard,10.13,35.74,1,1,1,1,13.9
5569,72,Male,2025-01-30,2026-08-12,Germany,Standard,7.26,75.86,0,1,0,0,14.02
5570,73,Male,2025-02-17,2026-06-06,Australia,Premium,1.35,43.58,1,0,1,1,17.76
5571,44,Male,2026-01-08,2026-06-01,Australia,Standard,7.98,41.44,1,0,0,1,13.98
5572,63,Male,2024-12-06,2026-08-12,Germany,Standard,9.0,16.48,0,1,0,0,14.49
5573,25,Female,2025-05-05,2026-08-19,Ireland,Premium,10.59,79.48,0,0,1,0,18.39
5574,68,Male,2023-08-26,2026-08-17,Canada,Basic,8.06,65.03,1,1,0,0,9.02
5575,63,Male,2025-11-05,2026-08-18,Ireland,Basic,3.04,77.05,0,0,0,0,9.58
5576,59,Female,2026-03-30,2026-08-14,Australia,Basic,14.67,55.38,0,0,0,0,9.26
5577,34,Male,2026-07-07,2026-08-13,USA,Premium,9.46,74.02,0,0,0,0,17.58
5578,26,Male,2024-01-22,2026-08-12,Germany,Standard,4.81,62.84,1,0,0,0,14.31
5579,23,Male,2026-03-03,2026-08-16,Germany,Basic,13.83,66.65,1,0,0,0,9.06
5580,60,Female,2024-08-23,2026-08-16,Australia,Standard,2.48,50.55,0,1,0,0,14.43
5581,42,Female,2024-03-03,2026-08-11,Ireland,Standard,6.8,24.56,0,1,1,0,13.22
5582,56,Male,2026-01-13,2026-05-29,Germany,Premium,10.71,37.72,1,1,0,1,19.4
5583,66,Female,2026-04-30,2026-08-14,Canada,Basic,14.65,67.81,1,1,0,0,8.59
5584,45,Male,2023-12-06,2026-08-11,Germany,Standard,6.41,57.61,0,0,1,0,14.12
5585,50,Female,2024-02-04,2026-08-14,Ireland,Standard,9.83,65.57,0,0,0,0,13.43
5586,71,Female,2023-11-27,2026-08-10,Australia,Basic,7.5,32.41,1,0,0,0,8.71
5587,54,Female,2025-07-05,2026-05-01,Canada,Premium,9.43,36.99,0,1,0,1,18.3
5588,26,Male,2024-07-29,2026-08-10,Canada,Basic,14.07,29.68,0,1,0,0,8.83
5589,35,Other,2025-08-26,2026-08-18,Germany,Standard,0.53,89.02,0,0,0,0,13.51
5590,73,Other,2026-05-10,2026-05-25,Ireland,Standard,9.36,68.49,0,1,0,1,13.6
5591,38,Female,2026-03-10,2026-08-12,Germany,Standard,5.63,58.24,0,1,1,0,14.27
5592,19,Female,2024-12-28,2026-08-13,India,Basic,13.11,8.08,2,0,1,0,8.86
5593,60,Male,2025-04-16,2026-08-17,USA,Premium,7.11,43.44,0,0,1,0,18.89
5594,55,Male,2026-03-18,2026-08-14,France,Basic,6.1,68.87,0,0,0,0,8.92
5595,57,Male,2023-09-20,2026-05-18,Australia,Standard,9.59,40.01,2,0,0,1,13.59
5596,53,Male,2023-12-23,2026-07-14,India,Standard,3.27,80.11,0,0,0,1,14.18
5597,67,Female,2026-06-24,2026-07-30,France,Premium,1.83,50.52,1,1,0,1,17.3
5598,60,Female,2025-12-26,2026-08-10,USA,Standard,9.58,73.31,1,1,0,0,14.11
5599,54,Female,2025-09-12,2026-08-18,Canada,Basic,3.36,56.7,0,1,0,0,9.04
5600,32,Male,2025-07-04,2026-06-08,Germany,Premium,3.36,65.29,1,0,0,1,17.7
5601,45,Male,2025-09-28,2026-08-10,USA,Basic,10.57,69.79,0,0,0,0,9.11
5602,35,Female,2025-06-14,2026-08-14,UK,Basic,14.86,66.01,0,1,1,0,9.57
5603,51,Male,2026-03-21,2026-08-17,USA,Premium,6.55,47.16,0,1,1,0,18.21
5604,39,Male,2024-06-30,2026-08-14,Germany,Standard,15.92,39.43,1,0,0,0,14.89
5605,28,Other,2026-04-06,2026-08-18,France,Basic,3.72,61.0,0,1,0,0,8.59
5606,74,Female,2024-05-21,2026-08-11,Germany,Standard,10.71,28.37,1,0,0,0,13.56
5607,30,Male,2023-08-26,2026-08-18,Australia,Basic,5.24,80.93,2,0,0,0,8.88
5608,21,Female,2026-05-10,2026-08-12,USA,Basic,0.86,53.49,1,1,0,0,9.02
5609,39,Female,2024-12-30,2026-08-17,Germany,Basic,5.22,68.4,0,0,0,0,8.35
5610,24,Female,2026-05-06,2026-05-06,Germany,Standard,3.33,30.54,0,1,0,1,14.12
5611,60,Female,2024-07-29,2026-08-15,India,Standard,10.9,54.65,0,0,0,0,14.69
5612,71,Male,2023-10-15,2026-08-19,Australia,Standard,8.43,7.54,0,0,0,0,13.16
5613,41,Female,2025-12-05,2026-05-27,India,Basic,13.95,17.14,1,1,0,1,9.57
5614,21,Male,2025-04-24,2026-05-18,Australia,Standard,2.79,80.79,1,1,0,1,13.75
5615,45,Male,2024-06-15,2026-08-18,Australia,Standard,11.25,24.48,1,0,0,0,13.52
5616,32,Female,2025-03-21,2026-08-02,France,Standard,10.15,38.7,1,1,0,1,14.2
5617,18,Female,2024-09-21,2026-08-18,India,Premium,5.34,65.32,0,1,0,0,17.6
5618,72,Female,2024-04-12,2026-08-13,Australia,Standard,0.55,34.96,0,1,0,0,14.5
5619,20,Female,2024-05-21,2026-08-18,UK,Standard,3.83,64.68,0,1,0,0,14.37
5620,31,Female,2023-11-23,2026-07-25,France,Premium,6.82,48.6,1,0,0,1,17.88
5621,55,Female,2025-03-18,2026-08-13,Canada,Standard,6.46,65.2,0,0,0,0,13.66
5622,67,Female,2025-07-10,2026-08-15,Germany,Standard,8.53,36.59,0,0,0,0,14.32
5623,74,Male,2025-12-02,2026-04-30,Ireland,Standard,19.78,89.12,0,0,0,1,14.22
5624,18,Male,2024-08-18,2026-07-26,Australia,Basic,1.07,14.58,0,1,0,1,9.11
5625,55,Male,2025-04-02,2026-06-28,Canada,Standard,3.98,61.45,0,0,0,1,13.83
5626,55,Male,2025-12-07,2026-05-14,Australia,Standard,3.25,46.92,0,0,0,1,13.99
5627,38,Female,2026-02-28,2026-08-11,France,Basic,2.23,51.34,0,0,1,0,9.36
5628,65,Female,2024-08-12,2026-08-18,France,Basic,9.29,17.43,1,1,0,0,9.1
5629,46,Other,2026-05-28,2026-08-17,Canada,Premium,7.74,29.79,1,0,0,0,18.59
5630,22,Female,2026-01-06,2026-08-16,Ireland,Standard,16.6,21.8,1,0,0,0,13.93
5631,66,Female,2024-03-28,2026-08-18,France,Basic,8.04,85.02,0,0,0,0,8.17
5632,27,Male,2025-09-26,2026-08-15,USA,Basic,7.04,67.18,0,0,0,0,8.8
5633,45,Male,2025-01-30,2026-08-16,UK,Standard,1.42,41.91,1,1,0,0,14.2
5634,38,Male,2024-12-19,2026-07-02,Germany,Basic,17.11,43.73,0,0,1,1,9.83
5635,67,Female,2025-03-08,2026-08-10,USA,Basic,3.23,79.32,0,0,0,0,9.34
5636,24,Male,2024-11-04,2026-08-15,India,Standard,5.64,90.48,0,0,0,0,13.28
5637,20,Female,2024-04-01,2026-07-11,Ireland,Standard,3.75,56.1,2,0,0,1,14.57
5638,62,Female,2025-12-27,2026-08-18,UK,Basic,7.01,70.44,0,0,0,0,8.79
5639,64,Male,2024-02-22,2026-08-19,UK,Basic,6.06,35.12,1,1,1,0,8.7
5640,37,Male,2025-06-08,2026-08-12,UK,Standard,0.48,55.56,2,0,0,0,13.42
5641,36,Female,2025-10-15,2026-08-15,Ireland,Basic,15.98,92.27,2,0,1,0,8.91
5642,52,Male,2024-09-12,2026-08-13,Australia,Basic,4.83,78.34,1,0,1,0,8.62
5643,21,Female,2023-12-23,2026-08-13,Australia,Basic,3.93,37.62,0,0,0,0,9.38
5644,22,Female,2025-10-23,2026-08-19,France,Basic,9.56,39.92,0,0,0,0,8.77
5645,18,Female,2025-05-06,2026-05-09,India,Basic,5.69,66.25,0,0,0,1,8.53
5646,21,Female,2026-03-16,2026-07-03,Australia,Premium,9.75,47.39,0,0,0,1,18.28
5647,29,Female,2025-03-21,2026-06-25,France,Basic,3.58,79.24,0,0,1,1,8.6
5648,44,Other,2025-01-19,2026-08-14,USA,Basic,15.92,36.01,1,1,0,0,8.85
5649,73,Male,2023-11-08,2026-08-16,France,Basic,10.46,58.81,1,0,0,0,9.53
5650,59,Female,2023-12-27,2026-08-12,Germany,Standard,5.06,23.7,1,1,0,0,13.56
5651,40,Male,2024-06-09,2026-08-15,France,Premium,8.99,82.36,0,0,0,0,18.22
5652,42,Male,2026-07-02,2026-08-10,UK,Standard,11.08,61.32,1,0,0,0,13.62
5653,38,Male,2025-05-22,2026-08-14,India,Premium,17.08,28.12,2,1,0,0,17.81
5654,69,Female,2023-12-28,2026-08-17,India,Basic,6.73,41.88,1,1,1,0,8.94
5655,41,Male,2026-05-24,2026-07-08,UK,Premium,1.32,56.6,0,0,0,1,17.4
5656,42,Male,2025-05-24,2026-07-15,USA,Basic,6.09,22.64,2,0,1,1,8.61
5657,62,Other,2024-03-29,2026-08-11,France,Basic,12.15,78.2,0,0,1,0,9.15
5658,72,Female,2026-05-16,2026-08-13,Australia,Basic,14.69,70.31,2,0,0,0,8.01
5659,63,Female,2024-04-27,2026-08-11,France,Basic,7.67,39.48,0,1,0,0,9.72
5660,49,Female,2024-01-31,2026-07-31,UK,Standard,9.1,24.31,0,0,0,1,13.36
5661,72,Other,2025-05-10,2026-08-19,UK,Standard,11.5,94.3,0,1,0,0,14.2
5662,49,Female,2024-05-22,2026-05-07,Ireland,Standard,4.16,74.45,2,0,0,1,14.27
5663,22,Male,2025-11-28,2026-08-11,Canada,Basic,38.48,53.09,0,1,0,0,9.05
5664,53,Female,2024-09-14,2026-08-16,India,Standard,12.09,44.02,1,0,0,0,14.2
5665,63,Female,2026-04-14,2026-06-16,USA,Basic,12.96,32.39,0,1,0,1,9.82
5666,59,Male,2023-09-22,2026-08-10,France,Standard,13.59,52.87,0,1,0,0,13.59
5667,66,Male,2024-01-06,2026-08-15,USA,Basic,8.07,52.63,3,0,0,0,8.88
5668,59,Male,2024-06-20,2026-08-10,Australia,Basic,7.58,38.79,2,1,0,0,8.97
5669,56,Female,2025-05-20,2026-08-13,USA,Standard,17.39,51.32,1,0,0,0,13.86
5670,33,Male,2025-12-06,2026-05-17,Australia,Premium,4.19,56.11,0,0,0,1,18.09
5671,50,Other,2026-07-04,2026-07-04,France,Standard,12.54,44.08,1,0,0,1,14.0
5672,66,Female,2025-01-04,2026-08-11,Ireland,Basic,5.14,79.41,0,0,0,0,9.74
5673,38,Female,2025-12-05,2026-08-19,France,Basic,11.6,74.87,0,0,0,0,9.08
5674,26,Female,2024-08-14,2026-04-23,Ireland,Basic,3.23,68.28,0,0,0,1,9.34
5675,23,Male,2024-09-20,2026-08-11,Germany,Standard,5.05,79.94,2,1,0,0,14.11
5676,68,Male,2025-11-09,2026-08-14,Australia,Standard,3.45,35.58,0,0,1,0,13.46
5677,62,Male,2026-03-25,2026-06-20,India,Basic,2.59,34.84,0,0,0,1,8.97
5678,52,Female,2026-06-01,2026-06-01,Ireland,Basic,5.4,58.66,1,0,0,1,8.72
5679,56,Male,2025-01-24,2026-05-17,France,Standard,0.78,50.49,1,0,0,1,13.48
5680,39,Male,2025-08-28,2026-08-14,Australia,Basic,4.25,19.22,0,0,1,0,9.21
5681,58,Male,2023-12-20,2026-08-15,India,Basic,14.73,37.4,0,0,0,0,8.76
5682,71,Female,2024-11-26,2026-04-29,France,Standard,5.61,47.58,0,1,0,1,13.44
5683,22,Male,2026-04-10,2026-08-15,India,Basic,13.67,79.63,1,1,0,0,8.39
5684,59,Female,2025-06-28,2026-08-19,France,Premium,19.34,60.29,2,0,1,0,17.25
5685,40,Male,2024-10-10,2026-05-06,USA,Standard,2.0,32.86,1,0,0,1,13.99
5686,34,Female,2025-08-16,2026-08-18,Germany,Basic,9.54,68.22,0,0,0,0,9.14
5687,29,Male,2026-01-18,2026-08-13,Canada,Basic,9.49,68.32,0,1,1,0,8.75
5688,40,Female,2026-05-26,2026-06-27,UK,Basic,6.98,66.39,0,1,1,1,8.48
5689,33,Female,2023-11-15,2026-08-17,UK,Standard,15.6,79.05,0,1,0,0,14.14
5690,20,Male,2024-12-26,2026-05-20,Germany,Premium,14.4,60.96,0,1,0,1,18.01
5691,47,Female,2024-08-03,2026-06-23,Australia,Basic,3.85,39.76,0,0,1,1,8.7
5692,74,Female,2023-10-17,2026-08-19,Australia,Premium,4.96,27.99,1,1,0,0,17.53
5693,39,Female,2025-12-17,2026-08-14,Australia,Standard,4.41,82.33,1,0,1,0,14.28
5694,26,Female,2023-12-20,2026-08-12,Canada,Premium,5.01,74.46,0,0,0,0,18.36
5695,46,Male,2025-09-10,2026-08-18,India,Standard,5.55,38.12,0,0,0,0,13.88
5696,64,Female,2025-11-30,2026-06-22,UK,Standard,2.96,61.43,0,0,0,1,14.45
5697,54,Other,2024-07-06,2026-08-19,Germany,Standard,19.8,50.33,0,0,0,0,14.0
5698,40,Female,2024-12-23,2026-08-16,Australia,Premium,12.8,63.29,1,0,0,0,18.87
5699,30,Female,2024-02-14,2026-08-18,Ireland,Basic,2.09,50.92,1,0,0,0,9.36
5700,49,Male,2025-11-16,2026-07-05,USA,Premium,16.82,14.97,2,1,0,1,17.57
5701,63,Female,2025-05-05,2026-08-12,Canada,Standard,8.74,8.84,0,1,0,0,14.09
5702,69,Female,2026-03-08,2026-07-12,France,Standard,6.56,36.86,2,0,0,1,13.34
5703,64,Male,2023-10-09,2026-08-12,Australia,Premium,4.41,20.98,2,1,0,0,18.45
5704,65,Female,2023-09-29,2026-04-28,UK,Premium,6.95,16.48,0,0,0,1,18.46
5705,40,Female,2026-02-10,2026-08-18,USA,Standard,17.97,40.44,2,1,1,0,14.89
5706,62,Male,2026-03-03,2026-08-11,Germany,Basic,5.17,71.04,0,1,0,0,9.2
5707,34,Male,2025-09-20,2026-07-28,Australia,Premium,11.0,48.44,2,0,0,1,18.62
5708,72,Female,2026-03-18,2026-05-03,UK,Standard,9.57,36.0,1,0,0,1,14.23
5709,57,Male,2023-12-27,2026-08-10,USA,Standard,3.76,27.96,3,1,0,0,14.8
5710,38,Male,2025-06-09,2026-06-10,Ireland,Premium,10.53,4.33,1,0,0,1,18.06
5711,19,Male,2026-02-07,2026-08-16,Canada,Basic,8.97,67.65,2,0,0,0,8.93
5712,54,Male,2024-03-11,2026-07-25,Germany,Basic,0.78,61.91,0,1,0,1,8.46
5713,23,Female,2025-11-23,2026-08-10,France,Standard,8.1,65.53,0,0,0,0,13.81
5714,61,Male,2026-02-22,2026-08-12,UK,Basic,14.24,78.29,1,1,0,0,9.02
5715,35,Female,2024-12-14,2026-08-12,India,Standard,5.37,36.03,0,0,0,0,14.09
5716,47,Female,2025-03-03,2026-08-16,Ireland,Basic,4.85,4.18,0,0,1,0,8.94
5717,39,Female,2025-02-11,2026-08-11,Canada,Basic,8.72,57.94,1,1,0,0,9.08
5718,71,Male,2024-06-06,2026-04-28,Canada,Standard,3.32,65.06,0,0,0,1,13.64
5719,50,Female,2023-09-07,2026-08-13,India,Standard,6.16,71.84,2,0,0,0,14.76
5720,47,Male,2024-08-19,2026-08-10,France,Basic,14.63,76.14,0,0,1,0,8.98
5721,34,Male,2023-10-07,2026-08-16,Ireland,Basic,25.31,57.25,2,0,0,0,8.75
5722,60,Female,2026-06-01,2026-08-15,UK,Standard,7.1,60.09,0,0,1,0,13.72
5723,49,Female,2023-12-06,2026-08-15,Canada,Standard,12.99,72.42,0,0,1,0,13.89
5724,59,Female,2024-08-25,2026-08-18,Germany,Premium,13.99,43.57,2,0,1,0,18.12
5725,68,Other,2026-06-25,2026-06-25,USA,Basic,2.23,18.39,2,0,0,1,9.64
5726,31,Female,2024-10-09,2026-05-09,Germany,Standard,1.74,78.03,1,0,0,1,14.03
5727,27,Female,2026-07-10,2026-08-13,France,Basic,6.86,67.43,0,1,1,0,9.3
5728,64,Female,2024-05-04,2026-05-29,Australia,Basic,6.42,8.54,1,0,1,1,9.0
5729,68,Male,2026-07-10,2026-07-10,France,Premium,2.89,22.11,0,0,0,1,18.51
5730,53,Male,2024-06-09,2026-06-17,Canada,Basic,9.78,26.61,0,1,0,1,8.42
5731,51,Female,2024-06-11,2026-07-15,USA,Basic,4.09,30.7,0,0,0,1,8.96
5732,26,Female,2023-11-21,2026-08-13,Ireland,Basic,2.07,30.11,0,1,0,0,9.01
5733,59,Male,2025-06-09,2026-08-10,USA,Premium,18.81,53.89,0,0,0,0,18.58
5734,45,Male,2023-08-17,2026-07-07,France,Standard,7.9,78.5,1,0,0,1,13.89
5735,28,Male,2024-03-31,2026-08-14,USA,Standard,12.28,44.04,0,0,0,0,13.47
5736,31,Female,2024-08-03,2026-06-25,India,Standard,4.42,2.72,0,0,1,1,13.77
5737,56,Female,2025-07-27,2026-04-26,USA,Basic,1.13,20.14,1,0,0,1,8.98
5738,72,Female,2025-01-13,2026-08-19,Canada,Premium,4.26,65.8,1,0,1,0,18.79
5739,64,Female,2025-10-09,2026-08-17,India,Basic,15.68,9.18,0,1,1,0,9.3
5740,71,Female,2025-06-16,2026-08-18,France,Standard,11.04,47.08,0,0,0,0,13.95
5741,36,Male,2025-06-28,2026-07-12,France,Standard,14.94,90.5,1,0,1,1,13.88
5742,71,Male,2024-05-28,2026-08-16,France,Basic,3.18,26.99,0,1,1,0,8.78
5743,32,Male,2025-05-22,2026-08-14,India,Basic,16.36,59.59,1,0,0,0,9.15
5744,45,Female,2023-09-25,2026-08-14,Australia,Standard,11.61,67.44,1,1,0,0,13.58
5745,41,Male,2025-05-06,2026-07-30,Australia,Basic,1.78,59.02,0,1,1,1,8.98
5746,25,Female,2025-07-30,2026-05-11,India,Basic,11.9,10.21,1,0,0,1,8.18
5747,60,Female,2024-01-14,2026-08-15,India,Basic,6.11,28.33,1,0,0,0,8.37
5748,26,Male,2024-06-16,2026-08-18,France,Standard,9.45,56.16,0,0,0,0,13.32
5749,64,Female,2025-01-13,2026-06-15,France,Premium,5.29,54.58,0,0,0,1,18.37
5750,50,Female,2025-10-26,2026-08-16,France,Premium,3.57,53.83,0,0,0,0,18.32
5751,50,Male,2023-11-02,2026-07-18,UK,Standard,6.91,49.35,2,1,0,1,13.97
5752,36,Male,2026-05-18,2026-05-18,Australia,Standard,8.61,45.1,0,1,1,1,13.99
5753,20,Female,2025-05-05,2026-05-31,Canada,Basic,4.36,52.47,0,1,0,1,9.03
5754,27,Male,2025-01-26,2026-08-14,UK,Basic,55.31,23.85,0,1,0,0,8.55
5755,57,Male,2025-04-07,2026-07-22,Ireland,Premium,2.28,68.75,2,0,0,1,17.73
5756,64,Female,2024-02-24,2026-08-13,Ireland,Standard,14.03,60.04,0,0,1,0,14.41
5757,59,Female,2024-08-08,2026-06-20,Ireland,Standard,0.56,71.88,3,0,0,1,14.58
5758,18,Female,2026-07-08,2026-08-16,Ireland,Standard,7.17,97.71,0,0,0,0,13.64
5759,46,Female,2025-12-11,2026-07-15,Ireland,Premium,2.15,79.32,1,0,0,1,17.67
5760,67,Female,2024-02-21,2026-08-13,Germany,Premium,10.09,53.63,0,1,0,0,18.2
5761,51,Male,2024-04-03,2026-07-06,India,Basic,4.84,35.16,0,0,1,1,9.28
5762,68,Female,2024-06-29,2026-08-12,Canada,Basic,0.8,85.61,0,0,0,0,8.89
5763,30,Male,2025-10-24,2026-08-13,UK,Standard,5.97,73.43,0,0,0,0,14.61
5764,71,Male,2024-07-19,2026-07-05,Ireland,Basic,4.22,88.76,1,0,0,1,8.98
5765,18,Female,2024-03-29,2026-08-18,Germany,Premium,5.41,65.68,0,0,0,0,17.2
5766,51,Female,2024-11-12,2026-06-13,France,Basic,5.75,56.74,1,0,0,1,9.62
5767,46,Male,2026-05-17,2026-08-19,France,Standard,3.75,49.6,0,0,0,0,14.25
5768,65,Female,2023-08-24,2026-08-11,Australia,Standard,12.95,12.43,1,1,0,0,14.74
5769,64,Female,2026-06-23,2026-06-23,Germany,Standard,29.48,32.71,1,0,0,1,13.83
5770,30,Female,2025-11-26,2026-07-30,Germany,Basic,8.17,19.94,1,0,0,1,8.49
5771,65,Male,2025-07-02,2026-08-15,Canada,Premium,10.31,66.52,2,1,0,0,18.02
5772,66,Female,2025-08-29,2026-08-04,Ireland,Basic,3.91,27.49,1,0,0,1,9.03
5773,70,Male,2026-04-27,2026-08-12,Germany,Standard,18.2,60.6,1,1,1,0,13.68
5774,46,Male,2024-07-02,2026-08-17,India,Standard,3.15,40.43,0,1,1,0,13.09
5775,56,Female,2025-11-17,2026-08-15,Germany,Basic,6.54,92.93,1,0,0,0,8.71
5776,41,Female,2025-06-28,2026-07-13,Ireland,Premium,7.9,54.83,2,0,0,1,18.69
5777,43,Female,2024-01-04,2026-08-10,Canada,Standard,16.37,61.06,2,1,1,0,14.23
5778,34,Female,2025-10-28,2026-04-30,Germany,Standard,0.88,16.13,1,0,0,1,14.09
5779,24,Male,2024-06-20,2026-08-11,UK,Standard,3.68,81.95,0,0,0,0,13.37
5780,30,Female,2024-05-08,2026-07-07,USA,Standard,10.03,10.99,0,0,0,1,14.23
5781,22,Male,2025-12-05,2026-05-23,France,Basic,7.68,39.34,1,1,0,1,8.5
5782,43,Female,2025-11-23,2026-08-12,Australia,Standard,9.44,49.87,0,1,0,0,14.71
5783,66,Male,2025-06-28,2026-07-16,USA,Standard,2.79,83.28,0,1,0,1,14.19
5784,20,Other,2025-07-08,2026-06-23,USA,Basic,7.03,38.19,1,1,0,1,8.8
5785,24,Female,2025-12-21,2026-07-19,Canada,Standard,5.39,54.04,2,1,0,1,14.37
5786,66,Female,2024-05-17,2026-08-17,France,Standard,12.79,48.25,0,0,0,0,13.42
5787,56,Female,2024-09-13,2026-08-17,Germany,Standard,4.47,73.91,0,0,1,0,14.39
5788,70,Female,2024-10-10,2026-04-23,USA,Basic,3.29,33.26,0,1,0,1,9.13
5789,18,Male,2026-01-31,2026-06-25,USA,Basic,5.96,47.36,1,1,0,1,9.13
5790,66,Male,2024-05-03,2026-08-16,France,Basic,14.44,60.82,0,0,0,0,9.3
5791,34,Female,2026-04-08,2026-07-15,Australia,Standard,2.38,73.97,1,1,1,1,13.98
5792,60,Male,2025-07-14,2026-08-19,Ireland,Premium,10.21,7.57,0,0,1,0,18.33
5793,42,Female,2026-03-14,2026-05-08,India,Basic,5.33,73.36,2,0,0,1,8.92
5794,20,Male,2025-12-13,2026-06-13,India,Basic,1.83,51.88,0,0,1,1,9.73
5795,32,Male,2025-04-05,2026-08-16,France,Standard,0.68,20.21,0,0,1,0,13.74
5796,46,Female,2023-11-06,2026-08-16,Germany,Basic,15.2,24.89,1,1,0,0,8.57
5797,70,Other,2024-11-20,2026-06-23,Germany,Basic,10.62,30.78,2,0,1,1,8.69
5798,60,Female,2026-04-18,2026-05-24,Australia,Standard,3.43,70.09,0,0,1,1,13.6
5799,49,Female,2023-09-10,2026-08-10,Ireland,Standard,6.52,50.59,0,0,1,0,13.8
5800,43,Female,2026-04-06,2026-08-19,France,Standard,22.66,40.17,0,0,0,0,14.19
5801,33,Male,2024-11-16,2026-06-12,Germany,Standard,4.27,47.88,1,1,0,1,13.55
5802,42,Male,2024-03-24,2026-08-15,India,Basic,25.59,32.74,2,0,0,0,8.91
5803,71,Female,2023-12-16,2026-08-14,India,Premium,20.29,56.01,2,0,1,0,18.5
5804,45,Female,2024-03-19,2026-08-13,UK,Basic,15.1,49.42,1,1,0,0,8.7
5805,26,Female,2025-05-18,2026-08-13,Australia,Basic,7.09,42.75,0,0,1,0,8.57
5806,73,Other,2023-08-24,2026-08-12,Canada,Basic,8.38,43.68,0,1,0,0,8.77
5807,73,Male,2025-09-22,2026-08-16,Ireland,Basic,19.32,61.1,1,0,1,0,8.78
5808,18,Male,2024-10-20,2026-08-16,Australia,Basic,10.18,41.57,0,1,0,0,9.46
5809,46,Female,2026-05-11,2026-05-11,USA,Standard,9.08,79.48,0,0,1,1,15.03
5810,74,Male,2024-10-13,2026-04-28,France,Standard,6.38,92.38,0,0,0,1,13.6
5811,39,Male,2025-02-11,2026-08-19,Germany,Basic,6.62,34.32,1,0,1,0,9.2
5812,33,Male,2026-01-28,2026-07-30,UK,Standard,1.13,79.82,1,0,0,1,14.02
5813,58,Male,2026-04-22,2026-08-13,India,Standard,0.96,21.5,1,0,1,0,13.78
5814,68,Female,2025-07-18,2026-08-13,UK,Basic,8.36,55.23,1,0,0,0,9.14
5815,61,Female,2024-05-11,2026-08-14,Canada,Basic,10.16,71.31,0,0,1,0,9.25
5816,68,Female,2025-09-05,2026-08-04,France,Basic,3.68,24.41,0,0,0,1,8.83
5817,71,Female,2024-04-18,2026-05-22,Australia,Basic,5.94,58.63,1,0,1,1,8.42
5818,58,Male,2025-01-16,2026-06-17,UK,Standard,6.75,13.02,1,0,0,1,13.77
5819,24,Female,2026-05-22,2026-08-10,Australia,Basic,7.38,44.44,3,1,0,0,8.8
5820,31,Male,2026-03-16,2026-08-18,France,Basic,5.83,61.26,0,0,0,0,8.58
5821,46,Male,2026-04-29,2026-08-13,Germany,Basic,5.16,59.85,2,0,0,0,9.53
5822,36,Male,2023-12-18,2026-08-18,Germany,Premium,3.76,29.65,0,1,0,0,18.06
5823,36,Female,2024-12-12,2026-08-03,India,Basic,7.43,52.45,0,0,0,1,8.95
5824,19,Female,2024-10-12,2026-07-27,UK,Standard,13.85,54.28,0,0,1,1,13.88
5825,58,Female,2024-02-12,2026-08-14,Germany,Basic,4.77,51.56,0,0,0,0,9.15
5826,62,Female,2024-12-24,2026-07-20,France,Standard,16.12,35.06,1,0,0,1,14.65
5827,32,Male,2025-02-23,2026-07-18,Australia,Premium,7.84,28.88,0,0,0,1,17.71
5828,20,Female,2026-05-17,2026-06-04,India,Standard,7.94,50.71,0,1,0,1,13.89
5829,28,Female,2026-01-19,2026-04-25,Germany,Premium,10.03,74.55,0,0,0,1,18.52
5830,70,Male,2024-04-07,2026-08-15,France,Standard,4.21,55.17,1,0,0,0,13.93
5831,63,Male,2026-05-28,2026-07-03,France,Standard,12.99,88.8,1,0,0,1,14.31
5832,47,Female,2025-11-27,2026-08-12,India,Standard,3.92,30.79,0,0,0,0,14.11
5833,74,Female,2024-02-13,2026-07-15,USA,Basic,5.97,27.98,1,0,0,1,9.3
5834,57,Female,2024-11-16,2026-08-19,Australia,Standard,4.45,64.5,0,0,0,0,13.32
5835,35,Female,2023-12-05,2026-08-19,France,Premium,2.53,49.45,0,1,0,0,17.46
5836,68,Other,2025-05-09,2026-08-15,India,Basic,4.79,46.84,1,0,0,0,9.43
5837,65,Male,2023-10-21,2026-08-17,Ireland,Premium,8.17,38.41,1,0,0,0,17.53
5838,19,Male,2024-08-26,2026-08-16,France,Standard,10.75,36.58,1,0,0,0,13.59
5839,49,Male,2023-12-01,2026-08-11,Germany,Standard,6.74,59.48,0,0,0,0,13.48
5840,25,Male,2025-02-12,2026-08-17,Germany,Standard,2.67,45.92,1,0,1,0,12.8
5841,39,Female,2025-06-12,2026-08-15,Australia,Premium,19.47,69.56,0,0,0,0,17.97
5842,23,Female,2025-08-12,2026-08-11,France,Basic,18.13,51.88,0,1,1,0,8.95
5843,29,Female,2024-05-12,2026-08-16,Canada,Basic,6.34,63.19,2,0,0,0,8.75
5844,64,Male,2025-12-19,2026-08-16,Ireland,Standard,6.25,87.1,0,1,0,0,15.14
5845,74,Female,2023-10-01,2026-08-19,India,Premium,11.98,27.54,1,0,0,0,17.77
5846,57,Male,2025-09-02,2026-06-25,Ireland,Standard,10.9,83.95,0,0,0,1,13.85
5847,53,Male,2024-05-28,2026-08-14,India,Basic,5.58,48.06,3,1,0,0,9.34
5848,32,Female,2024-03-17,2026-07-08,France,Basic,1.93,23.52,0,0,0,1,9.19
5849,45,Female,2026-01-22,2026-08-18,Ireland,Premium,11.01,27.42,0,1,0,0,18.09
5850,69,Male,2025-07-06,2026-08-12,UK,Basic,4.97,54.37,0,0,1,0,9.07
5851,74,Male,2023-12-31,2026-07-24,USA,Standard,14.9,78.66,0,1,0,1,14.47
5852,66,Female,2025-04-27,2026-08-16,USA,Basic,4.17,58.8,1,0,0,0,8.84
5853,62,Male,2026-03-12,2026-05-23,Canada,Basic,5.55,50.48,0,0,0,1,9.06
5854,35,Male,2024-01-29,2026-08-16,Ireland,Basic,8.75,13.55,3,1,0,0,9.14
5855,19,Female,2025-08-25,2026-08-11,Ireland,Basic,1.15,35.7,0,1,1,0,8.38
5856,30,Male,2024-10-22,2026-08-17,Germany,Standard,16.01,69.69,1,0,1,0,13.96
5857,62,Male,2026-05-29,2026-08-15,India,Basic,17.02,51.16,0,1,0,0,8.97
5858,71,Female,2025-04-09,2026-08-11,Australia,Basic,4.85,74.91,1,0,1,0,8.94
5859,32,Other,2024-10-19,2026-06-14,UK,Standard,13.15,11.0,0,1,0,1,13.53
5860,37,Other,2025-06-03,2026-08-18,UK,Premium,13.45,66.63,0,0,0,0,17.33
5861,46,Male,2023-09-17,2026-05-23,France,Standard,7.23,59.23,0,0,1,1,14.07
5862,59,Male,2025-03-12,2026-08-12,Canada,Basic,26.01,52.11,1,0,1,0,8.49
5863,46,Male,2025-07-18,2026-06-11,USA,Basic,2.77,28.22,1,0,0,1,8.95
5864,20,Male,2025-01-28,2026-08-19,France,Standard,14.6,88.19,1,0,1,0,14.4
5865,36,Female,2024-10-22,2026-08-16,Ireland,Premium,4.08,55.01,1,1,0,0,18.58
5866,20,Female,2025-02-21,2026-08-17,Australia,Basic,3.15,41.21,1,0,0,0,8.85
5867,71,Female,2025-03-27,2026-08-18,Canada,Basic,9.68,52.32,0,0,0,0,9.29
5868,31,Male,2025-06-02,2026-08-15,India,Standard,4.21,49.67,1,1,0,0,13.81
5869,57,Male,2025-12-05,2026-08-11,UK,Standard,13.22,76.06,0,1,0,0,13.38
5870,72,Female,2026-03-06,2026-08-16,UK,Standard,12.73,30.44,1,1,0,0,14.05
5871,21,Male,2024-05-21,2026-07-15,UK,Basic,6.82,49.38,1,1,0,1,9.16
5872,69,Female,2024-04-07,2026-08-16,Ireland,Basic,3.59,67.41,2,1,0,0,9.06
5873,28,Female,2025-04-05,2026-08-19,Ireland,Basic,8.26,65.97,0,0,1,0,8.71
5874,48,Female,2025-02-18,2026-08-11,Ireland,Basic,3.89,50.38,0,1,0,0,9.89
5875,60,Male,2025-09-19,2026-08-19,Germany,Premium,5.33,52.6,1,0,1,0,18.2
5876,49,Female,2024-10-04,2026-08-19,USA,Basic,10.86,37.79,0,0,0,0,9.57
5877,44,Male,2026-01-21,2026-08-12,India,Standard,10.58,26.01,1,1,0,0,13.98
5878,47,Male,2026-06-21,2026-06-21,UK,Standard,2.79,64.11,1,1,0,1,14.07
5879,60,Female,2023-11-22,2026-08-12,UK,Basic,6.58,89.84,0,1,0,0,9.47
5880,19,Male,2024-06-16,2026-08-11,France,Premium,8.6,5.4,0,0,0,0,17.99
5881,66,Female,2026-06-11,2026-06-27,Germany,Standard,7.99,43.9,1,0,1,1,13.63
5882,26,Female,2026-01-15,2026-07-31,UK,Premium,3.95,33.98,1,0,1,1,18.17
5883,45,Female,2025-09-05,2026-08-19,India,Basic,6.01,55.39,1,0,1,0,8.96
5884,48,Female,2024-07-19,2026-05-12,UK,Basic,16.4,7.47,1,0,1,1,9.17
5885,51,Male,2024-02-10,2026-08-15,Ireland,Basic,7.49,88.27,0,0,0,0,8.8
5886,73,Other,2025-08-31,2026-08-19,Ireland,Basic,14.51,29.51,0,0,0,0,8.84
5887,32,Female,2023-12-21,2026-08-16,USA,Standard,7.65,64.5,0,0,1,0,14.42
5888,65,Female,2023-08-19,2026-08-11,India,Premium,17.44,49.49,1,0,0,0,18.35
5889,42,Male,2024-10-03,2026-08-17,India,Basic,12.82,63.05,3,1,0,0,8.28
5890,53,Female,2026-01-28,2026-08-18,UK,Premium,18.43,68.58,0,0,0,0,18.02
5891,25,Male,2024-09-04,2026-08-13,Canada,Standard,6.97,30.02,0,0,0,0,14.78
5892,26,Female,2023-08-21,2026-07-20,UK,Standard,3.71,77.6,1,1,1,1,14.17
5893,54,Male,2025-06-07,2026-08-17,UK,Basic,3.64,93.69,0,1,0,0,9.37
5894,65,Female,2026-01-22,2026-08-16,USA,Basic,17.23,29.28,0,0,0,0,9.04
5895,62,Male,2024-03-19,2026-08-11,Canada,Premium,17.98,62.72,0,1,0,0,17.35
5896,56,Male,2026-06-14,2026-06-14,France,Basic,10.17,64.18,0,1,0,1,8.79
5897,49,Male,2025-06-10,2026-05-16,UK,Standard,6.0,53.85,2,0,0,1,13.15
5898,69,Male,2025-01-28,2026-08-15,Australia,Standard,19.49,60.24,2,0,0,0,14.25
5899,34,Male,2025-07-10,2026-07-18,Australia,Premium,1.35,37.64,1,0,0,1,17.98
5900,52,Female,2025-11-07,2026-08-01,India,Standard,13.12,5.84,0,0,0,1,14.33
5901,54,Female,2025-10-16,2026-07-14,India,Basic,10.13,21.59,0,0,0,1,9.3
5902,36,Female,2025-11-14,2026-08-15,Canada,Standard,6.59,77.23,0,0,1,0,14.34
5903,61,Female,2024-08-27,2026-08-17,Australia,Basic,4.51,50.68,0,0,0,0,9.33
5904,46,Male,2023-09-14,2026-08-12,Ireland,Standard,8.31,55.24,1,1,0,0,13.22
5905,24,Male,2026-03-18,2026-08-18,Ireland,Basic,6.77,75.42,0,0,1,0,8.94
5906,45,Male,2025-12-21,2026-08-15,Canada,Standard,8.74,78.42,0,0,1,0,13.58
5907,26,Female,2025-04-05,2026-08-15,France,Basic,2.66,52.86,0,0,0,0,8.98
5908,45,Female,2024-07-02,2026-08-19,UK,Premium,26.19,65.99,1,0,0,0,18.44
5909,23,Male,2025-03-08,2026-08-10,India,Standard,17.54,40.09,0,0,0,0,14.26
5910,46,Male,2024-05-01,2026-06-25,Canada,Premium,5.06,76.29,0,0,1,1,17.98
5911,34,Female,2024-02-13,2026-08-17,Australia,Basic,8.34,22.78,3,1,0,0,9.32
5912,33,Female,2026-01-27,2026-08-15,Canada,Standard,17.32,68.2,0,0,0,0,14.14
5913,40,Female,2025-09-07,2026-08-13,Australia,Basic,7.22,79.38,0,0,0,0,9.12
5914,48,Female,2023-10-24,2026-08-16,India,Standard,9.69,56.15,0,1,0,0,13.84
5915,20,Female,2024-04-18,2026-08-11,Ireland,Premium,12.53,15.9,0,0,0,0,17.43
5916,38,Male,2024-03-03,2026-08-10,Canada,Premium,14.46,92.92,1,0,0,0,18.33
5917,43,Male,2024-01-02,2026-08-10,India,Basic,5.76,43.47,0,1,1,0,9.91
5918,53,Female,2024-02-15,2026-07-01,India,Premium,5.74,0.62,1,0,0,1,17.88
5919,59,Female,2025-10-25,2026-06-17,Germany,Standard,7.88,42.62,0,1,0,1,14.12
5920,54,Female,2025-04-07,2026-08-17,France,Premium,22.71,69.39,1,0,0,0,17.89
5921,70,Male,2025-12-09,2026-08-17,Australia,Standard,9.2,38.66,0,1,1,0,14.68
5922,39,Male,2023-11-19,2026-08-14,Germany,Premium,6.01,70.81,0,1,0,0,18.48
5923,59,Male,2024-01-26,2026-05-22,Ireland,Premium,2.48,64.96,0,0,0,1,18.35
5924,29,Male,2024-04-12,2026-08-15,India,Basic,10.78,97.08,0,0,1,0,9.29
5925,59,Male,2025-11-25,2026-08-12,India,Basic,6.86,78.32,1,0,1,0,9.07
5926,30,Female,2026-05-07,2026-08-18,UK,Basic,8.81,33.37,1,1,0,0,8.76
5927,28,Female,2025-03-08,2026-08-11,Australia,Standard,7.28,44.86,0,0,0,0,14.35
5928,71,Male,2025-10-26,2026-07-29,France,Premium,14.58,35.88,0,0,1,1,17.65
5929,33,Female,2023-11-07,2026-08-15,France,Standard,16.65,80.6,1,0,0,0,13.85
5930,25,Male,2024-07-28,2026-08-12,UK,Standard,9.59,32.92,0,0,0,0,14.18
5931,57,Female,2026-01-12,2026-08-14,Ireland,Basic,8.44,42.93,1,1,0,0,8.19
5932,74,Male,2023-10-29,2026-08-11,UK,Basic,0.87,61.32,1,0,0,0,9.41
5933,57,Male,2025-01-01,2026-08-10,India,Basic,6.94,42.29,0,1,1,0,9.39
5934,62,Female,2023-11-01,2026-08-16,Australia,Standard,5.4,41.22,0,1,0,0,14.09
5935,19,Male,2024-07-15,2026-08-15,USA,Basic,4.19,69.64,0,1,0,0,9.11
5936,47,Male,2026-02-15,2026-08-11,Australia,Basic,15.56,33.96,0,0,0,0,8.59
5937,47,Male,2024-09-16,2026-06-25,Australia,Standard,13.15,25.77,2,0,1,1,14.25
5938,29,Male,2026-05-13,2026-06-11,Germany,Basic,15.32,10.03,0,0,0,1,8.7
5939,27,Male,2025-07-13,2026-08-11,USA,Basic,0.43,82.81,0,1,1,0,8.53
5940,61,Female,2026-05-27,2026-08-15,USA,Basic,3.58,60.38,0,0,0,0,9.25
5941,28,Female,2026-04-27,2026-08-19,USA,Premium,12.48,29.72,1,1,0,0,18.03
5942,32,Female,2023-12-23,2026-06-27,Australia,Basic,3.94,46.05,0,0,0,1,9.74
5943,33,Male,2024-04-01,2026-08-15,Ireland,Premium,16.64,42.27,0,0,0,0,18.35
5944,34,Male,2024-12-06,2026-08-18,USA,Basic,8.67,36.4,2,0,0,0,8.67
5945,43,Male,2024-07-19,2026-08-13,Canada,Premium,26.9,41.91,1,0,0,0,18.06
5946,19,Male,2024-11-06,2026-08-13,UK,Standard,11.1,24.24,0,1,0,0,14.17
5947,67,Female,2023-10-16,2026-08-14,Ireland,Premium,9.98,63.39,0,1,0,0,17.91
5948,29,Male,2025-09-07,2026-07-09,Canada,Premium,7.1,64.33,2,1,0,1,17.8
5949,68,Female,2024-11-03,2026-08-17,Australia,Standard,7.36,81.24,1,0,0,0,13.41
5950,43,Male,2025-11-11,2026-07-08,Australia,Premium,3.46,57.08,0,1,1,1,18.59
5951,40,Male,2026-02-19,2026-07-01,Canada,Standard,2.93,31.72,1,0,0,1,14.18
5952,35,Male,2024-01-23,2026-08-10,Germany,Standard,21.9,58.27,2,1,0,0,13.3
5953,49,Male,2024-03-07,2026-08-15,Germany,Standard,10.58,14.84,1,1,0,0,14.8
5954,66,Male,2024-11-28,2026-08-17,Canada,Premium,9.35,70.82,2,1,1,0,18.33
5955,55,Male,2023-10-18,2026-08-03,France,Premium,6.41,48.06,0,1,0,1,18.61
5956,74,Male,2023-11-23,2026-08-19,Germany,Basic,9.26,51.44,0,0,0,0,10.03
5957,64,Female,2023-10-20,2026-08-13,UK,Standard,13.75,34.23,1,0,0,0,14.1
5958,20,Female,2025-09-21,2026-06-05,UK,Premium,7.01,44.04,0,0,0,1,18.13
5959,55,Male,2023-09-28,2026-08-12,France,Standard,10.15,24.11,1,0,0,0,12.96
5960,20,Male,2025-06-16,2026-08-11,Australia,Premium,19.9,31.84,0,0,0,0,18.05
5961,47,Female,2026-05-14,2026-06-29,Germany,Basic,6.28,81.42,0,1,0,1,8.81
5962,18,Other,2026-02-17,2026-08-18,France,Basic,10.0,58.01,1,0,0,0,8.73
5963,47,Female,2023-10-10,2026-08-12,USA,Standard,14.57,64.49,0,1,0,0,13.46
5964,62,Male,2026-01-20,2026-05-26,France,Basic,5.86,37.94,0,0,0,1,9.23
5965,49,Female,2025-02-11,2026-05-06,Canada,Basic,2.99,56.85,0,1,1,1,8.7
5966,45,Female,2026-01-13,2026-08-19,UK,Standard,12.21,45.84,1,0,1,0,14.37
5967,38,Male,2026-07-01,2026-08-18,France,Basic,8.12,75.61,1,0,0,0,8.47
5968,63,Female,2024-03-22,2026-08-11,India,Basic,2.69,30.73,0,0,1,0,8.25
5969,30,Male,2024-02-04,2026-08-14,Germany,Basic,6.18,41.08,0,1,1,0,9.69
5970,44,Other,2026-07-11,2026-08-15,India,Standard,4.99,39.12,0,1,0,0,14.5
5971,53,Female,2024-08-20,2026-07-29,Germany,Basic,4.11,28.21,0,0,1,1,8.58
5972,24,Female,2024-10-04,2026-08-13,France,Basic,14.59,82.33,0,1,1,0,8.74
5973,39,Female,2025-11-22,2026-08-13,France,Standard,4.82,11.11,0,0,0,0,14.01
5974,27,Male,2026-02-19,2026-08-15,UK,Basic,20.33,61.38,0,0,1,0,9.34
5975,56,Female,2024-05-28,2026-06-06,UK,Premium,8.11,45.14,2,0,0,1,18.31
5976,70,Female,2026-01-14,2026-08-17,France,Basic,3.22,37.61,0,1,1,0,8.86
5977,32,Female,2025-04-13,2026-06-14,USA,Premium,9.93,41.25,2,0,0,1,17.97
5978,32,Female,2024-07-29,2026-08-16,Germany,Standard,18.4,78.49,3,0,1,0,14.12
5979,21,Female,2024-02-02,2026-06-07,France,Premium,4.47,54.24,0,0,0,1,17.47
5980,49,Other,2024-08-14,2026-08-17,Germany,Basic,11.33,42.78,2,1,1,0,8.88
5981,40,Female,2024-02-21,2026-08-15,Ireland,Basic,6.15,57.44,1,0,1,0,9.06
5982,72,Female,2025-06-01,2026-07-01,Australia,Premium,1.72,87.76,0,1,0,1,18.0
5983,23,Male,2024-12-20,2026-05-09,USA,Basic,2.14,65.19,1,0,1,1,9.81
5984,41,Female,2025-09-14,2026-04-28,UK,Standard,13.67,42.61,0,0,0,1,13.96
5985,37,Male,2023-09-29,2026-08-10,India,Basic,16.2,71.36,0,1,0,0,8.35
5986,54,Male,2025-09-07,2026-08-10,UK,Standard,2.77,13.34,2,1,1,0,14.06
5987,37,Male,2023-10-05,2026-08-14,Canada,Premium,6.79,18.62,0,1,0,0,17.79
5988,29,Female,2025-07-18,2026-08-16,Australia,Premium,11.69,17.89,1,0,0,0,18.07
5989,50,Female,2025-01-12,2026-08-18,UK,Basic,28.06,78.33,1,0,0,0,8.34
5990,45,Female,2024-11-23,2026-08-14,Germany,Basic,14.12,53.5,0,1,0,0,9.18
5991,25,Male,2023-12-28,2026-08-18,UK,Premium,21.35,81.07,0,0,0,0,18.3
5992,18,Female,2025-03-28,2026-08-03,France,Premium,9.86,13.74,1,0,0,1,18.04
5993,54,Female,2023-11-13,2026-08-19,Germany,Basic,1.66,21.33,1,0,1,0,8.6
5994,39,Male,2023-12-24,2026-06-26,Germany,Standard,1.52,35.88,1,0,0,1,14.16
5995,23,Male,2026-07-07,2026-08-10,USA,Basic,7.06,57.99,1,0,0,0,8.78
5996,38,Male,2026-06-23,2026-08-16,UK,Premium,11.43,42.45,1,1,1,0,18.15
5997,49,Female,2026-03-01,2026-08-10,USA,Basic,4.65,45.16,0,0,0,0,9.05
5998,52,Female,2024-12-08,2026-05-23,India,Standard,2.94,80.64,2,0,0,1,13.18
5999,32,Male,2025-04-04,2026-08-17,India,Standard,10.46,91.23,0,0,1,0,14.47
6000,22,Other,2025-09-07,2026-04-27,Australia,Premium,19.77,34.22,1,0,1,1,18.31
6001,73,Male,2025-05-02,2026-08-16,Germany,Premium,19.01,65.51,2,1,0,0,18.65
6002,63,Male,2025-09-28,2026-08-13,France,Basic,6.59,40.41,0,0,1,0,8.36
6003,67,Male,2025-06-12,2026-04-25,France,Standard,0.8,71.17,0,0,0,1,13.27
6004,65,Male,2024-06-29,2026-07-07,India,Premium,5.73,17.23,3,0,0,1,17.96
6005,23,Male,2025-10-31,2026-08-13,Australia,Standard,17.66,42.4,2,1,0,0,13.52
6006,42,Male,2024-03-26,2026-07-25,UK,Standard,4.74,54.01,0,0,0,1,13.87
6007,73,Female,2025-07-09,2026-05-02,Australia,Standard,3.85,23.47,1,0,0,1,13.86
6008,63,Male,2024-12-13,2026-08-17,Australia,Basic,9.0,71.76,0,0,0,0,8.96
6009,73,Female,2024-05-13,2026-08-10,UK,Standard,11.75,69.65,1,0,1,0,13.5
6010,57,Female,2025-04-06,2026-08-17,USA,Basic,10.97,6.45,3,1,0,0,8.7
6011,46,Male,2024-07-19,2026-08-12,USA,Standard,8.02,41.31,1,1,0,0,13.98
6012,24,Female,2023-11-22,2026-04-22,Germany,Premium,1.31,49.57,1,0,0,1,17.59
6013,57,Male,2026-06-04,2026-08-16,France,Basic,17.85,62.26,0,1,0,0,9.17
6014,30,Female,2023-12-17,2026-08-13,Germany,Standard,4.71,18.85,1,1,0,0,14.91
6015,55,Female,2026-06-27,2026-08-16,UK,Basic,6.37,43.41,0,1,0,0,8.67
6016,35,Male,2024-04-11,2026-08-16,UK,Basic,4.3,23.56,0,0,0,0,9.02
6017,19,Female,2025-06-13,2026-06-01,Ireland,Premium,8.49,35.6,1,0,0,1,17.73
6018,25,Female,2023-09-07,2026-08-11,Ireland,Standard,5.28,84.12,2,0,0,0,13.57
6019,28,Female,2025-10-11,2026-08-15,Canada,Basic,8.49,42.7,0,0,0,0,9.03
6020,50,Female,2026-04-19,2026-08-15,France,Standard,14.06,73.09,0,0,0,0,14.34
6021,71,Male,2024-09-03,2026-04-25,India,Standard,5.07,51.76,0,0,0,1,14.52
6022,55,Female,2025-09-14,2026-06-30,Germany,Basic,2.06,38.35,0,0,0,1,8.66
6023,65,Male,2024-02-14,2026-08-10,Australia,Standard,5.73,39.8,0,1,0,0,14.14
6024,44,Male,2026-07-14,2026-07-14,India,Basic,5.71,47.99,2,0,0,1,9.86
6025,37,Male,2023-08-19,2026-08-16,Canada,Standard,5.79,57.1,0,1,1,0,13.93
6026,29,Male,2024-05-24,2026-08-16,India,Basic,2.87,50.24,1,1,0,0,9.95
6027,60,Female,2026-06-08,2026-08-03,France,Basic,9.81,62.51,1,0,0,1,8.63
6028,48,Female,2024-07-26,2026-08-17,France,Basic,7.13,83.44,0,1,0,0,8.22
6029,44,Female,2026-01-01,2026-08-15,France,Basic,4.68,67.97,0,0,0,0,9.67
6030,49,Male,2024-02-07,2026-05-13,Canada,Premium,2.35,54.74,0,1,0,1,18.13
6031,27,Female,2024-09-22,2026-08-10,USA,Basic,9.21,63.54,0,0,0,0,8.84
6032,20,Female,2025-01-19,2026-07-24,Australia,Basic,6.46,63.68,0,1,1,1,9.53
6033,62,Male,2025-12-07,2026-08-16,France,Premium,18.65,32.72,1,0,0,0,18.53
6034,44,Male,2024-10-26,2026-08-14,USA,Standard,0.57,81.59,1,1,0,0,14.26
6035,52,Female,2023-12-18,2026-08-18,France,Basic,13.44,82.93,0,1,0,0,8.57
6036,48,Female,2026-01-08,2026-08-16,Ireland,Premium,16.08,40.65,1,1,1,0,17.75
6037,32,Female,2025-01-29,2026-08-15,Canada,Basic,9.53,72.82,0,0,1,0,9.1
6038,33,Female,2025-03-27,2026-07-20,India,Standard,6.58,18.22,1,1,0,1,14.72
6039,30,Female,2025-05-17,2026-08-17,Ireland,Basic,11.87,49.54,0,0,0,0,9.1
6040,66,Male,2023-12-19,2026-08-10,Australia,Standard,8.06,53.56,0,1,0,0,13.81
6041,52,Female,2024-01-22,2026-08-19,France,Standard,10.82,62.99,0,0,0,0,14.55
6042,69,Male,2024-12-20,2026-08-12,Australia,Basic,2.43,71.96,1,0,0,0,8.56
6043,28,Female,2026-04-01,2026-08-11,Germany,Standard,5.34,33.89,1,0,0,0,13.68
6044,38,Female,2025-12-21,2026-05-25,France,Standard,6.99,3.79,1,0,0,1,13.79
6045,68,Female,2024-03-22,2026-08-14,UK,Standard,8.15,49.35,0,0,0,0,14.48
6046,71,Other,2024-02-24,2026-05-12,USA,Premium,2.42,47.88,0,1,0,1,17.02
6047,28,Male,2023-11-07,2026-08-17,Germany,Standard,4.1,30.83,1,0,1,0,13.92
6048,47,Female,2023-10-29,2026-05-20,India,Standard,1.47,27.65,1,0,0,1,13.93
6049,65,Female,2024-12-27,2026-08-10,Germany,Standard,5.65,82.33,0,0,0,0,14.33
6050,70,Other,2023-09-01,2026-08-16,India,Standard,9.2,62.2,0,0,0,0,13.49
6051,52,Female,2024-09-23,2026-05-10,USA,Basic,13.55,31.11,1,0,0,1,8.77
6052,39,Male,2025-08-05,2026-06-17,USA,Standard,15.62,23.73,0,1,0,1,13.92
6053,55,Female,2024-01-03,2026-08-12,Australia,Standard,19.73,54.49,0,0,0,0,12.81
6054,48,Female,2024-09-08,2026-06-20,Australia,Premium,11.09,69.58,0,0,0,1,18.48
6055,31,Male,2025-11-12,2026-08-16,Canada,Standard,19.58,40.06,1,0,1,0,14.34
6056,41,Female,2025-09-05,2026-07-15,Ireland,Basic,10.05,23.09,1,0,1,1,8.67
6057,67,Female,2024-02-17,2026-08-17,Australia,Standard,11.72,31.8,1,0,0,0,14.1
6058,66,Female,2026-01-13,2026-06-09,Germany,Premium,5.02,38.48,0,0,1,1,18.3
6059,49,Male,2024-07-26,2026-08-16,Canada,Premium,12.98,82.95,0,0,0,0,18.4
6060,53,Female,2023-09-08,2026-08-17,India,Premium,5.68,68.47,0,1,0,0,18.4
6061,49,Female,2026-05-03,2026-08-13,Canada,Premium,7.79,72.89,1,0,0,0,18.27
6062,72,Female,2025-01-21,2026-08-12,Germany,Basic,8.04,92.31,0,0,0,0,9.43
6063,32,Male,2024-01-09,2026-08-18,Australia,Standard,7.94,41.1,2,0,0,0,14.22
6064,60,Male,2024-11-09,2026-08-15,France,Standard,3.55,67.41,1,1,0,0,13.46
6065,52,Female,2025-09-19,2026-05-17,India,Basic,4.78,3.92,0,0,1,1,9.07
6066,20,Female,2026-01-03,2026-08-14,Germany,Basic,8.82,33.72,0,1,0,0,8.86
6067,33,Male,2025-01-13,2026-06-22,UK,Premium,4.94,20.44,1,0,0,1,18.04
6068,22,Male,2023-09-07,2026-06-22,Australia,Standard,4.27,65.68,0,0,0,1,13.41
6069,38,Male,2026-01-19,2026-05-22,Ireland,Premium,5.07,46.52,0,0,0,1,16.9
6070,27,Female,2024-11-21,2026-06-27,India,Premium,12.29,49.11,4,1,1,1,18.74
6071,36,Male,2026-04-29,2026-08-15,Germany,Basic,7.66,21.34,0,0,0,0,9.14
6072,42,Male,2026-04-19,2026-07-11,Australia,Premium,7.81,48.63,0,1,1,1,18.36
6073,21,Male,2024-11-11,2026-07-30,USA,Basic,8.22,64.8,0,0,0,1,9.58
6074,46,Female,2024-12-25,2026-08-14,UK,Standard,11.96,66.98,4,0,0,0,13.66
6075,36,Male,2024-12-17,2026-07-20,India,Basic,2.81,68.01,1,1,0,1,9.11
6076,60,Male,2023-10-24,2026-08-17,India,Basic,9.09,59.3,0,0,1,0,8.96
6077,19,Female,2024-06-07,2026-07-05,Ireland,Premium,0.59,33.06,2,0,0,1,18.21
6078,27,Male,2024-03-20,2026-08-10,Australia,Basic,4.93,19.51,0,1,0,0,8.36
6079,60,Male,2024-10-08,2026-07-17,USA,Standard,6.64,21.93,1,1,0,1,14.17
6080,42,Female,2024-05-20,2026-05-05,Australia,Basic,9.74,56.27,0,0,0,1,9.08
6081,37,Male,2025-04-01,2026-08-16,USA,Basic,7.49,18.53,0,1,0,0,8.87
6082,65,Female,2025-03-04,2026-05-17,Ireland,Basic,3.69,43.37,0,0,0,1,8.28
6083,36,Male,2025-12-02,2026-06-22,UK,Standard,15.19,42.44,0,0,0,1,14.55
6084,40,Female,2024-02-24,2026-08-18,India,Basic,11.98,76.34,0,0,1,0,8.87
6085,41,Male,2023-09-12,2026-07-02,USA,Basic,13.78,73.35,1,0,0,1,8.54
6086,28,Female,2024-08-30,2026-05-11,Canada,Standard,1.67,6.3,1,0,0,1,13.43
6087,63,Male,2025-12-24,2026-08-12,Ireland,Basic,22.43,48.16,0,0,0,0,9.34
6088,51,Male,2026-03-12,2026-06-22,Ireland,Standard,4.63,47.78,0,0,0,1,13.71
6089,72,Female,2024-07-08,2026-07-14,Germany,Premium,5.17,25.46,0,0,0,1,17.56
6090,45,Other,2025-07-02,2026-08-10,UK,Basic,5.37,31.2,0,0,0,0,8.89
6091,22,Male,2025-07-24,2026-08-17,Canada,Standard,11.94,60.68,1,0,0,0,14.15
6092,22,Female,2024-06-20,2026-08-15,Canada,Standard,8.36,66.6,1,0,1,0,14.73
6093,68,Male,2023-12-21,2026-06-24,Germany,Standard,2.71,14.89,0,0,1,1,13.48
6094,38,Female,2024-10-11,2026-08-17,USA,Standard,2.38,56.76,1,0,1,0,14.27
6095,29,Male,2025-07-31,2026-08-15,USA,Premium,4.72,38.22,0,1,0,0,18.45
6096,67,Female,2026-04-12,2026-08-13,France,Basic,9.85,76.38,2,0,0,0,9.44
6097,21,Male,2024-07-20,2026-08-15,France,Premium,5.76,11.34,0,0,0,0,18.33
6098,71,Male,2025-09-23,2026-08-10,Canada,Premium,19.79,30.72,0,0,0,0,18.08
6099,66,Male,2024-11-19,2026-04-25,UK,Premium,2.14,49.59,2,0,0,1,19.04
6100,59,Male,2024-02-20,2026-08-10,USA,Standard,17.58,91.67,0,1,1,0,14.2
6101,37,Female,2025-12-30,2026-07-08,Ireland,Premium,4.63,40.81,1,1,0,1,18.32
6102,55,Other,2023-09-10,2026-08-15,Australia,Basic,16.06,77.64,0,0,1,0,9.47
6103,42,Female,2026-03-31,2026-08-14,Germany,Standard,13.8,56.17,0,0,0,0,13.96
6104,31,Male,2025-07-05,2026-06-19,UK,Basic,6.25,54.56,0,0,1,1,8.78
6105,28,Male,2024-06-26,2026-08-12,USA,Premium,3.68,54.67,1,0,0,0,17.72
6106,49,Female,2023-12-10,2026-08-14,Australia,Standard,15.02,35.63,0,0,0,0,13.92
6107,28,Other,2024-05-16,2026-08-16,Canada,Basic,4.77,24.6,0,0,0,0,8.95
6108,35,Male,2025-08-18,2026-05-13,Germany,Premium,6.33,35.34,0,0,0,1,17.57
6109,44,Female,2025-12-11,2026-08-14,USA,Standard,18.41,61.48,0,1,0,0,13.61
6110,72,Other,2023-10-13,2026-06-10,Canada,Standard,1.85,20.14,1,1,0,1,14.67
6111,71,Female,2024-06-21,2026-08-17,USA,Basic,4.0,81.15,0,0,0,0,9.61
6112,35,Male,2024-08-31,2026-06-13,Germany,Premium,7.34,6.26,1,0,0,1,18.84
6113,73,Male,2026-03-25,2026-08-19,Ireland,Standard,7.54,55.32,0,0,0,0,14.31
6114,40,Female,2026-01-28,2026-06-06,India,Standard,5.12,93.61,0,0,0,1,14.05
6115,28,Female,2025-09-05,2026-05-25,Ireland,Standard,10.38,22.43,1,0,0,1,14.19
6116,38,Male,2025-05-06,2026-08-17,India,Standard,26.39,56.88,0,0,0,0,13.61
6117,61,Male,2025-06-01,2026-08-10,Australia,Standard,14.23,64.4,1,1,0,0,13.55
6118,22,Female,2023-09-27,2026-08-15,Canada,Basic,5.03,26.43,0,1,1,0,8.83
6119,40,Male,2023-12-14,2026-08-13,India,Basic,15.01,62.02,0,0,0,0,9.1
6120,58,Male,2026-04-29,2026-08-15,Ireland,Standard,9.08,41.99,2,0,1,0,13.52
6121,42,Female,2023-11-05,2026-08-11,Germany,Premium,3.48,2.92,0,0,1,0,17.8
6122,58,Female,2025-03-15,2026-05-08,Canada,Standard,2.41,25.99,0,1,0,1,13.86
6123,71,Female,2026-07-15,2026-07-15,USA,Basic,2.5,13.93,0,0,0,1,9.27
6124,27,Male,2024-08-15,2026-05-17,India,Basic,3.56,25.21,0,0,0,1,8.87
6125,39,Female,2025-08-08,2026-08-11,France,Standard,15.43,54.48,1,0,1,0,13.96
6126,36,Female,2025-02-02,2026-05-19,India,Premium,1.84,87.4,0,1,0,1,17.93
6127,18,Male,2024-10-02,2026-08-15,UK,Basic,7.95,22.93,0,0,1,0,8.9
6128,24,Female,2023-12-09,2026-08-17,India,Standard,7.97,58.22,0,1,1,0,14.13
6129,21,Male,2025-04-26,2026-08-13,India,Basic,10.09,25.51,0,1,1,0,8.86
6130,18,Male,2023-09-29,2026-08-13,USA,Basic,9.45,41.31,0,0,0,0,8.83
6131,32,Male,2024-01-15,2026-08-14,Germany,Basic,23.33,57.21,1,1,0,0,8.87
6132,57,Male,2023-12-10,2026-08-16,Australia,Premium,8.84,29.58,1,1,0,0,17.49
6133,29,Male,2025-12-19,2026-08-13,Canada,Premium,3.97,96.55,1,0,1,0,18.36
6134,39,Female,2024-02-02,2026-08-17,USA,Basic,19.94,55.37,0,0,0,0,9.03
6135,39,Male,2025-07-13,2026-08-17,Canada,Standard,6.81,36.32,0,0,1,0,13.73
6136,67,Other,2024-10-06,2026-08-15,France,Basic,6.81,63.09,0,1,1,0,8.63
6137,64,Female,2025-03-01,2026-08-10,Ireland,Standard,15.04,27.25,0,1,0,0,13.53
6138,34,Male,2023-11-11,2026-08-10,UK,Standard,1.87,93.56,1,1,0,0,14.65
6139,46,Male,2024-12-22,2026-05-05,France,Basic,6.93,30.26,0,0,1,1,9.3
6140,63,Female,2025-08-22,2026-08-19,Germany,Basic,6.35,38.55,0,1,0,0,8.77
6141,31,Female,2025-12-21,2026-08-17,USA,Premium,3.37,79.5,0,0,0,0,18.3
6142,67,Male,2025-10-05,2026-07-04,UK,Standard,4.72,97.78,0,1,0,1,14.59
6143,37,Male,2024-11-18,2026-07-30,India,Basic,9.18,11.27,2,0,0,1,9.04
6144,67,Female,2026-02-05,2026-06-23,Germany,Standard,9.05,44.05,0,0,0,1,13.61
6145,65,Male,2026-03-17,2026-06-18,France,Premium,10.67,9.84,2,1,0,1,18.05
6146,50,Female,2023-08-30,2026-08-14,Germany,Standard,5.19,84.71,0,1,0,0,13.78
6147,72,Female,2025-10-20,2026-07-16,Australia,Standard,3.07,41.52,0,1,0,1,14.08
6148,60,Male,2023-09-10,2026-08-14,France,Standard,6.58,69.05,1,0,0,0,14.14
6149,32,Male,2024-11-13,2026-08-10,France,Standard,11.05,65.95,2,1,0,0,13.22
6150,29,Male,2025-10-18,2026-08-15,Ireland,Standard,23.29,15.9,0,0,0,0,13.52
6151,57,Female,2023-09-24,2026-05-10,Australia,Premium,8.46,77.97,0,0,0,1,18.33
6152,71,Male,2023-10-09,2026-08-10,Australia,Basic,18.43,86.0,1,1,0,0,9.22
6153,37,Male,2026-04-15,2026-05-26,Canada,Standard,7.24,44.3,0,0,0,1,13.69
6154,47,Female,2025-10-17,2026-06-10,Canada,Basic,9.53,57.04,0,0,0,1,8.46
6155,55,Male,2024-05-12,2026-08-19,India,Basic,12.28,79.08,2,0,0,0,8.83
6156,20,Female,2025-08-23,2026-08-03,UK,Standard,20.06,13.95,1,1,0,1,13.32
6157,45,Female,2025-12-28,2026-06-23,Ireland,Premium,4.03,45.37,2,0,0,1,18.59
6158,73,Male,2026-04-09,2026-08-11,France,Basic,8.86,74.29,0,1,1,0,9.51
6159,43,Female,2023-10-21,2026-08-17,Germany,Premium,15.47,53.57,1,0,0,0,18.21
6160,47,Female,2023-12-09,2026-08-19,India,Basic,1.98,83.4,2,0,1,0,9.29
6161,30,Male,2025-07-26,2026-08-16,Ireland,Basic,19.92,53.37,0,1,0,0,8.88
6162,30,Male,2026-06-12,2026-08-10,Ireland,Basic,7.32,79.54,1,0,0,0,8.45
6163,19,Male,2025-09-17,2026-07-31,France,Standard,7.49,40.93,1,1,0,1,13.16
6164,54,Female,2024-02-18,2026-08-13,France,Standard,15.8,37.19,2,0,1,0,14.38
6165,66,Male,2025-02-16,2026-06-20,UK,Standard,17.22,59.08,1,0,0,1,14.67
6166,55,Other,2024-02-24,2026-08-10,Canada,Standard,12.84,57.53,0,1,0,0,14.16
6167,19,Female,2026-06-05,2026-06-05,France,Standard,4.64,80.83,1,0,1,1,14.28
6168,53,Male,2026-01-08,2026-08-10,Ireland,Standard,1.39,81.85,0,0,0,0,14.02
6169,71,Female,2025-11-14,2026-08-19,Ireland,Basic,10.36,97.81,0,0,0,0,8.96
6170,43,Male,2023-10-12,2026-08-11,Ireland,Premium,5.22,15.97,0,0,0,0,18.39
6171,28,Female,2025-12-26,2026-08-10,USA,Standard,6.17,63.73,1,0,0,0,13.67
6172,25,Female,2026-03-28,2026-08-11,Ireland,Basic,25.37,23.46,0,0,0,0,8.93
6173,61,Male,2025-11-24,2026-08-16,Ireland,Basic,5.25,74.74,0,0,0,0,8.85
6174,57,Male,2025-01-01,2026-08-14,France,Standard,5.05,52.25,0,1,0,0,13.41
6175,60,Female,2024-07-15,2026-08-15,Germany,Basic,10.63,44.99,0,0,0,0,8.77
6176,39,Female,2025-02-28,2026-08-13,Australia,Standard,21.51,41.03,0,0,0,0,13.31
6177,37,Female,2026-02-16,2026-08-15,USA,Basic,12.06,32.46,0,0,0,0,9.12
6178,25,Male,2025-04-16,2026-08-13,Ireland,Standard,10.46,68.78,1,0,0,0,13.94
6179,46,Male,2024-05-21,2026-08-14,Australia,Basic,3.86,72.99,0,0,1,0,8.21
6180,57,Male,2024-10-05,2026-04-25,Ireland,Premium,10.81,47.92,1,0,0,1,18.37
6181,43,Female,2025-09-07,2026-05-11,UK,Premium,1.81,39.66,0,0,0,1,17.85
6182,47,Male,2025-04-26,2026-07-04,France,Premium,5.24,23.77,1,1,0,1,18.68
6183,34,Male,2024-12-21,2026-08-14,France,Basic,12.57,45.0,0,0,1,0,9.58
6184,37,Female,2025-03-12,2026-05-16,UK,Premium,1.0,74.19,0,0,0,1,17.75
6185,69,Female,2025-07-24,2026-04-27,Australia,Standard,3.47,16.31,1,0,1,1,13.99
6186,72,Male,2025-04-20,2026-08-11,France,Standard,9.54,46.02,1,0,0,0,13.75
6187,33,Male,2026-03-14,2026-08-19,USA,Basic,25.3,74.69,0,0,0,0,8.25
6188,63,Female,2023-08-23,2026-08-17,Germany,Standard,7.93,89.56,3,0,0,0,14.2
6189,60,Male,2024-04-30,2026-08-18,USA,Premium,14.4,67.07,0,1,0,0,17.98
6190,24,Male,2024-02-29,2026-08-11,USA,Basic,25.0,7.58,2,0,1,0,8.85
6191,33,Male,2025-08-05,2026-08-19,UK,Basic,10.25,42.04,0,0,0,0,8.93
6192,62,Female,2024-10-14,2026-08-13,UK,Basic,18.59,43.18,0,0,1,0,8.86
6193,64,Female,2025-04-25,2026-05-15,Germany,Basic,30.74,13.97,0,0,0,1,8.65
6194,73,Male,2026-04-03,2026-07-10,India,Standard,1.28,31.13,0,0,0,1,14.2
6195,65,Male,2024-12-21,2026-05-24,India,Premium,6.9,27.33,0,0,0,1,18.53
6196,44,Female,2025-11-22,2026-06-06,India,Basic,6.89,63.15,0,0,0,1,9.02
6197,70,Other,2024-12-07,2026-08-17,Ireland,Standard,5.62,39.3,2,0,0,0,13.57
6198,40,Female,2024-12-20,2026-05-06,Germany,Standard,1.61,45.02,2,0,0,1,13.5
6199,41,Other,2025-08-30,2026-08-13,Ireland,Basic,2.71,43.72,0,0,1,0,9.72
6200,26,Female,2025-07-15,2026-08-13,Australia,Standard,3.68,37.33,1,1,0,0,13.65
6201,52,Female,2026-04-07,2026-08-16,Australia,Basic,21.87,67.74,1,1,0,0,8.95
6202,68,Male,2026-04-14,2026-05-08,Canada,Standard,5.47,36.7,1,0,0,1,13.7
6203,37,Male,2026-04-16,2026-07-22,India,Basic,5.8,54.02,0,1,0,1,9.1
6204,54,Male,2026-06-05,2026-07-26,UK,Standard,8.96,54.11,1,0,0,1,14.27
6205,59,Female,2024-02-12,2026-08-17,Canada,Basic,17.1,55.46,0,1,1,0,8.9
6206,34,Female,2026-06-20,2026-07-17,Canada,Premium,5.59,54.83,1,0,0,1,17.95
6207,64,Female,2025-06-08,2026-08-19,UK,Premium,23.11,77.44,2,0,0,0,17.48
6208,48,Male,2024-08-04,2026-07-30,France,Basic,1.68,41.82,1,0,0,1,8.62
6209,72,Male,2024-10-15,2026-08-14,Canada,Standard,6.84,55.98,0,0,0,0,14.32
6210,74,Male,2024-08-22,2026-05-04,France,Basic,3.93,48.8,2,0,1,1,8.35
6211,25,Male,2023-11-21,2026-08-16,India,Standard,10.64,28.78,1,1,0,0,14.34
6212,32,Female,2024-08-19,2026-08-18,USA,Basic,1.96,62.56,3,0,0,0,8.43
6213,48,Female,2024-02-26,2026-08-17,France,Standard,10.9,67.93,0,0,0,0,14.5
6214,70,Male,2024-01-27,2026-08-13,Ireland,Basic,6.34,84.37,1,1,0,0,9.26
6215,47,Male,2024-05-03,2026-08-17,India,Basic,20.77,73.83,0,0,0,0,9.27
6216,63,Female,2024-11-29,2026-08-10,France,Basic,14.65,40.78,2,0,0,0,8.99
6217,37,Male,2023-11-27,2026-05-15,Germany,Basic,13.39,26.8,1,1,0,1,8.93
6218,56,Female,2024-10-26,2026-05-11,UK,Standard,9.07,34.12,3,1,0,1,14.0
6219,70,Male,2026-03-08,2026-08-12,USA,Basic,4.83,64.24,1,0,0,0,8.6
6220,72,Male,2025-08-27,2026-05-22,Australia,Premium,3.87,46.24,0,1,0,1,17.89
6221,29,Male,2026-01-03,2026-08-19,Germany,Standard,5.35,38.83,0,0,0,0,13.44
6222,66,Male,2024-09-06,2026-08-13,Germany,Basic,6.15,52.38,0,1,1,0,8.97
6223,34,Female,2026-03-19,2026-08-16,France,Standard,5.35,37.4,1,1,0,0,13.77
6224,59,Male,2024-06-27,2026-08-12,Germany,Standard,5.37,48.12,1,1,0,0,14.31
6225,47,Male,2025-07-04,2026-05-09,Canada,Standard,5.24,14.27,0,1,0,1,14.13
6226,46,Male,2024-12-27,2026-08-19,Canada,Standard,6.92,63.14,1,0,1,0,13.91
6227,36,Male,2023-08-21,2026-08-15,Canada,Basic,7.55,78.77,1,0,0,0,9.23
6228,63,Male,2024-05-14,2026-08-18,India,Basic,12.67,62.96,0,1,0,0,9.09
6229,28,Female,2024-02-11,2026-08-14,France,Standard,3.66,52.19,0,1,0,0,14.07
6230,51,Female,2026-01-26,2026-05-26,Canada,Premium,5.48,69.57,0,0,0,1,17.97
6231,67,Female,2025-07-06,2026-08-10,USA,Premium,7.67,57.36,2,1,0,0,18.18
6232,24,Male,2026-02-06,2026-05-21,Canada,Basic,3.64,41.44,2,0,1,1,8.76
6233,61,Male,2024-06-17,2026-05-07,France,Standard,1.63,43.17,2,0,0,1,14.29
6234,51,Male,2024-11-13,2026-08-17,UK,Premium,13.18,47.0,1,0,0,0,18.27
6235,37,Male,2026-01-29,2026-06-23,Germany,Basic,7.92,24.9,1,0,0,1,9.24
6236,67,Female,2024-06-18,2026-08-10,USA,Standard,4.99,81.27,1,0,1,0,14.12
6237,55,Female,2024-11-09,2026-08-11,France,Standard,12.05,53.16,1,0,0,0,14.13
6238,41,Female,2024-09-24,2026-08-13,Australia,Standard,10.85,72.43,1,0,0,0,14.26
6239,27,Male,2024-03-14,2026-08-17,Canada,Standard,10.15,33.73,1,1,1,0,14.41
6240,49,Male,2025-01-11,2026-08-18,Australia,Premium,18.61,78.21,1,0,1,0,17.88
6241,69,Female,2024-10-22,2026-08-19,Germany,Basic,4.72,51.9,0,1,1,0,8.65
6242,32,Male,2025-12-18,2026-08-18,USA,Standard,5.27,19.41,1,1,0,0,13.83
6243,54,Female,2026-02-27,2026-08-17,Germany,Basic,6.82,96.04,1,1,1,0,8.37
6244,37,Female,2024-11-09,2026-08-15,Australia,Standard,12.65,74.58,1,0,0,0,14.07
6245,20,Female,2023-10-17,2026-08-16,India,Premium,1.12,69.12,0,0,0,0,18.29
6246,54,Female,2025-08-01,2026-08-11,USA,Standard,13.18,88.46,2,0,0,0,13.89
6247,74,Male,2025-10-13,2026-07-21,Ireland,Basic,6.12,43.5,0,1,1,1,8.79
6248,57,Male,2024-04-05,2026-08-15,India,Standard,4.33,58.52,1,1,1,0,13.85
6249,25,Male,2025-06-26,2026-08-14,USA,Basic,20.75,52.99,1,0,1,0,9.4
6250,57,Female,2025-10-29,2026-08-11,Canada,Basic,7.34,26.73,2,1,0,0,9.45
6251,61,Male,2026-07-15,2026-07-15,France,Standard,17.62,44.82,0,0,0,1,14.78
6252,73,Female,2024-01-20,2026-08-12,Australia,Standard,1.68,26.02,1,1,0,0,13.51
6253,40,Female,2026-02-03,2026-08-03,Germany,Standard,0.93,43.79,1,0,0,1,13.76
6254,57,Female,2025-07-31,2026-08-16,France,Standard,5.83,23.79,3,1,1,0,14.18
6255,28,Male,2026-01-29,2026-05-28,Germany,Basic,9.91,30.95,1,1,0,1,9.1
6256,63,Male,2024-03-23,2026-08-17,Germany,Basic,12.83,47.6,0,1,0,0,9.78
6257,25,Female,2026-03-24,2026-08-10,UK,Standard,7.91,29.47,0,0,0,0,14.33
6258,46,Female,2026-01-28,2026-05-30,UK,Premium,3.42,45.24,0,0,0,1,17.95
6259,47,Female,2023-12-05,2026-05-05,Canada,Premium,3.91,23.35,0,0,0,1,17.51
6260,73,Male,2026-03-14,2026-08-15,Ireland,Standard,7.48,88.16,1,0,0,0,13.9
6261,27,Female,2026-01-15,2026-08-13,France,Basic,1.26,72.99,0,1,1,0,8.84
6262,56,Female,2024-02-09,2026-08-18,UK,Standard,16.51,77.74,2,0,0,0,14.6
6263,45,Male,2024-11-30,2026-08-10,USA,Standard,8.78,39.25,1,0,0,0,13.66
6264,66,Female,2025-12-23,2026-08-17,India,Basic,0.95,23.9,0,0,1,0,9.1
6265,53,Female,2023-10-16,2026-08-10,Australia,Standard,8.03,55.92,2,0,0,0,13.59
6266,30,Male,2024-07-01,2026-05-08,Canada,Premium,4.43,31.22,0,0,0,1,17.96
6267,49,Male,2025-02-04,2026-08-12,India,Standard,15.5,23.28,2,0,1,0,13.74
6268,53,Female,2023-12-12,2026-08-12,Ireland,Basic,10.74,27.55,1,0,0,0,8.99
6269,54,Male,2025-01-07,2026-08-15,India,Standard,10.43,36.66,0,1,0,0,13.61
6270,43,Female,2025-12-05,2026-08-15,France,Basic,11.13,39.32,2,1,1,0,8.27
6271,39,Female,2025-01-01,2026-08-12,USA,Basic,6.95,48.93,0,0,0,0,8.48
6272,21,Female,2024-11-14,2026-08-10,Germany,Premium,12.42,17.92,1,0,0,0,18.02
6273,48,Female,2026-04-23,2026-08-12,UK,Basic,3.81,87.67,1,0,1,0,9.54
6274,35,Male,2024-04-27,2026-08-17,USA,Basic,15.69,36.09,0,0,0,0,9.32
6275,55,Male,2025-11-13,2026-08-10,Ireland,Standard,13.42,34.71,0,1,1,0,13.75
6276,41,Female,2025-12-08,2026-06-28,Canada,Premium,3.11,67.49,2,1,0,1,18.17
6277,73,Male,2024-01-30,2026-08-16,India,Standard,18.59,70.3,0,0,0,0,14.0
6278,40,Female,2023-11-23,2026-08-19,USA,Basic,1.81,12.0,0,0,0,0,9.51
6279,39,Female,2024-09-16,2026-08-18,France,Standard,4.59,19.92,0,1,0,0,13.98
6280,19,Male,2026-02-03,2026-08-14,Canada,Standard,7.91,68.83,0,0,1,0,14.01
6281,48,Male,2026-04-02,2026-08-13,Germany,Standard,3.09,37.86,1,0,1,0,13.8
6282,72,Female,2025-09-27,2026-06-25,Ireland,Standard,3.76,26.78,0,0,1,1,14.63
6283,28,Female,2025-11-20,2026-05-09,Ireland,Basic,4.79,36.18,0,0,0,1,8.92
6284,45,Male,2025-12-24,2026-08-14,India,Premium,8.0,73.65,0,1,0,0,17.64
6285,63,Female,2023-09-27,2026-08-19,UK,Standard,19.17,86.96,0,0,0,0,14.03
6286,49,Female,2025-11-02,2026-08-13,Australia,Basic,7.06,56.35,0,1,0,0,9.13
6287,22,Other,2025-07-06,2026-04-30,Ireland,Standard,1.83,17.94,0,0,1,1,13.93
6288,55,Male,2026-04-16,2026-05-05,France,Basic,14.67,43.29,0,0,0,1,9.31
6289,27,Male,2024-06-12,2026-08-18,USA,Standard,10.05,19.5,1,0,0,0,14.37
6290,57,Female,2024-04-13,2026-05-07,France,Basic,3.99,70.21,0,0,0,1,8.81
6291,63,Female,2024-01-07,2026-08-17,USA,Basic,4.11,37.88,0,0,0,0,8.84
6292,41,Male,2024-11-08,2026-08-11,USA,Standard,9.81,62.01,1,0,0,0,14.23
6293,52,Female,2025-11-03,2026-08-14,Germany,Premium,8.88,83.02,0,1,0,0,17.94
6294,61,Female,2024-04-11,2026-08-13,Ireland,Basic,10.79,46.6,0,0,0,0,8.82
6295,65,Male,2025-01-17,2026-08-16,Ireland,Standard,10.09,26.54,0,0,0,0,13.96
6296,40,Female,2024-08-20,2026-05-03,USA,Standard,0.18,87.77,0,0,0,1,14.17
6297,34,Female,2024-08-11,2026-08-13,India,Standard,4.03,12.96,0,1,1,0,14.16
6298,18,Male,2023-09-23,2026-08-12,France,Basic,8.69,5.19,1,1,0,0,8.77
6299,72,Male,2025-01-04,2026-05-12,UK,Standard,12.12,46.14,0,0,1,1,14.01
6300,48,Female,2025-07-13,2026-08-10,India,Basic,13.74,42.6,0,0,1,0,8.95
6301,48,Male,2025-12-11,2026-06-12,UK,Premium,6.89,65.77,0,0,0,1,18.52
6302,59,Male,2025-02-05,2026-08-13,Ireland,Standard,7.95,10.95,0,0,0,0,14.38
6303,74,Female,2025-08-05,2026-08-10,India,Premium,5.4,84.36,3,0,0,0,18.33
6304,72,Female,2026-06-20,2026-08-18,France,Basic,5.73,68.98,1,1,1,0,8.98
6305,59,Female,2026-06-29,2026-06-29,Ireland,Premium,6.34,64.55,0,0,0,1,18.5
6306,70,Female,2024-06-27,2026-08-18,Canada,Basic,9.02,54.14,1,0,1,0,8.43
6307,73,Male,2025-12-19,2026-08-16,Ireland,Standard,9.04,52.05,0,0,0,0,14.65
6308,51,Male,2024-08-08,2026-08-12,India,Basic,9.98,53.63,0,1,0,0,9.51
6309,26,Male,2026-03-03,2026-08-04,France,Standard,2.19,32.21,1,0,0,1,14.09
6310,39,Male,2023-11-29,2026-08-18,USA,Basic,3.35,59.64,1,0,0,0,8.63
6311,30,Female,2025-06-07,2026-08-10,Australia,Basic,4.35,47.23,0,1,0,0,8.58
6312,42,Female,2025-05-09,2026-08-13,Germany,Standard,6.75,21.8,0,0,0,0,13.7
6313,65,Female,2024-05-15,2026-05-21,France,Standard,4.99,42.5,0,0,0,1,14.05
6314,35,Male,2026-07-08,2026-08-15,Ireland,Standard,16.34,93.74,3,0,0,0,13.67
6315,68,Male,2025-03-07,2026-08-15,Ireland,Basic,8.28,13.04,0,1,0,0,9.42
6316,29,Female,2023-09-05,2026-04-22,USA,Basic,8.83,12.68,1,1,0,1,9.66
6317,57,Male,2025-02-02,2026-08-10,France,Premium,3.1,77.25,0,0,0,0,17.54
6318,34,Male,2024-03-12,2026-08-18,Canada,Standard,15.13,76.56,0,0,0,0,14.34
6319,32,Female,2026-05-06,2026-08-11,Australia,Basic,11.44,29.27,0,0,1,0,8.65
6320,59,Male,2025-07-20,2026-08-16,France,Standard,8.76,9.63,1,0,0,0,14.4
6321,32,Male,2024-04-01,2026-05-31,Ireland,Premium,5.47,83.39,0,0,0,1,18.11
6322,32,Female,2024-02-15,2026-04-28,UK,Premium,3.72,66.86,1,1,0,1,17.98
6323,72,Male,2025-03-09,2026-08-11,UK,Basic,5.9,71.83,2,1,1,0,9.42
6324,56,Female,2024-08-21,2026-08-15,UK,Premium,14.89,53.6,1,0,1,0,17.72
6325,30,Male,2024-09-09,2026-08-19,Germany,Basic,2.35,92.22,0,0,0,0,9.25
6326,34,Male,2025-12-30,2026-08-12,Germany,Standard,9.86,76.04,0,0,0,0,14.24
6327,49,Male,2025-05-01,2026-08-15,France,Basic,5.98,66.42,1,0,1,0,9.13
6328,26,Female,2025-02-18,2026-04-22,Australia,Standard,3.74,30.9,2,1,0,1,13.85
6329,57,Female,2026-03-11,2026-08-13,Ireland,Standard,17.14,57.73,0,0,0,0,13.34
6330,37,Other,2026-04-21,2026-08-15,Ireland,Standard,2.78,87.27,1,0,0,0,12.94
6331,43,Female,2025-04-05,2026-07-08,Ireland,Standard,3.38,45.97,0,0,0,1,13.82
6332,44,Female,2025-03-06,2026-08-13,Germany,Standard,2.46,51.82,0,0,0,0,14.67
6333,38,Male,2024-06-20,2026-08-16,Australia,Standard,3.99,46.38,1,1,0,0,14.21
6334,35,Male,2025-06-29,2026-08-19,Ireland,Basic,7.25,82.64,1,0,0,0,9.0
6335,30,Male,2023-09-24,2026-05-28,USA,Basic,3.23,13.2,0,0,0,1,8.6
6336,33,Male,2024-11-30,2026-08-12,Canada,Standard,4.05,31.7,0,0,0,0,14.11
6337,26,Male,2024-01-25,2026-05-10,India,Premium,8.72,25.78,1,0,0,1,18.22
6338,29,Male,2024-03-06,2026-08-16,France,Standard,24.13,59.66,0,1,0,0,14.29
6339,61,Male,2024-10-02,2026-08-17,France,Basic,10.39,36.13,0,0,0,0,8.79
6340,55,Male,2025-08-13,2026-06-15,UK,Standard,6.43,62.58,1,1,0,1,14.15
6341,36,Male,2023-09-30,2026-08-12,UK,Basic,3.16,74.39,1,0,1,0,9.2
6342,24,Female,2025-04-13,2026-08-17,France,Premium,14.57,93.18,1,1,0,0,18.53
6343,74,Female,2025-04-15,2026-08-10,USA,Basic,7.35,26.11,0,1,0,0,8.89
6344,52,Male,2024-04-23,2026-08-17,Ireland,Standard,2.23,81.97,0,1,0,0,14.13
6345,65,Male,2025-04-03,2026-08-12,Australia,Standard,11.03,79.73,1,1,0,0,14.25
6346,35,Male,2024-02-14,2026-08-12,Australia,Premium,9.35,69.52,0,0,0,0,17.85
6347,33,Female,2023-12-25,2026-08-17,Germany,Basic,6.07,48.78,1,1,0,0,8.48
6348,72,Male,2025-07-18,2026-06-16,Ireland,Basic,5.61,44.62,1,1,1,1,9.35
6349,56,Female,2023-09-07,2026-08-16,Australia,Standard,4.76,59.45,0,0,0,0,14.25
6350,21,Male,2024-07-28,2026-08-16,Ireland,Standard,22.31,38.29,0,0,1,0,13.91
6351,42,Male,2025-10-01,2026-08-16,UK,Basic,4.27,22.99,0,1,0,0,9.07
6352,49,Male,2024-12-30,2026-08-11,India,Standard,23.8,42.17,1,0,1,0,14.32
6353,57,Male,2024-02-28,2026-08-19,India,Standard,10.24,54.32,0,1,0,0,13.98
6354,30,Female,2023-12-03,2026-08-13,India,Premium,9.53,75.21,1,1,1,0,18.23
6355,62,Female,2024-12-09,2026-08-10,UK,Basic,10.16,61.46,0,0,1,0,8.72
6356,34,Female,2025-11-03,2026-08-17,Germany,Basic,10.65,53.13,0,1,1,0,9.05
6357,66,Female,2024-01-25,2026-08-11,India,Standard,4.62,74.82,0,1,0,0,14.01
6358,54,Female,2026-01-18,2026-06-18,UK,Standard,12.9,40.56,2,0,0,1,14.39
6359,23,Female,2026-02-24,2026-08-12,Ireland,Standard,18.45,43.84,0,0,1,0,13.53
6360,36,Male,2024-12-06,2026-08-15,India,Standard,7.91,27.52,0,0,0,0,14.12
6361,30,Male,2023-10-07,2026-08-16,USA,Basic,10.71,76.09,0,0,0,0,9.02
6362,74,Male,2025-05-07,2026-07-29,Germany,Basic,9.13,34.46,1,1,1,1,9.66
6363,43,Female,2025-12-04,2026-05-21,USA,Basic,7.09,28.71,1,0,0,1,8.58
6364,31,Male,2024-07-19,2026-07-16,France,Premium,6.33,44.19,1,0,1,1,18.09
6365,48,Female,2023-12-17,2026-08-15,Ireland,Standard,8.01,58.5,0,1,0,0,13.54
6366,71,Male,2024-07-11,2026-08-12,Germany,Basic,18.35,15.65,2,1,0,0,8.79
6367,21,Female,2025-07-08,2026-06-09,USA,Basic,1.42,47.98,2,1,0,1,9.45
6368,56,Male,2023-12-10,2026-05-14,Germany,Premium,17.67,15.54,1,0,0,1,17.9
6369,25,Male,2024-11-28,2026-08-11,Ireland,Premium,1.09,36.91,2,0,0,0,18.75
6370,42,Female,2026-06-28,2026-06-28,France,Premium,5.51,49.5,0,0,0,1,18.27
6371,30,Male,2025-10-01,2026-08-11,Australia,Basic,10.61,82.54,1,1,0,0,9.04
6372,49,Other,2025-04-01,2026-06-19,India,Standard,13.83,48.11,1,0,0,1,13.9
6373,55,Male,2023-12-12,2026-08-12,France,Basic,7.48,59.78,0,0,1,0,8.83
6374,55,Male,2025-04-26,2026-08-19,Germany,Basic,15.89,41.22,0,0,0,0,9.34
6375,73,Female,2024-02-04,2026-08-16,India,Basic,11.9,73.38,2,1,0,0,8.47
6376,45,Female,2025-10-09,2026-05-23,France,Basic,4.16,30.88,0,0,0,1,9.23
6377,70,Male,2024-12-08,2026-05-15,India,Standard,16.08,74.14,0,0,0,1,14.48
6378,47,Female,2026-03-21,2026-04-27,Australia,Premium,11.72,65.96,0,1,0,1,17.35
6379,20,Female,2025-02-25,2026-08-11,Ireland,Basic,8.74,30.53,1,0,0,0,8.86
6380,45,Female,2026-07-19,2026-07-19,Germany,Premium,1.99,9.35,0,0,0,1,17.76
6381,20,Male,2024-02-10,2026-08-10,Germany,Basic,3.82,33.14,0,0,0,0,9.17
6382,62,Male,2024-05-13,2026-08-19,Australia,Standard,12.38,55.72,1,0,0,0,13.3
6383,71,Female,2024-10-30,2026-08-10,UK,Basic,12.18,32.22,0,1,1,0,8.72
6384,51,Female,2025-04-16,2026-08-15,Australia,Standard,11.96,37.0,0,0,0,0,13.59
6385,33,Female,2023-12-12,2026-08-10,Australia,Basic,5.93,89.85,1,1,0,0,8.55
6386,39,Male,2023-11-22,2026-08-11,Australia,Standard,9.56,90.36,1,1,0,0,13.78
6387,49,Male,2023-11-12,2026-08-19,Ireland,Standard,3.59,40.46,0,0,1,0,14.25
6388,55,Female,2024-04-28,2026-05-05,France,Premium,0.87,12.54,0,0,0,1,17.71
6389,25,Male,2026-05-28,2026-08-17,Canada,Basic,8.38,71.82,1,1,0,0,8.54
6390,72,Male,2026-04-03,2026-08-11,Australia,Standard,5.22,14.91,1,0,0,0,14.28
6391,25,Male,2025-10-14,2026-04-24,Germany,Standard,5.02,73.52,0,0,0,1,14.79
6392,74,Female,2024-04-02,2026-07-03,USA,Premium,0.57,47.31,0,0,0,1,18.26
6393,23,Male,2024-04-05,2026-08-15,UK,Standard,7.41,89.1,0,0,0,0,13.94
6394,31,Female,2023-09-03,2026-08-18,Australia,Premium,8.56,77.6,0,1,0,0,18.14
6395,49,Female,2025-12-29,2026-07-18,Australia,Standard,7.96,63.11,0,0,0,1,13.52
6396,52,Female,2025-01-22,2026-08-18,UK,Standard,5.47,30.06,0,1,0,0,14.26
6397,27,Male,2025-09-15,2026-08-18,Australia,Basic,3.15,49.04,0,0,0,0,9.31
6398,20,Male,2025-02-08,2026-08-17,Germany,Standard,12.04,61.12,0,0,0,0,14.09
6399,29,Female,2023-10-16,2026-08-11,Canada,Standard,7.17,90.55,0,1,0,0,14.16
6400,66,Female,2024-11-11,2026-08-15,Australia,Basic,15.59,78.6,0,0,0,0,9.0
6401,48,Female,2026-06-20,2026-08-16,UK,Basic,3.0,68.69,0,0,0,0,9.06
6402,46,Female,2026-04-12,2026-08-11,Australia,Premium,20.56,43.77,0,0,0,0,17.94
6403,22,Female,2024-09-22,2026-08-16,Ireland,Standard,2.37,85.94,0,0,0,0,14.39
6404,69,Female,2024-05-08,2026-08-19,Germany,Basic,7.58,49.59,0,0,0,0,8.88
6405,42,Male,2025-03-13,2026-05-02,Germany,Standard,8.29,87.77,1,1,0,1,14.17
6406,58,Male,2025-04-06,2026-08-14,Canada,Basic,10.69,58.28,0,0,0,0,9.23
6407,48,Female,2024-07-09,2026-08-14,France,Standard,6.32,87.17,1,0,0,0,13.78
6408,38,Male,2024-07-17,2026-08-12,Ireland,Standard,20.64,56.53,2,0,0,0,13.78
6409,37,Female,2023-10-27,2026-08-17,Ireland,Basic,2.93,22.62,1,0,0,0,10.03
6410,56,Male,2025-08-24,2026-07-14,Canada,Standard,1.48,71.92,0,0,0,1,13.87
6411,39,Female,2025-11-11,2026-08-19,India,Basic,2.61,42.9,0,1,1,0,9.28
6412,21,Male,2023-09-30,2026-08-12,India,Premium,2.09,36.79,0,1,0,0,18.23
6413,30,Male,2025-02-18,2026-08-12,France,Premium,10.35,47.64,0,1,0,0,17.97
6414,62,Other,2026-05-09,2026-06-11,USA,Basic,14.19,68.89,0,1,1,1,9.37
6415,59,Male,2026-02-15,2026-06-23,France,Premium,6.92,33.63,1,0,0,1,17.55
6416,67,Male,2024-07-28,2026-08-17,India,Standard,32.59,37.38,0,1,0,0,14.07
6417,66,Male,2026-05-13,2026-08-13,France,Standard,11.0,69.62,0,0,0,0,13.49
6418,37,Female,2025-04-06,2026-08-12,Australia,Basic,4.88,42.69,1,1,0,0,8.81
6419,69,Female,2025-03-16,2026-07-27,Ireland,Standard,3.17,49.54,0,0,0,1,14.31
6420,30,Female,2025-09-24,2026-08-18,France,Premium,7.98,46.2,0,0,0,0,18.05
6421,34,Male,2024-01-15,2026-08-10,USA,Basic,5.36,19.81,2,0,0,0,8.94
6422,71,Female,2024-08-07,2026-08-18,USA,Basic,7.2,51.94,1,0,0,0,8.67
6423,53,Male,2024-06-30,2026-08-17,Germany,Basic,3.37,40.45,0,0,0,0,9.21
6424,50,Female,2025-06-09,2026-08-19,Australia,Standard,16.32,84.6,0,0,0,0,13.88
6425,18,Female,2023-12-25,2026-05-06,Germany,Premium,7.08,7.77,0,0,0,1,18.16
6426,32,Female,2024-12-18,2026-08-11,UK,Standard,8.74,58.37,1,0,0,0,14.33
6427,30,Female,2024-12-16,2026-08-19,India,Basic,8.61,78.29,0,0,1,0,8.67
6428,34,Female,2024-05-13,2026-08-17,Germany,Standard,18.09,60.56,0,0,0,0,14.44
6429,41,Female,2025-02-07,2026-08-10,Ireland,Basic,5.81,43.42,0,0,0,0,9.15
6430,25,Male,2026-03-06,2026-08-14,Ireland,Basic,3.94,77.53,0,0,1,0,9.59
6431,67,Female,2025-12-14,2026-08-19,Australia,Standard,10.37,66.65,2,0,0,0,13.71
6432,44,Male,2025-02-18,2026-08-17,USA,Basic,6.02,78.49,1,0,0,0,9.39
6433,62,Male,2026-03-11,2026-05-18,Ireland,Premium,2.72,63.5,0,0,0,1,19.11
6434,40,Male,2023-09-13,2026-08-18,India,Standard,9.42,11.35,1,1,0,0,14.28
6435,63,Male,2025-01-07,2026-04-29,Germany,Premium,6.86,37.68,0,0,0,1,18.08
6436,25,Male,2024-01-05,2026-08-12,India,Premium,5.36,68.78,0,1,1,0,18.29
6437,25,Female,2025-08-23,2026-08-17,France,Premium,21.5,76.9,1,0,0,0,18.85
6438,43,Male,2025-09-05,2026-07-01,Germany,Basic,12.15,9.75,0,0,1,1,8.27
6439,64,Male,2023-11-14,2026-08-16,Australia,Premium,12.24,73.04,0,1,0,0,17.21
6440,30,Female,2023-09-21,2026-07-31,France,Standard,1.32,21.47,2,0,0,1,13.96
6441,56,Male,2026-02-04,2026-08-02,India,Standard,1.13,73.78,1,1,0,1,14.06
6442,54,Female,2026-02-24,2026-07-08,Germany,Basic,2.89,74.1,3,0,1,1,9.09
6443,66,Female,2023-12-25,2026-08-10,India,Basic,10.6,50.39,1,0,0,0,9.29
6444,45,Female,2025-05-02,2026-08-18,Canada,Premium,20.45,56.88,0,0,0,0,18.03
6445,42,Female,2026-05-12,2026-05-24,Australia,Basic,5.91,30.83,3,1,0,1,8.98
6446,33,Male,2024-04-09,2026-08-11,Australia,Basic,8.63,36.56,0,1,0,0,8.91
6447,72,Male,2024-01-14,2026-07-29,Ireland,Basic,6.45,49.76,1,1,0,1,8.44
6448,19,Male,2024-11-12,2026-08-11,Australia,Premium,3.97,50.03,0,0,0,0,18.2
6449,71,Female,2025-09-05,2026-06-30,UK,Standard,2.28,78.19,1,1,0,1,14.33
6450,35,Male,2026-06-15,2026-06-15,Ireland,Premium,6.84,81.31,0,0,0,1,18.22
6451,34,Male,2025-11-08,2026-05-20,Ireland,Basic,1.52,26.26,1,0,1,1,8.97
6452,47,Male,2023-12-02,2026-08-15,France,Basic,4.67,65.74,0,0,1,0,8.78
6453,56,Female,2025-08-20,2026-08-10,France,Standard,15.84,79.19,1,0,1,0,14.04
6454,30,Male,2023-09-11,2026-08-10,India,Standard,12.1,27.71,0,0,1,0,14.3
6455,49,Other,2025-09-26,2026-06-25,Canada,Basic,7.46,35.77,1,1,0,1,8.9
6456,67,Male,2023-09-10,2026-08-15,Ireland,Basic,26.99,6.81,0,0,1,0,8.62
6457,46,Male,2025-03-30,2026-08-17,France,Basic,4.54,49.16,1,1,0,0,9.0
6458,63,Male,2025-04-05,2026-08-14,USA,Basic,0.19,17.8,0,1,0,0,9.65
6459,47,Female,2023-12-02,2026-08-10,Germany,Standard,8.78,73.23,0,0,0,0,14.36
6460,35,Female,2025-04-07,2026-08-16,Germany,Basic,10.16,45.58,0,0,0,0,8.68
6461,30,Male,2024-06-14,2026-08-11,Australia,Basic,9.95,89.15,2,0,1,0,9.47
6462,60,Male,2024-12-08,2026-05-21,India,Basic,2.03,38.54,1,0,0,1,8.57
6463,38,Female,2024-05-20,2026-08-15,Canada,Basic,8.04,39.35,2,1,0,0,9.46
6464,47,Male,2025-06-30,2026-08-11,Germany,Premium,8.92,21.88,0,0,0,0,17.83
6465,38,Male,2023-12-22,2026-08-10,USA,Basic,10.7,39.27,1,0,0,0,9.0
6466,65,Male,2025-05-01,2026-08-11,Canada,Basic,20.26,31.99,0,0,0,0,8.57
6467,72,Male,2026-04-13,2026-05-02,UK,Standard,3.2,32.24,0,0,1,1,14.6
6468,34,Male,2024-10-04,2026-05-26,Germany,Standard,8.88,21.86,0,0,1,1,13.69
6469,57,Male,2023-09-28,2026-08-14,Ireland,Standard,5.12,64.87,0,1,0,0,13.68
6470,36,Male,2023-12-30,2026-08-15,USA,Basic,6.23,56.21,0,0,1,0,8.79
6471,69,Female,2024-04-25,2026-05-09,India,Standard,8.04,41.58,0,0,0,1,13.84
6472,32,Male,2024-09-28,2026-08-14,India,Standard,2.77,77.43,0,1,0,0,14.24
6473,26,Female,2025-12-01,2026-08-15,USA,Basic,9.09,69.93,1,1,1,0,8.68
6474,69,Male,2024-11-28,2026-08-04,Germany,Basic,1.51,60.12,4,1,0,1,9.06
6475,27,Female,2024-01-13,2026-06-04,France,Standard,4.42,46.52,0,0,1,1,14.38
6476,61,Male,2025-07-26,2026-08-18,France,Standard,10.04,89.42,1,1,1,0,14.6
6477,48,Female,2024-03-01,2026-08-19,Australia,Premium,17.09,12.32,1,0,0,0,18.09
6478,70,Male,2025-01-11,2026-08-17,UK,Standard,6.54,70.28,1,0,0,0,13.71
6479,40,Female,2025-11-13,2026-08-16,Ireland,Standard,13.09,32.61,0,0,0,0,14.02
6480,69,Male,2024-12-02,2026-08-11,UK,Basic,1.94,53.75,0,0,0,0,8.09
6481,47,Male,2026-03-04,2026-08-10,UK,Premium,17.1,57.57,0,1,0,0,17.86
6482,50,Female,2023-11-04,2026-08-14,Germany,Standard,8.07,65.35,0,1,0,0,13.42
6483,74,Female,2024-01-23,2026-08-16,Ireland,Standard,5.63,88.41,0,1,1,0,13.65
6484,69,Male,2026-07-09,2026-08-14,Germany,Basic,8.36,48.95,2,1,0,0,8.81
6485,26,Female,2023-11-14,2026-08-18,Germany,Basic,5.83,64.46,0,1,0,0,9.49
6486,71,Male,2025-10-21,2026-06-21,Australia,Standard,3.37,45.5,0,0,0,1,14.03
6487,64,Male,2025-03-20,2026-08-14,USA,Basic,18.45,69.73,1,0,0,0,8.74
6488,18,Other,2023-09-06,2026-08-10,India,Basic,6.06,50.99,0,1,0,0,8.48
6489,61,Male,2025-01-29,2026-08-15,Australia,Basic,9.06,75.76,1,1,0,0,8.76
6490,52,Female,2023-11-09,2026-08-16,India,Basic,5.22,52.39,1,0,0,0,9.07
6491,28,Male,2024-12-10,2026-08-11,Australia,Standard,11.79,83.53,0,1,0,0,13.97
6492,51,Female,2024-05-24,2026-08-14,Germany,Standard,10.1,48.76,0,1,0,0,14.25
6493,33,Female,2024-01-12,2026-08-14,Australia,Basic,6.06,58.71,0,1,0,0,9.21
6494,26,Other,2023-09-21,2026-08-10,India,Standard,23.58,30.64,2,0,0,0,13.24
6495,49,Female,2025-11-20,2026-07-23,Australia,Premium,15.54,46.25,0,0,1,1,18.08
6496,32,Male,2024-05-14,2026-08-12,Canada,Premium,10.32,68.4,1,1,0,0,18.77
6497,29,Female,2025-11-06,2026-06-27,Ireland,Standard,8.12,63.54,1,1,0,1,14.82
6498,50,Male,2025-09-14,2026-07-25,USA,Standard,8.95,26.26,1,0,0,1,14.16
6499,62,Female,2025-02-20,2026-08-11,India,Basic,9.06,79.65,0,1,0,0,8.62
6500,31,Female,2023-09-01,2026-06-02,Ireland,Standard,2.17,60.26,1,0,0,1,14.09
6501,74,Female,2024-10-23,2026-08-19,USA,Standard,15.91,49.85,2,0,0,0,14.58
6502,74,Female,2024-05-15,2026-08-17,France,Standard,11.44,40.63,0,1,0,0,14.65
6503,25,Male,2026-06-11,2026-08-12,Canada,Basic,7.36,65.37,0,0,1,0,8.5
6504,25,Female,2023-09-05,2026-08-18,Germany,Standard,14.79,72.63,0,0,1,0,13.65
6505,44,Male,2024-12-17,2026-08-14,France,Premium,16.01,48.94,0,0,0,0,18.02
6506,29,Female,2026-07-20,2026-07-20,India,Premium,1.98,56.38,0,1,0,1,18.25
6507,18,Male,2026-05-03,2026-08-12,France,Standard,9.1,97.38,0,1,1,0,13.91
6508,60,Female,2024-11-08,2026-08-16,USA,Basic,16.63,51.41,0,0,0,0,8.94
6509,57,Male,2025-03-07,2026-07-10,USA,Basic,10.9,44.59,0,0,0,1,8.88
6510,59,Female,2023-11-16,2026-08-19,USA,Premium,12.97,25.59,1,0,0,0,18.05
6511,68,Male,2025-03-22,2026-08-16,Canada,Basic,12.76,66.45,0,0,1,0,9.14
6512,28,Female,2025-03-30,2026-06-15,France,Standard,9.5,63.44,3,0,0,1,13.86
6513,56,Male,2025-08-22,2026-08-10,Ireland,Standard,13.6,43.42,1,0,0,0,13.96
6514,60,Female,2026-06-21,2026-07-07,Canada,Standard,18.93,44.2,0,0,0,1,13.97
6515,48,Male,2024-07-24,2026-07-14,USA,Standard,6.95,56.01,1,0,0,1,13.95
6516,34,Female,2026-01-29,2026-05-06,Australia,Premium,5.21,61.49,1,1,0,1,17.78
6517,50,Male,2024-05-20,2026-07-08,USA,Basic,7.42,52.42,2,0,0,1,9.07
6518,49,Female,2025-04-09,2026-08-16,Australia,Standard,2.84,52.89,0,1,0,0,13.64
6519,46,Male,2024-07-28,2026-08-14,Germany,Premium,10.99,43.48,0,1,0,0,17.74
6520,38,Female,2025-06-19,2026-08-15,Canada,Premium,9.87,61.58,1,0,1,0,17.32
6521,38,Male,2026-03-18,2026-07-21,Australia,Standard,18.17,70.81,1,0,1,1,13.77
6522,57,Male,2024-08-24,2026-08-19,Canada,Standard,5.36,85.45,0,1,0,0,14.03
6523,40,Female,2025-02-09,2026-08-19,UK,Premium,13.31,48.44,2,1,0,0,18.22
6524,73,Male,2023-09-28,2026-08-10,Ireland,Standard,18.9,51.83,2,0,1,0,14.08
6525,23,Male,2025-01-31,2026-08-10,UK,Standard,20.01,89.47,0,1,0,0,14.67
6526,39,Female,2024-11-27,2026-08-14,Australia,Basic,10.33,10.5,1,0,0,0,9.36
6527,67,Other,2023-11-06,2026-08-18,UK,Basic,6.29,25.76,1,0,0,0,9.3
6528,55,Female,2024-11-22,2026-06-05,France,Standard,6.4,28.28,1,0,0,1,13.71
6529,54,Male,2024-08-20,2026-08-18,India,Standard,4.78,61.35,1,1,0,0,13.9
6530,62,Male,2026-03-04,2026-08-16,Ireland,Standard,12.47,40.16,0,0,0,0,13.46
6531,68,Female,2026-07-11,2026-08-11,Australia,Basic,5.15,86.99,0,0,0,0,9.4
6532,71,Male,2026-03-13,2026-06-17,Germany,Premium,3.97,53.99,0,1,0,1,18.38
6533,25,Female,2025-06-15,2026-07-16,France,Standard,1.03,37.98,0,0,0,1,14.08
6534,58,Male,2024-10-17,2026-08-17,Germany,Standard,13.16,67.6,0,1,0,0,14.1
6535,66,Other,2025-05-10,2026-08-16,Ireland,Premium,11.58,41.93,0,1,0,0,18.47
6536,52,Female,2026-05-24,2026-08-12,Ireland,Basic,7.93,54.09,0,0,1,0,8.94
6537,68,Female,2024-08-20,2026-08-11,Australia,Standard,4.92,64.37,1,1,1,0,13.6
6538,28,Male,2025-06-08,2026-08-18,Canada,Standard,5.12,82.74,0,1,0,0,14.19
6539,41,Female,2025-06-16,2026-07-08,India,Standard,9.45,77.72,1,1,0,1,14.66
6540,66,Male,2025-07-30,2026-07-26,Australia,Standard,6.4,37.28,1,0,0,1,13.5
6541,38,Female,2026-04-13,2026-08-18,France,Basic,8.25,30.99,0,0,1,0,8.56
6542,68,Female,2025-02-18,2026-08-17,Canada,Standard,22.23,65.57,1,0,1,0,14.42
6543,19,Male,2026-04-04,2026-08-10,Canada,Basic,4.81,91.74,2,1,0,0,9.57
6544,57,Male,2026-02-19,2026-07-08,Canada,Basic,6.47,27.95,2,1,1,1,9.21
6545,36,Female,2024-01-27,2026-05-24,Australia,Premium,10.47,6.9,1,0,0,1,18.04
6546,56,Male,2024-03-23,2026-08-15,USA,Standard,10.92,14.03,1,0,0,0,13.86
6547,45,Female,2024-07-02,2026-08-15,USA,Premium,9.0,28.25,0,0,0,0,18.26
6548,34,Male,2026-06-24,2026-08-16,Germany,Standard,23.04,64.34,1,1,0,0,14.08
6549,23,Male,2026-03-24,2026-08-14,USA,Standard,2.3,76.07,0,0,0,0,13.94
6550,36,Female,2024-07-28,2026-08-17,USA,Premium,8.89,78.32,0,0,0,0,17.87
6551,73,Female,2026-04-12,2026-08-11,Canada,Premium,13.56,62.97,2,0,0,0,17.91
6552,55,Male,2026-07-18,2026-08-13,Canada,Basic,7.06,18.56,0,1,0,0,9.32
6553,45,Female,2024-05-06,2026-07-07,Ireland,Premium,3.04,14.04,0,1,0,1,17.9
6554,19,Female,2025-09-20,2026-08-14,Canada,Basic,11.49,29.34,0,0,0,0,9.25
6555,55,Female,2026-01-25,2026-05-06,Australia,Basic,6.69,9.85,0,1,0,1,9.6
6556,72,Male,2026-04-28,2026-08-14,Ireland,Standard,9.09,64.69,0,0,0,0,14.07
6557,54,Male,2025-10-31,2026-08-14,India,Premium,24.11,77.11,1,1,0,0,18.75
6558,68,Female,2025-04-19,2026-06-05,Ireland,Premium,11.83,29.33,2,0,0,1,17.98
6559,69,Female,2025-06-07,2026-08-19,France,Basic,2.04,42.92,0,0,0,0,8.19
6560,21,Male,2025-12-27,2026-07-28,USA,Standard,7.67,27.93,2,0,0,1,14.52
6561,39,Female,2024-04-22,2026-06-30,France,Premium,1.63,18.37,1,0,0,1,17.75
6562,43,Male,2023-10-10,2026-08-10,Canada,Basic,21.91,44.88,1,1,1,0,8.92
6563,66,Male,2024-05-10,2026-08-11,USA,Standard,27.6,32.52,0,0,0,0,13.49
6564,60,Female,2024-02-07,2026-08-18,Canada,Standard,1.69,59.35,0,0,0,0,13.75
6565,53,Female,2024-02-29,2026-08-19,USA,Basic,12.06,17.0,0,0,0,0,8.8
6566,30,Male,2025-06-28,2026-05-12,India,Standard,13.9,47.53,1,0,1,1,13.77
6567,69,Female,2024-02-08,2026-08-15,USA,Basic,4.41,32.1,0,1,0,0,9.17
6568,49,Female,2024-06-14,2026-05-27,USA,Basic,7.71,39.53,1,0,0,1,9.0
6569,34,Female,2023-09-23,2026-08-10,Australia,Basic,16.36,68.75,0,0,0,0,9.82
6570,58,Female,2025-04-27,2026-08-18,India,Standard,4.3,76.57,1,1,0,0,13.77
6571,53,Male,2025-08-13,2026-08-11,France,Standard,5.86,41.46,1,1,1,0,13.92
6572,72,Male,2024-03-13,2026-08-16,Germany,Standard,0.91,43.46,0,0,0,0,14.62
6573,63,Male,2026-03-22,2026-08-17,India,Standard,28.7,60.53,1,0,0,0,13.23
6574,36,Female,2025-09-22,2026-07-06,USA,Basic,1.02,81.77,2,0,0,1,9.13
6575,52,Female,2023-12-03,2026-08-17,UK,Premium,7.44,64.26,0,0,0,0,18.09
6576,63,Male,2024-02-18,2026-08-13,UK,Standard,3.58,35.26,1,0,0,0,13.95
6577,57,Male,2024-02-21,2026-08-14,UK,Basic,5.22,38.72,0,0,0,0,8.61
6578,73,Male,2025-11-29,2026-05-08,Australia,Basic,5.52,14.07,1,0,0,1,9.44
6579,45,Male,2026-05-16,2026-05-16,Ireland,Basic,11.13,35.67,2,0,1,1,8.54
6580,18,Female,2025-12-03,2026-07-14,France,Premium,11.64,63.13,0,0,0,1,17.65
6581,59,Female,2024-01-11,2026-08-13,USA,Standard,5.72,67.5,0,1,0,0,13.59
6582,35,Male,2026-05-31,2026-05-31,India,Standard,7.23,17.79,1,1,0,1,13.61
6583,65,Female,2024-09-30,2026-08-17,UK,Basic,1.66,67.58,0,0,0,0,9.44
6584,57,Female,2025-06-29,2026-04-25,Australia,Standard,7.52,42.53,1,1,0,1,14.65
6585,50,Female,2023-08-24,2026-08-15,Ireland,Premium,11.28,49.26,0,0,1,0,18.06
6586,29,Male,2024-06-28,2026-08-13,France,Basic,5.51,14.22,2,1,0,0,8.52
6587,25,Male,2025-03-15,2026-08-16,UK,Standard,25.82,48.35,2,0,0,0,13.43
6588,41,Male,2026-06-10,2026-06-10,Canada,Premium,13.26,57.97,0,0,0,1,18.28
6589,33,Female,2023-12-18,2026-08-12,Germany,Standard,0.55,2.03,2,1,0,0,13.67
6590,67,Female,2026-04-26,2026-08-18,USA,Basic,11.48,48.48,0,1,0,0,8.3
6591,21,Female,2025-09-28,2026-08-11,Germany,Basic,19.6,67.94,1,0,1,0,8.58
6592,55,Male,2023-09-10,2026-08-13,Germany,Basic,9.02,45.19,0,1,0,0,9.14
6593,61,Male,2025-05-22,2026-08-15,Canada,Premium,16.4,83.05,1,1,1,0,17.12
6594,44,Male,2026-01-13,2026-08-19,Canada,Standard,4.92,74.1,0,0,0,0,13.94
6595,26,Other,2026-02-10,2026-07-22,Canada,Premium,7.79,28.54,0,0,0,1,18.85
6596,64,Male,2024-08-07,2026-05-23,Ireland,Basic,6.32,40.17,1,0,0,1,9.09
6597,33,Male,2025-07-05,2026-08-19,UK,Standard,23.37,78.9,1,1,0,0,14.07
6598,73,Other,2025-11-19,2026-06-03,India,Basic,8.53,44.88,0,0,0,1,8.33
6599,29,Female,2026-01-19,2026-08-19,USA,Basic,11.72,53.29,0,0,1,0,9.35
6600,48,Female,2025-01-23,2026-08-17,Canada,Basic,19.08,79.11,0,0,0,0,9.97
6601,41,Male,2024-06-02,2026-08-17,Australia,Basic,11.54,76.41,0,0,1,0,8.72
6602,72,Female,2023-12-16,2026-08-16,France,Premium,12.84,85.27,0,0,0,0,18.24
6603,31,Male,2026-04-19,2026-08-15,USA,Basic,10.21,80.18,1,0,0,0,9.25
6604,62,Female,2025-07-18,2026-08-17,France,Standard,1.01,67.31,0,0,0,0,13.65
6605,42,Male,2026-02-12,2026-06-22,India,Premium,7.16,69.32,0,0,0,1,17.22
6606,51,Male,2025-06-18,2026-07-21,USA,Premium,7.44,34.12,2,0,0,1,17.83
6607,20,Female,2025-05-09,2026-08-11,USA,Basic,20.23,82.42,0,1,1,0,9.59
6608,41,Female,2025-07-13,2026-08-14,Canada,Premium,9.47,33.69,0,0,0,0,17.81
6609,71,Female,2025-09-18,2026-04-30,Canada,Basic,16.38,42.74,1,1,0,1,9.21
6610,59,Male,2023-11-09,2026-06-13,UK,Standard,20.03,50.5,1,0,1,1,14.45
6611,26,Male,2023-11-12,2026-07-29,India,Premium,0.87,38.89,1,1,0,1,17.08
6612,43,Female,2025-08-26,2026-05-15,Canada,Standard,15.28,21.95,1,0,0,1,13.35
6613,37,Female,2025-08-12,2026-08-12,Canada,Premium,12.72,59.45,1,0,0,0,18.3
6614,57,Other,2024-07-27,2026-08-13,USA,Premium,14.96,67.02,2,0,0,0,17.19
6615,27,Female,2026-02-13,2026-08-11,UK,Basic,7.39,52.78,1,0,1,0,8.28
6616,36,Female,2025-08-05,2026-08-10,Germany,Standard,6.94,53.58,0,0,0,0,14.19
6617,20,Female,2024-07-25,2026-08-14,Canada,Basic,4.34,21.29,0,1,0,0,8.86
6618,41,Male,2025-07-21,2026-08-15,Australia,Standard,2.12,15.59,0,0,0,0,14.29
6619,22,Male,2026-07-06,2026-08-18,Canada,Basic,2.86,59.89,0,0,1,0,8.92
6620,20,Male,2026-02-18,2026-05-11,Germany,Basic,3.4,11.96,1,1,0,1,8.66
6621,44,Male,2025-02-04,2026-08-16,USA,Premium,15.51,65.81,2,0,1,0,17.84
6622,33,Female,2023-11-27,2026-07-13,India,Premium,0.82,51.47,0,0,0,1,18.32
6623,66,Female,2024-03-18,2026-08-19,UK,Standard,7.22,90.08,0,0,0,0,14.45
6624,32,Female,2025-04-08,2026-05-29,USA,Standard,4.56,68.62,2,1,0,1,13.71
6625,52,Male,2024-02-23,2026-08-16,India,Standard,6.5,47.05,0,1,0,0,13.73
6626,29,Male,2024-12-02,2026-08-13,Ireland,Standard,8.34,28.47,0,1,1,0,13.95
6627,58,Male,2025-07-19,2026-08-13,Canada,Premium,14.1,93.44,1,0,0,0,17.86
6628,70,Female,2024-10-18,2026-08-19,India,Basic,20.72,26.6,1,0,0,0,9.31
6629,61,Male,2024-03-11,2026-08-12,Australia,Standard,10.86,66.47,0,1,0,0,14.04
6630,43,Female,2024-02-08,2026-08-17,India,Premium,14.94,45.03,1,1,0,0,17.87
6631,64,Male,2023-09-15,2026-08-18,Ireland,Premium,25.62,29.06,0,0,0,0,18.46
6632,51,Male,2024-12-09,2026-05-18,Canada,Standard,6.8,83.51,1,0,1,1,13.33
6633,40,Female,2026-04-20,2026-05-27,Ireland,Basic,1.29,36.04,0,0,0,1,9.08
6634,48,Female,2025-04-19,2026-08-15,Germany,Premium,13.6,89.8,0,1,0,0,18.25
6635,67,Male,2025-06-29,2026-06-22,Canada,Standard,0.74,35.75,0,0,1,1,13.24
6636,37,Female,2025-07-15,2026-08-15,Australia,Standard,13.35,15.74,3,0,1,0,13.79
6637,29,Other,2026-01-18,2026-08-13,Canada,Standard,5.48,54.74,1,1,0,0,13.95
6638,40,Other,2024-06-09,2026-08-19,Ireland,Basic,5.09,29.97,0,0,0,0,8.24
6639,21,Female,2025-12-28,2026-08-17,France,Basic,2.95,63.91,2,0,0,0,9.58
6640,40,Female,2023-12-10,2026-05-18,UK,Standard,8.5,66.72,0,0,1,1,14.64
6641,65,Male,2026-01-30,2026-05-30,Ireland,Basic,3.67,35.3,1,0,0,1,8.92
6642,72,Female,2024-04-17,2026-08-12,Canada,Basic,4.26,54.77,0,0,0,0,8.73
6643,65,Male,2025-12-11,2026-06-04,France,Standard,2.91,60.5,0,0,1,1,13.35
6644,18,Other,2024-11-13,2026-08-15,Canada,Standard,7.68,50.63,0,1,0,0,13.94
6645,71,Male,2026-02-04,2026-08-15,India,Basic,8.61,32.47,1,0,0,0,9.0
6646,42,Male,2026-03-01,2026-04-25,France,Basic,6.83,56.03,1,1,0,1,9.52
6647,19,Female,2026-03-18,2026-08-11,UK,Premium,12.75,17.73,0,0,1,0,18.69
6648,47,Male,2026-04-22,2026-05-07,USA,Basic,11.27,56.61,0,0,0,1,8.85
6649,20,Male,2025-09-13,2026-07-29,UK,Basic,3.83,55.5,0,0,0,1,8.85
6650,38,Female,2023-12-12,2026-08-16,USA,Basic,20.79,39.03,0,0,0,0,8.32
6651,42,Female,2025-12-17,2026-08-16,Australia,Premium,14.0,25.01,0,0,0,0,17.6
6652,37,Female,2024-02-19,2026-08-12,Canada,Standard,9.42,66.13,0,1,0,0,13.94
6653,66,Male,2024-06-20,2026-08-15,India,Basic,8.34,81.14,1,1,0,0,8.77
6654,69,Female,2026-04-16,2026-08-13,France,Basic,4.08,6.92,1,1,0,0,9.22
6655,39,Male,2024-08-10,2026-05-04,Germany,Standard,2.99,9.33,0,0,0,1,14.49
6656,38,Male,2026-02-22,2026-08-15,Germany,Standard,4.24,56.58,0,0,0,0,13.8
6657,50,Female,2024-01-05,2026-08-17,Ireland,Standard,14.38,15.24,1,0,1,0,14.55
6658,69,Female,2024-08-05,2026-08-11,UK,Basic,11.67,24.95,1,1,0,0,9.54
6659,55,Female,2024-02-19,2026-08-16,France,Basic,15.9,52.91,0,0,0,0,8.76
6660,32,Female,2025-07-28,2026-08-13,UK,Standard,9.93,75.24,0,1,0,0,13.88
6661,63,Male,2024-12-10,2026-08-12,France,Standard,5.15,61.97,0,1,0,0,13.94
6662,69,Female,2025-09-08,2026-08-11,Germany,Basic,3.6,67.55,0,0,1,0,9.57
6663,32,Male,2024-02-17,2026-08-15,USA,Standard,0.28,74.53,1,0,0,0,14.26
6664,63,Female,2023-08-26,2026-08-13,UK,Basic,3.01,61.41,1,0,1,0,9.14
6665,42,Female,2025-04-27,2026-05-03,USA,Standard,11.22,60.91,1,1,0,1,14.76
6666,38,Female,2024-03-28,2026-08-16,USA,Standard,2.05,56.28,0,1,0,0,14.36
6667,41,Female,2026-04-22,2026-08-19,USA,Premium,10.72,21.16,0,0,0,0,18.91
6668,74,Female,2025-01-26,2026-07-13,USA,Standard,4.72,43.72,0,0,0,1,13.86
6669,22,Female,2026-01-26,2026-04-28,India,Standard,10.12,17.66,0,0,0,1,13.7
6670,23,Male,2024-10-11,2026-08-10,Ireland,Basic,4.15,67.36,1,0,1,0,8.46
6671,66,Male,2024-02-01,2026-08-12,Ireland,Basic,2.16,56.18,0,1,0,0,9.0
6672,60,Female,2024-09-02,2026-08-14,India,Basic,23.19,72.32,0,0,0,0,9.4
6673,65,Female,2025-06-22,2026-08-14,Germany,Basic,8.59,55.99,0,1,0,0,8.82
6674,61,Male,2025-03-04,2026-08-18,France,Basic,5.41,47.34,1,0,0,0,8.86
6675,64,Male,2023-12-08,2026-05-30,Ireland,Premium,5.48,48.26,1,0,1,1,18.26
6676,40,Male,2023-09-05,2026-06-17,France,Standard,3.05,61.48,2,0,0,1,13.08
6677,21,Female,2026-04-12,2026-08-16,Australia,Basic,4.65,89.45,2,0,0,0,8.53
6678,44,Male,2025-05-22,2026-08-11,India,Basic,4.85,43.75,1,0,0,0,9.85
6679,35,Male,2023-09-01,2026-08-17,UK,Basic,3.18,22.2,1,1,1,0,8.35
6680,38,Female,2024-01-27,2026-08-17,Australia,Basic,9.96,5.39,2,0,0,0,9.8
6681,45,Female,2025-03-12,2026-08-19,India,Basic,17.09,46.86,1,0,1,0,8.94
6682,52,Male,2024-10-08,2026-08-12,Ireland,Standard,1.8,65.9,1,0,0,0,14.44
6683,39,Male,2023-10-27,2026-04-29,UK,Premium,4.03,18.62,0,1,0,1,17.96
6684,57,Female,2026-03-03,2026-08-11,France,Standard,17.02,69.29,1,1,1,0,13.44
6685,40,Male,2025-09-04,2026-05-07,UK,Standard,13.03,48.84,0,0,1,1,14.2
6686,20,Other,2025-07-17,2026-05-26,France,Premium,3.12,29.56,1,1,0,1,17.53
6687,57,Female,2025-09-27,2026-08-10,USA,Basic,9.64,38.88,2,1,0,0,8.8
6688,67,Male,2024-05-16,2026-08-18,Germany,Basic,31.29,20.53,0,0,0,0,8.47
6689,27,Female,2025-03-07,2026-08-16,USA,Standard,13.38,57.21,1,0,0,0,13.05
6690,42,Male,2025-11-04,2026-08-16,India,Standard,6.33,72.61,1,0,0,0,13.43
6691,69,Male,2026-07-03,2026-08-15,USA,Standard,5.03,5.14,1,0,0,0,14.31
6692,66,Female,2026-04-02,2026-06-27,Australia,Basic,11.57,15.34,1,0,0,1,9.16
6693,25,Female,2025-08-24,2026-07-13,France,Premium,17.52,49.38,1,0,0,1,17.94
6694,72,Male,2023-12-18,2026-08-17,France,Basic,9.46,56.13,1,1,0,0,8.87
6695,28,Male,2025-10-26,2026-07-20,Ireland,Standard,7.89,72.74,1,0,0,1,14.37
6696,22,Male,2025-05-12,2026-05-07,France,Premium,5.57,52.28,0,0,0,1,18.43
6697,62,Male,2025-04-27,2026-08-13,Australia,Basic,10.35,76.74,0,0,0,0,8.59
6698,70,Female,2025-09-27,2026-07-23,Ireland,Premium,11.23,80.43,0,0,0,1,18.24
6699,72,Male,2024-08-01,2026-08-16,Australia,Standard,1.72,41.12,0,1,1,0,14.96
6700,54,Other,2023-10-04,2026-08-19,UK,Premium,5.45,58.11,2,0,0,0,17.75
6701,73,Male,2026-01-18,2026-05-27,Ireland,Basic,6.17,44.12,0,1,0,1,9.7
6702,62,Female,2025-06-04,2026-08-11,France,Premium,12.22,44.0,2,0,1,0,18.11
6703,55,Female,2025-09-04,2026-08-16,Ireland,Basic,4.01,51.82,0,1,0,0,9.78
6704,46,Female,2024-07-10,2026-08-12,Australia,Standard,11.09,38.56,1,0,0,0,14.57
6705,22,Male,2024-05-07,2026-05-09,Canada,Standard,3.85,42.83,1,0,0,1,14.43
6706,26,Male,2025-05-30,2026-08-18,UK,Basic,5.66,58.39,0,0,0,0,8.99
6707,65,Male,2024-02-20,2026-08-11,India,Basic,5.57,82.22,0,0,0,0,9.08
6708,19,Other,2024-05-21,2026-06-24,France,Basic,6.88,20.78,0,1,0,1,8.77
6709,18,Female,2026-04-22,2026-06-06,UK,Basic,5.08,65.64,1,0,0,1,8.47
6710,57,Female,2024-06-22,2026-08-19,France,Basic,1.38,31.12,1,0,0,0,8.15
6711,68,Female,2024-12-24,2026-06-27,India,Basic,9.06,61.27,0,0,0,1,9.44
6712,47,Male,2023-12-01,2026-08-11,Canada,Basic,1.9,82.03,0,1,0,0,8.69
6713,28,Female,2023-12-28,2026-07-24,Australia,Standard,3.19,56.36,1,0,0,1,14.2
6714,45,Other,2023-09-03,2026-08-14,Australia,Standard,6.35,48.41,1,0,0,0,13.93
6715,61,Male,2025-05-21,2026-08-19,UK,Premium,6.5,64.45,1,0,1,0,18.2
6716,29,Male,2024-02-19,2026-05-02,Australia,Standard,8.15,55.4,0,1,0,1,14.1
6717,56,Female,2024-05-26,2026-08-14,Germany,Basic,8.11,31.51,2,0,0,0,8.45
6718,43,Male,2025-02-01,2026-07-20,Germany,Standard,11.48,54.3,0,0,0,1,13.38
6719,30,Male,2025-10-09,2026-08-10,France,Standard,2.78,7.56,0,1,1,0,13.29
6720,25,Female,2024-11-06,2026-08-16,India,Basic,18.89,29.06,0,0,1,0,9.1
6721,71,Female,2025-03-04,2026-06-19,Canada,Standard,5.15,67.73,1,0,1,1,14.82
6722,45,Male,2026-06-05,2026-08-19,France,Standard,10.94,33.74,1,0,0,0,13.67
6723,47,Male,2025-01-30,2026-05-27,Ireland,Premium,6.77,44.47,0,0,1,1,18.53
6724,26,Female,2026-05-20,2026-08-10,France,Standard,33.15,42.07,0,0,0,0,13.33
6725,56,Female,2025-08-19,2026-06-09,Germany,Standard,7.34,29.53,0,0,0,1,13.34
6726,48,Male,2025-12-22,2026-07-11,France,Basic,11.83,33.07,0,0,0,1,8.76
6727,38,Female,2025-06-16,2026-06-10,India,Standard,3.86,37.55,0,0,1,1,13.9
6728,73,Female,2024-08-11,2026-08-12,France,Basic,7.95,64.72,1,0,0,0,9.43
6729,64,Female,2025-08-08,2026-06-05,Australia,Standard,10.11,46.01,2,1,0,1,13.94
6730,51,Male,2025-07-09,2026-08-11,Canada,Standard,6.12,52.18,0,0,0,0,13.55
6731,72,Male,2024-04-21,2026-08-16,India,Premium,7.25,69.07,0,0,0,0,17.9
6732,48,Female,2024-01-14,2026-08-18,India,Basic,17.42,35.56,0,0,0,0,9.41
6733,69,Male,2026-06-07,2026-08-12,Germany,Basic,14.12,24.34,1,0,0,0,8.67
6734,42,Female,2024-05-12,2026-08-10,USA,Standard,6.16,78.2,1,1,1,0,14.05
6735,29,Male,2024-05-25,2026-07-10,Canada,Standard,10.59,25.65,0,1,0,1,13.76
6736,18,Male,2024-07-18,2026-08-18,UK,Basic,4.27,65.74,0,0,0,0,8.88
6737,72,Male,2023-11-26,2026-08-15,India,Basic,2.81,63.58,0,1,0,0,9.18
6738,39,Male,2024-10-07,2026-08-11,Germany,Basic,9.27,62.77,0,0,0,0,8.81
6739,57,Female,2025-02-14,2026-08-14,UK,Standard,14.68,37.16,0,1,1,0,13.15
6740,54,Male,2026-04-01,2026-06-27,Canada,Premium,17.07,68.01,1,0,1,1,17.86
6741,64,Female,2024-11-20,2026-08-14,Germany,Basic,11.16,74.85,1,0,1,0,8.75
6742,18,Female,2024-02-06,2026-04-24,UK,Premium,4.36,66.81,1,0,1,1,17.94
6743,18,Male,2025-02-12,2026-08-14,France,Standard,18.23,30.2,0,1,1,0,14.0
6744,74,Female,2026-02-25,2026-08-13,Ireland,Basic,8.72,48.36,0,0,0,0,9.84
6745,59,Male,2025-10-30,2026-08-14,India,Standard,11.61,86.78,0,0,0,0,13.9
6746,71,Female,2025-04-09,2026-08-17,Ireland,Standard,9.52,31.98,0,0,0,0,14.28
6747,59,Female,2024-03-01,2026-08-13,USA,Basic,14.0,72.75,2,1,0,0,8.83
6748,38,Male,2023-12-05,2026-08-10,Australia,Standard,7.75,36.85,0,1,1,0,14.17
6749,32,Male,2024-09-10,2026-08-10,Canada,Standard,24.53,61.18,0,0,0,0,13.89
6750,34,Female,2024-06-23,2026-08-17,Australia,Basic,23.35,34.33,0,1,0,0,8.79
6751,39,Female,2024-01-14,2026-08-19,Australia,Basic,2.9,86.2,1,0,1,0,9.24
6752,55,Male,2024-12-23,2026-08-15,UK,Basic,10.7,39.76,0,0,0,0,9.12
6753,52,Female,2024-08-14,2026-06-24,USA,Standard,13.75,37.65,0,0,0,1,14.58
6754,62,Male,2024-04-08,2026-08-12,Canada,Basic,19.66,70.2,0,1,0,0,8.84
6755,33,Female,2024-04-28,2026-08-14,Ireland,Standard,15.18,72.33,1,1,1,0,13.84
6756,25,Male,2025-06-17,2026-08-17,Australia,Standard,5.54,36.57,0,0,0,0,13.69
6757,64,Female,2024-11-26,2026-07-05,UK,Standard,7.12,19.85,1,0,0,1,13.9
6758,34,Male,2025-08-27,2026-08-15,Australia,Standard,3.73,59.04,0,0,0,0,14.1
6759,34,Female,2025-06-21,2026-08-14,Germany,Basic,9.02,40.63,1,0,0,0,9.04
6760,71,Female,2025-01-19,2026-05-28,Ireland,Premium,0.77,58.16,0,1,1,1,18.4
6761,43,Female,2023-09-13,2026-08-18,Australia,Standard,11.37,25.41,2,1,0,0,13.89
6762,30,Female,2024-01-14,2026-08-18,Germany,Standard,13.28,75.15,1,0,0,0,13.53
6763,34,Female,2026-05-05,2026-06-29,Germany,Standard,11.22,11.36,1,0,0,1,13.67
6764,55,Female,2023-10-07,2026-08-11,UK,Standard,3.37,88.71,0,1,0,0,13.55
6765,34,Female,2026-03-14,2026-08-11,UK,Basic,7.32,24.38,1,1,1,0,8.74
6766,65,Female,2025-02-17,2026-08-10,Germany,Standard,9.69,33.48,0,0,0,0,14.3
6767,31,Female,2025-09-20,2026-08-12,USA,Basic,8.45,89.88,0,0,0,0,8.56
6768,62,Female,2024-07-26,2026-08-16,Australia,Premium,7.3,28.45,0,0,1,0,17.86
6769,23,Male,2024-01-21,2026-06-19,Germany,Standard,4.97,37.63,0,0,1,1,14.38
6770,52,Female,2024-04-26,2026-08-17,Germany,Basic,7.04,75.38,2,1,0,0,8.53
6771,63,Male,2023-11-20,2026-08-16,UK,Standard,7.16,70.45,1,1,0,0,14.11
6772,31,Female,2024-04-23,2026-04-30,Australia,Basic,2.14,43.38,0,1,0,1,8.87
6773,64,Female,2025-07-23,2026-08-16,Canada,Basic,12.17,32.19,0,0,1,0,9.06
6774,25,Other,2023-08-31,2026-08-10,Ireland,Standard,9.91,69.19,1,0,0,0,13.86
6775,32,Male,2024-05-03,2026-07-22,UK,Standard,12.87,18.64,0,0,1,1,13.49
6776,71,Male,2023-09-17,2026-08-10,Australia,Premium,7.07,80.69,1,1,0,0,17.26
6777,44,Female,2024-12-28,2026-07-05,Australia,Premium,3.32,21.88,0,1,0,1,17.96
6778,30,Male,2023-11-24,2026-07-18,France,Basic,8.97,76.93,2,1,0,1,8.91
6779,66,Male,2025-08-02,2026-08-19,India,Standard,20.81,49.86,0,1,0,0,13.9
6780,48,Female,2024-11-18,2026-08-10,USA,Premium,11.24,10.68,1,0,0,0,18.22
6781,70,Female,2025-04-09,2026-07-03,Ireland,Basic,6.01,50.66,0,0,0,1,9.13
6782,73,Male,2024-01-09,2026-06-14,UK,Standard,5.94,14.9,0,0,0,1,13.46
6783,52,Female,2025-06-28,2026-05-10,UK,Premium,11.92,61.25,1,1,0,1,18.53
6784,23,Male,2024-06-22,2026-08-10,Canada,Standard,6.54,38.02,1,1,0,0,13.95
6785,22,Female,2025-05-05,2026-08-18,India,Basic,8.1,7.99,1,1,0,0,8.3
6786,39,Male,2025-02-20,2026-08-19,India,Premium,11.84,22.8,1,1,0,0,17.97
6787,66,Female,2024-03-30,2026-08-10,USA,Premium,4.25,56.58,1,0,0,0,17.22
6788,40,Male,2026-06-06,2026-06-06,France,Standard,13.4,20.11,0,0,1,1,13.87
6789,42,Female,2024-07-28,2026-08-12,France,Basic,5.2,4.51,0,0,0,0,10.03
6790,51,Male,2024-06-25,2026-08-16,India,Standard,8.04,50.12,0,1,0,0,14.62
6791,43,Female,2025-12-30,2026-07-04,USA,Basic,3.67,33.51,0,1,0,1,8.94
6792,64,Male,2025-01-28,2026-08-19,France,Basic,17.67,67.07,0,0,0,0,9.83
6793,22,Male,2025-06-30,2026-08-16,Australia,Standard,4.41,38.13,0,0,0,0,14.27
6794,43,Female,2024-10-29,2026-05-05,Australia,Premium,8.62,29.17,1,0,0,1,18.16
6795,37,Female,2023-11-26,2026-05-15,UK,Premium,8.04,44.2,0,1,1,1,18.13
6796,23,Male,2024-07-13,2026-08-13,France,Standard,11.73,70.8,0,1,0,0,14.86
6797,23,Male,2025-07-26,2026-08-15,Canada,Standard,16.02,35.52,0,0,0,0,14.53
6798,67,Male,2023-11-11,2026-08-14,UK,Basic,13.48,34.06,0,1,0,0,8.87
6799,35,Male,2025-12-28,2026-08-17,India,Premium,1.91,78.04,0,0,1,0,18.78
6800,21,Male,2023-11-03,2026-08-17,Germany,Standard,18.43,71.8,0,1,0,0,14.03
6801,34,Male,2025-07-20,2026-06-29,Australia,Premium,5.96,50.61,2,0,0,1,18.35
6802,74,Female,2025-11-10,2026-07-16,Germany,Standard,6.52,53.1,1,1,0,1,14.56
6803,31,Female,2026-05-04,2026-07-24,India,Standard,3.6,76.81,1,0,0,1,13.52
6804,31,Male,2024-06-12,2026-08-12,France,Premium,13.88,79.45,0,1,0,0,17.88
6805,30,Other,2024-10-27,2026-08-19,Canada,Basic,10.79,50.08,2,1,0,0,9.71
6806,24,Female,2023-11-07,2026-08-12,UK,Basic,6.62,80.83,0,1,0,0,8.59
6807,61,Male,2025-05-30,2026-07-24,Australia,Basic,13.37,52.25,1,0,0,1,9.31
6808,72,Male,2023-08-27,2026-04-23,Canada,Premium,5.02,4.82,2,0,0,1,18.36
6809,32,Female,2025-09-12,2026-08-14,UK,Standard,4.81,71.07,0,1,0,0,13.45
6810,36,Male,2026-01-05,2026-08-14,UK,Standard,3.63,73.54,1,0,1,0,13.04
6811,60,Male,2023-10-28,2026-08-18,Germany,Basic,6.86,56.86,0,0,0,0,8.85
6812,64,Female,2025-11-03,2026-06-27,Ireland,Standard,9.21,68.52,0,0,0,1,14.23
6813,61,Female,2024-12-02,2026-08-11,India,Standard,10.53,12.15,1,0,0,0,13.47
6814,52,Male,2025-02-02,2026-08-12,USA,Basic,13.51,42.92,0,0,0,0,9.01
6815,34,Female,2026-06-27,2026-06-27,Australia,Premium,10.47,32.32,0,0,0,1,18.58
6816,52,Female,2023-12-21,2026-08-16,USA,Basic,3.27,44.16,1,0,0,0,9.38
6817,36,Female,2024-01-10,2026-08-11,France,Basic,12.82,58.58,0,0,0,0,9.98
6818,37,Female,2024-09-10,2026-08-13,Canada,Basic,3.25,68.26,2,1,0,0,8.54
6819,53,Male,2026-04-02,2026-08-10,France,Basic,10.08,81.58,2,0,0,0,9.72
6820,52,Female,2026-04-22,2026-06-22,France,Standard,1.72,58.26,0,0,0,1,13.63
6821,49,Male,2026-06-14,2026-08-17,USA,Basic,8.48,63.54,0,1,0,0,8.15
6822,65,Male,2024-04-20,2026-08-11,Germany,Premium,16.91,40.64,0,0,0,0,18.13
6823,61,Male,2023-11-01,2026-08-11,Ireland,Basic,8.86,31.62,1,0,0,0,8.85
6824,57,Male,2024-12-26,2026-04-30,Australia,Standard,3.29,20.93,0,0,0,1,14.29
6825,41,Male,2024-12-14,2026-05-24,India,Standard,4.39,28.79,1,1,0,1,14.34
6826,34,Male,2025-09-17,2026-07-10,UK,Standard,4.85,82.57,0,0,0,1,14.05
6827,24,Male,2026-05-20,2026-08-17,UK,Basic,11.8,72.72,0,0,0,0,8.94
6828,60,Female,2025-09-19,2026-06-01,India,Premium,6.0,81.31,0,0,0,1,18.03
6829,67,Male,2026-01-23,2026-08-18,Germany,Standard,7.07,54.17,1,1,0,0,14.57
6830,18,Female,2025-01-27,2026-08-11,Australia,Basic,9.23,41.44,0,1,0,0,9.12
6831,52,Male,2024-01-01,2026-07-12,USA,Standard,2.97,33.11,0,0,0,1,13.99
6832,49,Male,2024-01-01,2026-08-13,India,Standard,4.39,46.57,1,0,1,0,13.59
6833,53,Male,2024-03-28,2026-08-17,UK,Premium,4.58,41.64,0,1,0,0,18.03
6834,30,Male,2023-08-26,2026-08-13,USA,Basic,11.98,50.78,0,1,0,0,9.01
6835,23,Female,2024-07-01,2026-08-13,Germany,Basic,12.68,49.73,0,1,0,0,8.61
6836,31,Male,2023-09-01,2026-08-12,UK,Basic,3.35,57.57,0,0,0,0,8.54
6837,54,Other,2024-07-12,2026-08-19,Canada,Basic,2.24,27.96,0,0,0,0,9.1
6838,65,Other,2024-05-15,2026-07-18,Ireland,Standard,2.62,74.92,3,0,1,1,14.06
6839,32,Male,2024-07-04,2026-08-16,USA,Standard,11.75,52.19,2,0,0,0,14.66
6840,64,Female,2024-11-01,2026-08-10,India,Basic,3.74,73.41,0,0,1,0,8.85
6841,21,Male,2025-04-24,2026-05-21,Australia,Basic,4.9,36.65,0,0,0,1,9.04
6842,57,Female,2024-04-11,2026-08-13,USA,Basic,6.25,66.85,0,1,1,0,8.55
6843,33,Female,2024-06-23,2026-08-13,USA,Standard,10.16,44.28,1,1,0,0,12.95
6844,45,Male,2024-03-12,2026-08-17,USA,Premium,9.56,50.18,0,0,0,0,17.42
6845,33,Male,2024-04-23,2026-08-13,India,Basic,7.0,20.72,0,1,0,0,9.53
6846,21,Male,2023-08-25,2026-08-10,Germany,Basic,10.89,62.79,0,0,0,0,9.78
6847,62,Male,2025-07-05,2026-08-15,Germany,Standard,7.97,82.35,2,0,0,0,14.2
6848,43,Female,2024-10-10,2026-08-17,Australia,Premium,9.88,62.05,0,0,0,0,18.1
6849,45,Male,2025-11-17,2026-08-18,Germany,Standard,5.75,16.98,0,0,0,0,14.57
6850,49,Male,2025-11-12,2026-08-13,India,Basic,3.66,90.81,0,1,0,0,8.66
6851,62,Male,2025-01-02,2026-08-17,Australia,Basic,15.72,45.91,0,1,1,0,8.55
6852,19,Female,2024-01-24,2026-08-17,France,Standard,7.38,26.41,1,0,0,0,14.19
6853,48,Male,2024-04-21,2026-06-25,Australia,Standard,2.86,18.5,0,0,0,1,14.22
6854,20,Female,2024-08-05,2026-08-15,Germany,Basic,13.58,65.61,0,0,0,0,9.01
6855,71,Female,2025-04-05,2026-08-10,France,Basic,24.84,56.5,0,0,0,0,8.89
6856,25,Female,2026-03-21,2026-05-11,UK,Standard,3.93,26.09,0,0,0,1,13.83
6857,41,Female,2024-05-31,2026-08-13,Germany,Basic,16.51,90.25,0,0,0,0,9.09
6858,32,Male,2024-07-03,2026-08-10,UK,Standard,11.71,76.07,0,0,0,0,13.72
6859,60,Male,2026-03-22,2026-04-24,Canada,Basic,4.13,38.07,0,0,0,1,9.91
6860,48,Female,2026-03-04,2026-04-30,Germany,Standard,1.38,89.58,2,0,0,1,14.23
6861,26,Female,2026-04-25,2026-08-16,Canada,Basic,4.04,19.26,1,0,0,0,8.5
6862,56,Female,2026-03-13,2026-08-14,Germany,Premium,5.71,28.37,0,1,0,0,17.61
6863,62,Male,2025-11-11,2026-08-19,Canada,Basic,17.69,42.29,1,1,0,0,8.74
6864,19,Male,2024-05-25,2026-08-18,Ireland,Basic,12.28,90.59,1,0,0,0,9.86
6865,25,Other,2026-06-04,2026-08-13,Canada,Premium,4.03,68.17,0,1,1,0,17.55
6866,24,Male,2025-03-07,2026-08-11,UK,Premium,18.43,68.78,0,0,0,0,18.33
6867,73,Male,2025-05-22,2026-08-15,USA,Basic,39.06,76.22,1,1,0,0,8.93
6868,61,Male,2023-11-29,2026-05-09,Australia,Premium,8.79,58.89,0,0,0,1,17.89
6869,68,Other,2024-07-20,2026-08-10,Canada,Basic,14.08,91.3,0,1,0,0,9.31
6870,56,Male,2026-04-01,2026-07-24,USA,Standard,5.48,48.35,0,0,0,1,14.06
6871,59,Male,2023-08-23,2026-08-17,India,Basic,3.57,29.26,0,0,0,0,8.94
6872,74,Female,2026-03-08,2026-06-08,Ireland,Basic,6.13,21.71,0,1,0,1,8.3
6873,33,Male,2024-11-18,2026-05-27,Ireland,Standard,4.61,95.71,2,0,0,1,13.69
6874,52,Female,2023-08-28,2026-08-13,France,Standard,18.14,83.37,2,1,0,0,13.99
6875,47,Female,2023-11-07,2026-08-14,India,Standard,6.83,56.71,0,0,0,0,14.23
6876,27,Male,2025-05-19,2026-06-24,India,Standard,5.9,17.69,1,0,0,1,13.98
6877,55,Female,2026-01-03,2026-07-04,France,Premium,6.73,16.33,0,0,0,1,17.72
6878,35,Female,2025-01-07,2026-08-11,India,Basic,9.72,56.54,0,1,1,0,8.87
6879,67,Male,2025-11-04,2026-08-10,UK,Basic,6.59,53.39,0,0,1,0,9.85
6880,22,Male,2024-07-26,2026-08-16,India,Standard,1.31,86.4,0,0,0,0,13.17
6881,70,Female,2024-09-15,2026-08-15,UK,Basic,5.19,27.01,0,0,0,0,8.86
6882,46,Male,2026-03-06,2026-05-30,France,Standard,5.2,41.86,0,0,1,1,14.49
6883,56,Female,2024-01-17,2026-08-15,Canada,Standard,6.34,52.11,0,0,0,0,13.92
6884,51,Female,2023-12-28,2026-08-13,France,Basic,11.94,40.76,1,0,0,0,8.68
6885,60,Male,2025-07-05,2026-07-12,Germany,Premium,8.64,58.45,1,0,1,1,18.29
6886,62,Female,2025-11-25,2026-08-10,India,Basic,3.62,22.94,2,1,0,0,9.38
6887,40,Male,2024-09-01,2026-08-12,India,Basic,13.08,52.47,2,0,0,0,9.45
6888,22,Female,2025-04-19,2026-08-14,Ireland,Basic,5.56,34.3,0,0,0,0,9.21
6889,47,Male,2026-04-30,2026-08-16,France,Basic,8.31,48.94,0,0,0,0,9.44
6890,23,Female,2024-12-03,2026-08-12,France,Basic,11.24,33.33,0,0,0,0,9.23
6891,73,Female,2024-10-05,2026-08-12,USA,Standard,3.66,67.32,1,0,0,0,13.65
6892,63,Female,2025-06-13,2026-06-28,Germany,Standard,12.1,1.63,1,0,1,1,13.96
6893,61,Female,2024-04-20,2026-08-14,Ireland,Premium,8.63,55.97,0,1,1,0,18.02
6894,21,Female,2026-01-14,2026-08-11,Canada,Basic,13.49,55.47,1,1,0,0,9.4
6895,46,Male,2025-03-15,2026-05-04,India,Basic,3.41,33.92,0,0,1,1,8.78
6896,40,Female,2025-11-08,2026-07-29,Ireland,Premium,4.44,55.38,1,1,0,1,18.22
6897,23,Female,2025-05-22,2026-08-14,UK,Basic,5.65,33.89,0,0,0,0,9.55
6898,49,Female,2025-03-23,2026-08-18,USA,Premium,2.45,73.2,1,0,1,0,17.44
6899,59,Female,2025-05-11,2026-08-13,USA,Premium,7.2,76.86,0,0,0,0,17.27
6900,35,Male,2026-01-22,2026-08-01,UK,Premium,3.56,56.68,0,0,0,1,18.3
6901,32,Male,2024-02-01,2026-08-15,France,Basic,2.35,23.9,1,0,0,0,8.94
6902,57,Male,2024-10-15,2026-08-13,India,Basic,11.7,18.75,0,1,0,0,9.59
6903,49,Female,2026-03-04,2026-08-15,India,Standard,33.34,54.43,1,1,0,0,15.24
6904,26,Male,2024-05-25,2026-08-11,Germany,Standard,9.11,73.4,0,0,0,0,14.55
6905,54,Female,2026-04-10,2026-08-13,UK,Basic,6.64,67.42,0,1,0,0,8.45
6906,27,Male,2025-04-09,2026-08-19,India,Standard,4.59,27.12,0,1,1,0,14.79
6907,37,Male,2025-10-11,2026-08-15,USA,Basic,7.77,63.06,0,1,1,0,9.27
6908,23,Male,2023-09-02,2026-08-14,India,Standard,16.24,48.33,1,0,0,0,14.28
6909,65,Male,2026-07-03,2026-07-03,Canada,Premium,7.79,47.66,1,1,0,1,17.48
6910,73,Female,2024-06-25,2026-08-12,India,Basic,5.33,35.4,1,0,0,0,8.8
6911,20,Male,2024-09-02,2026-08-13,Germany,Basic,7.64,95.91,0,0,0,0,9.04
6912,59,Male,2024-11-27,2026-08-15,Australia,Basic,5.12,67.24,1,0,0,0,8.98
6913,28,Male,2023-09-11,2026-08-12,Ireland,Basic,10.67,72.06,0,1,1,0,9.09
6914,60,Female,2025-05-14,2026-06-25,Australia,Basic,2.37,28.26,0,0,0,1,8.81
6915,34,Female,2023-09-13,2026-04-29,Canada,Basic,5.39,13.16,0,1,0,1,9.47
6916,49,Male,2025-07-10,2026-08-19,Australia,Basic,6.38,37.34,0,0,0,0,9.59
6917,21,Female,2023-10-14,2026-04-28,India,Premium,12.09,21.64,0,1,0,1,17.54
6918,21,Male,2024-08-04,2026-08-19,Germany,Premium,6.66,57.36,1,1,1,0,17.66
6919,34,Male,2023-10-01,2026-08-11,USA,Standard,1.21,60.03,0,0,0,0,13.24
6920,58,Female,2024-07-14,2026-08-12,USA,Basic,16.11,86.4,1,1,0,0,7.95
6921,36,Male,2025-12-12,2026-08-18,Canada,Basic,3.9,18.21,0,0,0,0,8.61
6922,22,Female,2023-09-05,2026-08-14,Australia,Standard,2.81,90.03,0,0,0,0,14.39
6923,49,Male,2025-11-09,2026-08-12,France,Standard,4.28,55.43,1,0,0,0,13.73
6924,39,Female,2024-07-15,2026-05-26,France,Premium,10.0,19.11,0,0,0,1,18.23
6925,73,Male,2024-04-16,2026-08-19,Germany,Basic,14.12,94.04,0,0,0,0,9.25
6926,23,Female,2026-06-21,2026-08-17,Ireland,Standard,29.38,31.71,1,0,0,0,14.0
6927,52,Female,2024-05-25,2026-08-12,India,Standard,4.41,89.74,1,0,1,0,13.83
6928,39,Male,2026-07-11,2026-07-15,Australia,Premium,3.56,38.77,0,0,0,1,18.06
6929,18,Female,2025-05-17,2026-07-16,France,Standard,4.22,11.56,1,0,0,1,13.35
6930,37,Male,2024-08-22,2026-08-16,France,Standard,13.04,61.42,1,1,0,0,14.5
6931,39,Female,2026-03-19,2026-06-04,Australia,Standard,15.55,5.97,0,0,0,1,13.78
6932,65,Male,2026-05-31,2026-05-31,Ireland,Premium,14.15,4.89,0,0,1,1,18.72
6933,72,Male,2025-06-18,2026-08-18,UK,Basic,18.65,46.7,2,0,1,0,9.19
6934,28,Female,2025-09-10,2026-08-15,India,Basic,7.48,73.58,0,1,1,0,9.52
6935,30,Male,2024-10-11,2026-08-10,Canada,Standard,6.09,57.9,0,1,0,0,14.0
6936,59,Female,2025-02-22,2026-07-11,India,Basic,10.23,64.71,1,0,1,1,8.74
6937,20,Male,2025-03-06,2026-08-11,Germany,Standard,7.17,37.69,1,1,1,0,14.82
6938,26,Male,2025-02-06,2026-07-01,Canada,Premium,7.84,17.18,2,0,0,1,17.68
6939,29,Female,2024-08-23,2026-06-24,Ireland,Standard,5.35,45.19,0,0,0,1,13.81
6940,40,Female,2024-07-17,2026-08-17,Germany,Standard,6.94,50.55,1,0,0,0,13.58
6941,31,Male,2024-03-13,2026-05-23,USA,Standard,1.91,67.66,1,1,1,1,13.63
6942,50,Male,2025-05-28,2026-08-12,USA,Premium,10.87,60.78,0,0,1,0,18.04
6943,35,Male,2026-01-08,2026-06-20,India,Premium,9.61,58.69,1,0,1,1,17.76
6944,66,Male,2025-09-12,2026-07-19,Germany,Standard,7.17,60.46,0,0,0,1,14.17
6945,58,Male,2023-10-29,2026-06-03,Canada,Standard,2.01,11.23,0,1,0,1,14.27
6946,26,Male,2024-07-29,2026-08-17,Canada,Basic,3.65,31.11,0,1,0,0,8.39
6947,40,Female,2025-04-01,2026-08-10,USA,Basic,6.64,63.84,1,1,0,0,9.34
6948,27,Female,2024-12-14,2026-08-13,USA,Basic,22.41,50.84,0,0,0,0,8.29
6949,36,Male,2026-03-26,2026-08-12,Ireland,Basic,12.38,92.01,0,1,1,0,9.07
6950,64,Male,2025-10-30,2026-06-11,Germany,Standard,10.2,64.51,0,0,0,1,13.96
6951,22,Male,2026-06-30,2026-08-12,Canada,Standard,17.13,68.83,0,0,0,0,13.65
6952,64,Female,2025-03-31,2026-08-12,France,Basic,21.91,33.97,0,1,0,0,8.89
6953,69,Female,2025-01-18,2026-07-06,Ireland,Premium,10.78,15.46,2,0,0,1,18.7
6954,40,Female,2023-12-16,2026-08-15,Canada,Standard,10.86,68.23,2,0,0,0,14.56
6955,47,Female,2023-10-04,2026-08-10,USA,Standard,10.86,56.49,1,1,0,0,14.78
6956,42,Female,2025-12-27,2026-07-24,Germany,Standard,12.36,35.22,1,0,0,1,14.19
6957,45,Male,2024-10-28,2026-08-15,UK,Standard,8.48,57.58,1,0,0,0,13.9
6958,51,Male,2026-01-23,2026-05-10,Germany,Basic,1.86,70.78,0,1,0,1,9.35
6959,62,Female,2024-02-14,2026-06-19,Australia,Standard,7.04,12.01,1,0,0,1,14.37
6960,73,Male,2025-08-13,2026-08-13,France,Basic,3.36,56.79,2,0,0,0,8.44
6961,65,Female,2025-05-07,2026-08-10,France,Standard,4.73,57.85,0,0,1,0,14.0
6962,64,Female,2025-10-04,2026-08-10,France,Basic,4.01,50.84,1,1,0,0,8.41
6963,42,Female,2025-01-10,2026-05-16,UK,Standard,5.6,3.5,0,0,0,1,13.84
6964,27,Male,2024-10-10,2026-08-16,India,Basic,7.34,55.45,1,0,1,0,9.34
6965,31,Female,2025-12-25,2026-08-19,India,Standard,1.34,76.2,1,1,0,0,13.52
6966,59,Female,2025-10-22,2026-08-13,Ireland,Basic,2.87,35.96,1,0,0,0,9.85
6967,74,Female,2025-06-01,2026-06-17,UK,Premium,5.0,71.08,2,0,0,1,17.96
6968,63,Female,2025-07-02,2026-08-10,UK,Premium,14.65,18.63,1,0,0,0,18.05
6969,47,Other,2024-02-11,2026-08-11,Ireland,Basic,18.04,41.88,0,1,0,0,9.15
6970,72,Male,2023-09-13,2026-08-11,Germany,Basic,6.59,28.23,0,0,0,0,9.37
6971,58,Male,2024-09-29,2026-08-03,Ireland,Standard,7.82,76.81,0,0,0,1,14.28
6972,42,Male,2025-11-16,2026-08-10,Australia,Basic,3.1,34.18,2,0,1,0,9.3
6973,31,Male,2025-06-02,2026-08-12,USA,Basic,3.8,65.57,0,1,0,0,8.7
6974,52,Female,2024-08-05,2026-08-11,India,Basic,6.56,68.78,0,1,0,0,8.88
6975,69,Other,2026-01-21,2026-08-11,USA,Standard,1.22,36.62,0,0,0,0,14.22
6976,65,Male,2023-12-20,2026-08-19,India,Basic,13.42,84.2,0,0,0,0,8.9
6977,51,Male,2024-02-09,2026-08-19,UK,Basic,6.34,97.88,0,1,1,0,9.2
6978,27,Male,2026-05-21,2026-08-13,France,Standard,8.73,37.55,0,1,1,0,13.92
6979,52,Female,2026-02-05,2026-08-11,Ireland,Basic,7.35,49.43,1,1,1,0,9.04
6980,28,Male,2023-10-16,2026-08-11,Ireland,Basic,4.37,51.37,2,1,0,0,8.78
6981,28,Male,2024-10-04,2026-06-10,Ireland,Premium,9.34,38.04,1,0,0,1,18.43
6982,38,Male,2025-08-04,2026-06-23,France,Standard,10.1,58.64,0,0,0,1,14.01
6983,38,Male,2025-10-31,2026-08-18,Australia,Basic,16.34,86.11,0,0,0,0,9.39
6984,39,Female,2026-03-19,2026-08-16,Australia,Basic,12.17,50.87,1,0,0,0,9.01
6985,62,Male,2024-01-01,2026-05-26,France,Standard,7.16,64.99,1,0,0,1,14.35
6986,24,Male,2026-03-04,2026-08-16,Germany,Basic,4.61,36.48,0,1,1,0,9.0
6987,72,Male,2024-03-13,2026-05-04,France,Premium,5.34,31.7,0,0,0,1,18.43
6988,34,Female,2026-03-09,2026-07-28,Canada,Standard,4.3,40.81,2,1,1,1,14.6
6989,19,Female,2024-04-23,2026-08-11,India,Premium,18.42,65.66,0,0,0,0,17.84
6990,29,Male,2023-08-24,2026-08-10,Canada,Premium,2.81,90.67,1,1,0,0,18.52
6991,74,Male,2023-10-07,2026-08-16,Canada,Standard,17.01,67.87,1,1,0,0,13.68
6992,59,Female,2025-04-20,2026-08-19,France,Standard,4.17,75.71,1,1,1,0,13.46
6993,35,Male,2025-05-09,2026-08-01,India,Premium,3.16,36.07,1,1,1,1,17.9
6994,71,Female,2024-09-09,2026-08-13,Germany,Standard,3.53,41.09,0,0,0,0,14.16
6995,28,Male,2024-10-12,2026-08-18,Ireland,Basic,37.37,48.22,0,1,0,0,8.11
6996,33,Male,2024-11-06,2026-08-16,Canada,Standard,16.55,82.48,0,0,0,0,13.91
6997,66,Female,2026-06-27,2026-06-27,France,Basic,1.69,73.81,0,1,0,1,9.55
6998,68,Female,2024-05-03,2026-08-10,Ireland,Standard,9.88,40.31,1,0,0,0,14.3
6999,35,Female,2023-12-29,2026-08-18,France,Standard,5.27,63.55,0,1,0,0,13.55
7000,52,Male,2025-07-16,2026-08-16,UK,Premium,3.51,66.43,0,1,0,0,18.25
7001,70,Male,2023-10-28,2026-08-10,Canada,Standard,9.82,65.77,1,0,0,0,14.22
7002,43,Male,2026-01-31,2026-08-16,UK,Premium,8.22,3.86,0,1,0,0,18.76
7003,33,Female,2025-12-11,2026-07-06,Germany,Basic,2.51,32.73,0,0,0,1,9.14
7004,23,Female,2025-05-04,2026-06-15,USA,Basic,4.19,31.28,1,0,0,1,8.62
7005,74,Male,2024-03-11,2026-05-01,Australia,Premium,10.99,45.86,2,0,1,1,17.83
7006,61,Female,2025-07-10,2026-07-17,India,Standard,1.61,54.94,0,0,0,1,14.27
7007,60,Female,2025-10-13,2026-05-29,France,Standard,1.75,41.45,1,0,0,1,13.52
7008,64,Male,2024-08-07,2026-08-17,Germany,Basic,14.38,20.7,1,1,0,0,9.09
7009,64,Female,2023-12-06,2026-08-19,Germany,Standard,9.17,75.54,1,1,0,0,14.06
7010,65,Male,2024-05-01,2026-08-15,Germany,Premium,5.47,14.66,0,0,0,0,17.25
7011,59,Male,2024-04-15,2026-08-15,Canada,Basic,14.97,32.79,0,0,0,0,8.51
7012,29,Other,2025-03-22,2026-08-19,UK,Standard,10.69,70.01,2,1,0,0,13.81
7013,30,Male,2025-08-20,2026-08-16,Australia,Basic,15.12,78.55,0,1,0,0,9.99
7014,21,Male,2024-07-09,2026-08-18,Canada,Basic,1.23,58.21,0,1,1,0,9.3
7015,56,Female,2025-06-06,2026-08-10,USA,Standard,7.28,51.09,1,1,0,0,14.25
7016,71,Other,2026-05-28,2026-06-23,India,Basic,13.17,29.64,1,0,0,1,8.44
7017,19,Other,2024-08-19,2026-08-11,India,Basic,10.24,54.09,1,0,0,0,9.13
7018,43,Female,2025-08-06,2026-06-15,Australia,Standard,1.08,52.82,1,1,0,1,13.85
7019,44,Male,2023-11-19,2026-08-17,India,Standard,15.7,36.67,0,0,0,0,14.22
7020,44,Female,2025-06-23,2026-08-11,India,Basic,19.58,63.05,0,0,0,0,9.01
7021,32,Female,2025-01-13,2026-08-11,Germany,Premium,7.42,38.57,0,1,0,0,18.63
7022,25,Male,2024-03-26,2026-08-15,Ireland,Basic,2.3,61.2,0,0,0,0,8.51
7023,24,Female,2026-05-01,2026-06-12,USA,Premium,2.62,42.13,0,0,0,1,18.07
7024,64,Male,2024-04-16,2026-08-18,UK,Standard,5.91,41.95,1,0,0,0,14.47
7025,72,Male,2024-07-07,2026-08-15,France,Basic,7.31,70.96,0,1,0,0,9.09
7026,63,Female,2026-01-25,2026-08-19,USA,Basic,17.77,24.04,0,0,0,0,8.24
7027,57,Female,2025-02-25,2026-08-17,Canada,Basic,5.1,85.41,1,0,0,0,8.72
7028,29,Male,2026-03-04,2026-07-11,India,Basic,7.95,40.18,1,1,0,1,8.91
7029,30,Male,2025-04-04,2026-08-12,Ireland,Standard,4.61,92.74,1,1,0,0,13.3
7030,60,Female,2025-01-25,2026-08-19,France,Basic,5.02,88.48,0,1,0,0,8.84
7031,34,Male,2026-01-08,2026-08-12,Canada,Basic,19.97,13.58,0,0,0,0,8.36
7032,34,Male,2025-03-22,2026-08-14,Australia,Standard,24.96,44.63,0,0,0,0,13.47
7033,73,Female,2024-05-07,2026-07-08,Germany,Basic,3.58,75.42,0,0,0,1,8.99
7034,53,Female,2025-11-16,2026-06-12,India,Standard,13.32,77.91,0,0,0,1,14.17
7035,38,Female,2024-10-29,2026-08-11,Germany,Basic,4.49,57.1,0,0,0,0,9.28
7036,25,Female,2025-05-09,2026-08-15,USA,Standard,1.68,39.89,1,1,0,0,14.1
7037,22,Female,2026-05-09,2026-06-24,Germany,Standard,1.82,34.09,0,0,0,1,14.09
7038,43,Female,2024-06-27,2026-07-11,Germany,Standard,3.25,64.14,1,0,0,1,14.4
7039,33,Male,2024-04-11,2026-08-19,Australia,Basic,7.47,62.43,1,1,0,0,9.0
7040,53,Female,2026-04-18,2026-06-24,UK,Basic,8.37,34.65,0,0,0,1,9.18
7041,45,Male,2025-05-12,2026-05-04,UK,Basic,3.24,34.4,0,0,1,1,9.03
7042,71,Male,2025-04-20,2026-08-14,Canada,Basic,22.71,65.36,0,1,0,0,9.57
7043,46,Male,2025-12-04,2026-06-02,India,Basic,2.37,33.13,0,1,0,1,8.84
7044,64,Female,2026-06-21,2026-07-27,Canada,Standard,3.07,33.85,2,0,1,1,13.64
7045,29,Male,2025-08-20,2026-08-14,UK,Standard,7.65,57.68,1,1,0,0,13.85
7046,54,Male,2024-09-29,2026-05-31,USA,Premium,3.44,9.64,0,0,0,1,18.16
7047,47,Female,2024-12-29,2026-08-10,UK,Standard,6.57,58.2,0,0,0,0,14.29
7048,40,Female,2026-01-25,2026-06-15,Canada,Standard,5.83,25.44,0,0,0,1,14.22
7049,33,Female,2024-04-18,2026-08-12,Ireland,Premium,3.88,40.88,1,0,0,0,18.03
7050,31,Male,2024-12-30,2026-08-15,India,Standard,8.47,53.99,0,1,0,0,14.03
7051,27,Male,2025-06-07,2026-07-10,Germany,Standard,5.83,88.23,0,0,0,1,13.77
7052,24,Female,2024-06-04,2026-08-15,Australia,Premium,14.56,76.02,1,0,0,0,17.73
7053,62,Male,2026-05-05,2026-06-18,Ireland,Premium,1.75,13.32,1,1,0,1,17.97
7054,69,Female,2023-12-31,2026-08-13,Ireland,Standard,1.34,31.04,1,1,0,0,13.88
7055,54,Male,2024-10-23,2026-08-17,Germany,Standard,16.46,15.53,0,0,0,0,13.71
7056,46,Female,2025-01-27,2026-08-14,UK,Standard,8.75,11.41,2,1,0,0,14.65
7057,20,Male,2026-07-09,2026-07-23,France,Standard,10.7,38.17,0,1,1,1,13.77
7058,32,Male,2026-02-02,2026-05-05,India,Premium,13.11,44.71,0,1,0,1,18.07
7059,53,Female,2024-04-11,2026-08-19,USA,Basic,8.14,76.83,1,1,0,0,9.61
7060,64,Male,2025-04-28,2026-06-08,Ireland,Premium,4.04,47.07,1,0,0,1,17.83
7061,63,Male,2025-04-28,2026-05-31,USA,Standard,9.77,43.56,0,1,0,1,13.61
7062,69,Female,2025-05-20,2026-08-19,Australia,Basic,8.07,91.51,0,1,1,0,8.86
7063,36,Male,2023-12-08,2026-06-24,Australia,Standard,3.8,32.19,2,0,0,1,13.93
7064,30,Male,2024-01-17,2026-05-24,Australia,Standard,13.98,49.92,1,1,0,1,14.32
7065,59,Male,2024-10-28,2026-05-27,Canada,Basic,8.61,32.2,1,0,0,1,8.76
7066,38,Male,2025-12-07,2026-08-17,Ireland,Premium,14.62,89.46,0,0,1,0,17.59
7067,54,Male,2025-04-30,2026-08-10,Australia,Standard,3.56,75.65,0,0,0,0,13.88
7068,44,Female,2025-12-30,2026-08-17,Canada,Standard,11.69,67.9,0,0,0,0,14.35
7069,72,Female,2023-11-26,2026-08-15,Australia,Premium,4.18,93.99,0,0,0,0,18.19
7070,69,Male,2024-09-14,2026-07-16,UK,Premium,12.7,59.74,2,0,0,1,18.49
7071,46,Male,2024-10-25,2026-07-15,Ireland,Premium,11.92,27.44,0,0,0,1,18.23
7072,37,Female,2026-07-05,2026-08-14,Canada,Standard,12.39,65.55,1,0,0,0,13.8
7073,42,Other,2024-11-10,2026-07-04,Australia,Standard,8.42,21.07,0,0,0,1,14.28
7074,23,Male,2023-09-11,2026-08-17,India,Basic,6.47,6.79,1,0,0,0,9.36
7075,53,Female,2025-05-07,2026-08-16,Canada,Standard,6.05,42.75,0,0,0,0,14.21
7076,19,Female,2023-11-23,2026-06-10,Australia,Premium,2.24,54.64,0,0,0,1,18.18
7077,39,Male,2025-06-24,2026-08-13,UK,Standard,25.93,34.23,1,1,0,0,14.71
7078,49,Male,2024-07-27,2026-07-14,USA,Basic,2.8,20.4,1,0,0,1,8.56
7079,33,Male,2024-07-15,2026-08-11,France,Basic,5.08,82.7,2,0,1,0,8.79
7080,35,Female,2025-12-13,2026-06-30,Australia,Premium,2.39,51.38,1,1,0,1,17.77
7081,22,Female,2023-09-23,2026-08-11,USA,Premium,0.89,29.27,0,0,0,0,17.63
7082,71,Female,2025-05-01,2026-08-16,Ireland,Standard,17.89,53.32,0,1,0,0,14.72
7083,53,Male,2026-07-07,2026-07-07,UK,Standard,1.18,66.54,1,1,0,1,13.67
7084,47,Female,2025-06-29,2026-08-15,India,Basic,11.48,66.26,2,0,1,0,9.14
7085,62,Female,2024-10-17,2026-05-09,Ireland,Standard,11.0,87.98,2,0,1,1,13.98
7086,36,Female,2023-09-09,2026-08-11,India,Standard,4.0,13.33,1,0,0,0,14.53
7087,40,Male,2025-12-08,2026-08-19,USA,Standard,10.58,94.87,1,1,0,0,14.42
7088,51,Female,2025-11-28,2026-08-15,UK,Basic,3.11,75.59,1,0,0,0,8.26
7089,30,Male,2023-10-25,2026-08-15,Germany,Standard,6.95,19.2,0,1,0,0,13.48
7090,60,Female,2024-08-09,2026-08-16,UK,Basic,14.18,38.4,1,1,0,0,8.66
7091,71,Female,2024-05-20,2026-08-13,UK,Premium,26.49,69.68,3,0,0,0,17.81
7092,46,Male,2025-05-10,2026-07-21,India,Premium,6.38,96.71,0,0,0,1,17.88
7093,53,Female,2024-12-17,2026-08-14,Germany,Premium,15.64,44.61,0,0,0,0,17.6
7094,39,Male,2023-08-18,2026-08-10,Canada,Premium,4.8,25.4,0,1,1,0,17.98
7095,69,Female,2024-09-02,2026-08-12,Canada,Standard,9.36,54.64,1,1,0,0,14.84
7096,69,Male,2025-07-21,2026-08-14,Canada,Basic,7.39,42.63,0,0,0,0,9.73
7097,64,Female,2025-10-25,2026-05-20,USA,Standard,5.95,86.46,0,0,0,1,14.39
7098,53,Female,2026-05-04,2026-08-17,UK,Basic,14.59,76.25,0,0,0,0,10.34
7099,26,Male,2026-01-13,2026-08-13,Australia,Standard,16.86,63.49,3,1,0,0,13.96
7100,56,Female,2023-09-06,2026-08-12,Germany,Basic,11.96,58.21,1,0,0,0,9.17
7101,68,Male,2024-09-18,2026-08-14,Australia,Standard,25.17,40.58,1,1,0,0,14.15
7102,36,Male,2025-07-28,2026-08-12,USA,Standard,9.01,92.52,1,0,0,0,15.03
7103,55,Female,2023-12-05,2026-07-27,Germany,Basic,0.52,26.31,0,1,0,1,9.28
7104,23,Female,2025-08-19,2026-05-21,Australia,Basic,2.76,28.36,0,0,0,1,8.82
7105,69,Female,2024-01-30,2026-08-14,France,Standard,2.28,44.29,0,0,1,0,13.54
7106,64,Female,2025-08-14,2026-08-19,India,Standard,11.97,69.94,1,1,1,0,13.09
7107,32,Female,2024-04-08,2026-08-19,USA,Standard,3.66,18.66,0,1,0,0,14.63
7108,74,Female,2024-12-31,2026-07-23,USA,Basic,2.54,15.24,3,0,0,1,8.7
7109,37,Female,2026-05-10,2026-08-10,France,Standard,21.5,78.35,0,0,1,0,14.26
7110,26,Female,2023-08-20,2026-08-17,USA,Standard,6.91,32.52,0,0,0,0,13.87
7111,49,Male,2025-06-05,2026-08-13,Germany,Standard,7.37,42.58,0,0,1,0,13.82
7112,21,Male,2024-02-04,2026-07-29,Australia,Basic,11.48,84.89,2,0,0,1,9.06
7113,67,Female,2024-04-04,2026-08-12,Australia,Premium,14.98,64.54,0,0,1,0,18.67
7114,35,Female,2024-10-15,2026-08-19,Ireland,Basic,12.37,78.46,1,0,0,0,9.12
7115,22,Female,2026-06-30,2026-08-12,USA,Basic,18.7,16.94,0,0,1,0,8.65
7116,37,Male,2023-09-30,2026-06-02,Canada,Standard,11.04,28.83,0,0,1,1,13.74
7117,40,Other,2024-09-11,2026-04-23,UK,Basic,10.05,65.11,1,0,0,1,8.76
7118,28,Male,2024-11-25,2026-08-15,India,Premium,14.71,56.61,1,1,0,0,17.66
7119,54,Female,2026-04-24,2026-08-10,India,Basic,11.69,41.43,1,0,0,0,8.41
7120,39,Male,2026-07-04,2026-08-16,Ireland,Basic,7.15,82.36,0,0,0,0,9.0
7121,21,Male,2023-12-21,2026-08-17,Ireland,Basic,10.45,69.85,0,0,0,0,9.36
7122,46,Female,2024-04-18,2026-06-18,Germany,Standard,2.79,52.85,1,1,0,1,14.23
7123,61,Other,2025-07-03,2026-08-15,Ireland,Basic,5.88,40.78,1,0,0,0,8.93
7124,51,Male,2024-10-19,2026-08-12,Australia,Basic,4.41,89.98,1,0,0,0,8.7
7125,30,Male,2025-04-24,2026-08-17,Germany,Basic,10.8,31.19,1,0,0,0,8.9
7126,59,Male,2024-04-26,2026-08-10,Germany,Standard,28.36,86.35,1,1,0,0,14.21
7127,26,Male,2025-09-14,2026-06-11,India,Standard,3.67,33.69,1,0,0,1,14.06
7128,59,Male,2024-01-02,2026-08-11,India,Standard,11.9,69.52,0,0,0,0,14.18
7129,48,Female,2025-03-16,2026-08-11,Canada,Standard,14.14,14.09,0,1,0,0,13.36
7130,24,Female,2024-06-21,2026-08-11,USA,Basic,31.96,64.87,1,0,0,0,9.0
7131,21,Male,2026-07-20,2026-07-20,France,Premium,3.71,80.15,0,0,0,1,17.92
7132,36,Female,2026-06-10,2026-08-14,France,Standard,3.09,46.54,1,1,0,0,14.78
7133,59,Male,2024-09-17,2026-08-14,Ireland,Basic,6.19,32.85,0,0,0,0,9.14
7134,47,Male,2025-12-21,2026-08-14,USA,Standard,7.08,83.93,1,0,0,0,13.58
7135,48,Male,2025-09-20,2026-08-14,USA,Standard,27.12,71.76,0,0,1,0,14.16
7136,52,Female,2024-08-29,2026-08-18,USA,Basic,21.23,44.94,0,0,0,0,9.3
7137,74,Male,2024-11-12,2026-08-15,Germany,Basic,8.46,46.72,0,1,0,0,9.41
7138,38,Male,2025-02-13,2026-08-11,USA,Basic,12.25,33.24,1,1,0,0,9.58
7139,48,Male,2026-06-26,2026-06-26,Ireland,Premium,9.02,39.49,1,0,0,1,17.54
7140,36,Male,2024-05-04,2026-08-19,Germany,Basic,27.7,73.43,0,0,0,0,9.55
7141,48,Male,2026-06-26,2026-06-26,Ireland,Standard,3.67,13.09,1,0,0,1,13.39
7142,70,Female,2024-12-02,2026-08-17,Germany,Basic,10.33,79.36,1,1,0,0,9.5
7143,49,Female,2026-04-04,2026-07-31,France,Basic,3.05,63.12,1,0,1,1,9.38
7144,19,Female,2026-01-22,2026-08-15,UK,Basic,14.68,81.51,2,0,0,0,8.09
7145,69,Male,2024-02-21,2026-04-25,UK,Basic,5.89,40.42,1,0,0,1,9.17
7146,27,Male,2026-03-12,2026-08-18,France,Basic,8.1,24.62,0,0,0,0,8.84
7147,19,Male,2024-11-25,2026-08-14,UK,Standard,6.14,53.23,1,1,0,0,14.94
7148,19,Male,2024-06-28,2026-08-11,UK,Standard,6.44,18.27,1,1,0,0,13.98
7149,41,Female,2024-06-22,2026-08-17,France,Standard,5.13,81.22,1,0,0,0,13.71
7150,34,Male,2026-02-03,2026-08-15,Germany,Basic,25.35,35.8,1,0,0,0,8.78
7151,49,Male,2025-12-10,2026-06-20,USA,Premium,10.89,23.58,0,0,0,1,17.93
7152,33,Female,2025-04-08,2026-08-14,France,Premium,9.12,25.02,2,1,0,0,18.06
7153,33,Male,2025-10-16,2026-08-17,Canada,Basic,5.4,51.9,0,1,0,0,8.61
7154,63,Other,2026-01-12,2026-08-14,India,Premium,11.69,61.98,0,0,0,0,17.95
7155,56,Male,2025-02-05,2026-08-17,Australia,Basic,5.34,53.58,1,0,0,0,9.53
7156,70,Female,2024-11-07,2026-08-15,Canada,Standard,1.44,38.87,0,1,0,0,14.24
7157,48,Male,2025-12-15,2026-08-10,UK,Basic,20.09,95.04,1,0,0,0,9.09
7158,60,Other,2025-11-27,2026-07-29,USA,Standard,8.32,45.14,0,0,0,1,14.05
7159,41,Male,2026-02-03,2026-07-11,Ireland,Standard,0.89,65.93,0,0,0,1,14.08
7160,18,Female,2024-06-01,2026-06-14,USA,Basic,2.58,72.48,2,0,0,1,8.97
7161,28,Male,2026-01-09,2026-08-01,Ireland,Standard,2.47,7.06,0,1,0,1,14.33
7162,72,Female,2025-11-21,2026-06-02,Canada,Standard,14.47,17.41,0,0,0,1,13.96
7163,38,Male,2024-05-21,2026-08-15,USA,Standard,23.75,61.4,0,0,0,0,13.58
7164,21,Male,2025-04-22,2026-04-30,USA,Premium,4.67,63.38,0,1,0,1,18.31
7165,24,Female,2026-01-09,2026-08-11,Australia,Premium,10.8,42.39,0,1,0,0,17.49
7166,43,Other,2025-06-24,2026-05-29,France,Premium,12.52,27.95,1,1,0,1,17.77
7167,64,Male,2024-11-27,2026-05-04,Canada,Premium,6.85,13.87,0,0,1,1,18.23
7168,67,Female,2023-08-20,2026-08-15,USA,Basic,3.66,45.82,0,0,1,0,9.06
7169,29,Male,2026-04-19,2026-04-29,Ireland,Basic,3.59,57.31,0,0,0,1,8.72
7170,48,Female,2025-08-06,2026-08-13,India,Basic,7.66,63.43,0,0,0,0,9.36
7171,34,Female,2025-02-23,2026-06-26,USA,Premium,5.4,88.76,1,1,1,1,18.72
7172,50,Female,2024-01-09,2026-08-17,Ireland,Basic,6.14,44.16,0,1,1,0,8.85
7173,28,Female,2026-04-06,2026-05-31,UK,Basic,1.29,13.99,1,0,0,1,9.05
7174,45,Female,2023-11-02,2026-07-27,USA,Basic,2.77,17.94,0,0,0,1,9.03
7175,49,Male,2024-08-03,2026-08-10,Ireland,Basic,1.77,49.84,1,0,0,0,9.79
7176,18,Female,2024-05-24,2026-08-19,India,Basic,7.13,31.13,0,0,0,0,8.8
7177,64,Male,2024-04-19,2026-08-11,Canada,Standard,8.81,89.12,0,1,0,0,13.29
7178,45,Female,2024-01-16,2026-08-16,UK,Basic,12.02,62.57,0,0,0,0,9.0
7179,70,Female,2024-03-19,2026-07-18,USA,Standard,6.21,74.12,1,0,0,1,13.42
7180,59,Male,2024-09-06,2026-08-12,Australia,Premium,12.2,26.54,1,1,0,0,18.21
7181,24,Female,2023-10-02,2026-08-12,Ireland,Standard,2.66,55.59,0,0,0,0,13.96
7182,19,Female,2023-12-13,2026-08-17,India,Basic,0.99,16.68,2,1,0,0,8.89
7183,59,Female,2026-06-07,2026-08-11,Australia,Premium,8.07,85.37,0,0,0,0,18.14
7184,41,Male,2024-11-25,2026-08-15,USA,Standard,25.21,56.93,1,0,0,0,14.17
7185,21,Male,2024-10-26,2026-08-10,Ireland,Basic,2.89,68.66,0,1,0,0,8.96
7186,61,Female,2026-04-20,2026-07-21,USA,Standard,2.43,39.11,0,0,0,1,14.09
7187,36,Male,2024-06-22,2026-06-11,UK,Standard,6.48,53.04,0,0,0,1,13.97
7188,43,Male,2024-07-20,2026-07-28,India,Standard,5.11,23.87,0,0,0,1,14.2
7189,28,Female,2023-12-10,2026-08-17,India,Basic,8.31,68.34,0,1,0,0,8.44
7190,57,Male,2025-08-18,2026-07-16,UK,Standard,11.46,7.47,2,0,0,1,13.79
7191,67,Female,2024-08-20,2026-08-17,USA,Standard,10.59,81.63,0,1,0,0,14.13
7192,60,Female,2024-01-08,2026-08-11,USA,Basic,15.49,63.59,1,0,0,0,9.19
7193,28,Female,2024-09-09,2026-06-07,Germany,Standard,0.94,19.93,0,0,0,1,14.27
7194,62,Male,2023-11-27,2026-08-18,USA,Basic,2.58,76.2,2,0,0,0,9.25
7195,20,Male,2025-10-30,2026-08-10,India,Standard,25.12,33.41,0,1,0,0,13.81
7196,29,Male,2026-04-07,2026-08-13,USA,Basic,1.74,30.19,0,0,1,0,9.09
7197,20,Female,2025-12-09,2026-08-13,Australia,Basic,3.87,32.79,0,1,0,0,9.0
7198,59,Male,2023-11-16,2026-08-14,Australia,Premium,21.92,69.97,0,0,0,0,18.23
7199,44,Other,2026-03-28,2026-08-17,UK,Standard,16.59,47.02,0,0,0,0,13.85
7200,66,Female,2024-02-11,2026-08-13,Australia,Basic,3.77,73.97,0,1,1,0,8.56
7201,71,Female,2024-07-22,2026-08-16,USA,Standard,15.58,47.1,1,0,0,0,14.99
7202,19,Male,2026-06-17,2026-08-12,Canada,Standard,5.03,11.29,2,0,1,0,13.76
7203,66,Male,2024-02-07,2026-08-18,France,Premium,5.97,31.09,0,1,1,0,17.79
7204,33,Female,2025-04-15,2026-08-15,USA,Standard,11.1,31.58,1,0,0,0,13.57
7205,19,Male,2025-04-28,2026-07-21,France,Standard,4.2,64.28,0,1,1,1,13.82
7206,71,Male,2024-04-13,2026-05-25,India,Premium,7.29,35.94,1,0,0,1,17.62
7207,47,Male,2023-08-16,2026-08-16,Germany,Standard,7.93,55.54,0,1,0,0,13.79
7208,37,Female,2025-06-11,2026-06-23,Ireland,Basic,2.74,21.5,0,0,0,1,8.83
7209,55,Female,2025-08-22,2026-08-11,India,Standard,9.29,98.35,0,1,1,0,13.84
7210,45,Female,2025-11-23,2026-08-19,France,Standard,4.13,28.85,1,1,0,0,13.49
7211,42,Female,2025-12-05,2026-08-12,UK,Standard,10.24,29.4,0,0,0,0,14.09
7212,49,Male,2024-07-18,2026-08-10,Australia,Basic,10.5,71.97,2,1,0,0,9.11
7213,27,Female,2024-02-11,2026-08-10,Canada,Standard,7.82,32.42,0,0,0,0,14.15
7214,59,Male,2026-02-05,2026-08-13,India,Basic,7.01,48.8,0,1,0,0,9.07
7215,57,Female,2024-12-13,2026-05-17,Ireland,Basic,2.33,29.36,0,0,1,1,8.99
7216,50,Male,2024-07-14,2026-08-15,Canada,Basic,9.31,50.52,0,0,0,0,8.97
7217,30,Male,2024-11-30,2026-04-30,UK,Standard,18.38,17.84,0,0,1,1,14.35
7218,73,Female,2024-12-05,2026-07-01,Australia,Basic,10.58,30.62,0,0,1,1,9.69
7219,58,Male,2024-07-24,2026-08-18,Germany,Standard,2.55,49.9,0,1,0,0,13.91
7220,71,Female,2024-01-08,2026-08-17,France,Standard,8.93,59.33,1,0,1,0,14.37
7221,59,Male,2024-10-10,2026-07-21,India,Standard,4.33,51.3,2,0,0,1,13.99
7222,64,Male,2025-04-30,2026-08-19,India,Standard,3.01,76.07,0,0,1,0,14.25
7223,54,Male,2026-04-15,2026-07-08,India,Basic,5.18,38.32,2,0,1,1,9.29
7224,71,Female,2025-07-07,2026-08-18,France,Basic,12.93,44.7,1,1,0,0,8.79
7225,33,Male,2024-09-19,2026-05-08,UK,Premium,4.17,14.82,1,0,0,1,17.68
7226,62,Female,2024-10-28,2026-08-17,Canada,Standard,7.4,36.68,2,0,0,0,14.17
7227,39,Male,2024-08-12,2026-08-13,Canada,Standard,19.62,72.5,0,1,0,0,13.93
7228,74,Male,2025-03-05,2026-08-04,UK,Standard,3.37,47.54,0,0,0,1,13.43
7229,37,Male,2025-10-06,2026-06-03,India,Basic,14.18,77.45,1,1,1,1,8.42
7230,67,Female,2025-07-17,2026-08-12,USA,Standard,6.57,41.33,2,0,0,0,14.37
7231,60,Female,2026-05-17,2026-08-17,UK,Basic,13.95,32.28,0,0,1,0,8.8
7232,44,Male,2026-02-09,2026-08-17,Australia,Premium,7.58,76.89,1,0,1,0,18.25
7233,58,Female,2024-12-01,2026-08-19,Australia,Basic,8.13,48.54,1,0,1,0,8.59
7234,33,Female,2024-01-06,2026-08-13,Germany,Standard,4.86,47.24,0,0,0,0,13.56
7235,51,Male,2024-12-27,2026-08-16,UK,Basic,11.94,59.05,0,1,0,0,8.97
7236,49,Female,2023-11-20,2026-08-16,Ireland,Premium,11.31,41.82,0,0,0,0,17.66
7237,43,Male,2024-09-27,2026-08-19,France,Premium,9.11,34.86,0,0,0,0,17.96
7238,42,Female,2025-03-27,2026-08-17,France,Basic,11.24,23.52,2,1,1,0,8.95
7239,19,Female,2025-10-25,2026-08-14,Australia,Basic,5.81,51.07,0,1,1,0,9.79
7240,29,Male,2024-07-15,2026-08-12,Australia,Basic,10.14,51.89,0,0,0,0,9.1
7241,57,Male,2024-12-31,2026-05-23,Australia,Standard,7.37,60.25,1,1,0,1,13.61
7242,26,Other,2025-06-10,2026-08-13,USA,Basic,3.55,52.55,1,0,1,0,9.1
7243,29,Female,2024-06-16,2026-08-15,Ireland,Standard,2.94,60.74,2,1,0,0,13.94
7244,43,Female,2024-03-07,2026-08-14,India,Basic,12.08,65.82,0,0,0,0,8.57
7245,26,Male,2025-06-26,2026-08-19,India,Standard,4.39,30.15,0,0,0,0,14.68
7246,27,Male,2025-01-20,2026-08-17,UK,Standard,10.76,47.77,1,1,0,0,14.16
7247,49,Male,2024-07-09,2026-08-14,USA,Standard,0.88,63.65,1,0,0,0,13.68
7248,74,Male,2023-09-17,2026-04-22,Australia,Standard,9.17,19.1,0,0,0,1,14.65
7249,51,Female,2024-12-12,2026-08-16,India,Basic,5.48,73.74,0,0,1,0,8.92
7250,65,Female,2024-02-28,2026-08-18,Ireland,Standard,3.91,92.01,1,1,0,0,14.49
7251,37,Female,2026-06-08,2026-08-16,India,Standard,7.79,47.13,1,0,0,0,14.59
7252,56,Male,2024-02-22,2026-08-15,France,Standard,8.33,83.12,1,1,0,0,13.67
7253,19,Female,2024-01-22,2026-08-14,Ireland,Basic,8.74,60.59,2,0,0,0,9.52
7254,18,Female,2024-11-21,2026-05-28,USA,Standard,9.41,66.17,0,0,0,1,13.74
7255,68,Female,2025-11-25,2026-08-11,India,Premium,7.15,36.12,1,0,0,0,18.13
7256,53,Female,2024-08-01,2026-06-07,Australia,Premium,4.05,42.45,0,1,0,1,17.77
7257,41,Other,2024-07-09,2026-08-15,USA,Standard,13.85,66.34,0,0,0,0,14.39
7258,71,Female,2025-06-12,2026-08-10,France,Standard,6.62,75.45,2,1,0,0,14.15
7259,44,Male,2025-12-19,2026-08-19,Canada,Basic,13.64,80.78,0,1,0,0,8.66
7260,19,Male,2024-03-27,2026-08-18,Australia,Basic,6.4,66.61,1,0,0,0,9.19
7261,48,Other,2026-03-11,2026-08-18,USA,Standard,5.39,63.84,1,1,0,0,14.14
7262,74,Female,2026-07-12,2026-08-17,UK,Basic,5.05,72.66,1,0,0,0,8.89
7263,31,Male,2026-02-18,2026-06-23,India,Basic,8.31,27.94,2,0,1,1,8.86
7264,19,Male,2025-05-16,2026-07-25,Australia,Premium,11.54,35.35,0,1,0,1,17.92
7265,46,Female,2025-03-25,2026-08-19,Germany,Premium,13.06,55.0,1,0,1,0,18.09
7266,32,Other,2025-09-19,2026-08-10,Australia,Premium,11.44,59.54,1,1,1,0,17.49
7267,29,Male,2025-10-10,2026-08-15,Canada,Basic,7.95,54.16,0,1,0,0,9.14
7268,54,Female,2025-04-05,2026-08-14,USA,Premium,22.83,43.86,0,0,0,0,17.84
7269,45,Female,2023-11-01,2026-08-10,France,Basic,10.35,66.98,0,1,0,0,8.77
7270,37,Male,2026-01-12,2026-08-19,Germany,Standard,0.87,38.48,1,0,0,0,13.72
7271,56,Male,2025-02-24,2026-08-15,Canada,Standard,2.15,79.96,0,0,0,0,13.75
7272,41,Female,2025-08-12,2026-07-25,UK,Standard,10.78,68.2,0,1,0,1,13.54
7273,38,Female,2024-08-05,2026-07-27,France,Premium,3.72,37.57,0,0,1,1,17.51
7274,27,Female,2024-09-09,2026-08-15,France,Basic,3.92,93.37,2,0,0,0,9.22
7275,63,Female,2023-08-28,2026-08-11,Australia,Standard,4.62,85.54,1,0,0,0,14.19
7276,31,Male,2025-04-06,2026-08-13,India,Basic,3.77,48.24,2,1,0,0,9.15
7277,54,Female,2024-07-10,2026-06-25,Germany,Premium,6.22,35.22,0,0,0,1,17.8
7278,35,Male,2025-02-23,2026-08-16,India,Standard,8.74,87.71,2,0,1,0,13.98
7279,41,Male,2026-02-26,2026-05-14,France,Standard,3.13,50.61,3,0,0,1,13.29
7280,31,Male,2025-01-08,2026-06-24,USA,Standard,4.22,54.69,0,1,1,1,13.91
7281,51,Male,2024-05-20,2026-08-17,USA,Standard,6.48,38.58,0,0,0,0,13.68
7282,29,Female,2025-07-26,2026-04-22,UK,Standard,6.92,34.19,1,0,0,1,13.71
7283,39,Female,2025-10-09,2026-08-10,Canada,Basic,9.13,85.07,0,0,0,0,8.62
7284,73,Female,2024-06-16,2026-08-14,Germany,Standard,6.7,94.38,0,1,0,0,14.66
7285,23,Male,2024-12-14,2026-08-13,UK,Premium,16.3,72.62,1,0,0,0,18.71
7286,53,Female,2024-07-24,2026-08-13,Canada,Premium,20.78,46.2,0,0,0,0,17.78
7287,62,Female,2023-12-04,2026-08-13,Ireland,Basic,12.84,36.56,0,1,0,0,9.02
7288,53,Female,2024-07-08,2026-08-16,Ireland,Basic,8.22,52.01,0,0,1,0,8.59
7289,39,Female,2024-10-05,2026-08-12,Canada,Standard,4.03,22.93,0,0,0,0,13.75
7290,31,Male,2025-07-28,2026-05-29,USA,Standard,5.02,31.68,2,0,0,1,14.57
7291,33,Male,2024-12-11,2026-08-10,USA,Basic,2.24,72.96,0,0,0,0,8.97
7292,53,Male,2026-06-11,2026-06-14,Ireland,Standard,6.42,16.45,0,1,0,1,13.23
7293,73,Female,2024-01-31,2026-08-16,France,Premium,1.68,44.96,0,0,0,0,18.09
7294,42,Other,2025-10-21,2026-08-14,USA,Standard,7.31,27.48,0,0,0,0,13.95
7295,49,Male,2024-04-13,2026-08-18,India,Basic,16.07,16.58,0,0,1,0,8.3
7296,50,Male,2024-11-05,2026-08-11,France,Premium,3.91,58.73,1,1,1,0,18.65
7297,62,Male,2025-04-19,2026-08-16,USA,Standard,11.58,39.05,0,1,1,0,13.46
7298,53,Female,2025-11-29,2026-08-10,Canada,Standard,7.24,79.99,0,0,1,0,14.56
7299,37,Male,2026-01-05,2026-07-02,Australia,Basic,6.73,60.74,2,0,0,1,8.94
7300,35,Male,2025-01-31,2026-08-13,Canada,Standard,8.56,69.02,0,0,0,0,14.36
7301,55,Male,2023-12-26,2026-08-18,USA,Standard,10.14,47.52,0,0,1,0,13.71
7302,20,Female,2026-02-24,2026-08-16,Canada,Standard,23.8,26.37,0,0,1,0,13.97
7303,40,Female,2024-12-24,2026-07-10,Germany,Basic,6.34,48.87,1,1,0,1,9.22
7304,49,Female,2026-06-21,2026-08-17,Ireland,Standard,13.52,82.92,3,0,0,0,14.38
7305,62,Male,2026-04-05,2026-08-19,Australia,Basic,8.33,68.97,1,0,0,0,8.84
7306,33,Male,2025-06-26,2026-08-16,France,Basic,3.92,41.23,0,1,0,0,9.3
7307,22,Male,2024-02-23,2026-08-12,France,Standard,20.12,53.8,0,0,0,0,13.63
7308,21,Male,2025-06-10,2026-06-01,Germany,Premium,5.9,41.71,2,0,1,1,17.29
7309,38,Male,2023-09-20,2026-08-16,Germany,Basic,2.17,26.53,1,0,0,0,9.73
7310,57,Male,2024-12-14,2026-08-14,USA,Basic,11.84,24.08,1,0,0,0,8.71
7311,68,Female,2025-08-08,2026-08-10,USA,Standard,12.27,56.61,0,0,1,0,14.01
7312,31,Male,2024-05-15,2026-08-14,France,Standard,6.31,42.79,0,0,0,0,14.08
7313,56,Male,2026-03-24,2026-05-01,Germany,Standard,10.36,58.42,1,1,1,1,13.64
7314,48,Female,2025-02-16,2026-08-13,Germany,Basic,9.12,42.69,1,0,0,0,9.3
7315,31,Female,2024-07-18,2026-08-15,France,Basic,1.98,36.59,1,0,0,0,8.56
7316,23,Female,2026-05-02,2026-07-14,UK,Standard,1.26,67.84,0,1,0,1,13.35
7317,29,Female,2025-05-28,2026-08-13,UK,Standard,28.74,77.59,0,0,1,0,14.05
7318,33,Male,2024-12-14,2026-08-11,India,Premium,12.97,84.21,0,1,0,0,17.61
7319,34,Female,2024-08-08,2026-08-10,Ireland,Standard,14.31,74.39,0,0,0,0,13.92
7320,62,Female,2025-11-29,2026-08-11,Germany,Standard,6.02,38.7,2,1,0,0,13.87
7321,40,Male,2025-11-02,2026-05-20,Canada,Premium,8.49,7.77,0,1,0,1,17.93
7322,31,Male,2023-12-31,2026-08-17,Australia,Basic,8.46,19.6,0,0,0,0,9.35
7323,24,Female,2024-10-02,2026-08-15,UK,Standard,3.58,77.52,0,0,0,0,14.16
7324,63,Male,2023-09-09,2026-08-11,France,Basic,3.8,75.37,1,1,0,0,8.33
7325,49,Male,2026-05-04,2026-08-18,USA,Basic,15.91,65.41,0,1,0,0,9.12
7326,32,Male,2024-07-09,2026-08-13,Germany,Basic,15.96,84.12,2,0,0,0,9.03
7327,61,Male,2024-09-17,2026-08-13,Canada,Basic,7.66,59.99,1,0,0,0,8.62
7328,34,Male,2023-09-17,2026-05-30,Australia,Premium,1.05,52.2,0,1,0,1,17.7
7329,58,Male,2026-06-21,2026-06-21,Canada,Standard,9.81,35.33,1,0,1,1,14.8
7330,71,Male,2025-05-09,2026-05-16,India,Premium,5.66,61.21,1,0,0,1,18.36
7331,64,Male,2026-05-19,2026-08-12,Canada,Standard,1.18,67.6,0,0,0,0,13.81
7332,61,Female,2026-02-14,2026-08-19,USA,Standard,23.19,8.28,0,1,0,0,13.59
7333,51,Male,2024-12-29,2026-05-29,UK,Basic,13.72,36.21,0,0,0,1,9.15
7334,22,Female,2023-12-21,2026-08-16,Canada,Standard,5.49,22.64,0,0,0,0,13.99
7335,62,Female,2024-06-04,2026-08-18,Australia,Standard,3.08,74.51,2,1,0,0,14.19
7336,44,Female,2025-11-09,2026-08-19,UK,Basic,16.91,46.41,0,1,1,0,8.32
7337,69,Female,2023-10-18,2026-08-19,India,Standard,7.39,55.37,1,1,1,0,13.27
7338,40,Male,2024-02-29,2026-08-18,India,Basic,11.85,71.42,0,0,1,0,8.26
7339,57,Male,2026-01-03,2026-08-10,Ireland,Standard,15.18,78.43,1,0,0,0,14.41
7340,31,Female,2024-02-21,2026-08-17,USA,Standard,5.38,1.5,0,0,0,0,14.99
7341,32,Male,2026-07-15,2026-07-15,UK,Premium,4.29,80.7,4,1,0,1,18.08
7342,60,Female,2024-04-21,2026-08-11,India,Basic,8.56,51.64,0,0,0,0,8.7
7343,50,Female,2025-11-15,2026-08-11,India,Standard,13.14,30.56,1,0,0,0,13.83
7344,70,Male,2026-07-17,2026-07-17,UK,Standard,2.41,7.43,1,0,1,1,14.63
7345,48,Female,2025-02-23,2026-08-16,Canada,Basic,17.25,4.18,1,0,0,0,9.26
7346,52,Female,2024-04-04,2026-08-13,France,Standard,6.86,62.96,2,0,0,0,13.84
7347,34,Male,2025-03-02,2026-06-24,Australia,Basic,10.17,84.41,0,0,0,1,9.71
7348,45,Male,2026-06-20,2026-08-12,Canada,Basic,7.46,49.4,2,1,0,0,8.38
7349,36,Female,2024-08-11,2026-08-10,Australia,Basic,10.01,36.27,1,0,1,0,9.29
7350,63,Female,2024-02-16,2026-08-16,India,Premium,5.44,37.1,1,1,0,0,17.63
7351,71,Male,2024-07-03,2026-08-11,India,Basic,9.28,26.18,0,0,1,0,9.17
7352,40,Male,2026-05-03,2026-05-03,USA,Standard,9.97,66.69,1,0,0,1,13.89
7353,49,Female,2025-11-20,2026-08-10,UK,Basic,4.95,56.62,0,1,0,0,8.67
7354,57,Female,2025-03-07,2026-08-10,Germany,Basic,15.6,34.8,2,1,0,0,8.71
7355,30,Female,2025-12-28,2026-08-17,India,Basic,16.8,27.98,1,1,0,0,9.33
7356,37,Other,2024-07-28,2026-08-11,Australia,Standard,1.85,44.03,0,0,1,0,13.45
7357,52,Male,2025-08-22,2026-06-18,Australia,Basic,5.84,46.28,2,0,0,1,9.11
7358,22,Male,2024-11-25,2026-08-17,France,Basic,4.5,41.83,0,0,0,0,8.92
7359,26,Female,2026-02-05,2026-04-26,France,Premium,13.15,34.23,1,1,0,1,17.93
7360,46,Female,2026-02-10,2026-08-15,Canada,Standard,2.79,54.14,2,1,0,0,14.08
7361,23,Male,2026-07-15,2026-08-15,Canada,Basic,13.07,43.81,0,0,0,0,8.87
7362,42,Male,2025-12-28,2026-07-14,India,Standard,6.98,56.62,0,0,0,1,14.24
7363,48,Female,2025-02-04,2026-08-15,India,Basic,13.05,72.73,0,1,0,0,8.3
7364,39,Male,2026-06-06,2026-07-05,Ireland,Standard,15.26,24.76,0,0,0,1,13.61
7365,19,Female,2025-04-20,2026-08-13,Australia,Basic,16.94,97.22,0,1,1,0,9.03
7366,62,Male,2025-12-06,2026-08-18,USA,Basic,10.25,80.27,0,1,0,0,8.4
7367,22,Male,2026-05-30,2026-08-18,UK,Basic,21.42,74.36,1,0,0,0,9.04
7368,44,Male,2025-04-06,2026-08-17,UK,Basic,4.13,70.89,0,0,0,0,9.27
7369,42,Female,2024-02-05,2026-08-10,France,Premium,9.09,60.24,0,0,1,0,17.77
7370,25,Female,2024-11-14,2026-05-22,UK,Basic,12.76,39.29,3,0,0,1,9.39
7371,72,Female,2025-02-24,2026-08-14,Australia,Basic,9.33,98.59,1,0,1,0,8.7
7372,18,Female,2024-05-26,2026-08-18,Canada,Standard,21.51,68.14,1,0,0,0,14.02
7373,37,Male,2025-06-01,2026-08-13,USA,Standard,16.85,30.44,0,0,0,0,13.7
7374,61,Male,2024-11-14,2026-08-13,UK,Basic,5.59,69.87,0,0,0,0,9.46
7375,40,Female,2025-02-16,2026-08-15,Australia,Basic,5.19,31.26,1,0,0,0,9.23
7376,49,Female,2024-09-15,2026-08-18,Germany,Basic,6.66,39.52,1,0,0,0,8.68
7377,28,Female,2025-08-10,2026-08-11,India,Basic,8.38,51.21,0,0,0,0,9.33
7378,56,Female,2023-09-04,2026-06-02,Ireland,Basic,1.52,16.55,1,0,0,1,8.56
7379,64,Male,2024-06-06,2026-08-14,Ireland,Basic,5.81,69.83,1,0,0,0,9.19
7380,71,Male,2024-12-13,2026-07-11,UK,Standard,19.74,57.16,0,0,0,1,13.83
7381,41,Female,2024-02-22,2026-05-02,Canada,Premium,0.84,57.91,2,1,0,1,17.81
7382,28,Male,2024-02-04,2026-08-18,Ireland,Standard,25.82,75.33,0,0,0,0,13.8
7383,46,Male,2024-03-25,2026-08-14,Ireland,Basic,6.87,15.55,0,0,0,0,8.83
7384,71,Female,2024-07-26,2026-05-23,France,Standard,8.92,29.61,0,0,0,1,14.48
7385,43,Male,2024-10-02,2026-08-13,Ireland,Standard,9.28,79.44,0,0,1,0,13.6
7386,33,Female,2024-11-17,2026-06-27,Ireland,Premium,16.38,14.48,0,0,0,1,17.74
7387,52,Male,2023-10-01,2026-08-17,UK,Standard,9.89,68.59,1,1,1,0,14.45
7388,37,Female,2023-12-17,2026-06-16,France,Standard,7.31,13.32,1,0,0,1,14.35
7389,63,Female,2026-01-22,2026-08-18,Australia,Basic,2.21,69.62,0,0,1,0,9.29
7390,20,Female,2024-10-12,2026-08-16,USA,Standard,17.05,48.16,1,0,1,0,14.72
7391,18,Male,2025-05-09,2026-08-17,USA,Basic,9.71,38.01,0,1,1,0,9.18
7392,70,Male,2025-06-21,2026-08-12,Canada,Basic,6.43,43.78,0,1,0,0,9.05
7393,64,Male,2024-12-04,2026-08-14,Australia,Basic,14.2,56.99,1,1,0,0,8.63
7394,18,Male,2026-05-25,2026-05-25,India,Standard,3.84,58.1,1,1,1,1,14.08
7395,34,Female,2025-08-29,2026-07-13,Germany,Standard,16.44,64.26,0,0,1,1,14.68
7396,19,Male,2025-09-02,2026-07-01,USA,Premium,11.91,74.31,0,0,1,1,18.1
7397,46,Male,2026-01-19,2026-08-16,Germany,Basic,9.13,43.51,0,0,1,0,9.15
7398,37,Male,2025-11-28,2026-04-22,USA,Basic,7.16,69.04,1,0,0,1,8.91
7399,23,Female,2024-11-09,2026-08-19,France,Premium,8.58,33.24,1,0,1,0,17.63
7400,25,Male,2025-10-28,2026-08-16,USA,Premium,20.57,70.68,1,0,0,0,17.79
7401,46,Female,2023-10-16,2026-08-10,France,Standard,10.72,8.61,0,1,0,0,14.22
7402,65,Female,2024-03-31,2026-08-19,France,Basic,27.63,56.34,0,1,1,0,9.58
7403,68,Female,2025-08-26,2026-08-12,Canada,Standard,7.54,22.26,0,1,1,0,14.68
7404,50,Female,2024-09-06,2026-06-05,Ireland,Basic,3.28,41.69,0,1,0,1,9.07
7405,20,Male,2026-06-27,2026-08-19,Canada,Premium,19.25,67.01,0,0,0,0,18.55
7406,52,Female,2026-01-06,2026-05-29,France,Standard,8.09,10.07,2,0,1,1,14.0
7407,22,Female,2024-11-17,2026-08-12,France,Basic,13.2,2.42,2,1,0,0,9.18
7408,44,Female,2024-11-15,2026-08-15,USA,Premium,9.33,60.02,2,1,0,0,18.25
7409,61,Female,2024-10-27,2026-08-13,Australia,Standard,4.55,68.33,0,1,0,0,14.1
7410,29,Male,2025-09-03,2026-08-16,Ireland,Premium,31.29,27.37,1,0,0,0,18.38
7411,37,Male,2025-12-30,2026-08-15,Australia,Premium,8.43,67.61,1,1,0,0,18.36
7412,62,Female,2026-01-25,2026-06-17,Australia,Basic,2.93,13.97,1,0,0,1,9.18
7413,37,Female,2024-11-01,2026-08-12,Australia,Basic,19.83,21.43,3,0,1,0,8.32
7414,26,Male,2026-06-19,2026-06-19,Ireland,Standard,5.28,55.32,0,0,0,1,14.03
7415,56,Male,2023-12-18,2026-08-11,Australia,Premium,14.35,74.45,1,0,0,0,17.53
7416,21,Male,2024-07-24,2026-08-11,Ireland,Premium,11.95,58.9,0,0,0,0,17.95
7417,68,Female,2023-12-10,2026-05-13,Germany,Standard,0.83,30.7,1,0,0,1,13.54
7418,71,Female,2024-04-22,2026-08-17,France,Basic,12.09,43.82,1,0,0,0,9.09
7419,36,Female,2024-05-21,2026-05-29,India,Basic,5.33,15.79,0,0,0,1,9.15
7420,55,Male,2025-11-20,2026-07-05,USA,Standard,1.15,56.16,3,0,0,1,13.78
7421,44,Male,2026-05-12,2026-08-13,UK,Standard,3.9,54.1,1,0,1,0,14.6
7422,62,Male,2023-10-10,2026-08-18,Australia,Standard,15.32,14.37,0,1,0,0,14.46
7423,60,Male,2026-02-13,2026-05-25,Canada,Standard,9.69,41.1,0,0,0,1,14.34
7424,30,Female,2025-01-18,2026-08-19,Germany,Standard,1.44,40.78,0,0,0,0,13.82
7425,30,Male,2025-08-29,2026-06-19,Canada,Premium,6.93,4.15,0,1,0,1,18.4
7426,74,Female,2023-08-27,2026-08-18,UK,Basic,2.09,75.57,2,1,0,0,9.36
7427,39,Female,2025-04-17,2026-07-29,Ireland,Basic,7.65,38.23,1,1,0,1,8.34
7428,45,Female,2025-05-31,2026-07-26,UK,Standard,9.11,74.95,0,1,1,1,13.83
7429,69,Male,2024-12-27,2026-08-18,Canada,Premium,20.43,43.47,2,1,0,0,18.48
7430,64,Male,2024-02-16,2026-08-19,France,Basic,40.71,90.43,0,0,0,0,9.42
7431,70,Male,2025-02-25,2026-08-19,France,Basic,3.44,72.11,0,0,1,0,9.17
7432,62,Female,2025-07-18,2026-08-15,UK,Basic,7.88,80.01,0,0,0,0,8.71
7433,39,Female,2024-01-21,2026-06-01,France,Basic,16.86,53.16,1,0,0,1,9.35
7434,60,Male,2024-02-19,2026-08-13,USA,Basic,0.66,81.34,1,1,1,0,9.36
7435,36,Male,2025-12-26,2026-07-15,UK,Standard,1.77,84.94,1,0,0,1,14.55
7436,25,Female,2024-12-20,2026-08-19,Australia,Basic,9.72,14.95,0,0,1,0,8.71
7437,69,Female,2024-09-20,2026-07-30,USA,Standard,11.6,47.39,0,0,0,1,14.69
7438,25,Other,2026-04-06,2026-07-07,Australia,Basic,3.79,71.77,0,0,0,1,9.33
7439,59,Male,2024-09-23,2026-08-13,India,Basic,10.24,29.26,1,0,0,0,9.29
7440,43,Male,2023-09-13,2026-08-14,India,Standard,7.49,50.69,1,1,0,0,13.85
7441,65,Male,2025-11-03,2026-05-14,UK,Standard,2.26,42.3,1,0,0,1,14.18
7442,68,Male,2025-09-11,2026-06-28,USA,Basic,2.14,60.88,0,1,0,1,8.54
7443,43,Female,2024-10-28,2026-08-16,France,Premium,9.05,87.26,3,0,0,0,18.22
7444,40,Male,2025-01-30,2026-08-12,USA,Basic,7.29,75.17,0,1,1,0,9.2
7445,60,Male,2024-09-15,2026-08-16,India,Basic,4.27,14.05,0,0,0,0,8.64
7446,30,Female,2025-08-05,2026-08-18,UK,Standard,2.75,89.4,2,0,0,0,13.82
7447,45,Male,2025-12-18,2026-08-14,Germany,Premium,21.64,55.03,0,0,1,0,18.03
7448,26,Female,2025-08-27,2026-08-11,Ireland,Standard,7.88,81.82,1,0,1,0,14.54
7449,37,Male,2024-03-26,2026-08-13,Ireland,Basic,23.0,30.43,1,1,0,0,9.06
7450,73,Female,2026-04-14,2026-08-11,Ireland,Standard,9.33,84.49,0,0,1,0,14.04
7451,36,Male,2024-09-30,2026-08-13,France,Basic,4.22,74.72,1,1,0,0,8.87
7452,65,Female,2025-09-24,2026-08-15,USA,Standard,4.39,75.97,0,0,0,0,14.07
7453,56,Male,2026-06-21,2026-06-21,France,Basic,8.17,13.21,0,0,0,1,8.73
7454,68,Male,2026-01-30,2026-08-15,India,Premium,37.46,17.29,1,1,1,0,17.91
7455,29,Female,2023-10-07,2026-08-14,Ireland,Basic,13.57,78.6,1,1,1,0,9.41
7456,32,Male,2024-01-10,2026-08-11,India,Premium,20.06,38.08,0,0,0,0,18.45
7457,48,Male,2026-04-28,2026-07-23,USA,Basic,12.47,55.66,0,1,0,1,8.82
7458,72,Female,2023-11-09,2026-08-14,India,Premium,8.1,27.71,0,1,1,0,17.66
7459,31,Female,2024-10-20,2026-08-14,Germany,Basic,5.65,65.37,2,1,0,0,9.84
7460,28,Male,2026-04-27,2026-08-19,France,Basic,9.17,85.22,0,0,0,0,8.41
7461,43,Male,2024-09-25,2026-08-16,UK,Basic,0.9,51.27,1,1,1,0,9.37
7462,59,Male,2025-02-17,2026-06-08,India,Premium,7.2,38.86,2,0,0,1,18.28
7463,44,Male,2026-01-18,2026-08-03,India,Basic,4.24,5.56,0,0,1,1,8.79
7464,28,Other,2023-11-21,2026-08-13,UK,Basic,10.32,34.17,0,0,1,0,8.74
7465,55,Female,2025-08-14,2026-08-16,USA,Basic,19.52,77.83,0,0,0,0,8.71
7466,51,Male,2025-12-06,2026-08-15,USA,Premium,11.09,67.56,0,0,0,0,18.74
7467,60,Other,2024-04-05,2026-08-19,France,Basic,14.58,49.51,0,0,0,0,9.25
7468,36,Female,2025-10-30,2026-08-16,India,Basic,7.46,63.09,1,1,0,0,8.75
7469,23,Female,2025-04-27,2026-07-01,Germany,Premium,5.45,91.54,0,0,1,1,18.03
7470,63,Male,2026-02-01,2026-04-25,Ireland,Premium,14.63,45.76,1,0,0,1,17.49
7471,69,Male,2025-01-01,2026-08-18,Germany,Basic,9.17,67.61,0,0,1,0,9.05
7472,55,Female,2026-03-11,2026-07-03,UK,Premium,12.06,42.83,1,1,1,1,18.07
7473,66,Male,2024-04-15,2026-08-12,UK,Basic,6.92,53.24,0,0,0,0,8.55
7474,59,Male,2024-11-22,2026-08-17,Australia,Basic,5.22,81.55,0,0,0,0,8.57
7475,45,Male,2023-08-16,2026-08-12,Ireland,Premium,6.56,47.28,1,1,0,0,18.39
7476,18,Male,2025-08-05,2026-08-13,India,Standard,8.12,41.75,0,1,0,0,13.93
7477,52,Female,2026-04-13,2026-08-13,UK,Basic,17.0,64.63,1,1,0,0,9.33
7478,57,Female,2023-08-25,2026-08-11,Australia,Basic,14.68,90.22,1,0,0,0,9.42
7479,25,Male,2023-10-16,2026-08-11,USA,Basic,9.95,40.38,2,0,0,0,8.24
7480,69,Male,2026-05-07,2026-08-17,UK,Standard,10.87,51.81,0,1,0,0,13.99
7481,71,Female,2026-05-24,2026-08-14,Canada,Premium,10.87,40.98,0,0,0,0,18.47
7482,64,Male,2023-09-12,2026-08-11,Ireland,Basic,22.5,72.34,2,0,1,0,9.5
7483,73,Female,2025-06-14,2026-08-11,Australia,Premium,5.4,89.81,0,0,0,0,18.02
7484,24,Female,2026-01-14,2026-08-19,Ireland,Basic,18.23,73.77,0,0,0,0,8.25
7485,28,Male,2026-03-04,2026-05-18,Ireland,Standard,2.01,22.33,0,0,0,1,14.79
7486,56,Female,2026-02-28,2026-08-18,Canada,Basic,7.06,50.18,1,1,0,0,9.11
7487,21,Female,2026-04-04,2026-08-16,Germany,Standard,5.15,56.95,0,1,0,0,14.06
7488,42,Male,2025-12-12,2026-08-18,USA,Basic,10.11,47.06,1,1,0,0,9.26
7489,29,Male,2026-02-26,2026-08-10,Ireland,Premium,22.6,78.65,1,0,0,0,18.25
7490,43,Other,2024-03-15,2026-08-17,UK,Basic,8.34,49.74,0,1,0,0,9.02
7491,55,Male,2025-02-26,2026-08-14,France,Basic,8.01,33.68,1,0,0,0,8.59
7492,63,Female,2025-07-10,2026-06-19,USA,Premium,3.92,83.16,3,0,1,1,18.01
7493,29,Female,2026-07-16,2026-07-16,UK,Standard,10.22,7.47,0,1,0,1,13.68
7494,60,Male,2025-06-28,2026-08-13,USA,Basic,7.15,70.41,0,0,0,0,8.93
7495,68,Male,2024-12-30,2026-08-13,India,Standard,2.78,88.77,2,0,1,0,13.85
7496,70,Female,2023-11-10,2026-05-31,USA,Premium,5.59,43.08,1,1,0,1,17.68
7497,54,Male,2025-01-07,2026-08-19,Australia,Standard,7.64,44.24,1,1,0,0,14.43
7498,63,Female,2025-07-21,2026-07-19,UK,Basic,6.44,44.33,1,0,0,1,9.54
7499,70,Female,2025-05-30,2026-08-11,France,Basic,1.19,55.55,0,0,0,0,8.78
7500,41,Female,2026-06-30,2026-08-10,UK,Premium,15.8,50.95,0,0,0,0,18.08
